-2.242494106292724609e+00 2.744996547698974609e+00 -3.097607374191284180e+00 -2.744996309280395508e+00 2.617494106292724609e+00 -5.311944484710693359e+00 9.000549465417861938e-02 -5.257503509521484375e+00 8.276385307312011719e+00 2.152525424957275391e+00 -7.102495670318603516e+00 1.306842088699340820e+00 -6.674989461898803711e-01 -2.647506713867187500e+00 -3.811511278152465820e+00
-1.042512536048889160e+00 -4.049972593784332275e-01 3.678271532058715820e+00 1.050022095441818237e-01 -1.582487463951110840e+00 6.546087741851806641e+00 1.889993309974670410e+00 2.842502593994140625e+00 5.130389213562011719e+00 -2.474990785121917725e-01 3.097501277923583984e+00 5.178790092468261719e+00 -6.817500591278076172e+00 2.902481079101562500e+00 4.416516304016113281e+00
2.857511997222900391e+00 -1.305006384849548340e+00 4.162402153015136719e+00 3.705000638961791992e+00 -1.582487463951110840e+00 5.578070163726806641e+00 1.290017724037170410e+00 -7.575035095214843750e-01 8.276385307312011719e+00 -4.597474575042724609e+00 -1.102495551109313965e+00 -1.006718158721923828e+01 -2.175020277500152588e-01 3.052505493164062500e+00 8.772473335266113281e+00
-8.992494583129882812e+00 1.395005822181701660e+00 1.016406297683715820e+00 -3.345002412796020508e+00 -2.932493686676025391e+00 7.381042242050170898e-01 1.590005517005920410e+00 -1.005749893188476562e+01 2.226458787918090820e+00 3.502501010894775391e+00 3.247495174407958984e+00 5.807678103446960449e-01 -5.917499065399169922e+00 6.502517700195312500e+00 -6.655151247978210449e-01
-4.492494106292724609e+00 -1.305006384849548340e+00 -1.935546845197677612e-01 -5.595002174377441406e+00 -1.882505774497985840e+00 9.450139999389648438e+00 5.400177240371704102e-01 -4.957500457763671875e+00 -1.403546094894409180e+00 7.702513217926025391e+00 8.475013971328735352e-01 1.306842088699340820e+00 -2.767501354217529297e+00 -6.847518920898437500e+00 6.055908277630805969e-02
5.707487583160400391e+00 -7.604994297027587891e+00 1.742480516433715820e+00 -4.499931260943412781e-02 1.567506432533264160e+00 4.610052585601806641e+00 3.090005397796630859e+00 -1.207500457763671875e+00 -2.371563673019409180e+00 -1.447511315345764160e+00 2.797498226165771484e+00 -8.711364865303039551e-01 -3.067500591278076172e+00 5.025177001953125000e-01 5.384533882141113281e+00
3.007505893707275391e+00 -7.904997348785400391e+00 2.903320193290710449e-01 5.054999351501464844e+00 -3.532499790191650391e+00 4.126043796539306641e+00 -2.459982395172119141e+00 -4.575004577636718750e-01 -4.356506466865539551e-01 9.525130987167358398e-01 3.547498226165771484e+00 2.032794237136840820e+00 -6.750049442052841187e-02 -9.847518920898437500e+00 4.416516304016113281e+00
-1.342500329017639160e+00 -6.854994297027587891e+00 1.190629863739013672e+01 -4.845002174377441406e+00 -2.032499790191650391e+00 2.432074069976806641e+00 5.790017604827880859e+00 7.424964904785156250e-01 9.002337455749511719e+00 -4.297486782073974609e+00 1.297498345375061035e+00 -7.647137641906738281e+00 -3.674997389316558838e-01 -1.297470092773437500e+00 -1.813842803239822388e-01
7.505798246711492538e-03 -2.055006504058837891e+00 4.646288871765136719e+00 5.549991726875305176e-01 9.675003290176391602e-01 -5.069879055023193359e+00 4.439980983734130859e+00 -2.257503509521484375e+00 3.194354295730590820e+00 7.552519321441650391e+00 4.447492122650146484e+00 8.808794975280761719e+00 -3.367499828338623047e+00 7.702529907226562500e+00 4.658459663391113281e+00
1.574997007846832275e-01 -3.255003452301025391e+00 1.166435527801513672e+01 4.005003929138183594e+00 -3.232511997222900391e+00 1.215209998190402985e-02 3.240029811859130859e+00 -6.075019836425781250e-01 -5.275616645812988281e+00 -6.975113153457641602e-01 6.547498226165771484e+00 8.228332400321960449e-01 -7.717502117156982422e+00 -2.197494506835937500e+00 1.270519971847534180e+00
-4.192506313323974609e+00 -8.505002975463867188e+00 3.194384813308715820e+00 4.605002403259277344e+00 -6.082518100738525391e+00 7.998114109039306641e+00 1.889993309974670410e+00 -1.807498931884765625e+00 3.920428514480590820e+00 2.302488803863525391e+00 9.247495651245117188e+00 3.388244509696960449e-01 -3.817500591278076172e+00 2.452529907226562500e+00 3.206555128097534180e+00
-5.542512416839599609e+00 -6.104994297027587891e+00 7.792284965515136719e+00 -5.294999122619628906e+00 -4.132505893707275391e+00 1.114410972595214844e+01 4.590005397796630859e+00 -6.307498931884765625e+00 2.710345506668090820e+00 -2.474990785121917725e-01 7.297498226165771484e+00 2.274859666824340820e+00 -1.717501997947692871e+00 7.402481079101562500e+00 6.836438179016113281e+00
4.207487583160400391e+00 -4.049972593784332275e-01 2.226367235183715820e+00 -9.450008273124694824e-01 1.717500329017639160e+00 4.610052585601806641e+00 3.389993190765380859e+00 -7.575035095214843750e-01 2.904235720634460449e-01 -1.597474694252014160e+00 9.847501754760742188e+00 9.534747123718261719e+00 -6.817500591278076172e+00 -5.947494506835937500e+00 4.900403022766113281e+00
5.707487583160400391e+00 -7.154997348785400391e+00 8.034472465515136719e+00 -4.499931260943412781e-02 -3.682493686676025391e+00 4.368109226226806641e+00 2.189980983734130859e+00 -5.107501983642578125e+00 4.888445854187011719e+00 5.248870700597763062e-02 2.797498226165771484e+00 3.388244509696960449e-01 -3.217502117156982422e+00 -3.397506713867187500e+00 1.119263935089111328e+01
2.707487583160400391e+00 -6.404997348785400391e+00 3.920459032058715820e+00 2.804999113082885742e+00 -1.132505774497985840e+00 -1.923883080482482910e+00 5.340005397796630859e+00 -2.857501983642578125e+00 1.984393358230590820e+00 -3.997498989105224609e+00 2.947492122650146484e+00 2.032794237136840820e+00 -4.567500591278076172e+00 9.525299072265625000e-01 1.143458271026611328e+01
3.007505893707275391e+00 -9.255002975463867188e+00 8.518359184265136719e+00 2.550037503242492676e-01 -3.982511997222900391e+00 7.514105319976806641e+00 3.689980983734130859e+00 4.425010681152343750e-01 9.002337455749511719e+00 -6.975113153457641602e-01 -2.025016844272613525e-01 1.074483013153076172e+01 -4.267501354217529297e+00 -6.697494506835937500e+00 4.174572944641113281e+00
6.307493686676025391e+00 -6.404997348785400391e+00 1.016406297683715820e+00 5.955000877380371094e+00 -8.632505416870117188e+00 1.235407066345214844e+01 3.389993190765380859e+00 -4.057498931884765625e+00 1.742449998855590820e+00 -2.497498989105224609e+00 1.297498345375061035e+00 7.114825248718261719e+00 -3.817500591278076172e+00 5.002517700195312500e+00 5.444458127021789551e-01
1.207487463951110840e+00 -4.755003452301025391e+00 5.322753787040710449e-01 -3.345002412796020508e+00 -5.482511997222900391e+00 5.578070163726806641e+00 2.340005397796630859e+00 -1.657497406005859375e+00 -6.001568794250488281e+00 1.702513098716735840e+00 4.747495174407958984e+00 8.228332400321960449e-01 -1.056750011444091797e+01 -4.147506713867187500e+00 9.256604194641113281e+00
-3.442506313323974609e+00 -7.455000400543212891e+00 -1.403515577316284180e+00 4.304999351501464844e+00 -3.382505893707275391e+00 2.432074069976806641e+00 5.400177240371704102e-01 -6.075019836425781250e-01 7.308367729187011719e+00 -6.247498989105224609e+00 -3.802507877349853516e+00 2.758746385574340820e+00 -2.467502117156982422e+00 -3.997482299804687500e+00 4.900403022766113281e+00
2.257505893707275391e+00 -2.055006504058837891e+00 -5.275586128234863281e+00 -1.544999361038208008e+00 -5.324996709823608398e-01 -3.375909328460693359e+00 9.900299310684204102e-01 4.642498016357421875e+00 5.323669314384460449e-01 -6.397523403167724609e+00 3.547498226165771484e+00 5.178790092468261719e+00 -6.067500591278076172e+00 4.552505493164062500e+00 7.320569038391113281e+00
-4.425064027309417725e-01 -4.604994297027587891e+00 4.646288871765136719e+00 -3.945000886917114258e+00 -2.332487583160400391e+00 8.240056991577148438e+00 2.040017604827880859e+00 -3.457500457763671875e+00 4.404437065124511719e+00 -2.497498989105224609e+00 6.247495174407958984e+00 7.114825248718261719e+00 -4.567500591278076172e+00 5.250549316406250000e-02 4.174572944641113281e+00
1.574997007846832275e-01 -5.505003452301025391e+00 6.340380668640136719e+00 1.904997587203979492e+00 1.267488121986389160e+00 9.208074569702148438e+00 -2.610006809234619141e+00 -2.857501983642578125e+00 5.130389213562011719e+00 3.052519321441650391e+00 9.997495651245117188e+00 5.662798881530761719e+00 -8.175004720687866211e-01 -2.347518920898437500e+00 -5.263415336608886719e+00
-5.925003290176391602e-01 -8.954999923706054688e+00 1.016406297683715820e+00 2.550037503242492676e-01 6.675125360488891602e-01 5.094061374664306641e+00 5.189980983734130859e+00 5.842502593994140625e+00 2.904235720634460449e-01 -1.297486901283264160e+00 2.474952638149261475e-01 4.210772514343261719e+00 -1.567500472068786621e+00 6.802505493164062500e+00 6.352551460266113281e+00
4.657499790191650391e+00 -5.955000400543212891e+00 5.130419731140136719e+00 -6.449977755546569824e-01 -3.082487583160400391e+00 -4.585870265960693359e+00 2.490029811859130859e+00 -5.557498931884765625e+00 3.194354295730590820e+00 1.552488684654235840e+00 4.897504329681396484e+00 1.074483013153076172e+01 8.250103145837783813e-02 -3.397506713867187500e+00 6.110608100891113281e+00
-3.292512416839599609e+00 -7.455000400543212891e+00 -1.161572217941284180e+00 -7.949993014335632324e-01 -4.732511997222900391e+00 -2.649957180023193359e+00 -6.599944829940795898e-01 -1.574974060058593750e-01 1.239039897918701172e+01 1.402525305747985840e+00 7.447492122650146484e+00 4.936846733093261719e+00 -1.867499709129333496e+00 -8.497482299804687500e+00 6.110608100891113281e+00
5.557493686676025391e+00 -7.050002813339233398e-01 -1.935546845197677612e-01 -7.949993014335632324e-01 -2.632505893707275391e+00 9.208074569702148438e+00 3.990029811859130859e+00 8.924980163574218750e-01 1.021242046356201172e+01 -4.597474575042724609e+00 4.447492122650146484e+00 3.968829393386840820e+00 -2.617499828338623047e+00 4.852493286132812500e+00 5.142590522766113281e+00
-2.925125062465667725e-01 -3.705000400543212891e+00 2.468310594558715820e+00 -3.494996309280395508e+00 2.175002992153167725e-01 6.062078952789306641e+00 7.590005397796630859e+00 -7.503509521484375000e-03 -3.339581251144409180e+00 2.602507114410400391e+00 3.847501277923583984e+00 4.452837944030761719e+00 -7.267501354217529297e+00 -2.347518920898437500e+00 1.191846942901611328e+01
2.257505893707275391e+00 -7.154997348785400391e+00 1.016406297683715820e+00 1.304999113082885742e+00 -3.232511997222900391e+00 8.240056991577148438e+00 8.639993667602539062e+00 -2.257503509521484375e+00 5.372454643249511719e+00 -2.947511196136474609e+00 8.647504806518554688e+00 8.228332400321960449e-01 -6.750049442052841187e-02 -3.097518920898437500e+00 3.690441846847534180e+00
4.807493686676025391e+00 2.294999599456787109e+00 8.034472465515136719e+00 -1.095002412796020508e+00 1.417512536048889160e+00 -1.439874291419982910e+00 8.340005874633789062e+00 -6.907497406005859375e+00 2.952410936355590820e+00 -1.297486901283264160e+00 1.297498345375061035e+00 -6.291931271553039551e-01 -5.917499065399169922e+00 -3.975067138671875000e-01 -4.235717654228210449e-01
7.657499790191650391e+00 -3.104994297027587891e+00 3.920459032058715820e+00 -9.450008273124694824e-01 -5.324996709823608398e-01 1.222113013267517090e+00 -1.709982275962829590e+00 -2.107501983642578125e+00 1.016375780105590820e+00 -5.047486782073974609e+00 3.697492122650146484e+00 1.790850877761840820e+00 -4.567500591278076172e+00 3.052505493164062500e+00 8.288586616516113281e+00
6.307493686676025391e+00 -9.854993820190429688e+00 8.760302543640136719e+00 2.355002164840698242e+00 -6.982511997222900391e+00 3.158148288726806641e+00 4.740029811859130859e+00 2.692501068115234375e+00 -3.581646680831909180e+00 3.524765074253082275e-01 -1.252504706382751465e+00 -3.533245801925659180e+00 -3.217502117156982422e+00 -3.247482299804687500e+00 3.206555128097534180e+00
-1.424880921840667725e-01 -3.705000400543212891e+00 4.838867112994194031e-02 2.355002164840698242e+00 1.117494225502014160e+00 -4.827935695648193359e+00 5.040017604827880859e+00 7.424964904785156250e-01 1.456837749481201172e+01 -5.474869012832641602e-01 2.797498226165771484e+00 1.316475200653076172e+01 -6.217502117156982422e+00 1.852493286132812500e+00 3.932629346847534180e+00
9.074996709823608398e-01 9.449936151504516602e-01 1.258349657058715820e+00 7.050006985664367676e-01 -1.732511878013610840e+00 2.540954649448394775e-01 -5.099700689315795898e-01 -1.957500457763671875e+00 7.744323611259460449e-01 -9.974991083145141602e-01 2.197492122650146484e+00 -4.985150337219238281e+00 -2.175020277500152588e-01 9.525299072265625000e-01 2.238537549972534180e+00
6.457487583160400391e+00 -5.505003452301025391e+00 1.742480516433715820e+00 1.304999113082885742e+00 1.267488121986389160e+00 1.464056372642517090e+00 -2.159994602203369141e+00 -6.007503509521484375e+00 1.214845561981201172e+01 -6.975113153457641602e-01 3.975044190883636475e-01 8.228332400321960449e-01 -7.117499828338623047e+00 -2.797470092773437500e+00 5.626477241516113281e+00
2.707487583160400391e+00 -2.955000400543212891e+00 1.045439434051513672e+01 4.005003929138183594e+00 -5.332518100738525391e+00 5.336126804351806641e+00 2.639993190765380859e+00 -1.807498931884765625e+00 -1.645611524581909180e+00 -2.197511196136474609e+00 -9.525016546249389648e-01 5.420855522155761719e+00 -1.417498946189880371e+00 6.052505493164062500e+00 6.836438179016113281e+00
3.074935972690582275e-01 -4.455000400543212891e+00 2.226367235183715820e+00 1.154997587203979492e+00 -1.732511878013610840e+00 -4.343926906585693359e+00 2.939980983734130859e+00 -1.957500457763671875e+00 -4.549542427062988281e+00 3.524765074253082275e-01 5.474983453750610352e-01 -5.953167915344238281e+00 -7.567500591278076172e+00 -8.497482299804687500e+00 8.288586616516113281e+00
4.357511997222900391e+00 -5.654997348785400391e+00 2.952441453933715820e+00 2.054999113082885742e+00 -4.282499790191650391e+00 -6.279839992523193359e+00 6.990029811859130859e+00 2.692501068115234375e+00 9.728411674499511719e+00 -6.975113153457641602e-01 1.897504448890686035e+00 3.388244509696960449e-01 -6.817500591278076172e+00 1.852493286132812500e+00 4.658459663391113281e+00
3.074935972690582275e-01 -1.240499687194824219e+01 4.838867112994194031e-02 6.705000877380371094e+00 9.675003290176391602e-01 1.017609214782714844e+01 1.254001808166503906e+01 -2.107501983642578125e+00 -1.645611524581909180e+00 -4.297486782073974609e+00 7.447492122650146484e+00 6.630816459655761719e+00 -3.217502117156982422e+00 6.524810791015625000e-01 5.142590522766113281e+00
1.057493567466735840e+00 -6.854994297027587891e+00 7.066454887390136719e+00 1.755003690719604492e+00 9.675003290176391602e-01 -2.891900539398193359e+00 4.139993190765380859e+00 1.942501068115234375e+00 5.614398002624511719e+00 -9.747467190027236938e-02 1.297498345375061035e+00 6.388751029968261719e+00 -1.867499709129333496e+00 6.802505493164062500e+00 8.046399116516113281e+00
1.207487463951110840e+00 -4.455000400543212891e+00 -4.065625190734863281e+00 2.205000638961791992e+00 -2.782499790191650391e+00 8.724065780639648438e+00 5.490029811859130859e+00 4.042499542236328125e+00 3.436419725418090820e+00 -1.447511315345764160e+00 4.447492122650146484e+00 2.274859666824340820e+00 -2.317500591278076172e+00 -8.475189208984375000e-01 5.384533882141113281e+00
2.257505893707275391e+00 -2.805006504058837891e+00 7.066454887390136719e+00 2.804999113082885742e+00 3.217500209808349609e+00 3.884100437164306641e+00 5.189980983734130859e+00 2.842502593994140625e+00 -8.905621528625488281e+00 -1.747499108314514160e+00 4.447492122650146484e+00 8.228332400321960449e-01 -1.176750087738037109e+01 -3.975067138671875000e-01 2.480480909347534180e+00
1.807493567466735840e+00 -5.055006504058837891e+00 1.258349657058715820e+00 -5.744996070861816406e+00 -3.682493686676025391e+00 5.578070163726806641e+00 -5.099700689315795898e-01 -4.807498931884765625e+00 -3.581646680831909180e+00 -4.447511196136474609e+00 1.149749565124511719e+01 -3.049237012863159180e+00 -3.667499065399169922e+00 2.302505493164062500e+00 2.722424268722534180e+00
2.857511997222900391e+00 -2.505003452301025391e+00 3.436328172683715820e+00 5.205000877380371094e+00 2.167512416839599609e+00 2.432074069976806641e+00 2.040017604827880859e+00 4.192501068115234375e+00 9.486346244812011719e+00 -1.597474694252014160e+00 2.947492122650146484e+00 2.274859666824340820e+00 5.182499408721923828e+00 2.152481079101562500e+00 1.754406690597534180e+00
4.507505893707275391e+00 -6.104994297027587891e+00 8.760302543640136719e+00 3.705000638961791992e+00 -7.132505893707275391e+00 4.852118015289306641e+00 7.139993190765380859e+00 -1.357501983642578125e+00 4.162371635437011719e+00 3.802519321441650391e+00 8.347501754760742188e+00 8.082842826843261719e+00 -1.267501235008239746e+00 -2.797470092773437500e+00 1.070850849151611328e+01
1.807493567466735840e+00 -5.205000400543212891e+00 1.016406297683715820e+00 -1.544999361038208008e+00 -4.132505893707275391e+00 1.706121802330017090e+00 6.090005397796630859e+00 3.442501068115234375e+00 7.550433158874511719e+00 -1.297486901283264160e+00 -6.524986028671264648e-01 1.147078227996826172e+01 -2.317500591278076172e+00 -2.497482299804687500e+00 8.046399116516113281e+00
2.557493686676025391e+00 -5.354994297027587891e+00 7.066454887390136719e+00 -1.244996309280395508e+00 -4.282499790191650391e+00 3.642157077789306641e+00 3.090005397796630859e+00 2.392498016357421875e+00 -9.196594357490539551e-01 -6.975113153457641602e-01 4.297498226165771484e+00 -3.775189161300659180e+00 -5.017501354217529297e+00 -2.647506713867187500e+00 4.658459663391113281e+00
5.407499790191650391e+00 -7.154997348785400391e+00 -3.823681592941284180e+00 1.904997587203979492e+00 -3.825058043003082275e-01 -4.718566834926605225e-01 1.590005517005920410e+00 -3.307498931884765625e+00 2.226458787918090820e+00 -2.474990785121917725e-01 -1.552507758140563965e+00 1.001875591278076172e+01 -5.467502117156982422e+00 4.102493286132812500e+00 6.594494819641113281e+00
-1.342500329017639160e+00 -5.354994297027587891e+00 -2.371533155441284180e+00 4.455000877380371094e+00 -4.582518100738525391e+00 5.094061374664306641e+00 1.889993309974670410e+00 -1.574974060058593750e-01 -6.001568794250488281e+00 -5.647523403167724609e+00 2.797498226165771484e+00 -8.131146430969238281e+00 -9.675019979476928711e-01 -5.197494506835937500e+00 3.448498487472534180e+00
2.857511997222900391e+00 -7.904997348785400391e+00 6.340380668640136719e+00 1.755003690719604492e+00 -6.682493686676025391e+00 9.692083358764648438e+00 2.189980983734130859e+00 2.924995422363281250e-01 4.162371635437011719e+00 3.524765074253082275e-01 5.797498226165771484e+00 5.662798881530761719e+00 -9.817500114440917969e+00 1.852493286132812500e+00 1.754406690597534180e+00
2.257505893707275391e+00 -4.455000400543212891e+00 -3.581494092941284180e+00 -3.494996309280395508e+00 2.917512416839599609e+00 -4.343926906585693359e+00 3.240029811859130859e+00 -3.757503509521484375e+00 6.098406791687011719e+00 -9.747467190027236938e-02 2.047498226165771484e+00 -1.113201856613159180e+00 8.250103145837783813e-02 -3.547470092773437500e+00 1.167652606964111328e+01
5.857511997222900391e+00 -7.050002813339233398e-01 1.069633769989013672e+01 6.705000877380371094e+00 -6.824935674667358398e-01 1.501605796813964844e+01 2.490029811859130859e+00 -3.157497406005859375e+00 1.258441209793090820e+00 -3.097474575042724609e+00 -4.252504825592041016e+00 7.840777397155761719e+00 -5.017501354217529297e+00 -2.797470092773437500e+00 -4.295397758483886719e+00
6.757505893707275391e+00 -1.049942001700401306e-01 9.970507621765136719e+00 2.804999113082885742e+00 -5.782499790191650391e+00 4.126043796539306641e+00 6.899811029434204102e-01 -2.557498931884765625e+00 -9.196594357490539551e-01 4.402494907379150391e+00 9.097501754760742188e+00 6.630816459655761719e+00 -2.467502117156982422e+00 -6.847518920898437500e+00 1.337061786651611328e+01
3.307493686676025391e+00 -6.404997348785400391e+00 9.728320121765136719e+00 -6.195000648498535156e+00 -2.932493686676025391e+00 1.017609214782714844e+01 1.139993309974670410e+00 8.924980163574218750e-01 6.824358940124511719e+00 3.802519321441650391e+00 -9.525016546249389648e-01 7.598834037780761719e+00 -6.367499828338623047e+00 2.002517700195312500e+00 3.206555128097534180e+00
3.457487583160400391e+00 -8.805006027221679688e+00 4.838867112994194031e-02 4.755003929138183594e+00 -3.082487583160400391e+00 2.190130710601806641e+00 4.889993190765380859e+00 -3.307498931884765625e+00 -8.905621528625488281e+00 -1.897523522377014160e+00 2.347501277923583984e+00 1.548785448074340820e+00 -5.167499065399169922e+00 -3.397506713867187500e+00 -4.779528617858886719e+00
2.107511997222900391e+00 -8.805006027221679688e+00 1.258349657058715820e+00 7.050006985664367676e-01 -8.248748630285263062e-02 7.998114109039306641e+00 1.740029931068420410e+00 -4.657497406005859375e+00 4.835815355181694031e-02 -2.474990785121917725e-01 3.547498226165771484e+00 5.807678103446960449e-01 -9.517500877380371094e+00 9.525299072265625000e-01 3.448498487472534180e+00
1.057493567466735840e+00 -1.180500602722167969e+01 1.016406297683715820e+00 -3.450023531913757324e-01 -5.032499790191650391e+00 2.916082859039306641e+00 4.439980983734130859e+00 1.492504119873046875e+00 -5.275616645812988281e+00 -2.474990785121917725e-01 3.397504329681396484e+00 3.726763963699340820e+00 -5.767501354217529297e+00 -2.647506713867187500e+00 6.836438179016113281e+00
-2.392488002777099609e+00 -6.705000400543212891e+00 3.678271532058715820e+00 1.455000638961791992e+00 -3.825058043003082275e-01 1.464056372642517090e+00 6.990029811859130859e+00 -2.857501983642578125e+00 3.194354295730590820e+00 -1.747499108314514160e+00 1.297498345375061035e+00 2.032794237136840820e+00 -4.567500591278076172e+00 5.250549316406250000e-02 4.174572944641113281e+00
1.207487463951110840e+00 -1.015499687194824219e+01 5.372363090515136719e+00 4.005003929138183594e+00 -6.982511997222900391e+00 -2.891900539398193359e+00 4.889993190765380859e+00 -1.957500457763671875e+00 -5.759625434875488281e+00 5.248870700597763062e-02 7.747495174407958984e+00 1.243879985809326172e+01 -3.667499065399169922e+00 2.902481079101562500e+00 9.014416694641113281e+00
1.507505774497985840e+00 1.395005822181701660e+00 3.436328172683715820e+00 3.554999113082885742e+00 -4.282499790191650391e+00 5.094061374664306641e+00 5.189980983734130859e+00 1.424980163574218750e-01 7.744323611259460449e-01 1.702513098716735840e+00 1.297498345375061035e+00 5.420855522155761719e+00 -7.717502117156982422e+00 6.524810791015625000e-01 -1.633532762527465820e+00
1.957487463951110840e+00 -2.205000400543212891e+00 5.322753787040710449e-01 -1.695000886917114258e+00 -7.132505893707275391e+00 -4.101861476898193359e+00 2.340005397796630859e+00 -5.857501983642578125e+00 -6.243634223937988281e+00 1.102476477622985840e+00 2.347501277923583984e+00 5.904864311218261719e+00 3.825002610683441162e-01 -2.197494506835937500e+00 8.772473335266113281e+00
-5.925003290176391602e-01 -1.255500602722167969e+01 5.372363090515136719e+00 -1.244996309280395508e+00 -1.432493567466735840e+00 7.514105319976806641e+00 6.240029811859130859e+00 5.092502593994140625e+00 1.742449998855590820e+00 2.025131285190582275e-01 2.947492122650146484e+00 3.484820604324340820e+00 -3.517501354217529297e+00 -1.447494506835937500e+00 1.270519971847534180e+00
2.257505893707275391e+00 -1.180500602722167969e+01 6.098437309265136719e+00 -1.994996309280395508e+00 -4.882505893707275391e+00 3.158148288726806641e+00 6.240029811859130859e+00 -2.257503509521484375e+00 5.856341361999511719e+00 -6.547486782073974609e+00 5.797498226165771484e+00 3.388244509696960449e-01 -2.767501354217529297e+00 5.152481079101562500e+00 5.384533882141113281e+00
3.307493686676025391e+00 -3.104994297027587891e+00 -1.935546845197677612e-01 -2.595002412796020508e+00 -8.332517623901367188e+00 2.432074069976806641e+00 7.889993190765380859e+00 1.492504119873046875e+00 -6.243634223937988281e+00 -3.247498989105224609e+00 3.997495174407958984e+00 7.114825248718261719e+00 -3.667499065399169922e+00 2.452529907226562500e+00 3.025024533271789551e-01
3.607511997222900391e+00 -5.055006504058837891e+00 1.258349657058715820e+00 -2.144997835159301758e+00 2.467500209808349609e+00 6.546087741851806641e+00 7.740029811859130859e+00 4.425010681152343750e-01 8.760394096374511719e+00 -2.947511196136474609e+00 4.447492122650146484e+00 5.178790092468261719e+00 -7.417499065399169922e+00 -2.947494506835937500e+00 -9.074584841728210449e-01
9.007505416870117188e+00 -2.354994297027587891e+00 3.194384813308715820e+00 3.705000638961791992e+00 -5.332518100738525391e+00 3.158148288726806641e+00 9.000549465417861938e-02 3.892498016357421875e+00 2.226458787918090820e+00 -5.047486782073974609e+00 2.797498226165771484e+00 3.388244509696960449e-01 -6.217502117156982422e+00 1.252517700195312500e+00 4.900403022766113281e+00
4.207487583160400391e+00 -6.255003452301025391e+00 1.016406297683715820e+00 5.955000877380371094e+00 -2.932493686676025391e+00 -3.133843898773193359e+00 1.889993309974670410e+00 -1.957500457763671875e+00 -6.775940060615539551e-01 -7.897523403167724609e+00 4.747495174407958984e+00 -1.839154005050659180e+00 -4.417499065399169922e+00 -1.447494506835937500e+00 9.982434272766113281e+00
1.357511878013610840e+00 -6.705000400543212891e+00 -1.161572217941284180e+00 -1.950008422136306763e-01 -1.432493567466735840e+00 1.706121802330017090e+00 3.990029811859130859e+00 2.392498016357421875e+00 7.550433158874511719e+00 9.525130987167358398e-01 5.347501277923583984e+00 6.630816459655761719e+00 -7.117499828338623047e+00 2.025299072265625000e-01 -3.327380418777465820e+00
2.557493686676025391e+00 -5.505003452301025391e+00 5.372363090515136719e+00 4.304999351501464844e+00 -3.682493686676025391e+00 6.062078952789306641e+00 5.639993190765380859e+00 -4.357501983642578125e+00 7.792376518249511719e+00 -1.147523522377014160e+00 6.547498226165771484e+00 1.064776659011840820e+00 -5.917499065399169922e+00 -2.474822998046875000e-01 3.932629346847534180e+00
2.557493686676025391e+00 1.244996666908264160e+00 2.468310594558715820e+00 -4.095002174377441406e+00 6.675125360488891602e-01 1.283807945251464844e+01 -3.509970188140869141e+00 -3.157497406005859375e+00 1.045436382293701172e+01 2.452513217926025391e+00 6.847501277923583984e+00 -4.743206977844238281e+00 -8.617499351501464844e+00 -8.475189208984375000e-01 2.480480909347534180e+00
-5.925003290176391602e-01 -4.755003452301025391e+00 7.744628787040710449e-01 2.205000638961791992e+00 -6.824935674667358398e-01 4.961608946323394775e-01 3.090005397796630859e+00 -9.074974060058593750e-01 -1.935852020978927612e-01 -3.997498989105224609e+00 3.097501277923583984e+00 5.662798881530761719e+00 -9.217501640319824219e+00 -3.097518920898437500e+00 -2.601550340652465820e+00
-1.642488121986389160e+00 -5.955000400543212891e+00 7.744628787040710449e-01 -1.244996309280395508e+00 -7.282499790191650391e+00 3.158148288726806641e+00 4.139993190765380859e+00 -7.575035095214843750e-01 7.066424369812011719e+00 -3.975234925746917725e-01 2.347501277923583984e+00 3.726763963699340820e+00 -1.191749858856201172e+01 -1.147506713867187500e+00 -3.085437059402465820e+00
5.707487583160400391e+00 -4.604994297027587891e+00 1.016406297683715820e+00 -5.144997596740722656e+00 -6.082518100738525391e+00 5.820135593414306641e+00 7.889993190765380859e+00 1.192501068115234375e+00 8.518450736999511719e+00 1.702513098716735840e+00 6.097501277923583984e+00 3.968829393386840820e+00 -3.517501354217529297e+00 1.852493286132812500e+00 8.046399116516113281e+00
-4.342500209808349609e+00 -9.704999923706054688e+00 3.194384813308715820e+00 4.755003929138183594e+00 -6.682493686676025391e+00 7.756048679351806641e+00 -1.709982275962829590e+00 -3.607501983642578125e+00 4.646380424499511719e+00 2.025131285190582275e-01 5.347501277923583984e+00 5.420855522155761719e+00 -4.867499828338623047e+00 -4.297470092773437500e+00 3.206555128097534180e+00
1.807493567466735840e+00 -5.205000400543212891e+00 3.678271532058715820e+00 -9.450008273124694824e-01 -1.432493567466735840e+00 2.916082859039306641e+00 7.139993190765380859e+00 -2.407497406005859375e+00 1.500384569168090820e+00 4.552519321441650391e+00 6.397504329681396484e+00 2.032794237136840820e+00 -3.817500591278076172e+00 5.602493286132812500e+00 2.722424268722534180e+00
-6.142488002777099609e+00 -1.105500602722167969e+01 3.194384813308715820e+00 3.255003690719604492e+00 -8.332517623901367188e+00 9.450139999389648438e+00 9.240030288696289062e+00 -1.807498931884765625e+00 2.468402147293090820e+00 3.952513217926025391e+00 9.547498703002929688e+00 3.388244509696960449e-01 -2.017501354217529297e+00 -8.475189208984375000e-01 6.352551460266113281e+00
1.574997007846832275e-01 -1.495499992370605469e+01 5.322753787040710449e-01 -4.244996070861816406e+00 -7.282499790191650391e+00 1.706121802330017090e+00 1.029001808166503906e+01 -5.407497406005859375e+00 4.835815355181694031e-02 -4.747498989105224609e+00 4.897504329681396484e+00 3.000811815261840820e+00 -1.416750240325927734e+01 2.302505493164062500e+00 -2.117419481277465820e+00
2.707487583160400391e+00 -1.015499687194824219e+01 7.744628787040710449e-01 2.654997587203979492e+00 -6.082518100738525391e+00 6.062078952789306641e+00 9.389993667602539062e+00 2.692501068115234375e+00 2.226458787918090820e+00 1.102476477622985840e+00 8.647504806518554688e+00 6.146807670593261719e+00 -1.071750164031982422e+01 -6.397506713867187500e+00 -5.021471977233886719e+00
3.007505893707275391e+00 -1.225500297546386719e+01 5.322753787040710449e-01 1.050022095441818237e-01 -6.232511997222900391e+00 8.724065780639648438e+00 4.889993190765380859e+00 -1.807498931884765625e+00 1.258441209793090820e+00 -3.997498989105224609e+00 6.097501277923583984e+00 1.064776659011840820e+00 -8.617499351501464844e+00 -5.497482299804687500e+00 1.754406690597534180e+00
1.057493567466735840e+00 -1.375500297546386719e+01 4.888476371765136719e+00 -3.044999361038208008e+00 -5.182493686676025391e+00 6.788153171539306641e+00 9.090005874633789062e+00 -1.057498931884765625e+00 9.244402885437011719e+00 -4.897523403167724609e+00 8.497495651245117188e+00 -2.565228223800659180e+00 -1.041749858856201172e+01 -2.797470092773437500e+00 9.498547554016113281e+00
3.457487583160400391e+00 -1.255500602722167969e+01 2.710498094558715820e+00 -1.950008422136306763e-01 -1.403249931335449219e+01 5.820135593414306641e+00 9.540018081665039062e+00 5.242504119873046875e+00 -4.549542427062988281e+00 -5.047486782073974609e+00 1.134750175476074219e+01 1.098677349090576172e+01 -8.767500877380371094e+00 5.302505493164062500e+00 7.804455757141113281e+00
4.574874937534332275e-01 -9.255002975463867188e+00 1.016406297683715820e+00 1.455000638961791992e+00 -2.782499790191650391e+00 8.482122421264648438e+00 6.540017604827880859e+00 -1.574974060058593750e-01 3.678363084793090820e+00 -8.347475051879882812e+00 1.344749259948730469e+01 -2.081219434738159180e+00 -7.567500591278076172e+00 -1.897506713867187500e+00 -3.085437059402465820e+00
6.457487583160400391e+00 -5.955000400543212891e+00 5.856493949890136719e+00 4.005003929138183594e+00 -4.732511997222900391e+00 3.400091648101806641e+00 9.240030288696289062e+00 1.019250106811523438e+01 -1.935852020978927612e-01 2.902494907379150391e+00 1.149749565124511719e+01 1.001875591278076172e+01 -8.767500877380371094e+00 -2.474822998046875000e-01 -1.875476121902465820e+00
2.407499790191650391e+00 -1.135499382019042969e+01 3.194384813308715820e+00 5.355002403259277344e+00 -1.088250541687011719e+01 6.062078952789306641e+00 1.029001808166503906e+01 -3.757503509521484375e+00 7.792376518249511719e+00 -8.497499465942382812e+00 6.847501277923583984e+00 4.452837944030761719e+00 -1.386749935150146484e+01 -4.597518920898437500e+00 6.055908277630805969e-02
1.957487463951110840e+00 -7.755003452301025391e+00 4.646288871765136719e+00 7.050006985664367676e-01 -8.324874639511108398e-01 8.724065780639648438e+00 6.840005397796630859e+00 -1.657497406005859375e+00 7.744323611259460449e-01 -5.947511196136474609e+00 1.149749565124511719e+01 9.050860404968261719e+00 -1.296750164031982422e+01 -3.547470092773437500e+00 9.256604194641113281e+00
5.107511997222900391e+00 -1.315499687194824219e+01 -1.161572217941284180e+00 5.205000877380371094e+00 -4.132505893707275391e+00 4.368109226226806641e+00 1.104001808166503906e+01 4.492504119873046875e+00 7.066424369812011719e+00 -5.347474575042724609e+00 1.689750480651855469e+01 4.936846733093261719e+00 -8.167498588562011719e+00 -2.197494506835937500e+00 1.724244308471679688e+01
6.907499790191650391e+00 -8.204999923706054688e+00 1.016406297683715820e+00 5.654997825622558594e+00 -8.932493209838867188e+00 1.138605308532714844e+01 1.493998146057128906e+01 3.742504119873046875e+00 9.970355033874511719e+00 -4.747498989105224609e+00 8.647504806518554688e+00 5.420855522155761719e+00 -9.067500114440917969e+00 -6.247482299804687500e+00 5.626477241516113281e+00
4.357511997222900391e+00 -1.225500297546386719e+01 8.760302543640136719e+00 8.804999351501464844e+00 -1.882505774497985840e+00 8.482122421264648438e+00 1.134000587463378906e+01 5.242504119873046875e+00 -3.823590040206909180e+00 -3.997498989105224609e+00 1.104749870300292969e+01 -3.872497677803039551e-01 -1.881750106811523438e+01 -3.997482299804687500e+00 3.448498487472534180e+00
1.507505774497985840e+00 -1.390499687194824219e+01 9.728320121765136719e+00 1.755003690719604492e+00 -1.133251762390136719e+01 8.966131210327148438e+00 1.329001808166503906e+01 3.442501068115234375e+00 5.130389213562011719e+00 -9.697511672973632812e+00 9.247495651245117188e+00 1.064776659011840820e+00 -1.281750011444091797e+01 -3.397506713867187500e+00 6.352551460266113281e+00
3.757505893707275391e+00 -1.195499992370605469e+01 3.194384813308715820e+00 5.355002403259277344e+00 -1.103249931335449219e+01 -3.375909328460693359e+00 1.493998146057128906e+01 2.392498016357421875e+00 -1.403546094894409180e+00 -6.397523403167724609e+00 5.497495174407958984e+00 4.452837944030761719e+00 -1.206750011444091797e+01 -1.897506713867187500e+00 9.256604194641113281e+00
1.807493567466735840e+00 -1.345499992370605469e+01 4.404345512390136719e+00 3.255003690719604492e+00 -1.178249931335449219e+01 2.106610679626464844e+01 1.163999366760253906e+01 1.792499542236328125e+00 6.582415580749511719e+00 -6.997498989105224609e+00 8.047498703002929688e+00 7.598834037780761719e+00 -1.461749935150146484e+01 -2.047470092773437500e+00 1.754406690597534180e+00
4.957487583160400391e+00 -1.555500602722167969e+01 9.002490043640136719e+00 4.904997825622558594e+00 -6.832518100738525391e+00 2.674139499664306641e+00 1.238999366760253906e+01 3.592502593994140625e+00 2.904235720634460449e-01 -5.197511196136474609e+00 1.374749565124511719e+01 9.534747123718261719e+00 -1.491750240325927734e+01 -1.147506713867187500e+00 7.320569038391113281e+00
6.457487583160400391e+00 -1.975500297546386719e+01 5.856493949890136719e+00 6.705000877380371094e+00 -1.118249320983886719e+01 3.400091648101806641e+00 1.359000587463378906e+01 6.142498016357421875e+00 5.323669314384460449e-01 -8.347475051879882812e+00 1.389750480651855469e+01 3.968829393386840820e+00 -1.926750183105468750e+01 -9.097518920898437500e+00 1.095045185089111328e+01
9.757505416870117188e+00 -1.645499992370605469e+01 1.984423875808715820e+00 1.030499935150146484e+01 -1.013250541687011719e+01 9.934148788452148438e+00 1.118998146057128906e+01 5.242504119873046875e+00 1.258441209793090820e+00 -6.997498989105224609e+00 1.329749870300292969e+01 1.122883892059326172e+01 -1.956750106811523438e+01 -1.104747009277343750e+01 4.174572944641113281e+00
5.857511997222900391e+00 -1.570499992370605469e+01 2.710498094558715820e+00 7.605002403259277344e+00 -1.493249320983886719e+01 6.788153171539306641e+00 1.929001808166503906e+01 4.492504119873046875e+00 -4.356506466865539551e-01 -1.599749946594238281e+01 1.284750175476074219e+01 9.050860404968261719e+00 -1.236749935150146484e+01 -6.247482299804687500e+00 9.982434272766113281e+00
1.035751152038574219e+01 -9.854993820190429688e+00 1.742480516433715820e+00 5.955000877380371094e+00 -1.433251762390136719e+01 7.998114109039306641e+00 1.329001808166503906e+01 4.942501068115234375e+00 3.678363084793090820e+00 -1.059747505187988281e+01 1.914750480651855469e+01 1.098677349090576172e+01 -1.206750011444091797e+01 -8.947494506835937500e+00 6.594494819641113281e+00
1.140749931335449219e+01 -1.960499382019042969e+01 2.710498094558715820e+00 1.345500087738037109e+01 -2.228249931335449219e+01 9.208074569702148438e+00 1.643998146057128906e+01 1.424250411987304688e+01 6.824358940124511719e+00 -1.644751167297363281e+01 1.824749565124511719e+01 7.840777397155761719e+00 -1.896750259399414062e+01 -1.014750671386718750e+01 2.238537549972534180e+00
1.080749320983886719e+01 -2.395499992370605469e+01 3.436328172683715820e+00 1.345500087738037109e+01 -2.138250541687011719e+01 9.692083358764648438e+00 1.163999366760253906e+01 7.642498016357421875e+00 5.614398002624511719e+00 -1.269751167297363281e+01 2.019749259948730469e+01 5.420855522155761719e+00 -1.851750183105468750e+01 -1.299748229980468750e+01 -1.149401903152465820e+00
1.020751762390136719e+01 -2.320499992370605469e+01 1.984423875808715820e+00 8.054999351501464844e+00 -1.823251152038574219e+01 3.158148288726806641e+00 2.243998146057128906e+01 7.192501068115234375e+00 -7.453595161437988281e+00 -1.164752388000488281e+01 2.094749259948730469e+01 -3.049237012863159180e+00 -2.451750183105468750e+01 -1.044749450683593750e+01 1.046656513214111328e+01
1.500750541687011719e+01 -2.215499687194824219e+01 3.678271532058715820e+00 1.105499935150146484e+01 -2.123251152038574219e+01 7.272161960601806641e+00 2.243998146057128906e+01 7.492504119873046875e+00 8.276385307312011719e+00 -1.314752388000488281e+01 2.394749259948730469e+01 1.074483013153076172e+01 -2.421750259399414062e+01 -1.329747009277343750e+01 1.046656513214111328e+01
1.980749320983886719e+01 -2.305500602722167969e+01 9.970507621765136719e+00 9.855002403259277344e+00 -1.733251762390136719e+01 1.090204429626464844e+01 2.649003028869628906e+01 1.139249801635742188e+01 2.468402147293090820e+00 -2.079748725891113281e+01 2.484750175476074219e+01 5.807678103446960449e-01 -2.691750335693359375e+01 -6.547470092773437500e+00 4.658459663391113281e+00
1.620751762390136719e+01 -2.590499687194824219e+01 -2.855664014816284180e+00 2.440500450134277344e+01 -2.378249931335449219e+01 9.800475835800170898e-01 2.318998146057128906e+01 1.559250259399414062e+01 -5.759625434875488281e+00 -1.449749946594238281e+01 2.364750480651855469e+01 -5.227215766906738281e+00 -2.556750106811523438e+01 -1.179747009277343750e+01 -3.327380418777465820e+00
1.785751152038574219e+01 -2.665499687194824219e+01 -2.613720655441284180e+00 1.810500144958496094e+01 -2.708251762390136719e+01 1.706121802330017090e+00 2.693998146057128906e+01 1.364249801635742188e+01 -3.097637891769409180e+00 -1.779748725891113281e+01 2.424749565124511719e+01 2.758746385574340820e+00 -2.616750335693359375e+01 -1.599748229980468750e+01 8.046399116516113281e+00
1.965749931335449219e+01 -2.935499382019042969e+01 1.500293016433715820e+00 1.540500545501708984e+01 -2.453249931335449219e+01 1.114410972595214844e+01 2.859000587463378906e+01 1.649250411987304688e+01 -2.129620313644409180e+00 -1.674749946594238281e+01 2.979749870300292969e+01 -7.647137641906738281e+00 -2.871750259399414062e+01 -1.644749450683593750e+01 3.025024533271789551e-01
1.950750541687011719e+01 -3.430500793457031250e+01 5.614306449890136719e+00 1.855499839782714844e+01 -3.158251762390136719e+01 7.514105319976806641e+00 3.038999366760253906e+01 1.724250411987304688e+01 -1.645611524581909180e+00 -2.529748725891113281e+01 2.709750175476074219e+01 4.694781303405761719e+00 -2.946750259399414062e+01 -2.304747009277343750e+01 -4.537585258483886719e+00
1.440749931335449219e+01 -3.265499877929687500e+01 1.500293016433715820e+00 1.600500297546386719e+01 -2.708251762390136719e+01 4.961608946323394775e-01 3.129001808166503906e+01 1.799250411987304688e+01 -4.065655708312988281e+00 -2.169751167297363281e+01 2.499749565124511719e+01 -3.291180372238159180e+00 -2.946750259399414062e+01 -2.019749450683593750e+01 -9.074584841728210449e-01
1.950750541687011719e+01 -3.130500602722167969e+01 2.710498094558715820e+00 2.155499839782714844e+01 -3.368249511718750000e+01 4.368109226226806641e+00 2.604001808166503906e+01 1.679249954223632812e+01 -1.403546094894409180e+00 -2.124749946594238281e+01 3.294749069213867188e+01 -5.953167915344238281e+00 -3.021750259399414062e+01 -1.674748229980468750e+01 1.996594190597534180e+00
2.250750541687011719e+01 -2.785499382019042969e+01 2.468310594558715820e+00 2.005499839782714844e+01 -3.038250541687011719e+01 1.215209998190402985e-02 3.354001617431640625e+01 1.529249954223632812e+01 -2.129620313644409180e+00 -2.559747505187988281e+01 3.279749679565429688e+01 5.662798881530761719e+00 -3.156750106811523438e+01 -1.329747009277343750e+01 -4.779528617858886719e+00
1.830749320983886719e+01 -3.670500183105468750e+01 -3.823681592941284180e+00 1.990500450134277344e+01 -2.783251762390136719e+01 -3.133843898773193359e+00 3.129001808166503906e+01 1.949250411987304688e+01 -1.887554883956909180e+00 -2.709747505187988281e+01 2.754749870300292969e+01 -2.565228223800659180e+00 -3.171750259399414062e+01 -2.229747009277343750e+01 -1.875476121902465820e+00
2.265749931335449219e+01 -2.875500297546386719e+01 -1.403515577316284180e+00 1.900500297546386719e+01 -3.098251152038574219e+01 1.215209998190402985e-02 2.724003028869628906e+01 2.024250411987304688e+01 -5.275616645812988281e+00 -2.424749946594238281e+01 3.204749679565429688e+01 -1.451843231916427612e-01 -3.306750106811523438e+01 -2.034751892089843750e+01 -1.813842803239822388e-01
2.715749931335449219e+01 -3.040499687194824219e+01 -7.937695503234863281e+00 2.875500297546386719e+01 -3.008251762390136719e+01 -2.299133241176605225e-01 2.934000587463378906e+01 1.484250259399414062e+01 5.372454643249511719e+00 -1.884747505187988281e+01 2.859750175476074219e+01 -2.323162794113159180e+00 -3.336750411987304688e+01 -2.499748229980468750e+01 1.996594190597534180e+00
1.935751152038574219e+01 -3.310499572753906250e+01 -2.855664014816284180e+00 2.755499839782714844e+01 -2.453249931335449219e+01 -7.139221429824829102e-01 3.488999176025390625e+01 1.814249801635742188e+01 -9.147564888000488281e+00 -2.019751167297363281e+01 3.414750289916992188e+01 -2.081219434738159180e+00 -3.546750259399414062e+01 -2.769749450683593750e+01 -4.053454399108886719e+00
2.775750541687011719e+01 -2.995499992370605469e+01 -6.485547065734863281e+00 2.365500450134277344e+01 -2.633251762390136719e+01 -4.585870265960693359e+00 3.338999176025390625e+01 2.099250411987304688e+01 -5.275616645812988281e+00 -2.529748725891113281e+01 3.069749259948730469e+01 8.082842826843261719e+00 -3.651750564575195312e+01 -1.929747009277343750e+01 -1.082957744598388672e+01
2.205749320983886719e+01 -2.620499992370605469e+01 -6.485547065734863281e+00 2.200500297546386719e+01 -3.638250732421875000e+01 -3.375909328460693359e+00 2.799003028869628906e+01 1.754249954223632812e+01 -7.453595161437988281e+00 -1.794751167297363281e+01 2.829749870300292969e+01 -4.017254829406738281e+00 -3.381750106811523438e+01 -1.914750671386718750e+01 -5.021471977233886719e+00
2.415749931335449219e+01 -3.415499877929687500e+01 -1.132563495635986328e+01 2.275500297546386719e+01 -2.423251152038574219e+01 -1.439874291419982910e+00 3.174003028869628906e+01 2.399250411987304688e+01 2.952410936355590820e+00 -2.259747505187988281e+01 3.249749374389648438e+01 2.032794237136840820e+00 -3.291749954223632812e+01 -2.169749450683593750e+01 -2.843493700027465820e+00
2.535751152038574219e+01 -3.100500297546386719e+01 4.404345512390136719e+00 2.485500144958496094e+01 -3.413250732421875000e+01 3.400091648101806641e+00 3.068998146057128906e+01 2.444250106811523438e+01 -9.389630317687988281e+00 -1.899749946594238281e+01 3.204749679565429688e+01 -8.711364865303039551e-01 -3.786750411987304688e+01 -2.064750671386718750e+01 -6.715563774108886719e+00
1.935751152038574219e+01 -3.730500793457031250e+01 -2.855664014816284180e+00 2.785500144958496094e+01 -2.948251152038574219e+01 7.381042242050170898e-01 2.349003028869628906e+01 2.354249954223632812e+01 -1.403546094894409180e+00 -2.109747505187988281e+01 2.544749259948730469e+01 -3.049237012863159180e+00 -3.276750564575195312e+01 -2.694749450683593750e+01 -9.135485649108886719e+00
2.265749931335449219e+01 -3.010499382019042969e+01 2.710498094558715820e+00 2.365500450134277344e+01 -3.293249511718750000e+01 -9.425958633422851562e+00 2.559000587463378906e+01 1.964249801635742188e+01 -8.421612739562988281e+00 -2.724749946594238281e+01 2.814750480651855469e+01 -9.583172798156738281e+00 -2.766750335693359375e+01 -2.559751892089843750e+01 -5.505602836608886719e+00
2.325750541687011719e+01 -3.490499877929687500e+01 -1.205170917510986328e+01 2.410500144958496094e+01 -2.783251762390136719e+01 -7.139221429824829102e-01 3.159000587463378906e+01 2.309250259399414062e+01 -6.485577583312988281e+00 -2.394751167297363281e+01 2.904749870300292969e+01 1.306842088699340820e+00 -3.306750106811523438e+01 -2.064750671386718750e+01 -7.441393852233886719e+00
2.865749931335449219e+01 -3.520500183105468750e+01 1.984423875808715820e+00 2.605499839782714844e+01 -3.518249511718750000e+01 -2.649957180023193359e+00 3.279001617431640625e+01 2.444250106811523438e+01 -6.727643013000488281e+00 -2.244751167297363281e+01 2.799749565124511719e+01 1.306842088699340820e+00 -2.571750259399414062e+01 -2.319749450683593750e+01 -5.989489555358886719e+00
2.685751152038574219e+01 -3.085499382019042969e+01 1.016406297683715820e+00 2.305499839782714844e+01 -3.113250541687011719e+01 2.540954649448394775e-01 2.859000587463378906e+01 1.724250411987304688e+01 -6.001568794250488281e+00 -2.184747505187988281e+01 3.189750480651855469e+01 -6.291931271553039551e-01 -2.841750335693359375e+01 -2.604747009277343750e+01 -1.107152080535888672e+01
3.120751762390136719e+01 -3.580500793457031250e+01 -1.011567401885986328e+01 2.605499839782714844e+01 -2.978249931335449219e+01 -4.718566834926605225e-01 3.309000396728515625e+01 2.384250259399414062e+01 -1.326157855987548828e+01 -2.124749946594238281e+01 3.564750289916992188e+01 4.210772514343261719e+00 -3.306750106811523438e+01 -2.349748229980468750e+01 -7.925524711608886719e+00
2.970751762390136719e+01 -3.265499877929687500e+01 -1.935546845197677612e-01 2.485500144958496094e+01 -2.843249320983886719e+01 -9.667901992797851562e+00 3.068998146057128906e+01 2.774250411987304688e+01 -8.179547309875488281e+00 -2.649749946594238281e+01 3.009750175476074219e+01 -2.565228223800659180e+00 -3.801750564575195312e+01 -2.154747009277343750e+01 -9.619372367858886719e+00
2.145751762390136719e+01 -3.685501098632812500e+01 -4.791699409484863281e+00 2.950500297546386719e+01 -3.143249320983886719e+01 -5.069879055023193359e+00 2.649003028869628906e+01 1.784250259399414062e+01 5.323669314384460449e-01 -2.589752388000488281e+01 2.829749870300292969e+01 -7.889203071594238281e+00 -3.621750259399414062e+01 -2.709751892089843750e+01 -4.053454399108886719e+00
2.760751152038574219e+01 -3.055500602722167969e+01 -1.471357440948486328e+01 2.365500450134277344e+01 -3.323251342773437500e+01 -2.165948390960693359e+00 2.859000587463378906e+01 2.489249801635742188e+01 -9.389630317687988281e+00 -2.124749946594238281e+01 3.039750480651855469e+01 9.675903618335723877e-02 -3.081750106811523438e+01 -2.529747009277343750e+01 -1.252342510223388672e+01
2.580749320983886719e+01 -3.580500793457031250e+01 -1.084150409698486328e+01 2.485500144958496094e+01 -3.248251342773437500e+01 9.450139999389648438e+00 2.874003028869628906e+01 2.279249954223632812e+01 -7.695660591125488281e+00 -2.289752388000488281e+01 3.594749069213867188e+01 3.726763963699340820e+00 -3.441749954223632812e+01 -2.319749450683593750e+01 -1.494359111785888672e+01
2.280749320983886719e+01 -2.890499687194824219e+01 1.258349657058715820e+00 2.200500297546386719e+01 -3.608251953125000000e+01 1.215209998190402985e-02 2.604001808166503906e+01 2.144250106811523438e+01 5.856341361999511719e+00 -2.544751167297363281e+01 2.649749565124511719e+01 -1.113201856613159180e+00 -3.711750411987304688e+01 -1.464750671386718750e+01 -1.687938308715820312e+01
1.830749320983886719e+01 -3.625500488281250000e+01 4.838867112994194031e-02 2.320499992370605469e+01 -2.603249931335449219e+01 -9.558655023574829102e-01 2.784000587463378906e+01 1.964249801635742188e+01 5.130389213562011719e+00 -2.034747505187988281e+01 3.249749374389648438e+01 5.904864311218261719e+00 -3.561750411987304688e+01 -2.694749450683593750e+01 -8.651598930358886719e+00
2.295751762390136719e+01 -3.100500297546386719e+01 -2.371533155441284180e+00 1.885500144958496094e+01 -3.338250732421875000e+01 -4.827935695648193359e+00 2.979001808166503906e+01 1.484250259399414062e+01 1.742449998855590820e+00 -2.154748725891113281e+01 3.264750289916992188e+01 -1.597210645675659180e+00 -3.336750411987304688e+01 -2.559751892089843750e+01 -1.149401903152465820e+00
2.190749931335449219e+01 -2.755500602722167969e+01 -2.371533155441284180e+00 2.020499992370605469e+01 -3.803250122070312500e+01 1.948065161705017090e+00 2.454001808166503906e+01 2.039249801635742188e+01 2.904235720634460449e-01 -2.079748725891113281e+01 2.769749259948730469e+01 4.452837944030761719e+00 -3.246750259399414062e+01 -2.469749450683593750e+01 -8.893542289733886719e+00
2.145751762390136719e+01 -2.920499992370605469e+01 -2.371533155441284180e+00 2.185500144958496094e+01 -3.218249511718750000e+01 3.158148288726806641e+00 2.168998146057128906e+01 1.769250106811523438e+01 5.130389213562011719e+00 -1.674749946594238281e+01 3.009750175476074219e+01 4.936846733093261719e+00 -3.036750411987304688e+01 -1.794749450683593750e+01 -5.263415336608886719e+00
1.965749931335449219e+01 -3.505500793457031250e+01 7.792284965515136719e+00 1.675500297546386719e+01 -3.023251152038574219e+01 6.546087741851806641e+00 2.529001808166503906e+01 1.619250106811523438e+01 -2.129620313644409180e+00 -1.404748725891113281e+01 2.574749565124511719e+01 1.873079299926757812e+01 -3.261750411987304688e+01 -2.034751892089843750e+01 -6.715563774108886719e+00
1.725750541687011719e+01 -3.250500488281250000e+01 5.372363090515136719e+00 1.795499992370605469e+01 -3.398251342773437500e+01 1.961408042907714844e+01 2.363999366760253906e+01 2.219250106811523438e+01 1.408449077606201172e+01 -1.149749946594238281e+01 2.904749870300292969e+01 2.211885452270507812e+01 -3.126750564575195312e+01 -1.944749450683593750e+01 -2.601550340652465820e+00
9.007505416870117188e+00 -2.290499687194824219e+01 1.263237285614013672e+01 1.090500545501708984e+01 -3.593249511718750000e+01 1.162811851501464844e+01 2.063999366760253906e+01 9.292499542236328125e+00 5.372454643249511719e+00 -4.597474575042724609e+00 2.439750480651855469e+01 2.236079788208007812e+01 -2.721750259399414062e+01 -1.749748229980468750e+01 5.142590522766113281e+00
2.557493686676025391e+00 -2.635499382019042969e+01 8.276415824890136719e+00 8.355002403259277344e+00 -3.023251152038574219e+01 1.937213706970214844e+01 1.629001808166503906e+01 1.244250106811523438e+01 1.771437454223632812e+01 -3.397523403167724609e+00 2.289750480651855469e+01 4.268880081176757812e+01 -2.751750183105468750e+01 -7.597518920898437500e+00 1.433863544464111328e+01
3.007505893707275391e+00 -2.785499382019042969e+01 1.844047927856445312e+01 7.455000877380371094e+00 -3.743249511718750000e+01 2.856805992126464844e+01 1.613999366760253906e+01 5.842502593994140625e+00 1.263234233856201172e+01 -3.547486782073974609e+00 2.289750480651855469e+01 4.220479202270507812e+01 -3.231750106811523438e+01 -8.647506713867187500e+00 1.675855636596679688e+01
2.407499790191650391e+00 -2.485499382019042969e+01 2.860429763793945312e+01 -1.095002412796020508e+00 -3.893249511718750000e+01 2.276007652282714844e+01 8.189981460571289062e+00 5.692501068115234375e+00 1.626247024536132812e+01 -2.197511196136474609e+00 2.289750480651855469e+01 4.704475784301757812e+01 -2.916749954223632812e+01 -9.097518920898437500e+00 1.264454364776611328e+01
-2.692506313323974609e+00 -2.200500297546386719e+01 3.489628982543945312e+01 -4.095002174377441406e+00 -3.158251762390136719e+01 3.558612823486328125e+01 1.134000587463378906e+01 3.442501068115234375e+00 3.828444290161132812e+01 1.852476477622985840e+00 2.379749870300292969e+01 6.519477844238281250e+01 -2.901750564575195312e+01 -6.697494506835937500e+00 1.724244308471679688e+01
-5.842500209808349609e+00 -2.215499687194824219e+01 4.336650466918945312e+01 -1.084500217437744141e+01 -3.968249511718750000e+01 4.817011260986328125e+01 7.889993190765380859e+00 -6.907497406005859375e+00 2.763649368286132812e+01 5.752501010894775391e+00 1.584750175476074219e+01 7.051875305175781250e+01 -2.496750259399414062e+01 -1.597518920898437500e+00 1.361256122589111328e+01
-1.769250679016113281e+01 -2.785499382019042969e+01 5.062627029418945312e+01 -1.639499855041503906e+01 -4.148251342773437500e+01 4.187812042236328125e+01 7.290017604827880859e+00 -3.907497406005859375e+00 2.884645462036132812e+01 1.745251274108886719e+01 1.749749565124511719e+01 8.576484680175781250e+01 -2.391750335693359375e+01 2.302505493164062500e+00 1.966260910034179688e+01
-1.619250679016113281e+01 -2.110499382019042969e+01 5.788628005981445312e+01 -2.464500236511230469e+01 -3.923251342773437500e+01 5.639813995361328125e+01 9.900299310684204102e-01 -1.095750045776367188e+01 4.215651321411132812e+01 2.060250663757324219e+01 9.997495651245117188e+00 9.157283020019531250e+01 -2.586750030517578125e+01 3.202529907226562500e+00 1.917847824096679688e+01
-3.524249267578125000e+01 -1.900500297546386719e+01 6.538847351074218750e+01 -2.959499931335449219e+01 -4.388250732421875000e+01 7.575812530517578125e+01 -3.060019016265869141e+00 -1.095750045776367188e+01 4.748048782348632812e+01 2.090249443054199219e+01 1.104749870300292969e+01 1.152887725830078125e+02 -2.136750030517578125e+01 2.152481079101562500e+00 3.781251144409179688e+01
-2.969250679016113281e+01 -1.180500602722167969e+01 7.434233093261718750e+01 -2.899500083923339844e+01 -4.823251342773437500e+01 7.866205596923828125e+01 -1.110006690025329590e+00 -2.070750045776367188e+01 6.393629837036132812e+01 3.110250663757324219e+01 1.134750175476074219e+01 1.278727569580078125e+02 -2.496750259399414062e+01 2.135249328613281250e+01 4.095850753784179688e+01
-3.104251289367675781e+01 -1.510499382019042969e+01 7.361650085449218750e+01 -3.619499969482421875e+01 -5.228250122070312500e+01 8.132404327392578125e+01 -1.415999412536621094e+01 -2.340749740600585938e+01 6.442042541503906250e+01 3.215249633789062500e+01 1.164750480651855469e+01 1.392467803955078125e+02 -1.836750030517578125e+01 1.640248107910156250e+01 4.265259933471679688e+01
-4.259249877929687500e+01 -1.165499687194824219e+01 8.499028015136718750e+01 -4.564500045776367188e+01 -4.658251953125000000e+01 9.390814971923828125e+01 -1.011000633239746094e+01 -2.190749740600585938e+01 6.877638244628906250e+01 4.190249633789062500e+01 1.014750480651855469e+01 1.595747833251953125e+02 -2.151750183105468750e+01 2.300251770019531250e+01 3.974854660034179688e+01
-4.784249877929687500e+01 -1.330500602722167969e+01 1.062864227294921875e+02 -4.729499816894531250e+01 -5.108251953125000000e+01 1.115740432739257812e+02 -1.686000633239746094e+01 -3.975749588012695312e+01 7.603639221191406250e+01 4.415249633789062500e+01 -3.352495670318603516e+00 1.890988311767578125e+02 -1.986750030517578125e+01 3.155250549316406250e+01 5.547852706909179688e+01
-5.939248657226562500e+01 -1.000500297546386719e+01 1.212903289794921875e+02 -6.619499969482421875e+01 -5.048251342773437500e+01 1.222221145629882812e+02 -2.915999412536621094e+01 -4.335750198364257812e+01 8.765235900878906250e+01 4.925250244140625000e+01 -1.102495551109313965e+00 2.082167510986328125e+02 -2.346750259399414062e+01 3.935252380371093750e+01 6.903053283691406250e+01
-6.404251098632812500e+01 -7.904997348785400391e+00 1.263723602294921875e+02 -5.959500122070312500e+01 -5.468249511718750000e+01 1.282721557617187500e+02 -2.781001853942871094e+01 -4.020750808715820312e+01 9.563844299316406250e+01 4.760250854492187500e+01 6.697492122650146484e+00 2.118467559814453125e+02 -2.331750106811523438e+01 3.845249938964843750e+01 6.975660705566406250e+01
-7.064248657226562500e+01 -8.055006027221679688e+00 1.372624969482421875e+02 -6.859500122070312500e+01 -6.233251953125000000e+01 1.391620483398437500e+02 -4.100997161865234375e+01 -5.040750503540039062e+01 1.045923004150390625e+02 5.360250854492187500e+01 9.750137478113174438e-02 2.268507843017578125e+02 -1.536749935150146484e+01 4.760252380371093750e+01 7.048243713378906250e+01
-8.249249267578125000e+01 -8.954999923706054688e+00 1.672703094482421875e+02 -7.924500274658203125e+01 -6.608251953125000000e+01 1.623939819335937500e+02 -4.536000823974609375e+01 -6.240750503540039062e+01 1.258884429931640625e+02 6.455252075195312500e+01 -8.002504348754882812e+00 2.742828063964843750e+02 -1.851750183105468750e+01 6.335252380371093750e+01 8.814845275878906250e+01
-1.000425109863281250e+02 -1.270499992370605469e+01 1.793704071044921875e+02 -9.334500122070312500e+01 -7.133251953125000000e+01 1.727999877929687500e+02 -4.565999603271484375e+01 -7.335749816894531250e+01 1.292763824462890625e+02 7.235250854492187500e+01 -1.402498602867126465e+00 3.154228210449218750e+02 -1.296750164031982422e+01 7.505250549316406250e+01 8.984254455566406250e+01
-1.060425109863281250e+02 -3.555006504058837891e+00 1.912283172607421875e+02 -1.014449996948242188e+02 -7.883251953125000000e+01 1.863519897460937500e+02 -5.675997161865234375e+01 -7.365750122070312500e+01 1.503303375244140625e+02 7.355252075195312500e+01 -4.102495670318603516e+00 3.253448181152343750e+02 -2.046750259399414062e+01 7.535252380371093750e+01 1.079924468994140625e+02
-1.145924987792968750e+02 -4.154997348785400391e+00 2.021184539794921875e+02 -1.081949996948242188e+02 -8.063250732421875000e+01 1.991781616210937500e+02 -6.111000823974609375e+01 -8.895750427246093750e+01 1.592844390869140625e+02 7.790249633789062500e+01 -4.702501773834228516e+00 3.384128112792968750e+02 -1.866750335693359375e+01 8.435252380371093750e+01 9.589259338378906250e+01
-1.190924987792968750e+02 -5.354994297027587891e+00 2.125244598388671875e+02 -1.164449996948242188e+02 -8.588250732421875000e+01 2.015980834960937500e+02 -6.095998382568359375e+01 -8.835749816894531250e+01 1.619463043212890625e+02 8.105252075195312500e+01 -1.552507758140563965e+00 3.439788513183593750e+02 -2.091750335693359375e+01 9.080250549316406250e+01 1.050886383056640625e+02
-1.381425018310546875e+02 -7.305006504058837891e+00 2.190583953857421875e+02 -1.269450073242187500e+02 -9.338250732421875000e+01 2.236200561523437500e+02 -6.651000213623046875e+01 -1.032075042724609375e+02 1.725944976806640625e+02 9.845251464843750000e+01 -7.402498722076416016e+00 3.863288269042968750e+02 -1.746750259399414062e+01 9.530250549316406250e+01 1.060564117431640625e+02
-1.493925018310546875e+02 -4.305006504058837891e+00 2.427744598388671875e+02 -1.449450073242187500e+02 -1.028325195312500000e+02 2.374140014648437500e+02 -7.371001434326171875e+01 -1.179075012207031250e+02 1.871142730712890625e+02 1.151025085449218750e+02 -7.852510929107666016e+00 4.131907653808593750e+02 -1.296750164031982422e+01 1.017525177001953125e+02 1.140424957275390625e+02
-1.607924957275390625e+02 1.845002770423889160e+00 2.585044555664062500e+02 -1.452450103759765625e+02 -1.011824951171875000e+02 2.437059936523437500e+02 -7.911000823974609375e+01 -1.263074951171875000e+02 1.965525054931640625e+02 1.146524963378906250e+02 -7.852510929107666016e+00 4.381169128417968750e+02 -1.506750011444091797e+01 1.143525238037109375e+02 1.268684234619140625e+02
-1.721925048828125000e+02 -3.854994297027587891e+00 2.672163696289062500e+02 -1.504950103759765625e+02 -9.983251953125000000e+01 2.565321655273437500e+02 -8.930998992919921875e+01 -1.260075073242187500e+02 2.026023101806640625e+02 1.307025146484375000e+02 -1.505250740051269531e+01 4.521528015136718750e+02 -1.851750183105468750e+01 1.208025054931640625e+02 1.242065582275390625e+02
-2.032425079345703125e+02 4.845002651214599609e+00 2.860923461914062500e+02 -1.923450164794921875e+02 -1.187325134277343750e+02 2.833939819335937500e+02 -9.486000823974609375e+01 -1.540574951171875000e+02 2.219624176025390625e+02 1.598025207519531250e+02 -2.705250740051269531e+01 5.312868041992187500e+02 -1.401750087738037109e+01 1.500525054931640625e+02 1.285625152587890625e+02
-2.350425109863281250e+02 1.894499397277832031e+01 3.424783325195312500e+02 -2.157450103759765625e+02 -1.245825195312500000e+02 3.388121948242187500e+02 -1.335599822998046875e+02 -1.768574981689453125e+02 2.618923645019531250e+02 1.745025024414062500e+02 -3.485251235961914062e+01 6.198588256835937500e+02 -2.017501354217529297e+00 1.679025115966796875e+02 1.670405426025390625e+02
-2.554425048828125000e+02 2.449499702453613281e+01 3.582083129882812500e+02 -2.355450134277343750e+02 -1.247325134277343750e+02 3.526061401367187500e+02 -1.400099945068359375e+02 -1.930575103759765625e+02 2.795583801269531250e+02 1.970025024414062500e+02 -3.395250320434570312e+01 6.428488159179687500e+02 -3.067500591278076172e+00 1.755525054931640625e+02 1.590544586181640625e+02
-2.647425231933593750e+02 2.869499397277832031e+01 3.664363403320312500e+02 -2.403450012207031250e+02 -1.361325073242187500e+02 3.610761108398437500e+02 -1.398600006103515625e+02 -2.008574981689453125e+02 2.773804016113281250e+02 1.992525024414062500e+02 -3.605250930786132812e+01 6.612406616210937500e+02 -1.011749935150146484e+01 1.880025177001953125e+02 1.692185211181640625e+02
-2.834925231933593750e+02 2.059500312805175781e+01 3.700664672851562500e+02 -2.590950012207031250e+02 -1.386825103759765625e+02 3.760800170898437500e+02 -1.472100067138671875e+02 -2.122574920654296875e+02 2.960144348144531250e+02 2.207025146484375000e+02 -4.130250930786132812e+01 6.972987670898437500e+02 -5.917499065399169922e+00 1.923525238037109375e+02 1.713964996337890625e+02
-2.888925170898437500e+02 2.509500312805175781e+01 3.797463989257812500e+02 -2.625450134277343750e+02 -1.470825042724609375e+02 3.876959838867187500e+02 -1.467599945068359375e+02 -2.166074981689453125e+02 2.979504699707031250e+02 2.346525268554687500e+02 -4.430250930786132812e+01 7.132706909179687500e+02 -5.017501354217529297e+00 2.027025299072265625e+02 1.774465484619140625e+02
-3.005924987792968750e+02 2.239500617980957031e+01 3.959605102539062500e+02 -2.800950317382812500e+02 -1.500825042724609375e+02 3.976181030273437500e+02 -1.551599884033203125e+02 -2.296575164794921875e+02 2.972243957519531250e+02 2.547525024414062500e+02 -4.700250625610351562e+01 7.483607788085937500e+02 -1.101750087738037109e+01 2.136525115966796875e+02 1.842224273681640625e+02
-3.544425048828125000e+02 3.004500007629394531e+01 4.283884887695312500e+02 -3.285450134277343750e+02 -1.619325103759765625e+02 4.409359741210937500e+02 -1.932599945068359375e+02 -2.701575317382812500e+02 3.412683410644531250e+02 3.116025085449218750e+02 -6.545249938964843750e+01 8.553248901367187500e+02 3.532499790191650391e+00 2.438025054931640625e+02 1.955964508056640625e+02
-4.733925170898437500e+02 6.109500122070312500e+01 5.063123168945312500e+02 -4.528950195312500000e+02 -1.950825042724609375e+02 5.251520385742187500e+02 -2.337599945068359375e+02 -3.655575256347656250e+02 3.894263000488281250e+02 4.676025085449218750e+02 -9.905250549316406250e+01 1.063202880859375000e+03 9.232501029968261719e+00 3.200025024414062500e+02 2.289924468994140625e+02
-5.341425170898437500e+02 7.354499816894531250e+01 5.457583618164062500e+02 -4.966950073242187500e+02 -2.103825073242187500e+02 5.745202026367187500e+02 -2.546100006103515625e+02 -3.972075195312500000e+02 4.090283508300781250e+02 5.319525146484375000e+02 -1.164525070190429688e+02 1.144998779296875000e+03 1.418249988555908203e+01 3.350025024414062500e+02 2.381884918212890625e+02
-5.387925415039062500e+02 7.189500427246093750e+01 5.418862915039062500e+02 -5.079450073242187500e+02 -2.057325134277343750e+02 5.856520385742187500e+02 -2.649600219726562500e+02 -4.020075378417968750e+02 4.102383117675781250e+02 5.393025512695312500e+02 -1.283025054931640625e+02 1.152984863281250000e+03 5.332499027252197266e+00 3.395025024414062500e+02 2.302024078369140625e+02
-5.315925292968750000e+02 6.454499816894531250e+01 5.535025024414062500e+02 -5.151450195312500000e+02 -2.078325195312500000e+02 5.851681518554687500e+02 -2.616600036621093750e+02 -4.026075134277343750e+02 4.066084289550781250e+02 5.417025146484375000e+02 -1.268025054931640625e+02 1.156372802734375000e+03 4.582499027252197266e+00 3.428025207519531250e+02 2.328645172119140625e+02
-5.405925292968750000e+02 7.864500427246093750e+01 5.474524536132812500e+02 -5.398950195312500000e+02 -2.090325164794921875e+02 6.052540893554687500e+02 -2.682600097656250000e+02 -3.912075195312500000e+02 4.097544250488281250e+02 5.429025268554687500e+02 -1.589025115966796875e+02 1.173796875000000000e+03 7.282499790191650391e+00 3.383025207519531250e+02 2.374624176025390625e+02
-5.501925048828125000e+02 8.344499969482421875e+01 5.581004028320312500e+02 -5.389950561523437500e+02 -2.097825164794921875e+02 6.175961303710937500e+02 -2.649600219726562500e+02 -3.981075134277343750e+02 4.037043762207031250e+02 5.435025024414062500e+02 -1.754025115966796875e+02 1.162422851562500000e+03 7.132500171661376953e+00 3.476025390625000000e+02 2.367365875244140625e+02
-5.474925537109375000e+02 9.229499816894531250e+01 5.697163696289062500e+02 -5.502450561523437500e+02 -2.084325103759765625e+02 6.127560424804687500e+02 -2.672100219726562500e+02 -3.924075317382812500e+02 4.003164367675781250e+02 5.390025024414062500e+02 -1.806525115966796875e+02 1.175974853515625000e+03 1.028250026702880859e+01 3.479025268554687500e+02 2.311704254150390625e+02
-5.501925048828125000e+02 8.854499816894531250e+01 5.522922973632812500e+02 -5.551950073242187500e+02 -2.103825073242187500e+02 6.296959838867187500e+02 -2.625600280761718750e+02 -3.864075317382812500e+02 4.087864074707031250e+02 5.480025024414062500e+02 -1.874025115966796875e+02 1.174522949218750000e+03 1.838249969482421875e+01 3.486525268554687500e+02 2.398825836181640625e+02
-5.695425415039062500e+02 1.059450073242187500e+02 5.895603637695312500e+02 -6.061950683593750000e+02 -1.932825164794921875e+02 6.841461791992187500e+02 -2.810100097656250000e+02 -4.101075134277343750e+02 4.329863586425781250e+02 5.637525024414062500e+02 -2.178525085449218750e+02 1.251720947265625000e+03 1.523250102996826172e+01 3.659025268554687500e+02 2.730366210937500000e+02
-5.882925415039062500e+02 1.114950027465820312e+02 6.355403442382812500e+02 -6.268950805664062500e+02 -1.898325042724609375e+02 7.177841186523437500e+02 -2.837100219726562500e+02 -4.251075439453125000e+02 4.661404113769531250e+02 5.340525512695312500e+02 -2.097525177001953125e+02 1.262610839843750000e+03 2.093250083923339844e+01 3.614025268554687500e+02 2.933645019531250000e+02
-5.821425170898437500e+02 1.116450042724609375e+02 6.483665161132812500e+02 -6.279450683593750000e+02 -1.794825134277343750e+02 7.436781616210937500e+02 -2.856600036621093750e+02 -4.302075195312500000e+02 4.896142883300781250e+02 5.103525390625000000e+02 -2.001525115966796875e+02 1.274226806640625000e+03 2.318250083923339844e+01 3.648525390625000000e+02 3.076425781250000000e+02
-5.791425170898437500e+02 1.063950042724609375e+02 6.573203735351562500e+02 -6.313950805664062500e+02 -1.754325103759765625e+02 7.603761596679687500e+02 -2.825100097656250000e+02 -4.384575195312500000e+02 5.009883117675781250e+02 5.045025329589843750e+02 -1.994025115966796875e+02 1.280276855468750000e+03 2.348250007629394531e+01 3.695025024414062500e+02 3.195004882812500000e+02
-5.839425048828125000e+02 1.060950012207031250e+02 6.594983520507812500e+02 -6.387450561523437500e+02 -1.832325134277343750e+02 7.649740600585937500e+02 -2.759100036621093750e+02 -4.353075561523437500e+02 5.038923645019531250e+02 5.031525268554687500e+02 -1.938525085449218750e+02 1.287294921875000000e+03 2.018250083923339844e+01 3.692025146484375000e+02 3.165964355468750000e+02
-5.857425537109375000e+02 1.092450027465820312e+02 6.529644165039062500e+02 -6.414450683593750000e+02 -1.808325042724609375e+02 7.640060424804687500e+02 -2.766600036621093750e+02 -4.386075439453125000e+02 5.116365051269531250e+02 5.022525329589843750e+02 -2.006025085449218750e+02 1.287294921875000000e+03 2.048250007629394531e+01 3.605025024414062500e+02 3.274865722656250000e+02
-5.705925292968750000e+02 1.135950012207031250e+02 6.594983520507812500e+02 -6.298950805664062500e+02 -1.848825073242187500e+02 7.625541381835937500e+02 -2.751600036621093750e+02 -4.288575439453125000e+02 5.060703430175781250e+02 4.920525207519531250e+02 -1.919025115966796875e+02 1.288988769531250000e+03 1.958250045776367188e+01 3.525525207519531250e+02 3.161125488281250000e+02
-5.804925537109375000e+02 1.090950012207031250e+02 6.715984497070312500e+02 -6.430950317382812500e+02 -1.761825103759765625e+02 7.681200561523437500e+02 -2.780100097656250000e+02 -4.372575073242187500e+02 5.174443359375000000e+02 4.887525329589843750e+02 -1.970025177001953125e+02 1.284390869140625000e+03 2.663249969482421875e+01 3.641025390625000000e+02 3.388605957031250000e+02
-5.758425292968750000e+02 1.080450057983398438e+02 6.691782836914062500e+02 -6.427950439453125000e+02 -1.749825134277343750e+02 7.722340698242187500e+02 -2.721600036621093750e+02 -4.398075561523437500e+02 5.259143066406250000e+02 4.866525268554687500e+02 -1.964025115966796875e+02 1.283180908203125000e+03 2.033250045776367188e+01 3.659025268554687500e+02 3.311164550781250000e+02
-5.830425415039062500e+02 1.102950057983398438e+02 6.708723754882812500e+02 -6.436950683593750000e+02 -1.772325134277343750e+02 7.804620971679687500e+02 -2.736600036621093750e+02 -4.386075439453125000e+02 5.174443359375000000e+02 4.872525329589843750e+02 -1.995525054931640625e+02 1.281244873046875000e+03 1.793249893188476562e+01 3.618525390625000000e+02 3.337785644531250000e+02
-5.771925048828125000e+02 1.113450012207031250e+02 6.703884887695312500e+02 -6.408450317382812500e+02 -1.814325103759765625e+02 7.748961791992187500e+02 -2.723100280761718750e+02 -4.401075439453125000e+02 5.142983398437500000e+02 4.931025390625000000e+02 -1.952025146484375000e+02 1.288504882812500000e+03 1.838249969482421875e+01 3.633525390625000000e+02 3.267604980468750000e+02
-5.800425415039062500e+02 1.078950042724609375e+02 6.735344848632812500e+02 -6.396450805664062500e+02 -1.782825164794921875e+02 7.724760131835937500e+02 -2.699100036621093750e+02 -4.405575561523437500e+02 5.092163391113281250e+02 4.919025268554687500e+02 -1.953525085449218750e+02 1.286326904296875000e+03 2.153250122070312500e+01 3.701025390625000000e+02 3.410385742187500000e+02
-5.837925415039062500e+02 1.093950042724609375e+02 6.713565063476562500e+02 -6.478950805664062500e+02 -1.854825134277343750e+02 7.756220092773437500e+02 -2.729100036621093750e+02 -4.440075073242187500e+02 5.142983398437500000e+02 4.925025329589843750e+02 -1.979025115966796875e+02 1.290924804687500000e+03 1.568249988555908203e+01 3.650025024414062500e+02 3.383764648437500000e+02
-5.870925292968750000e+02 1.077450027465820312e+02 6.662744750976562500e+02 -6.450450439453125000e+02 -1.758825073242187500e+02 7.722340698242187500e+02 -2.645100097656250000e+02 -4.356075439453125000e+02 5.184123535156250000e+02 4.944525146484375000e+02 -2.073525085449218750e+02 1.285600830078125000e+03 1.988249969482421875e+01 3.629025268554687500e+02 3.366826171875000000e+02
-5.809425048828125000e+02 1.150950012207031250e+02 6.815203247070312500e+02 -6.498450317382812500e+02 -1.818825073242187500e+02 7.686041870117187500e+02 -2.666100158691406250e+02 -4.384575195312500000e+02 5.181704101562500000e+02 4.898025207519531250e+02 -2.016525115966796875e+02 1.280034912109375000e+03 1.523250102996826172e+01 3.612525024414062500e+02 3.328105468750000000e+02
-5.827425537109375000e+02 1.096950073242187500e+02 6.694204711914062500e+02 -6.511950683593750000e+02 -1.776825103759765625e+02 7.734440307617187500e+02 -2.640600280761718750e+02 -4.432575073242187500e+02 5.201064453125000000e+02 4.947525329589843750e+02 -2.021025085449218750e+02 1.283422851562500000e+03 1.613249969482421875e+01 3.650025024414062500e+02 3.342624511718750000e+02
-5.783925170898437500e+02 1.081950073242187500e+02 6.769224243164062500e+02 -6.498450317382812500e+02 -1.800825042724609375e+02 7.763480834960937500e+02 -2.688600158691406250e+02 -4.429575195312500000e+02 5.210744628906250000e+02 4.935525207519531250e+02 -2.042025146484375000e+02 1.288262939453125000e+03 1.988249969482421875e+01 3.684525146484375000e+02 3.303906250000000000e+02
-5.822925415039062500e+02 1.075950012207031250e+02 6.786165161132812500e+02 -6.508950805664062500e+02 -1.797825164794921875e+02 7.777999877929687500e+02 -2.696100158691406250e+02 -4.432575073242187500e+02 5.220424804687500000e+02 4.977525329589843750e+02 -2.033025054931640625e+02 1.277856933593750000e+03 1.583250141143798828e+01 3.626025390625000000e+02 3.340205078125000000e+02
-5.843925170898437500e+02 1.114950027465820312e+02 6.735344848632812500e+02 -6.522450561523437500e+02 -1.832325134277343750e+02 7.756220092773437500e+02 -2.654100036621093750e+02 -4.434075317382812500e+02 5.317224121093750000e+02 4.965525207519531250e+02 -2.007525177001953125e+02 1.298910888671875000e+03 1.388250064849853516e+01 3.644025268554687500e+02 3.330524902343750000e+02
-5.882925415039062500e+02 1.077450027465820312e+02 6.798264770507812500e+02 -6.504450683593750000e+02 -1.817325134277343750e+02 7.821561889648437500e+02 -2.633100280761718750e+02 -4.414575195312500000e+02 5.222844238281250000e+02 4.913025207519531250e+02 -2.030025177001953125e+02 1.296248779296875000e+03 1.388250064849853516e+01 3.668025207519531250e+02 3.323264160156250000e+02
-5.930925292968750000e+02 1.098450012207031250e+02 6.650645141601562500e+02 -6.481950683593750000e+02 -1.796325073242187500e+02 7.787680053710937500e+02 -2.676600036621093750e+02 -4.446075439453125000e+02 5.268823242187500000e+02 4.964025268554687500e+02 -1.980525054931640625e+02 1.288988769531250000e+03 1.538250064849853516e+01 3.695025024414062500e+02 3.366826171875000000e+02
-5.890425415039062500e+02 1.030950012207031250e+02 6.732922973632812500e+02 -6.528450317382812500e+02 -1.863825073242187500e+02 7.654581909179687500e+02 -2.673600158691406250e+02 -4.477575073242187500e+02 5.237363281250000000e+02 4.989525146484375000e+02 -1.985025177001953125e+02 1.280518798828125000e+03 1.763249969482421875e+01 3.705525207519531250e+02 3.318425292968750000e+02
-5.830425415039062500e+02 1.114950027465820312e+02 6.674844360351562500e+02 -6.565950317382812500e+02 -1.854825134277343750e+02 7.780421752929687500e+02 -2.687100219726562500e+02 -4.455075073242187500e+02 5.268823242187500000e+02 5.006025390625000000e+02 -1.992525177001953125e+02 1.292860839843750000e+03 1.493249988555908203e+01 3.689025268554687500e+02 3.323264160156250000e+02
-5.849925537109375000e+02 1.072950057983398438e+02 6.742603149414062500e+02 -6.601950683593750000e+02 -1.772325134277343750e+02 7.727182006835937500e+02 -2.633100280761718750e+02 -4.467075195312500000e+02 5.331743164062500000e+02 4.995525207519531250e+02 -2.067525177001953125e+02 1.302540771484375000e+03 2.423250007629394531e+01 3.704025268554687500e+02 3.345043945312500000e+02
-5.890425415039062500e+02 1.021950073242187500e+02 6.728084106445312500e+02 -6.582450561523437500e+02 -1.796325073242187500e+02 7.756220092773437500e+02 -2.655600280761718750e+02 -4.527075195312500000e+02 5.329323730468750000e+02 4.961025390625000000e+02 -2.045025177001953125e+02 1.288504882812500000e+03 1.283250141143798828e+01 3.662025146484375000e+02 3.323264160156250000e+02
-5.915925292968750000e+02 1.111950073242187500e+02 6.708723754882812500e+02 -6.562950439453125000e+02 -1.784325103759765625e+02 7.828820190429687500e+02 -2.678100280761718750e+02 -4.395075073242187500e+02 5.261564941406250000e+02 4.959525146484375000e+02 -2.073525085449218750e+02 1.286568847656250000e+03 1.613249969482421875e+01 3.687525024414062500e+02 3.320844726562500000e+02
-5.930925292968750000e+02 1.050450057983398438e+02 6.824883422851562500e+02 -6.586950683593750000e+02 -1.886325073242187500e+02 7.857860717773437500e+02 -2.691600036621093750e+02 -4.428075561523437500e+02 5.305124511718750000e+02 4.965525207519531250e+02 -2.012025146484375000e+02 1.279550781250000000e+03 1.058249950408935547e+01 3.725025024414062500e+02 3.289384765625000000e+02
-5.923425292968750000e+02 1.117950057983398438e+02 6.745025024414062500e+02 -6.549450683593750000e+02 -1.832325134277343750e+02 7.814301147460937500e+02 -2.652600097656250000e+02 -4.468575439453125000e+02 5.326904296875000000e+02 4.982025146484375000e+02 -2.055525054931640625e+02 1.286084960937500000e+03 2.018250083923339844e+01 3.692025146484375000e+02 3.415224609375000000e+02
-5.864925537109375000e+02 1.078950042724609375e+02 6.834563598632812500e+02 -6.604950561523437500e+02 -1.814325103759765625e+02 7.882059936523437500e+02 -2.654100036621093750e+02 -4.461075439453125000e+02 5.249462890625000000e+02 4.991025390625000000e+02 -2.019525146484375000e+02 1.286810791015625000e+03 1.343249988555908203e+01 3.710025024414062500e+02 3.294226074218750000e+02
-5.894925537109375000e+02 1.053450012207031250e+02 6.701463012695312500e+02 -6.634950561523437500e+02 -1.806825103759765625e+02 7.838500366210937500e+02 -2.672100219726562500e+02 -4.494075317382812500e+02 5.288183593750000000e+02 4.964025268554687500e+02 -1.998525085449218750e+02 1.283906738281250000e+03 1.778249931335449219e+01 3.693525390625000000e+02 3.357145996093750000e+02
-5.897925415039062500e+02 1.132950057983398438e+02 6.694204711914062500e+02 -6.558450317382812500e+02 -1.874325103759765625e+02 7.782841186523437500e+02 -2.672100219726562500e+02 -4.488075561523437500e+02 5.232524414062500000e+02 4.971525268554687500e+02 -2.057025146484375000e+02 1.291408935546875000e+03 1.583250141143798828e+01 3.696525268554687500e+02 3.364404296875000000e+02
-5.840925292968750000e+02 1.062450027465820312e+02 6.737764282226562500e+02 -6.559950561523437500e+02 -1.761825103759765625e+02 7.797360229492187500e+02 -2.675100097656250000e+02 -4.471575317382812500e+02 5.302702636718750000e+02 5.037525329589843750e+02 -2.058525085449218750e+02 1.286084960937500000e+03 1.688249969482421875e+01 3.683025207519531250e+02 3.364404296875000000e+02
-5.854425048828125000e+02 1.083450012207031250e+02 6.715984497070312500e+02 -6.567450561523437500e+02 -1.809825134277343750e+02 7.809459838867187500e+02 -2.687100219726562500e+02 -4.456575317382812500e+02 5.300283203125000000e+02 5.013525390625000000e+02 -2.102025146484375000e+02 1.293344726562500000e+03 1.703249931335449219e+01 3.678525390625000000e+02 3.325686035156250000e+02
-5.917425537109375000e+02 1.137450027465820312e+02 6.846663208007812500e+02 -6.586950683593750000e+02 -1.800825042724609375e+02 7.782841186523437500e+02 -2.649600219726562500e+02 -4.524075317382812500e+02 5.339003906250000000e+02 5.000025329589843750e+02 -2.150025177001953125e+02 1.287778808593750000e+03 1.763249969482421875e+01 3.696525268554687500e+02 3.354724121093750000e+02
-5.902425537109375000e+02 1.041450042724609375e+02 6.737764282226562500e+02 -6.625950317382812500e+02 -1.787325134277343750e+02 7.814301147460937500e+02 -2.690100097656250000e+02 -4.488075561523437500e+02 5.297863769531250000e+02 5.048025207519531250e+02 -2.087025146484375000e+02 1.287778808593750000e+03 1.388250064849853516e+01 3.737025146484375000e+02 3.376503906250000000e+02
-5.914425048828125000e+02 1.056450042724609375e+02 6.820044555664062500e+02 -6.613950805664062500e+02 -1.773825073242187500e+02 7.785260620117187500e+02 -2.738100280761718750e+02 -4.477575073242187500e+02 5.283344726562500000e+02 4.955025329589843750e+02 -1.964025115966796875e+02 1.288746826171875000e+03 2.408250045776367188e+01 3.747525024414062500e+02 3.352304687500000000e+02
-5.843925170898437500e+02 1.062450027465820312e+02 6.786165161132812500e+02 -6.622950439453125000e+02 -1.817325134277343750e+02 7.773161010742187500e+02 -2.657100219726562500e+02 -4.492575073242187500e+02 5.273664550781250000e+02 5.034525146484375000e+02 -2.090025177001953125e+02 1.289472900390625000e+03 1.598250102996826172e+01 3.681525268554687500e+02 3.291804199218750000e+02
-5.921925048828125000e+02 1.089450073242187500e+02 6.853923950195312500e+02 -6.600450439453125000e+02 -1.841325073242187500e+02 7.807040405273437500e+02 -2.660100097656250000e+02 -4.440075073242187500e+02 5.218002929687500000e+02 4.985025329589843750e+02 -2.082525177001953125e+02 1.294312744140625000e+03 1.838249969482421875e+01 3.705525207519531250e+02 3.340205078125000000e+02
-5.893425292968750000e+02 1.074450073242187500e+02 6.822463989257812500e+02 -6.600450439453125000e+02 -1.779825134277343750e+02 7.855441284179687500e+02 -2.675100097656250000e+02 -4.441575317382812500e+02 5.268823242187500000e+02 4.929525146484375000e+02 -2.073525085449218750e+02 1.293828857421875000e+03 1.358250141143798828e+01 3.633525390625000000e+02 3.422485351562500000e+02
-5.861925048828125000e+02 1.099950027465820312e+02 6.786165161132812500e+02 -6.598950805664062500e+02 -1.772325134277343750e+02 7.773161010742187500e+02 -2.621100158691406250e+02 -4.485075073242187500e+02 5.283344726562500000e+02 5.049525146484375000e+02 -2.019525146484375000e+02 1.288020751953125000e+03 1.958250045776367188e+01 3.659025268554687500e+02 3.308745117187500000e+02
-5.843925170898437500e+02 1.098450012207031250e+02 6.810364379882812500e+02 -6.576450805664062500e+02 -1.830825042724609375e+02 7.775580444335937500e+02 -2.685600280761718750e+02 -4.416075439453125000e+02 5.268823242187500000e+02 4.991025390625000000e+02 -2.073525085449218750e+02 1.289956787109375000e+03 2.078250122070312500e+01 3.675525207519531250e+02 3.407963867187500000e+02
-5.887425537109375000e+02 1.051950073242187500e+02 6.701463012695312500e+02 -6.592950439453125000e+02 -1.749825134277343750e+02 7.814301147460937500e+02 -2.670600280761718750e+02 -4.420575561523437500e+02 5.300283203125000000e+02 5.016525268554687500e+02 -2.028525085449218750e+02 1.289714843750000000e+03 6.682499408721923828e+00 3.645525207519531250e+02 3.328105468750000000e+02
-5.879925537109375000e+02 1.059450073242187500e+02 6.740183715820312500e+02 -6.559950561523437500e+02 -1.824825134277343750e+02 7.763480834960937500e+02 -2.634600219726562500e+02 -4.405575561523437500e+02 5.305124511718750000e+02 4.959525146484375000e+02 -2.111025085449218750e+02 1.287294921875000000e+03 2.048250007629394531e+01 3.638025207519531250e+02 3.398286132812500000e+02
-5.840925292968750000e+02 1.164450073242187500e+02 6.766804809570312500e+02 -6.567450561523437500e+02 -1.833825073242187500e+02 7.809459838867187500e+02 -2.651100158691406250e+02 -4.435575561523437500e+02 5.266403808593750000e+02 5.000025329589843750e+02 -2.021025085449218750e+02 1.283906738281250000e+03 1.838249969482421875e+01 3.704025268554687500e+02 3.357145996093750000e+02
-5.860425415039062500e+02 1.105950012207031250e+02 6.832144165039062500e+02 -6.504450683593750000e+02 -1.856325073242187500e+02 7.807040405273437500e+02 -2.628600158691406250e+02 -4.428075561523437500e+02 5.247043457031250000e+02 5.024025268554687500e+02 -2.049525146484375000e+02 1.291892822265625000e+03 1.913249969482421875e+01 3.635025024414062500e+02 3.291804199218750000e+02
-5.815425415039062500e+02 1.047450027465820312e+02 6.817625122070312500e+02 -6.556950683593750000e+02 -1.787325134277343750e+02 7.777999877929687500e+02 -2.730600280761718750e+02 -4.408575439453125000e+02 5.271242675781250000e+02 4.914525146484375000e+02 -2.105025177001953125e+02 1.287536865234375000e+03 1.883250045776367188e+01 3.618525390625000000e+02 3.371665039062500000e+02
-5.875425415039062500e+02 1.104450073242187500e+02 6.783743286132812500e+02 -6.528450317382812500e+02 -1.755825042724609375e+02 7.821561889648437500e+02 -2.694600219726562500e+02 -4.443075561523437500e+02 5.300283203125000000e+02 4.967025146484375000e+02 -2.100525054931640625e+02 1.283664794921875000e+03 1.448250102996826172e+01 3.623025207519531250e+02 3.340205078125000000e+02
-5.875425415039062500e+02 1.132950057983398438e+02 6.667583618164062500e+02 -6.510450439453125000e+02 -1.773825073242187500e+02 7.792521362304687500e+02 -2.700600280761718750e+02 -4.414575195312500000e+02 5.222844238281250000e+02 5.006025390625000000e+02 -2.079525146484375000e+02 1.285600830078125000e+03 1.598250102996826172e+01 3.630525207519531250e+02 3.456364746093750000e+02
-5.869425048828125000e+02 1.137450027465820312e+02 6.711143188476562500e+02 -6.526950683593750000e+02 -1.793325042724609375e+02 7.797360229492187500e+02 -2.660100097656250000e+02 -4.389075317382812500e+02 5.201064453125000000e+02 4.958025207519531250e+02 -2.127525177001953125e+02 1.297458740234375000e+03 1.703249931335449219e+01 3.690525207519531250e+02 3.456364746093750000e+02
-5.857425537109375000e+02 1.108950042724609375e+02 6.728084106445312500e+02 -6.576450805664062500e+02 -1.760325164794921875e+02 7.707821655273437500e+02 -2.679600219726562500e+02 -4.366575317382812500e+02 5.254304199218750000e+02 4.968525390625000000e+02 -2.067525177001953125e+02 1.290198730468750000e+03 1.718249893188476562e+01 3.669525146484375000e+02 3.308745117187500000e+02
-5.837925415039062500e+02 1.092450027465820312e+02 6.677263793945312500e+02 -6.582450561523437500e+02 -1.779825134277343750e+02 7.770741577148437500e+02 -2.742600097656250000e+02 -4.447575073242187500e+02 5.300283203125000000e+02 4.973025207519531250e+02 -2.117025146484375000e+02 1.294796875000000000e+03 1.358250141143798828e+01 3.702525024414062500e+02 3.405544433593750000e+02
-5.897925415039062500e+02 1.060950012207031250e+02 6.774063110351562500e+02 -6.558450317382812500e+02 -1.749825134277343750e+02 7.838500366210937500e+02 -2.663100280761718750e+02 -4.411575317382812500e+02 5.184123535156250000e+02 4.968525390625000000e+02 -2.096025085449218750e+02 1.289956787109375000e+03 2.273250007629394531e+01 3.668025207519531250e+02 3.364404296875000000e+02
-5.834925537109375000e+02 1.125450057983398438e+02 6.781323852539062500e+02 -6.567450561523437500e+02 -1.758825073242187500e+02 7.785260620117187500e+02 -2.703600158691406250e+02 -4.453575439453125000e+02 5.225263671875000000e+02 4.947525329589843750e+02 -2.090025177001953125e+02 1.292860839843750000e+03 1.403250026702880859e+01 3.690525207519531250e+02 3.340205078125000000e+02
-5.885925292968750000e+02 1.081950073242187500e+02 6.742603149414062500e+02 -6.627450561523437500e+02 -1.746825103759765625e+02 7.782841186523437500e+02 -2.690100097656250000e+02 -4.444575195312500000e+02 5.263984375000000000e+02 4.893525390625000000e+02 -2.105025177001953125e+02 1.280518798828125000e+03 1.778249931335449219e+01 3.659025268554687500e+02 3.371665039062500000e+02
-5.900925292968750000e+02 1.083450012207031250e+02 6.778904418945312500e+02 -6.640950317382812500e+02 -1.743825073242187500e+02 7.823981323242187500e+02 -2.652600097656250000e+02 -4.453575439453125000e+02 5.227683105468750000e+02 4.973025207519531250e+02 -2.072025146484375000e+02 1.284148925781250000e+03 2.468250083923339844e+01 3.731025390625000000e+02 3.311164550781250000e+02
-5.959425048828125000e+02 1.093950042724609375e+02 6.541743774414062500e+02 -6.529950561523437500e+02 -1.769325103759765625e+02 7.569879760742187500e+02 -2.700600280761718750e+02 -4.489575195312500000e+02 5.034084777832031250e+02 5.297025146484375000e+02 -2.204025115966796875e+02 1.288504882812500000e+03 1.973250007629394531e+01 3.744525146484375000e+02 3.112724609375000000e+02
-5.947425537109375000e+02 1.173450012207031250e+02 5.764924926757812500e+02 -6.528450317382812500e+02 -1.881825103759765625e+02 6.647860717773437500e+02 -2.750100097656250000e+02 -4.188075561523437500e+02 4.015263977050781250e+02 6.150525512695312500e+02 -2.594025268554687500e+02 1.207918945312500000e+03 1.538250064849853516e+01 3.780525207519531250e+02 2.449646148681640625e+02
-4.765425109863281250e+02 7.699500274658203125e+01 4.629944458007812500e+02 -4.834950256347656250e+02 -1.967325134277343750e+02 5.220060424804687500e+02 -2.141100006103515625e+02 -3.231075134277343750e+02 3.311045227050781250e+02 5.180025024414062500e+02 -1.896525115966796875e+02 9.860048217773437500e+02 -4.567500591278076172e+00 2.930025024414062500e+02 2.040664215087890625e+02
-3.998925170898437500e+02 4.624500274658203125e+01 3.867644653320312500e+02 -3.990450134277343750e+02 -1.841325073242187500e+02 4.242379760742187500e+02 -1.662599945068359375e+02 -2.682075195312500000e+02 2.807683410644531250e+02 4.701525268554687500e+02 -1.443525085449218750e+02 8.308827514648437500e+02 -9.967501640319824219e+00 2.430525054931640625e+02 1.735744781494140625e+02
-3.544425048828125000e+02 2.989500617980957031e+01 3.555464477539062500e+02 -3.435450134277343750e+02 -1.749825134277343750e+02 3.765641479492187500e+02 -1.418099822998046875e+02 -2.436074981689453125e+02 2.526963043212890625e+02 4.173525085449218750e+02 -1.211025085449218750e+02 7.471508178710937500e+02 -1.731750106811523438e+01 2.162025299072265625e+02 1.534885406494140625e+02
-3.232425231933593750e+02 3.619499969482421875e+01 3.436882934570312500e+02 -3.237450256347656250e+02 -1.623825073242187500e+02 3.898742065429687500e+02 -1.460099945068359375e+02 -2.175074920654296875e+02 2.526963043212890625e+02 3.545025024414062500e+02 -1.055025024414062500e+02 7.198048706054687500e+02 -1.821750259399414062e+01 2.033025054931640625e+02 1.612324371337890625e+02
-3.236925048828125000e+02 3.934500122070312500e+01 3.540942993164062500e+02 -3.178950195312500000e+02 -1.613325042724609375e+02 3.884220581054687500e+02 -1.442100067138671875e+02 -2.241074981689453125e+02 2.522124176025390625e+02 3.495525207519531250e+02 -1.148025054931640625e+02 7.202887573242187500e+02 -1.581750011444091797e+01 2.130525054931640625e+02 1.667985992431640625e+02
-3.649425048828125000e+02 3.559500122070312500e+01 3.734544067382812500e+02 -3.558450012207031250e+02 -1.772325134277343750e+02 4.058461303710937500e+02 -1.557599945068359375e+02 -2.490074920654296875e+02 2.618923645019531250e+02 4.251525268554687500e+02 -1.373025054931640625e+02 7.977286987304687500e+02 -1.491750240325927734e+01 2.232525177001953125e+02 1.728484039306640625e+02
-3.937425231933593750e+02 4.219499969482421875e+01 3.688565063476562500e+02 -3.870450134277343750e+02 -1.881825103759765625e+02 4.140741577148437500e+02 -1.652100067138671875e+02 -2.559075164794921875e+02 2.652803039550781250e+02 4.659525146484375000e+02 -1.610025024414062500e+02 8.083768920898437500e+02 -2.136750030517578125e+01 2.346525115966796875e+02 1.767204742431640625e+02
-3.694425048828125000e+02 3.874500274658203125e+01 3.727283325195312500e+02 -3.735450134277343750e+02 -1.805325164794921875e+02 4.164940795898437500e+02 -1.568099822998046875e+02 -2.557574920654296875e+02 2.606824035644531250e+02 4.397025146484375000e+02 -1.445025024414062500e+02 7.863546752929687500e+02 -1.446750164031982422e+01 2.282025299072265625e+02 1.663144683837890625e+02
-3.754425048828125000e+02 4.249500274658203125e+01 3.715183715820312500e+02 -3.753450012207031250e+02 -1.853325042724609375e+02 4.087501831054687500e+02 -1.593600006103515625e+02 -2.569575195312500000e+02 2.490664215087890625e+02 4.580025329589843750e+02 -1.526025085449218750e+02 7.890167846679687500e+02 -9.517500877380371094e+00 2.283525238037109375e+02 1.667985992431640625e+02
-3.223424987792968750e+02 2.014500617980957031e+01 3.008543090820312500e+02 -3.013950195312500000e+02 -1.728825073242187500e+02 3.213881225585937500e+02 -1.100100021362304688e+02 -2.197574920654296875e+02 2.168803863525390625e+02 4.112025146484375000e+02 -1.082025070190429688e+02 6.522868041992187500e+02 -3.426750564575195312e+01 1.805025177001953125e+02 1.317085113525390625e+02
-1.999425048828125000e+02 -1.660499382019042969e+01 1.929224090576171875e+02 -1.815450134277343750e+02 -1.428825073242187500e+02 2.074061889648437500e+02 -4.536000823974609375e+01 -1.323074951171875000e+02 1.498464508056640625e+02 2.663025207519531250e+02 -2.465249824523925781e+01 4.235967712402343750e+02 -4.026750564575195312e+01 1.022024993896484375e+02 8.960060119628906250e+01
-8.489248657226562500e+01 -3.640499877929687500e+01 1.162082977294921875e+02 -6.754499816894531250e+01 -9.578250122070312500e+01 1.270620803833007812e+02 -4.409994602203369141e+00 -6.855749511718750000e+01 9.563844299316406250e+01 1.205025024414062500e+02 2.109750175476074219e+01 2.290287628173828125e+02 -4.326750564575195312e+01 4.640251159667968750e+01 6.515846252441406250e+01
-2.534250068664550781e+01 -4.615499877929687500e+01 6.708232116699218750e+01 -1.789499855041503906e+01 -7.283251953125000000e+01 7.406415557861328125e+01 1.613999366760253906e+01 -1.950750350952148438e+01 5.377248001098632812e+01 3.440249633789062500e+01 2.964750480651855469e+01 1.220647735595703125e+02 -4.131750106811523438e+01 7.102493286132812500e+00 2.910059738159179688e+01
5.557493686676025391e+00 -4.090499877929687500e+01 4.627031326293945312e+01 7.304999351501464844e+00 -5.483251953125000000e+01 5.010614776611328125e+01 2.363999366760253906e+01 5.692501068115234375e+00 4.046242141723632812e+01 -4.747498989105224609e+00 3.744749069213867188e+01 7.076081848144531250e+01 -4.461750411987304688e+01 -6.997482299804687500e+00 2.837452316284179688e+01
1.020751762390136719e+01 -3.985501098632812500e+01 3.320244216918945312e+01 1.015500545501708984e+01 -4.988250732421875000e+01 3.897406768798828125e+01 2.393998146057128906e+01 1.184250259399414062e+01 1.432643413543701172e+01 -1.749749946594238281e+01 2.979749870300292969e+01 4.728682327270507812e+01 -4.356750106811523438e+01 -1.314750671386718750e+01 8.772473335266113281e+00
2.085751152038574219e+01 -3.460501098632812500e+01 1.940849685668945312e+01 3.040500450134277344e+01 -4.448251342773437500e+01 1.671014976501464844e+01 3.413999176025390625e+01 2.264249801635742188e+01 1.335841655731201172e+01 -2.184747505187988281e+01 3.339750289916992188e+01 1.824678421020507812e+01 -3.711750411987304688e+01 -1.839750671386718750e+01 5.868420600891113281e+00
2.820751762390136719e+01 -3.370500183105468750e+01 1.577836894989013672e+01 2.560500144958496094e+01 -5.063250732421875000e+01 1.332208824157714844e+01 3.009000587463378906e+01 3.014249801635742188e+01 1.166432476043701172e+01 -3.369750976562500000e+01 2.874749565124511719e+01 1.897285842895507812e+01 -3.741749954223632812e+01 -2.784751892089843750e+01 7.320569038391113281e+00
2.535751152038574219e+01 -3.565499877929687500e+01 9.244433403015136719e+00 2.155499839782714844e+01 -4.028250122070312500e+01 4.368109226226806641e+00 3.188999366760253906e+01 2.624250411987304688e+01 2.952410936355590820e+00 -3.219750976562500000e+01 2.739750480651855469e+01 -8.711364865303039551e-01 -2.931750106811523438e+01 -2.214750671386718750e+01 4.900403022766113281e+00
2.580749320983886719e+01 -4.255500793457031250e+01 1.287431621551513672e+01 2.890500450134277344e+01 -4.313250732421875000e+01 1.719415855407714844e+01 3.204001617431640625e+01 2.774250411987304688e+01 5.856341361999511719e+00 -3.429748535156250000e+01 2.994749259948730469e+01 4.936846733093261719e+00 -3.396750259399414062e+01 -2.139750671386718750e+01 4.174572944641113281e+00
3.060751152038574219e+01 -3.820500183105468750e+01 7.792284965515136719e+00 2.695499992370605469e+01 -3.893249511718750000e+01 4.610052585601806641e+00 2.963999366760253906e+01 2.789249801635742188e+01 1.984393358230590820e+00 -3.144751167297363281e+01 3.909749984741210938e+01 1.195479106903076172e+01 -3.861750411987304688e+01 -2.604747009277343750e+01 -2.601550340652465820e+00
3.105749320983886719e+01 -4.375500488281250000e+01 7.550341606140136719e+00 2.620499992370605469e+01 -4.043249511718750000e+01 7.998114109039306641e+00 3.399002838134765625e+01 2.564249801635742188e+01 -5.517560005187988281e+00 -3.819750976562500000e+01 3.369749069213867188e+01 3.388244509696960449e-01 -3.456750106811523438e+01 -2.004747009277343750e+01 -5.505602836608886719e+00
2.940749931335449219e+01 -3.010499382019042969e+01 4.888476371765136719e+00 2.785500144958496094e+01 -3.668249511718750000e+01 7.514105319976806641e+00 3.188999366760253906e+01 3.434250259399414062e+01 6.098406791687011719e+00 -3.324749755859375000e+01 3.039750480651855469e+01 6.388751029968261719e+00 -2.766750335693359375e+01 -2.409751892089843750e+01 5.444458127021789551e-01
3.555749511718750000e+01 -3.190499687194824219e+01 4.162402153015136719e+00 2.920499992370605469e+01 -3.353250122070312500e+01 1.114410972595214844e+01 3.129001808166503906e+01 2.804249954223632812e+01 1.069630718231201172e+01 -3.534747314453125000e+01 2.859750175476074219e+01 9.776812553405761719e+00 -2.841750335693359375e+01 -2.349748229980468750e+01 6.352551460266113281e+00
3.285751342773437500e+01 -2.725500297546386719e+01 -9.196289181709289551e-01 2.965500450134277344e+01 -3.518249511718750000e+01 2.190130710601806641e+00 2.754001808166503906e+01 2.414249801635742188e+01 -2.613629102706909180e+00 -3.234747314453125000e+01 2.964750480651855469e+01 1.306842088699340820e+00 -3.381750106811523438e+01 -2.574748229980468750e+01 -7.683581352233886719e+00
2.865749931335449219e+01 -3.040499687194824219e+01 1.984423875808715820e+00 2.755499839782714844e+01 -3.458251953125000000e+01 -3.375909328460693359e+00 2.904001808166503906e+01 2.429249954223632812e+01 -6.243634223937988281e+00 -3.789752197265625000e+01 2.784750175476074219e+01 -2.081219434738159180e+00 -2.946750259399414062e+01 -3.024748229980468750e+01 -4.779528617858886719e+00
3.135751152038574219e+01 -3.385501098632812500e+01 1.021245098114013672e+01 2.335500144958496094e+01 -3.668249511718750000e+01 2.432074069976806641e+00 3.009000587463378906e+01 2.999250411987304688e+01 5.856341361999511719e+00 -3.579748535156250000e+01 2.364750480651855469e+01 -5.711224555969238281e+00 -3.021750259399414062e+01 -2.124748229980468750e+01 -4.295397758483886719e+00
2.685751152038574219e+01 -2.815499687194824219e+01 1.500293016433715820e+00 2.770499992370605469e+01 -3.023251152038574219e+01 8.482122421264648438e+00 2.829001808166503906e+01 2.804249954223632812e+01 1.984393358230590820e+00 -3.384747314453125000e+01 3.594749069213867188e+01 1.074483013153076172e+01 -3.276750564575195312e+01 -2.274748229980468750e+01 -1.034544658660888672e+01
2.535751152038574219e+01 -3.445500183105468750e+01 6.098437309265136719e+00 2.410500144958496094e+01 -3.338250732421875000e+01 -7.139221429824829102e-01 3.218997955322265625e+01 2.909250259399414062e+01 -9.873639106750488281e+00 -3.384747314453125000e+01 2.604749870300292969e+01 -4.743206977844238281e+00 -2.976750564575195312e+01 -2.994749450683593750e+01 -4.779528617858886719e+00
2.790749931335449219e+01 -3.415499877929687500e+01 2.226367235183715820e+00 3.055499839782714844e+01 -3.638250732421875000e+01 7.756048679351806641e+00 2.888999366760253906e+01 2.384250259399414062e+01 2.952410936355590820e+00 -3.429748535156250000e+01 2.334750175476074219e+01 -4.743206977844238281e+00 -2.916749954223632812e+01 -2.124748229980468750e+01 2.480480909347534180e+00
2.925750541687011719e+01 -3.145499992370605469e+01 4.888476371765136719e+00 2.200500297546386719e+01 -3.188250541687011719e+01 2.916082859039306641e+00 3.249002838134765625e+01 2.204249954223632812e+01 -4.065655708312988281e+00 -3.219750976562500000e+01 2.259750175476074219e+01 1.306842088699340820e+00 -2.856750106811523438e+01 -2.424748229980468750e+01 4.174572944641113281e+00
2.625750541687011719e+01 -3.250500488281250000e+01 -1.645703077316284180e+00 2.920499992370605469e+01 -3.443249511718750000e+01 1.404816246032714844e+01 3.143998146057128906e+01 2.849250411987304688e+01 -3.581646680831909180e+00 -3.279748535156250000e+01 2.679749870300292969e+01 1.306842088699340820e+00 -2.751750183105468750e+01 -2.769749450683593750e+01 3.932629346847534180e+00
2.565749931335449219e+01 -2.950500297546386719e+01 5.614306449890136719e+00 2.095499992370605469e+01 -2.978249931335449219e+01 1.041815757751464844e+01 2.829001808166503906e+01 2.354249954223632812e+01 4.162371635437011719e+00 -3.489752197265625000e+01 2.514750480651855469e+01 9.675903618335723877e-02 -3.081750106811523438e+01 -2.049748229980468750e+01 1.512463331222534180e+00
2.820751762390136719e+01 -2.275500297546386719e+01 1.214848613739013672e+01 2.620499992370605469e+01 -2.978249931335449219e+01 6.788153171539306641e+00 2.963999366760253906e+01 2.504249954223632812e+01 -4.065655708312988281e+00 -3.384747314453125000e+01 2.289750480651855469e+01 -1.176115131378173828e+01 -3.051750564575195312e+01 -2.364750671386718750e+01 6.836438179016113281e+00
2.910751152038574219e+01 -2.830500602722167969e+01 2.468310594558715820e+00 2.905499839782714844e+01 -3.578250122070312500e+01 6.062078952789306641e+00 2.768998146057128906e+01 2.159250259399414062e+01 1.500384569168090820e+00 -3.504748535156250000e+01 2.694749259948730469e+01 -5.711224555969238281e+00 -2.736750030517578125e+01 -1.914750671386718750e+01 4.658459663391113281e+00
2.700750541687011719e+01 -3.010499382019042969e+01 1.118046855926513672e+01 2.290500450134277344e+01 -3.218249511718750000e+01 1.706121802330017090e+00 2.574003028869628906e+01 2.234250259399414062e+01 5.372454643249511719e+00 -3.294750976562500000e+01 2.019749259948730469e+01 3.000811815261840820e+00 -2.706750106811523438e+01 -2.574748229980468750e+01 5.868420600891113281e+00
3.090749931335449219e+01 -2.650500297546386719e+01 2.226367235183715820e+00 2.815500450134277344e+01 -3.083251762390136719e+01 1.066010093688964844e+01 2.754001808166503906e+01 2.174250411987304688e+01 3.194354295730590820e+00 -3.474749755859375000e+01 2.259750175476074219e+01 1.790850877761840820e+00 -2.796750259399414062e+01 -1.869749450683593750e+01 7.562512397766113281e+00
2.475750541687011719e+01 -2.935499382019042969e+01 4.404345512390136719e+00 2.035500144958496094e+01 -2.858251762390136719e+01 1.283807945251464844e+01 2.754001808166503906e+01 2.954249954223632812e+01 -3.097637891769409180e+00 -2.664752388000488281e+01 2.229749870300292969e+01 3.388244509696960449e-01 -3.216749954223632812e+01 -1.944749450683593750e+01 3.690441846847534180e+00
2.670751762390136719e+01 -2.455500602722167969e+01 7.550341606140136719e+00 1.975500297546386719e+01 -2.993249320983886719e+01 6.788153171539306641e+00 2.168998146057128906e+01 1.979249954223632812e+01 -4.356506466865539551e-01 -2.574749946594238281e+01 2.484750175476074219e+01 2.274859666824340820e+00 -3.336750411987304688e+01 -2.589750671386718750e+01 -1.875476121902465820e+00
2.040749931335449219e+01 -2.410499382019042969e+01 3.436328172683715820e+00 1.945499992370605469e+01 -2.393249320983886719e+01 3.400091648101806641e+00 1.913999366760253906e+01 2.519250106811523438e+01 -4.307599067687988281e+00 -2.694751167297363281e+01 2.664750480651855469e+01 -1.355145215988159180e+00 -2.511750030517578125e+01 -1.869749450683593750e+01 4.174572944641113281e+00
2.670751762390136719e+01 -2.500500297546386719e+01 -1.161572217941284180e+00 1.930499839782714844e+01 -2.423251152038574219e+01 8.724065780639648438e+00 1.974003028869628906e+01 1.829249954223632812e+01 -2.613629102706909180e+00 -3.219750976562500000e+01 2.229749870300292969e+01 -1.355145215988159180e+00 -3.126750564575195312e+01 -2.499748229980468750e+01 -4.235717654228210449e-01
2.385751152038574219e+01 -3.265499877929687500e+01 1.360039043426513672e+01 1.750500297546386719e+01 -2.843249320983886719e+01 7.998114109039306641e+00 2.438999366760253906e+01 2.114249801635742188e+01 -1.161602735519409180e+00 -3.039752388000488281e+01 2.019749259948730469e+01 3.242755174636840820e+00 -2.541750335693359375e+01 -1.419749450683593750e+01 7.078625679016113281e+00
1.935751152038574219e+01 -2.650500297546386719e+01 5.856493949890136719e+00 1.210500240325927734e+01 -2.543249320983886719e+01 -3.617852687835693359e+00 2.724003028869628906e+01 1.784250259399414062e+01 -1.403546094894409180e+00 -2.889752388000488281e+01 2.169749259948730469e+01 -3.049237012863159180e+00 -2.421750259399414062e+01 -1.284751892089843750e+01 1.046656513214111328e+01
2.175750541687011719e+01 -2.440499687194824219e+01 6.340380668640136719e+00 1.690500450134277344e+01 -2.828249931335449219e+01 6.304144382476806641e+00 1.793998146057128906e+01 1.739249801635742188e+01 2.710345506668090820e+00 -2.724749946594238281e+01 1.914750480651855469e+01 1.064776659011840820e+00 -2.076750183105468750e+01 -1.344749450683593750e+01 -1.875476121902465820e+00
1.605749320983886719e+01 -2.785499382019042969e+01 7.066454887390136719e+00 2.215500450134277344e+01 -2.408251762390136719e+01 9.692083358764648438e+00 2.199003028869628906e+01 1.754249954223632812e+01 9.970355033874511719e+00 -2.604748725891113281e+01 2.199749565124511719e+01 -1.355145215988159180e+00 -2.361750030517578125e+01 -1.059751892089843750e+01 3.025024533271789551e-01
2.100750541687011719e+01 -2.230500602722167969e+01 1.456840801239013672e+01 1.405499935150146484e+01 -2.108251762390136719e+01 1.646808433532714844e+01 2.184000587463378906e+01 1.979249954223632812e+01 3.920428514480590820e+00 -2.319751167297363281e+01 1.884750175476074219e+01 5.662798881530761719e+00 -2.526750183105468750e+01 -1.074748229980468750e+01 6.594494819641113281e+00
1.905749320983886719e+01 -2.050500297546386719e+01 1.045439434051513672e+01 1.795499992370605469e+01 -2.453249931335449219e+01 3.642157077789306641e+00 1.613999366760253906e+01 1.514249801635742188e+01 6.582415580749511719e+00 -2.244751167297363281e+01 1.659750175476074219e+01 -7.163250923156738281e+00 -2.436750030517578125e+01 -1.179747009277343750e+01 6.836438179016113281e+00
1.770751762390136719e+01 -1.930500602722167969e+01 1.384233379364013672e+01 1.030499935150146484e+01 -1.883251762390136719e+01 2.540954649448394775e-01 2.259000587463378906e+01 1.109250259399414062e+01 1.016375780105590820e+00 -3.129748725891113281e+01 1.779749870300292969e+01 3.242755174636840820e+00 -1.806750106811523438e+01 -1.854747009277343750e+01 4.174572944641113281e+00
1.410751152038574219e+01 -1.735499382019042969e+01 8.760302543640136719e+00 1.090500545501708984e+01 -2.693249320983886719e+01 6.062078952789306641e+00 1.524003028869628906e+01 1.784250259399414062e+01 9.002337455749511719e+00 -2.574749946594238281e+01 1.794749259948730469e+01 7.114825248718261719e+00 -2.211750030517578125e+01 -1.134751892089843750e+01 1.458057880401611328e+01
2.130749320983886719e+01 -2.395499992370605469e+01 1.118046855926513672e+01 1.435500240325927734e+01 -2.378249931335449219e+01 4.126043796539306641e+00 1.613999366760253906e+01 1.379249954223632812e+01 -5.759625434875488281e+00 -2.199749946594238281e+01 1.479749870300292969e+01 2.758746385574340820e+00 -2.706750106811523438e+01 -9.697494506835937500e+00 7.866333127021789551e-01
1.425750541687011719e+01 -2.170499992370605469e+01 1.118046855926513672e+01 2.110500144958496094e+01 -2.213250541687011719e+01 4.126043796539306641e+00 1.343998146057128906e+01 1.319250106811523438e+01 6.098406791687011719e+00 -1.404748725891113281e+01 1.044749259948730469e+01 1.790850877761840820e+00 -1.536749935150146484e+01 -4.447494506835937500e+00 4.174572944641113281e+00
1.965749931335449219e+01 -1.420499992370605469e+01 1.553642559051513672e+01 1.450500392913818359e+01 -1.973251152038574219e+01 1.550006675720214844e+01 1.118998146057128906e+01 1.424250411987304688e+01 8.034441947937011719e+00 -2.394751167297363281e+01 1.404749870300292969e+01 -6.291931271553039551e-01 -1.881750106811523438e+01 -9.997482299804687500e+00 1.724244308471679688e+01
1.335751152038574219e+01 -1.705500602722167969e+01 9.244433403015136719e+00 1.030499935150146484e+01 -1.868249320983886719e+01 1.332208824157714844e+01 1.599003028869628906e+01 1.499250411987304688e+01 -6.775940060615539551e-01 -1.884747505187988281e+01 9.997495651245117188e+00 -1.113201856613159180e+00 -1.491750240325927734e+01 -1.044749450683593750e+01 1.603248214721679688e+01
1.245751762390136719e+01 -1.735499382019042969e+01 9.970507621765136719e+00 1.510500240325927734e+01 -1.613250541687011719e+01 9.934148788452148438e+00 1.059000587463378906e+01 1.184250259399414062e+01 4.835815355181694031e-02 -1.359747505187988281e+01 1.359750175476074219e+01 8.566851615905761719e+00 -1.446750164031982422e+01 -8.947494506835937500e+00 8.772473335266113281e+00
1.695751762390136719e+01 -1.405500602722167969e+01 9.970507621765136719e+00 1.465500545501708984e+01 -1.628249931335449219e+01 1.646808433532714844e+01 1.854001808166503906e+01 1.184250259399414062e+01 2.904235720634460449e-01 -2.544751167297363281e+01 1.119749259948730469e+01 9.675903618335723877e-02 -1.431750011444091797e+01 -6.697494506835937500e+00 1.288648700714111328e+01
9.007505416870117188e+00 -1.615499687194824219e+01 6.340380668640136719e+00 5.205000877380371094e+00 -1.028249931335449219e+01 3.158148288726806641e+00 1.374003028869628906e+01 1.259250259399414062e+01 3.194354295730590820e+00 -1.194751167297363281e+01 4.297498226165771484e+00 -3.049237012863159180e+00 -1.476750087738037109e+01 -3.247482299804687500e+00 2.480480909347534180e+00
1.950750541687011719e+01 -1.345499992370605469e+01 1.747246170043945312e+01 1.660500144958496094e+01 -1.208251762390136719e+01 5.094061374664306641e+00 1.029001808166503906e+01 1.529249954223632812e+01 7.066424369812011719e+00 -1.539752388000488281e+01 1.104749870300292969e+01 1.548785448074340820e+00 -1.071750164031982422e+01 -1.164750671386718750e+01 1.216041278839111328e+01
1.155749320983886719e+01 -1.165499687194824219e+01 1.190629863739013672e+01 7.005003929138183594e+00 -1.133251762390136719e+01 1.525812339782714844e+01 1.268998146057128906e+01 7.792499542236328125e+00 -3.823590040206909180e+00 -2.079748725891113281e+01 2.047498226165771484e+00 -6.195233345031738281e+00 -1.086749935150146484e+01 -6.997482299804687500e+00 9.740490913391113281e+00
1.410751152038574219e+01 -7.154997348785400391e+00 8.276415824890136719e+00 1.300500392913818359e+01 -1.118249320983886719e+01 9.450139999389648438e+00 1.118998146057128906e+01 8.842502593994140625e+00 -1.935852020978927612e-01 -1.599749946594238281e+01 1.164750480651855469e+01 4.694781303405761719e+00 -1.506750011444091797e+01 5.025177001953125000e-01 1.506446552276611328e+01
1.860751152038574219e+01 -3.705000400543212891e+00 1.093828105926513672e+01 1.270500087738037109e+01 -1.388250541687011719e+01 2.674139499664306641e+00 9.389993667602539062e+00 5.692501068115234375e+00 -3.339581251144409180e+00 -1.119751167297363281e+01 9.097501754760742188e+00 -4.743206977844238281e+00 -7.417499065399169922e+00 -3.847518920898437500e+00 5.626477241516113281e+00
9.007505416870117188e+00 -1.030500602722167969e+01 1.069633769989013672e+01 1.150500392913818359e+01 -8.782499313354492188e+00 1.706121802330017090e+00 2.040017604827880859e+00 6.142498016357421875e+00 6.098406791687011719e+00 -1.599749946594238281e+01 7.747495174407958984e+00 2.274859666824340820e+00 -6.517501354217529297e+00 -3.547470092773437500e+00 2.480480909347534180e+00
1.470751762390136719e+01 -9.704999923706054688e+00 1.021245098114013672e+01 1.135500240325927734e+01 -1.028249931335449219e+01 6.062078952789306641e+00 9.540018081665039062e+00 1.199250411987304688e+01 7.308367729187011719e+00 -1.374749946594238281e+01 8.947492599487304688e+00 -8.711364865303039551e-01 -9.217501640319824219e+00 -2.947494506835937500e+00 1.966260910034179688e+01
5.707487583160400391e+00 -1.105500602722167969e+01 5.856493949890136719e+00 9.554999351501464844e+00 -1.418249320983886719e+01 1.332208824157714844e+01 3.540017604827880859e+00 4.792499542236328125e+00 6.098406791687011719e+00 -1.224749946594238281e+01 1.897504448890686035e+00 6.388751029968261719e+00 -8.017500877380371094e+00 -6.247482299804687500e+00 1.119263935089111328e+01
3.757505893707275391e+00 -1.315499687194824219e+01 8.276415824890136719e+00 8.505003929138183594e+00 -1.163250541687011719e+01 1.259613609313964844e+01 9.689981460571289062e+00 5.092502593994140625e+00 1.984393358230590820e+00 -1.629748725891113281e+01 -5.025047063827514648e-01 -6.291931271553039551e-01 -1.311749935150146484e+01 -5.047470092773437500e+00 1.191846942901611328e+01
1.590749931335449219e+01 -1.015499687194824219e+01 1.045439434051513672e+01 4.605002403259277344e+00 -6.832518100738525391e+00 3.400091648101806641e+00 5.340005397796630859e+00 1.214249801635742188e+01 1.021242046356201172e+01 -1.614752388000488281e+01 -1.402498602867126465e+00 3.968829393386840820e+00 -8.617499351501464844e+00 -6.997482299804687500e+00 1.046656513214111328e+01
1.485751152038574219e+01 -8.055006027221679688e+00 7.792284965515136719e+00 5.654997825622558594e+00 -1.058251762390136719e+01 1.332208824157714844e+01 4.889993190765380859e+00 7.042499542236328125e+00 -8.421612739562988281e+00 -1.539752388000488281e+01 5.947492122650146484e+00 7.598834037780761719e+00 -7.117499828338623047e+00 -3.097518920898437500e+00 9.982434272766113281e+00
6.457487583160400391e+00 -5.505003452301025391e+00 2.226367235183715820e+00 -1.695000886917114258e+00 -1.088250541687011719e+01 3.884100437164306641e+00 1.134000587463378906e+01 1.019250106811523438e+01 1.214845561981201172e+01 -1.014752388000488281e+01 6.397504329681396484e+00 -1.113201856613159180e+00 -7.117499828338623047e+00 -3.847518920898437500e+00 4.174572944641113281e+00
1.110751152038574219e+01 -9.255002975463867188e+00 1.384233379364013672e+01 5.355002403259277344e+00 -7.132505893707275391e+00 1.066010093688964844e+01 5.790017604827880859e+00 1.169250106811523438e+01 1.984393358230590820e+00 -2.289752388000488281e+01 -3.652498722076416016e+00 -1.442313861846923828e+01 -7.567500591278076172e+00 -5.197494506835937500e+00 4.174572944641113281e+00
9.907499313354492188e+00 -4.154997348785400391e+00 1.069633769989013672e+01 1.360500240325927734e+01 -1.043249320983886719e+01 1.138605308532714844e+01 9.389993667602539062e+00 5.242504119873046875e+00 7.066424369812011719e+00 -1.404748725891113281e+01 9.247495651245117188e+00 4.210772514343261719e+00 -7.867499828338623047e+00 -7.297470092773437500e+00 2.964611768722534180e+00
6.007505893707275391e+00 -1.015499687194824219e+01 2.158647537231445312e+01 1.510500240325927734e+01 -3.382505893707275391e+00 7.030096530914306641e+00 2.400299012660980225e-01 1.154249954223632812e+01 -1.161602735519409180e+00 -1.764752388000488281e+01 -1.252504706382751465e+00 -3.049237012863159180e+00 -8.167498588562011719e+00 -4.597518920898437500e+00 1.917847824096679688e+01
1.470751762390136719e+01 -8.204999923706054688e+00 1.021245098114013672e+01 6.404997825622558594e+00 -1.328249931335449219e+01 8.482122421264648438e+00 4.290017604827880859e+00 8.542499542236328125e+00 4.646380424499511719e+00 -1.869751167297363281e+01 4.897504329681396484e+00 8.082842826843261719e+00 -5.467502117156982422e+00 -3.997482299804687500e+00 4.900403022766113281e+00
5.707487583160400391e+00 -5.654997348785400391e+00 1.505229473114013672e+01 1.090500545501708984e+01 -8.182493209838867188e+00 4.126043796539306641e+00 9.000549465417861938e-02 1.304249954223632812e+01 3.678363084793090820e+00 -1.839752388000488281e+01 5.497495174407958984e+00 -3.291180372238159180e+00 -3.067500591278076172e+00 6.524810791015625000e-01 4.900403022766113281e+00
1.410751152038574219e+01 -5.055006504058837891e+00 5.130419731140136719e+00 5.054999351501464844e+00 -6.982511997222900391e+00 6.788153171539306641e+00 5.400177240371704102e-01 1.214249801635742188e+01 -1.645611524581909180e+00 -1.509747505187988281e+01 3.847501277923583984e+00 2.032794237136840820e+00 -5.167499065399169922e+00 -8.047470092773437500e+00 8.772473335266113281e+00
5.557493686676025391e+00 -5.955000400543212891e+00 7.066454887390136719e+00 6.105002403259277344e+00 -1.133251762390136719e+01 9.800475835800170898e-01 3.990029811859130859e+00 -7.575035095214843750e-01 -9.196594357490539551e-01 -8.797487258911132812e+00 2.647504329681396484e+00 -3.049237012863159180e+00 -6.067500591278076172e+00 -5.474700927734375000e-01 1.167652606964111328e+01
8.707517623901367188e+00 -5.955000400543212891e+00 5.130419731140136719e+00 7.154997825622558594e+00 -9.832517623901367188e+00 7.756048679351806641e+00 -2.159994602203369141e+00 7.492504119873046875e+00 7.308367729187011719e+00 -1.929748725891113281e+01 4.597501277923583984e+00 9.292803764343261719e+00 -7.567500591278076172e+00 -8.497482299804687500e+00 -2.601550340652465820e+00
7.657499790191650391e+00 -5.505003452301025391e+00 1.650444412231445312e+01 2.654997587203979492e+00 -3.832487583160400391e+00 9.450139999389648438e+00 3.240029811859130859e+00 1.199250411987304688e+01 7.744323611259460449e-01 -1.149749946594238281e+01 -6.352495670318603516e+00 8.566851615905761719e+00 -3.367499828338623047e+00 5.025177001953125000e-01 6.352551460266113281e+00
8.407499313354492188e+00 -1.604994177818298340e+00 9.970507621765136719e+00 5.205000877380371094e+00 -2.032499790191650391e+00 7.030096530914306641e+00 -6.599944829940795898e-01 5.692501068115234375e+00 1.142238140106201172e+01 -1.134747505187988281e+01 -2.602495670318603516e+00 3.968829393386840820e+00 -2.167499065399169922e+00 -2.947494506835937500e+00 6.836438179016113281e+00
1.290749931335449219e+01 -5.955000400543212891e+00 7.792284965515136719e+00 1.045500087738037109e+01 -2.932493686676025391e+00 5.336126804351806641e+00 6.899811029434204102e-01 7.942501068115234375e+00 6.340350151062011719e+00 -1.404748725891113281e+01 5.474983453750610352e-01 -6.679242134094238281e+00 -1.417498946189880371e+00 -4.297470092773437500e+00 1.796851730346679688e+01
8.857511520385742188e+00 -5.955000400543212891e+00 -9.196289181709289551e-01 4.904997825622558594e+00 -8.932493209838867188e+00 1.888812828063964844e+01 2.639993190765380859e+00 9.742504119873046875e+00 6.824358940124511719e+00 -1.749749946594238281e+01 -2.902498722076416016e+00 -3.291180372238159180e+00 3.682499408721923828e+00 -8.047470092773437500e+00 8.530529975891113281e+00
7.657499790191650391e+00 -1.154997229576110840e+00 1.916630935668945312e+01 8.955000877380371094e+00 -5.332518100738525391e+00 1.066010093688964844e+01 -5.099700689315795898e-01 9.592502593994140625e+00 1.742449998855590820e+00 -1.389752388000488281e+01 2.197492122650146484e+00 -4.743206977844238281e+00 -2.167499065399169922e+00 -4.447494506835937500e+00 1.191846942901611328e+01
9.907499313354492188e+00 -5.805006504058837891e+00 1.093828105926513672e+01 1.240500545501708984e+01 1.117494225502014160e+00 6.304144382476806641e+00 4.590005397796630859e+00 7.942501068115234375e+00 3.920428514480590820e+00 -1.014752388000488281e+01 1.147504448890686035e+00 3.484820604324340820e+00 -2.175020277500152588e-01 1.552505493164062500e+00 6.110608100891113281e+00
5.107511997222900391e+00 -6.404997348785400391e+00 8.760302543640136719e+00 -4.949962496757507324e-01 8.175064325332641602e-01 7.756048679351806641e+00 -1.110006690025329590e+00 6.742504119873046875e+00 -1.887554883956909180e+00 -1.239752388000488281e+01 -1.702501654624938965e+00 -2.565228223800659180e+00 -3.667499065399169922e+00 -1.897506713867187500e+00 8.046399116516113281e+00
5.107511997222900391e+00 -4.154997348785400391e+00 1.021245098114013672e+01 8.804999351501464844e+00 -2.032499790191650391e+00 1.622614097595214844e+01 -6.001891940832138062e-02 4.492504119873046875e+00 7.066424369812011719e+00 -1.194751167297363281e+01 -6.524986028671264648e-01 -1.113201856613159180e+00 -8.017500877380371094e+00 -6.847518920898437500e+00 1.337061786651611328e+01
1.200750541687011719e+01 -5.805006504058837891e+00 7.792284965515136719e+00 -3.450023531913757324e-01 -4.732511997222900391e+00 3.884100437164306641e+00 -2.099823057651519775e-01 4.342502593994140625e+00 5.323669314384460449e-01 -9.247499465942382812e+00 -1.702501654624938965e+00 -5.469159126281738281e+00 -5.917499065399169922e+00 1.702529907226562500e+00 -3.085437059402465820e+00
2.407499790191650391e+00 -4.305006504058837891e+00 1.263237285614013672e+01 5.054999351501464844e+00 -2.932493686676025391e+00 2.190130710601806641e+00 -1.709982275962829590e+00 1.192501068115234375e+00 8.276385307312011719e+00 -7.447511196136474609e+00 -5.250778049230575562e-02 -1.355145215988159180e+00 -9.675019979476928711e-01 -8.475189208984375000e-01 1.512463331222534180e+00
5.857511997222900391e+00 -6.705000400543212891e+00 1.311650371551513672e+01 2.654997587203979492e+00 -5.782499790191650391e+00 8.724065780639648438e+00 -1.110006690025329590e+00 1.454249954223632812e+01 1.742449998855590820e+00 -1.209747505187988281e+01 1.147504448890686035e+00 -2.807171583175659180e+00 -6.667499065399169922e+00 1.102493286132812500e+00 9.982434272766113281e+00
1.207487463951110840e+00 -2.550033628940582275e-01 5.614306449890136719e+00 3.705000638961791992e+00 -5.482511997222900391e+00 9.450139999389648438e+00 3.990029811859130859e+00 2.692501068115234375e+00 3.436419725418090820e+00 -1.509747505187988281e+01 1.897504448890686035e+00 -1.248722553253173828e+01 -3.674997389316558838e-01 3.524932861328125000e-01 -2.601550340652465820e+00
6.907499790191650391e+00 -7.005003452301025391e+00 1.742480516433715820e+00 -2.894997835159301758e+00 -1.178249931335449219e+01 2.674139499664306641e+00 2.639993190765380859e+00 5.392498016357421875e+00 6.824358940124511719e+00 -4.747498989105224609e+00 -1.252504706382751465e+00 -2.807171583175659180e+00 -4.417499065399169922e+00 1.702529907226562500e+00 1.288648700714111328e+01
6.607511997222900391e+00 -5.955000400543212891e+00 9.244433403015136719e+00 4.304999351501464844e+00 -6.082518100738525391e+00 2.674139499664306641e+00 -1.709982275962829590e+00 6.442501068115234375e+00 3.194354295730590820e+00 -1.104748725891113281e+01 1.597501397132873535e+00 8.228332400321960449e-01 -3.217502117156982422e+00 2.602493286132812500e+00 6.352551460266113281e+00
6.307493686676025391e+00 -2.654997348785400391e+00 5.322753787040710449e-01 9.405005455017089844e+00 -8.032499313354492188e+00 2.916082859039306641e+00 2.189980983734130859e+00 5.242504119873046875e+00 6.098406791687011719e+00 -1.224749946594238281e+01 3.097501277923583984e+00 -4.501141548156738281e+00 -3.217502117156982422e+00 -1.147506713867187500e+00 6.836438179016113281e+00
1.155749320983886719e+01 -4.455000400543212891e+00 1.069633769989013672e+01 6.705000877380371094e+00 -1.058251762390136719e+01 1.525812339782714844e+01 1.139993309974670410e+00 1.169250106811523438e+01 -6.775940060615539551e-01 -1.269751167297363281e+01 -1.552507758140563965e+00 -8.857220649719238281e+00 -8.167498588562011719e+00 -3.847518920898437500e+00 9.014416694641113281e+00
3.307493686676025391e+00 -5.955000400543212891e+00 2.710498094558715820e+00 7.904997825622558594e+00 -3.232511997222900391e+00 2.432074069976806641e+00 4.290017604827880859e+00 6.742504119873046875e+00 -2.129620313644409180e+00 -9.097475051879882812e+00 -5.025047063827514648e-01 -3.291180372238159180e+00 -5.175012350082397461e-01 6.352493286132812500e+00 1.288648700714111328e+01
3.307493686676025391e+00 -7.154997348785400391e+00 5.322753787040710449e-01 6.105002403259277344e+00 -6.532499790191650391e+00 4.368109226226806641e+00 2.639993190765380859e+00 7.942501068115234375e+00 6.824358940124511719e+00 -1.119751167297363281e+01 3.547498226165771484e+00 -8.711364865303039551e-01 -8.175004720687866211e-01 -8.475189208984375000e-01 8.046399116516113281e+00
9.007505416870117188e+00 -1.755003333091735840e+00 9.486376762390136719e+00 6.855002403259277344e+00 -9.825118780136108398e-01 8.966131210327148438e+00 8.639993667602539062e+00 4.042499542236328125e+00 2.904235720634460449e-01 -1.284747505187988281e+01 -1.252504706382751465e+00 -2.565228223800659180e+00 -1.086749935150146484e+01 5.025177001953125000e-01 1.167652606964111328e+01
5.557493686676025391e+00 -7.604994297027587891e+00 2.903320193290710449e-01 7.304999351501464844e+00 -1.013250541687011719e+01 4.852118015289306641e+00 8.340005874633789062e+00 6.442501068115234375e+00 1.016375780105590820e+00 -1.539752388000488281e+01 3.975044190883636475e-01 -4.501141548156738281e+00 1.882500290870666504e+00 -8.475189208984375000e-01 8.530529975891113281e+00
2.107511997222900391e+00 -3.404997348785400391e+00 1.311650371551513672e+01 1.090500545501708984e+01 2.467500209808349609e+00 8.966131210327148438e+00 3.240029811859130859e+00 4.792499542236328125e+00 8.276385307312011719e+00 -1.194751167297363281e+01 4.297498226165771484e+00 -1.839154005050659180e+00 -1.341750240325927734e+01 -2.947494506835937500e+00 6.110608100891113281e+00
9.607511520385742188e+00 -7.050002813339233398e-01 1.311650371551513672e+01 4.049976468086242676e-01 2.017488002777099609e+00 6.546087741851806641e+00 4.439980983734130859e+00 7.642498016357421875e+00 3.920428514480590820e+00 -1.434747505187988281e+01 3.097501277923583984e+00 -4.501141548156738281e+00 -6.217502117156982422e+00 -2.797470092773437500e+00 1.046656513214111328e+01
1.050750541687011719e+01 -4.049972593784332275e-01 -4.354980587959289551e-01 7.455000877380371094e+00 -9.382505416870117188e+00 1.114410972595214844e+01 -3.509970188140869141e+00 -1.574974060058593750e-01 1.016375780105590820e+00 -1.434747505187988281e+01 -5.025047063827514648e-01 1.074483013153076172e+01 -9.517500877380371094e+00 -3.547470092773437500e+00 1.385450458526611328e+01
6.157499790191650391e+00 -9.404996871948242188e+00 2.903320193290710449e-01 2.355002164840698242e+00 -7.282499790191650391e+00 1.162811851501464844e+01 3.540017604827880859e+00 2.242504119873046875e+00 -1.887554883956909180e+00 -1.344751167297363281e+01 6.974922418594360352e-01 -5.711224555969238281e+00 -7.117499828338623047e+00 3.202529907226562500e+00 1.028576612472534180e+00
9.757505416870117188e+00 -6.104994297027587891e+00 1.311650371551513672e+01 4.755003929138183594e+00 -3.982511997222900391e+00 6.304144382476806641e+00 1.740029931068420410e+00 4.192501068115234375e+00 9.244402885437011719e+00 -1.269751167297363281e+01 -1.402498602867126465e+00 -1.113201856613159180e+00 -4.867499828338623047e+00 1.852493286132812500e+00 8.046399116516113281e+00
6.007505893707275391e+00 4.395005702972412109e+00 8.276415824890136719e+00 5.205000877380371094e+00 -5.032499790191650391e+00 7.998114109039306641e+00 3.990029811859130859e+00 4.792499542236328125e+00 -3.823590040206909180e+00 -5.947511196136474609e+00 -5.025047063827514648e-01 1.548785448074340820e+00 -9.517500877380371094e+00 -2.497482299804687500e+00 1.603248214721679688e+01
9.757505416870117188e+00 -4.455000400543212891e+00 1.311650371551513672e+01 4.605002403259277344e+00 -1.163250541687011719e+01 1.453204917907714844e+01 3.689980983734130859e+00 2.692501068115234375e+00 7.308367729187011719e+00 -9.997499465942382812e+00 6.247495174407958984e+00 -1.355145215988159180e+00 -1.026750087738037109e+01 2.025299072265625000e-01 1.337061786651611328e+01
1.080749320983886719e+01 -4.005003452301025391e+00 -2.371533155441284180e+00 7.304999351501464844e+00 -9.082517623901367188e+00 1.706121802330017090e+00 -2.099823057651519775e-01 9.892498016357421875e+00 4.835815355181694031e-02 -1.089752388000488281e+01 9.974952936172485352e-01 5.420855522155761719e+00 -1.056750011444091797e+01 5.025177001953125000e-01 6.836438179016113281e+00
9.607511520385742188e+00 -5.505003452301025391e+00 1.553642559051513672e+01 6.404997825622558594e+00 -4.732511997222900391e+00 1.017609214782714844e+01 -1.409994482994079590e+00 5.992504119873046875e+00 5.856341361999511719e+00 -8.047487258911132812e+00 5.947492122650146484e+00 -3.872497677803039551e-01 -9.217501640319824219e+00 9.525299072265625000e-01 9.982434272766113281e+00
2.257505893707275391e+00 -5.654997348785400391e+00 1.335844707489013672e+01 6.705000877380371094e+00 -5.182493686676025391e+00 8.240056991577148438e+00 1.139993309974670410e+00 8.392498016357421875e+00 2.710345506668090820e+00 -2.034747505187988281e+01 -3.052507877349853516e+00 9.050860404968261719e+00 -6.367499828338623047e+00 -1.447494506835937500e+00 8.288586616516113281e+00
4.357511997222900391e+00 -5.505003452301025391e+00 4.888476371765136719e+00 8.054999351501464844e+00 -1.268249320983886719e+01 6.788153171539306641e+00 4.740029811859130859e+00 4.192501068115234375e+00 4.404437065124511719e+00 -1.104748725891113281e+01 1.147504448890686035e+00 3.388244509696960449e-01 -7.417499065399169922e+00 8.025054931640625000e-01 9.740490913391113281e+00
4.807493686676025391e+00 -3.104994297027587891e+00 9.244433403015136719e+00 7.050006985664367676e-01 -1.133251762390136719e+01 5.336126804351806641e+00 1.590005517005920410e+00 5.242504119873046875e+00 7.550433158874511719e+00 -1.629748725891113281e+01 -5.250778049230575562e-02 1.026082134246826172e+01 -8.175004720687866211e-01 2.602493286132812500e+00 2.964611768722534180e+00
3.907499790191650391e+00 -2.955000400543212891e+00 6.098437309265136719e+00 1.154997587203979492e+00 -3.382505893707275391e+00 1.743610191345214844e+01 5.340005397796630859e+00 2.692501068115234375e+00 7.066424369812011719e+00 -1.404748725891113281e+01 4.147504329681396484e+00 -7.163250923156738281e+00 -3.967502117156982422e+00 -6.974945068359375000e-01 9.498547554016113281e+00
1.657499670982360840e+00 -5.550063848495483398e-01 1.166435527801513672e+01 2.654997587203979492e+00 -1.043249320983886719e+01 1.090204429626464844e+01 6.240029811859130859e+00 2.242504119873046875e+00 8.518450736999511719e+00 -1.059747505187988281e+01 -4.702501773834228516e+00 2.032794237136840820e+00 -5.017501354217529297e+00 2.452529907226562500e+00 2.480480909347534180e+00
8.857511520385742188e+00 -1.154997229576110840e+00 -3.823681592941284180e+00 6.404997825622558594e+00 -5.032499790191650391e+00 9.800475835800170898e-01 3.090005397796630859e+00 -2.857501983642578125e+00 2.904235720634460449e-01 -8.347475051879882812e+00 -1.402498602867126465e+00 -2.323162794113159180e+00 -6.217502117156982422e+00 2.752517700195312500e+00 1.433863544464111328e+01
1.230749320983886719e+01 -8.954999923706054688e+00 7.066454887390136719e+00 6.705000877380371094e+00 -3.532499790191650391e+00 2.916082859039306641e+00 6.840005397796630859e+00 5.542499542236328125e+00 4.646380424499511719e+00 -1.284747505187988281e+01 1.297498345375061035e+00 1.026082134246826172e+01 -6.367499828338623047e+00 -2.647506713867187500e+00 1.796851730346679688e+01
9.607511520385742188e+00 -6.104994297027587891e+00 7.550341606140136719e+00 7.005003929138183594e+00 -8.032499313354492188e+00 5.094061374664306641e+00 5.040017604827880859e+00 3.442501068115234375e+00 7.066424369812011719e+00 -1.164752388000488281e+01 -9.525016546249389648e-01 -3.872497677803039551e-01 -1.206750011444091797e+01 -2.497482299804687500e+00 5.142590522766113281e+00
2.557493686676025391e+00 -1.305006384849548340e+00 8.276415824890136719e+00 7.154997825622558594e+00 -9.832517623901367188e+00 1.308014488220214844e+01 4.740029811859130859e+00 4.942501068115234375e+00 2.952410936355590820e+00 -1.029748725891113281e+01 -2.025016844272613525e-01 4.936846733093261719e+00 -2.167499065399169922e+00 -4.297470092773437500e+00 1.530640888214111328e+01
7.657499790191650391e+00 -6.255003452301025391e+00 8.034472465515136719e+00 3.105002164840698242e+00 -1.028249931335449219e+01 7.272161960601806641e+00 -1.709982275962829590e+00 1.004249954223632812e+01 -2.855572462081909180e+00 -1.644751167297363281e+01 -8.025077581405639648e-01 -1.451843231916427612e-01 -5.917499065399169922e+00 -2.947494506835937500e+00 1.095045185089111328e+01
6.757505893707275391e+00 -4.904997348785400391e+00 1.166435527801513672e+01 6.255003929138183594e+00 -5.482511997222900391e+00 1.356415367126464844e+01 6.840005397796630859e+00 7.942501068115234375e+00 9.002337455749511719e+00 -1.374749946594238281e+01 8.475013971328735352e-01 -6.195233345031738281e+00 -6.067500591278076172e+00 -5.047470092773437500e+00 9.982434272766113281e+00
5.257505893707275391e+00 -6.555006504058837891e+00 1.045439434051513672e+01 8.355002403259277344e+00 -9.532499313354492188e+00 8.724065780639648438e+00 1.889993309974670410e+00 2.092502593994140625e+00 7.550433158874511719e+00 -1.359747505187988281e+01 3.697492122650146484e+00 -2.081219434738159180e+00 -1.417498946189880371e+00 2.452529907226562500e+00 9.498547554016113281e+00
9.307493209838867188e+00 -4.904997348785400391e+00 2.952441453933715820e+00 -3.450023531913757324e-01 -6.532499790191650391e+00 8.482122421264648438e+00 2.340005397796630859e+00 1.192501068115234375e+00 3.194354295730590820e+00 -1.539752388000488281e+01 9.974952936172485352e-01 1.064776659011840820e+00 -3.967502117156982422e+00 -5.647506713867187500e+00 9.982434272766113281e+00
5.407499790191650391e+00 -3.104994297027587891e+00 5.856493949890136719e+00 8.505003929138183594e+00 -1.208251762390136719e+01 8.482122421264648438e+00 5.040017604827880859e+00 1.004249954223632812e+01 3.194354295730590820e+00 -1.359747505187988281e+01 1.747495293617248535e+00 3.388244509696960449e-01 2.324987351894378662e-01 1.552505493164062500e+00 -1.875476121902465820e+00
8.407499313354492188e+00 -8.549941778182983398e-01 4.404345512390136719e+00 6.705000877380371094e+00 -6.982511997222900391e+00 9.208074569702148438e+00 6.899811029434204102e-01 8.392498016357421875e+00 6.098406791687011719e+00 -8.047487258911132812e+00 2.947492122650146484e+00 1.548785448074340820e+00 -6.367499828338623047e+00 -1.747482299804687500e+00 6.110608100891113281e+00
1.005749320983886719e+01 -5.955000400543212891e+00 1.093828105926513672e+01 -4.499931260943412781e-02 -1.043249320983886719e+01 -2.649957180023193359e+00 6.240029811859130859e+00 7.192501068115234375e+00 3.678363084793090820e+00 -1.374749946594238281e+01 9.974952936172485352e-01 -1.355145215988159180e+00 -8.317500114440917969e+00 -2.947494506835937500e+00 8.046399116516113281e+00
8.707517623901367188e+00 -6.555006504058837891e+00 1.214848613739013672e+01 9.105002403259277344e+00 -7.882505893707275391e+00 3.158148288726806641e+00 4.590005397796630859e+00 1.042499542236328125e+00 3.194354295730590820e+00 -1.314752388000488281e+01 6.974922418594360352e-01 4.210772514343261719e+00 -4.867499828338623047e+00 2.025299072265625000e-01 1.288648700714111328e+01
9.607511520385742188e+00 -3.255003452301025391e+00 1.118046855926513672e+01 5.355002403259277344e+00 -4.582518100738525391e+00 1.259613609313964844e+01 5.490029811859130859e+00 7.492504119873046875e+00 3.194354295730590820e+00 -1.494751167297363281e+01 3.847501277923583984e+00 2.274859666824340820e+00 -8.167498588562011719e+00 -2.947494506835937500e+00 1.240260028839111328e+01
1.725750541687011719e+01 -4.305006504058837891e+00 9.728320121765136719e+00 1.000500392913818359e+01 -5.332518100738525391e+00 1.090204429626464844e+01 6.389993190765380859e+00 8.992504119873046875e+00 2.468402147293090820e+00 -8.197511672973632812e+00 3.847501277923583984e+00 -3.872497677803039551e-01 -2.617499828338623047e+00 -3.397506713867187500e+00 -3.327380418777465820e+00
1.140749931335449219e+01 -7.154997348785400391e+00 7.066454887390136719e+00 2.955000638961791992e+00 -6.532499790191650391e+00 1.464056372642517090e+00 2.790017604827880859e+00 7.042499542236328125e+00 6.824358940124511719e+00 -1.794751167297363281e+01 5.497495174407958984e+00 3.726763963699340820e+00 -4.867499828338623047e+00 3.652481079101562500e+00 7.562512397766113281e+00
4.207487583160400391e+00 -8.354993820190429688e+00 5.856493949890136719e+00 8.654997825622558594e+00 -7.882505893707275391e+00 5.094061374664306641e+00 3.389993190765380859e+00 6.742504119873046875e+00 -1.161602735519409180e+00 -1.014752388000488281e+01 7.597501277923583984e+00 -3.872497677803039551e-01 -8.017500877380371094e+00 1.702529907226562500e+00 1.754406690597534180e+00
8.707517623901367188e+00 -2.205000400543212891e+00 6.340380668640136719e+00 4.904997825622558594e+00 -1.178249931335449219e+01 4.368109226226806641e+00 4.439980983734130859e+00 1.792499542236328125e+00 4.162371635437011719e+00 -1.944751167297363281e+01 5.474983453750610352e-01 -4.985150337219238281e+00 -3.967502117156982422e+00 -2.647506713867187500e+00 1.070850849151611328e+01
3.007505893707275391e+00 -1.005003333091735840e+00 8.760302543640136719e+00 4.755003929138183594e+00 -9.082517623901367188e+00 6.062078952789306641e+00 4.290017604827880859e+00 4.192501068115234375e+00 1.045436382293701172e+01 -1.359747505187988281e+01 3.847501277923583984e+00 -3.533245801925659180e+00 -8.617499351501464844e+00 5.250549316406250000e-02 4.900403022766113281e+00
8.407499313354492188e+00 -2.055006504058837891e+00 5.322753787040710449e-01 5.355002403259277344e+00 -8.482511520385742188e+00 1.332208824157714844e+01 4.740029811859130859e+00 9.142498016357421875e+00 7.550433158874511719e+00 -1.269751167297363281e+01 1.597501397132873535e+00 5.420855522155761719e+00 -9.817500114440917969e+00 -2.647506713867187500e+00 4.174572944641113281e+00
7.057493686676025391e+00 -6.854994297027587891e+00 1.021245098114013672e+01 1.000500392913818359e+01 -8.782499313354492188e+00 7.030096530914306641e+00 8.939981460571289062e+00 1.004249954223632812e+01 1.360035991668701172e+01 -1.599749946594238281e+01 1.597501397132873535e+00 4.210772514343261719e+00 -4.867499828338623047e+00 -1.147506713867187500e+00 7.866333127021789551e-01
9.307493209838867188e+00 -5.055006504058837891e+00 1.118046855926513672e+01 4.005003929138183594e+00 -3.532499790191650391e+00 1.114410972595214844e+01 4.740029811859130859e+00 5.842502593994140625e+00 7.550433158874511719e+00 -1.374749946594238281e+01 6.097501277923583984e+00 -6.437176704406738281e+00 -6.967502117156982422e+00 -3.397506713867187500e+00 3.448498487472534180e+00
9.307493209838867188e+00 -3.255003452301025391e+00 4.838867112994194031e-02 8.505003929138183594e+00 -8.782499313354492188e+00 4.126043796539306641e+00 2.040017604827880859e+00 4.792499542236328125e+00 -9.389630317687988281e+00 -1.554748725891113281e+01 4.447492122650146484e+00 -1.355145215988159180e+00 -4.117499828338623047e+00 -5.947494506835937500e+00 9.498547554016113281e+00
7.357511997222900391e+00 4.499969631433486938e-02 9.002490043640136719e+00 5.955000877380371094e+00 -7.732511997222900391e+00 9.208074569702148438e+00 6.540017604827880859e+00 3.442501068115234375e+00 2.468402147293090820e+00 -1.224749946594238281e+01 5.047498226165771484e+00 9.675903618335723877e-02 -5.617499828338623047e+00 -6.547470092773437500e+00 5.142590522766113281e+00
1.365749931335449219e+01 -4.904997348785400391e+00 4.646288871765136719e+00 9.405005455017089844e+00 -4.282499790191650391e+00 1.574213218688964844e+01 5.040017604827880859e+00 8.092502593994140625e+00 4.888445854187011719e+00 -1.764752388000488281e+01 1.597501397132873535e+00 3.726763963699340820e+00 -6.517501354217529297e+00 -8.475189208984375000e-01 4.658459663391113281e+00
7.057493686676025391e+00 -6.555006504058837891e+00 1.093828105926513672e+01 8.205000877380371094e+00 -1.268249320983886719e+01 3.642157077789306641e+00 7.740029811859130859e+00 1.792499542236328125e+00 5.130389213562011719e+00 -8.047487258911132812e+00 9.974952936172485352e-01 -1.113201856613159180e+00 -1.026750087738037109e+01 -7.897506713867187500e+00 9.740490913391113281e+00
4.957487583160400391e+00 -6.705000400543212891e+00 9.244433403015136719e+00 7.904997825622558594e+00 -5.932493686676025391e+00 7.756048679351806641e+00 -5.099700689315795898e-01 7.792499542236328125e+00 -2.129620313644409180e+00 -1.614752388000488281e+01 3.247495174407958984e+00 3.726763963699340820e+00 -4.567500591278076172e+00 -5.474700927734375000e-01 2.722424268722534180e+00
9.307493209838867188e+00 -2.354994297027587891e+00 9.970507621765136719e+00 1.060500240325927734e+01 -3.232511997222900391e+00 8.724065780639648438e+00 8.040018081665039062e+00 3.292499542236328125e+00 7.744323611259460449e-01 -1.764752388000488281e+01 2.797498226165771484e+00 9.675903618335723877e-02 -4.117499828338623047e+00 1.852493286132812500e+00 7.078625679016113281e+00
7.957487583160400391e+00 -2.505003452301025391e+00 5.614306449890136719e+00 -7.949993014335632324e-01 -1.448251152038574219e+01 4.126043796539306641e+00 4.290017604827880859e+00 7.192501068115234375e+00 1.500384569168090820e+00 -1.284747505187988281e+01 3.697492122650146484e+00 -5.227215766906738281e+00 -7.867499828338623047e+00 1.702529907226562500e+00 2.238537549972534180e+00
9.307493209838867188e+00 1.244996666908264160e+00 4.162402153015136719e+00 1.045500087738037109e+01 -8.032499313354492188e+00 1.138605308532714844e+01 3.389993190765380859e+00 3.292499542236328125e+00 4.646380424499511719e+00 -1.149749946594238281e+01 1.897504448890686035e+00 8.228332400321960449e-01 -1.011749935150146484e+01 1.102493286132812500e+00 1.433863544464111328e+01
5.557493686676025391e+00 -7.005003452301025391e+00 1.360039043426513672e+01 7.904997825622558594e+00 -1.283251762390136719e+01 8.724065780639648438e+00 1.059000587463378906e+01 9.742504119873046875e+00 -1.161602735519409180e+00 -8.197511672973632812e+00 3.097501277923583984e+00 8.228332400321960449e-01 -9.517500877380371094e+00 3.352493286132812500e+00 5.626477241516113281e+00
1.005749320983886719e+01 -7.604994297027587891e+00 2.952441453933715820e+00 1.050022095441818237e-01 -9.232511520385742188e+00 9.934148788452148438e+00 5.340005397796630859e+00 1.792499542236328125e+00 -1.645611524581909180e+00 -1.284747505187988281e+01 5.197492122650146484e+00 -6.195233345031738281e+00 -6.067500591278076172e+00 -8.497482299804687500e+00 6.836438179016113281e+00
5.107511997222900391e+00 -5.055006504058837891e+00 5.856493949890136719e+00 7.455000877380371094e+00 -9.232511520385742188e+00 3.884100437164306641e+00 8.189981460571289062e+00 3.742504119873046875e+00 5.614398002624511719e+00 -1.644751167297363281e+01 2.497495174407958984e+00 1.306842088699340820e+00 -1.011749935150146484e+01 -1.147506713867187500e+00 7.804455757141113281e+00
8.857511520385742188e+00 -3.255003452301025391e+00 2.952441453933715820e+00 7.154997825622558594e+00 -8.782499313354492188e+00 5.094061374664306641e+00 4.740029811859130859e+00 9.742504119873046875e+00 -4.549542427062988281e+00 -1.239752388000488281e+01 1.597501397132873535e+00 -5.711224555969238281e+00 -7.117499828338623047e+00 -2.474822998046875000e-01 5.384533882141113281e+00
