nohup: 忽略输入
bash: /data/zhonglinye/application/miniconda3/envs/lb_server/lib/libtinfo.so.6: no version information available (required by bash)
============================================================
Our-V6 end-to-end pipeline
episodes/dataset: 112
total selected:   336
gpu:              0
seed:             42
visual variant:   online_pca
ablation:         full
mode:             full
output:           /data/zhonglinye/jun/lerobot/personal/work2/our_v6/outputs/our_v6_online_pca_full_112x3_seed42
============================================================

=== Selecting coffee-button-v3_corner ===
========================================================================
Our-V6 causal demonstration acquisition
dataset=coffee-button-v3_corner
budget=112
visual_variant=online_pca
ablation=full
pre-acquisition information: episode_index + rand_vec only
========================================================================
V6 initialization: regions=40, B0=8, variant=online_pca, ablation=full
加载模型: HuggingFaceTB/SmolVLM2-500M-Video-Instruct
处理器加载完成
`torch_dtype` is deprecated! Use `dtype` instead!
Loading weights:   0%|          | 0/489 [00:00<?, ?it/s]Loading weights:  33%|███▎      | 159/489 [00:00<00:00, 1564.29it/s]Loading weights:  65%|██████▍   | 316/489 [00:00<00:00, 1552.04it/s]Loading weights: 100%|██████████| 489/489 [00:00<00:00, 1677.33it/s]
模型权重加载完成，正在初始化...
模型加载完成，设备: cuda
    → 处理 5 帧...
    → 批次进度: 1/1 (已处理 5/5 帧, 当前批耗时: 6.72s, 平均: 6.72s)
    ✓ 所有批次完成: 总耗时 6.72s, 平均 6.72s/批
    → 批量处理 22 帧 (共3批)...
    → 批次进度: 3/3 (已处理 22/22 帧, 当前批耗时: 7.07s, 平均: 8.69s)
    ✓ 所有批次完成: 总耗时 26.07s, 平均 8.69s/批
[001/112] initial: region=25, ep=41, variant=online_pca
    → 处理 5 帧...
    → 批次进度: 1/1 (已处理 5/5 帧, 当前批耗时: 6.09s, 平均: 6.09s)
    ✓ 所有批次完成: 总耗时 6.09s, 平均 6.09s/批
    → 批量处理 21 帧 (共3批)...
    → 批次进度: 3/3 (已处理 21/21 帧, 当前批耗时: 5.93s, 平均: 8.39s)
    ✓ 所有批次完成: 总耗时 25.17s, 平均 8.39s/批
[002/112] initial: region=15, ep=367, variant=online_pca
    → 处理 5 帧...
    → 批次进度: 1/1 (已处理 5/5 帧, 当前批耗时: 5.94s, 平均: 5.94s)
    ✓ 所有批次完成: 总耗时 5.94s, 平均 5.94s/批
    → 批量处理 22 帧 (共3批)...
    → 批次进度: 3/3 (已处理 22/22 帧, 当前批耗时: 7.17s, 平均: 8.73s)
    ✓ 所有批次完成: 总耗时 26.20s, 平均 8.73s/批
[003/112] initial: region=3, ep=43, variant=online_pca
    → 处理 5 帧...
    → 批次进度: 1/1 (已处理 5/5 帧, 当前批耗时: 6.14s, 平均: 6.14s)
    ✓ 所有批次完成: 总耗时 6.14s, 平均 6.14s/批
    → 批量处理 22 帧 (共3批)...
    → 批次进度: 3/3 (已处理 22/22 帧, 当前批耗时: 7.03s, 平均: 8.70s)
    ✓ 所有批次完成: 总耗时 26.09s, 平均 8.70s/批
[004/112] initial: region=20, ep=225, variant=online_pca
    → 处理 5 帧...
    → 批次进度: 1/1 (已处理 5/5 帧, 当前批耗时: 6.10s, 平均: 6.10s)
    ✓ 所有批次完成: 总耗时 6.10s, 平均 6.10s/批
    → 批量处理 20 帧 (共3批)...
    → 批次进度: 3/3 (已处理 20/20 帧, 当前批耗时: 4.83s, 平均: 8.06s)
    ✓ 所有批次完成: 总耗时 24.17s, 平均 8.06s/批
[005/112] initial: region=22, ep=242, variant=online_pca
    → 处理 5 帧...
    → 批次进度: 1/1 (已处理 5/5 帧, 当前批耗时: 5.94s, 平均: 5.94s)
    ✓ 所有批次完成: 总耗时 5.94s, 平均 5.94s/批
    → 批量处理 20 帧 (共3批)...
    → 批次进度: 3/3 (已处理 20/20 帧, 当前批耗时: 4.77s, 平均: 7.95s)
    ✓ 所有批次完成: 总耗时 23.85s, 平均 7.95s/批
[006/112] initial: region=35, ep=232, variant=online_pca
    → 处理 5 帧...
    → 批次进度: 1/1 (已处理 5/5 帧, 当前批耗时: 5.91s, 平均: 5.91s)
    ✓ 所有批次完成: 总耗时 5.91s, 平均 5.91s/批
    → 批量处理 25 帧 (共4批)...
    → 批次进度: 4/4 (已处理 25/25 帧, 当前批耗时: 1.23s, 平均: 7.47s)
    ✓ 所有批次完成: 总耗时 29.90s, 平均 7.47s/批
[007/112] initial: region=12, ep=149, variant=online_pca
    → 处理 5 帧...
    → 批次进度: 1/1 (已处理 5/5 帧, 当前批耗时: 6.04s, 平均: 6.04s)
    ✓ 所有批次完成: 总耗时 6.04s, 平均 6.04s/批
    → 批量处理 27 帧 (共4批)...
    → 批次进度: 4/4 (已处理 27/27 帧, 当前批耗时: 3.55s, 平均: 8.05s)
    ✓ 所有批次完成: 总耗时 32.20s, 平均 8.05s/批
[008/112] initial: region=9, ep=202, variant=online_pca
    → 处理 5 帧...
    → 批次进度: 1/1 (已处理 5/5 帧, 当前批耗时: 6.03s, 平均: 6.03s)
    ✓ 所有批次完成: 总耗时 6.03s, 平均 6.03s/批
    → 批量处理 25 帧 (共4批)...
    → 批次进度: 4/4 (已处理 25/25 帧, 当前批耗时: 1.18s, 平均: 7.42s)
    ✓ 所有批次完成: 总耗时 29.67s, 平均 7.42s/批
[009/112] adaptive: region=0, ep=322, variant=online_pca
    → 处理 5 帧...
    → 批次进度: 1/1 (已处理 5/5 帧, 当前批耗时: 6.27s, 平均: 6.27s)
    ✓ 所有批次完成: 总耗时 6.27s, 平均 6.27s/批
    → 批量处理 21 帧 (共3批)...
    → 批次进度: 3/3 (已处理 21/21 帧, 当前批耗时: 5.89s, 平均: 8.23s)
    ✓ 所有批次完成: 总耗时 24.69s, 平均 8.23s/批
[010/112] adaptive: region=1, ep=20, variant=online_pca
    → 处理 5 帧...
    → 批次进度: 1/1 (已处理 5/5 帧, 当前批耗时: 6.05s, 平均: 6.05s)
    ✓ 所有批次完成: 总耗时 6.05s, 平均 6.05s/批
    → 批量处理 22 帧 (共3批)...
    → 批次进度: 3/3 (已处理 22/22 帧, 当前批耗时: 7.05s, 平均: 8.66s)
    ✓ 所有批次完成: 总耗时 25.98s, 平均 8.66s/批
[011/112] adaptive: region=2, ep=331, variant=online_pca
    → 处理 5 帧...
    → 批次进度: 1/1 (已处理 5/5 帧, 当前批耗时: 6.02s, 平均: 6.02s)
    ✓ 所有批次完成: 总耗时 6.02s, 平均 6.02s/批
    → 批量处理 18 帧 (共3批)...
    → 批次进度: 3/3 (已处理 18/18 帧, 当前批耗时: 2.37s, 平均: 7.11s)
    ✓ 所有批次完成: 总耗时 21.34s, 平均 7.11s/批
[012/112] adaptive: region=4, ep=246, variant=online_pca
    → 处理 5 帧...
    → 批次进度: 1/1 (已处理 5/5 帧, 当前批耗时: 6.05s, 平均: 6.05s)
    ✓ 所有批次完成: 总耗时 6.05s, 平均 6.05s/批
    → 批量处理 22 帧 (共3批)...
    → 批次进度: 3/3 (已处理 22/22 帧, 当前批耗时: 7.17s, 平均: 8.80s)
    ✓ 所有批次完成: 总耗时 26.39s, 平均 8.80s/批
[013/112] adaptive: region=5, ep=217, variant=online_pca
    → 处理 5 帧...
    → 批次进度: 1/1 (已处理 5/5 帧, 当前批耗时: 5.94s, 平均: 5.94s)
    ✓ 所有批次完成: 总耗时 5.94s, 平均 5.94s/批
    → 批量处理 25 帧 (共4批)...
    → 批次进度: 4/4 (已处理 25/25 帧, 当前批耗时: 1.19s, 平均: 7.35s)
    ✓ 所有批次完成: 总耗时 29.40s, 平均 7.35s/批
[014/112] adaptive: region=6, ep=302, variant=online_pca
    → 处理 5 帧...
    → 批次进度: 1/1 (已处理 5/5 帧, 当前批耗时: 5.90s, 平均: 5.90s)
    ✓ 所有批次完成: 总耗时 5.90s, 平均 5.90s/批
    → 批量处理 21 帧 (共3批)...
    → 批次进度: 3/3 (已处理 21/21 帧, 当前批耗时: 5.87s, 平均: 8.27s)
    ✓ 所有批次完成: 总耗时 24.80s, 平均 8.27s/批
[015/112] adaptive: region=7, ep=9, variant=online_pca
    → 处理 5 帧...
    → 批次进度: 1/1 (已处理 5/5 帧, 当前批耗时: 8.56s, 平均: 8.56s)
    ✓ 所有批次完成: 总耗时 8.56s, 平均 8.56s/批
    → 批量处理 22 帧 (共3批)...
    → 批次进度: 3/3 (已处理 22/22 帧, 当前批耗时: 7.21s, 平均: 10.55s)
    ✓ 所有批次完成: 总耗时 31.65s, 平均 10.55s/批
[016/112] adaptive: region=8, ep=174, variant=online_pca
    → 处理 5 帧...
    → 批次进度: 1/1 (已处理 5/5 帧, 当前批耗时: 5.99s, 平均: 5.99s)
    ✓ 所有批次完成: 总耗时 5.99s, 平均 5.99s/批
    → 批量处理 20 帧 (共3批)...
    → 批次进度: 3/3 (已处理 20/20 帧, 当前批耗时: 4.79s, 平均: 7.85s)
    ✓ 所有批次完成: 总耗时 23.55s, 平均 7.85s/批
[017/112] adaptive: region=10, ep=100, variant=online_pca
    → 处理 5 帧...
    → 批次进度: 1/1 (已处理 5/5 帧, 当前批耗时: 5.95s, 平均: 5.95s)
    ✓ 所有批次完成: 总耗时 5.95s, 平均 5.95s/批
    → 批量处理 23 帧 (共3批)...
    → 批次进度: 3/3 (已处理 23/23 帧, 当前批耗时: 8.32s, 平均: 9.13s)
    ✓ 所有批次完成: 总耗时 27.38s, 平均 9.13s/批
[018/112] adaptive: region=11, ep=131, variant=online_pca
    → 处理 5 帧...
    → 批次进度: 1/1 (已处理 5/5 帧, 当前批耗时: 6.39s, 平均: 6.39s)
    ✓ 所有批次完成: 总耗时 6.39s, 平均 6.39s/批
    → 批量处理 22 帧 (共3批)...
    → 批次进度: 3/3 (已处理 22/22 帧, 当前批耗时: 7.13s, 平均: 8.69s)
    ✓ 所有批次完成: 总耗时 26.07s, 平均 8.69s/批
[019/112] adaptive: region=13, ep=305, variant=online_pca
    → 处理 5 帧...
    → 批次进度: 1/1 (已处理 5/5 帧, 当前批耗时: 5.99s, 平均: 5.99s)
    ✓ 所有批次完成: 总耗时 5.99s, 平均 5.99s/批
    → 批量处理 26 帧 (共4批)...
    → 批次进度: 4/4 (已处理 26/26 帧, 当前批耗时: 2.41s, 平均: 7.80s)
    ✓ 所有批次完成: 总耗时 31.19s, 平均 7.80s/批
[020/112] adaptive: region=14, ep=323, variant=online_pca
    → 处理 5 帧...
    → 批次进度: 1/1 (已处理 5/5 帧, 当前批耗时: 5.98s, 平均: 5.98s)
    ✓ 所有批次完成: 总耗时 5.98s, 平均 5.98s/批
    → 批量处理 23 帧 (共3批)...
    → 批次进度: 3/3 (已处理 23/23 帧, 当前批耗时: 8.40s, 平均: 9.17s)
    ✓ 所有批次完成: 总耗时 27.50s, 平均 9.17s/批
[021/112] adaptive: region=16, ep=247, variant=online_pca
    → 处理 5 帧...
    → 批次进度: 1/1 (已处理 5/5 帧, 当前批耗时: 5.99s, 平均: 5.99s)
    ✓ 所有批次完成: 总耗时 5.99s, 平均 5.99s/批
    → 批量处理 23 帧 (共3批)...
    → 批次进度: 3/3 (已处理 23/23 帧, 当前批耗时: 8.23s, 平均: 9.07s)
    ✓ 所有批次完成: 总耗时 27.21s, 平均 9.07s/批
[022/112] adaptive: region=17, ep=27, variant=online_pca
    → 处理 5 帧...
    → 批次进度: 1/1 (已处理 5/5 帧, 当前批耗时: 5.96s, 平均: 5.96s)
    ✓ 所有批次完成: 总耗时 5.96s, 平均 5.96s/批
    → 批量处理 25 帧 (共4批)...
    → 批次进度: 4/4 (已处理 25/25 帧, 当前批耗时: 1.21s, 平均: 7.42s)
    ✓ 所有批次完成: 总耗时 29.66s, 平均 7.42s/批
[023/112] adaptive: region=18, ep=49, variant=online_pca
    → 处理 5 帧...
    → 批次进度: 1/1 (已处理 5/5 帧, 当前批耗时: 5.92s, 平均: 5.92s)
    ✓ 所有批次完成: 总耗时 5.92s, 平均 5.92s/批
    → 批量处理 25 帧 (共4批)...
    → 批次进度: 4/4 (已处理 25/25 帧, 当前批耗时: 1.19s, 平均: 7.43s)
    ✓ 所有批次完成: 总耗时 29.73s, 平均 7.43s/批
[024/112] adaptive: region=19, ep=167, variant=online_pca
    → 处理 5 帧...
    → 批次进度: 1/1 (已处理 5/5 帧, 当前批耗时: 6.03s, 平均: 6.03s)
    ✓ 所有批次完成: 总耗时 6.03s, 平均 6.03s/批
    → 批量处理 26 帧 (共4批)...
    → 批次进度: 4/4 (已处理 26/26 帧, 当前批耗时: 2.37s, 平均: 7.78s)
    ✓ 所有批次完成: 总耗时 31.12s, 平均 7.78s/批
[025/112] adaptive: region=21, ep=182, variant=online_pca
    → 处理 5 帧...
    → 批次进度: 1/1 (已处理 5/5 帧, 当前批耗时: 5.99s, 平均: 5.99s)
    ✓ 所有批次完成: 总耗时 5.99s, 平均 5.99s/批
    → 批量处理 18 帧 (共3批)...
    → 批次进度: 3/3 (已处理 18/18 帧, 当前批耗时: 2.38s, 平均: 7.11s)
    ✓ 所有批次完成: 总耗时 21.32s, 平均 7.11s/批
[026/112] adaptive: region=23, ep=54, variant=online_pca
    → 处理 5 帧...
    → 批次进度: 1/1 (已处理 5/5 帧, 当前批耗时: 6.06s, 平均: 6.06s)
    ✓ 所有批次完成: 总耗时 6.06s, 平均 6.06s/批
    → 批量处理 26 帧 (共4批)...
    → 批次进度: 4/4 (已处理 26/26 帧, 当前批耗时: 2.38s, 平均: 7.78s)
    ✓ 所有批次完成: 总耗时 31.13s, 平均 7.78s/批
[027/112] adaptive: region=24, ep=211, variant=online_pca
    → 处理 5 帧...
    → 批次进度: 1/1 (已处理 5/5 帧, 当前批耗时: 5.93s, 平均: 5.93s)
    ✓ 所有批次完成: 总耗时 5.93s, 平均 5.93s/批
    → 批量处理 20 帧 (共3批)...
    → 批次进度: 3/3 (已处理 20/20 帧, 当前批耗时: 4.69s, 平均: 7.84s)
    ✓ 所有批次完成: 总耗时 23.52s, 平均 7.84s/批
[028/112] adaptive: region=26, ep=159, variant=online_pca
    → 处理 5 帧...
    → 批次进度: 1/1 (已处理 5/5 帧, 当前批耗时: 6.01s, 平均: 6.01s)
    ✓ 所有批次完成: 总耗时 6.01s, 平均 6.01s/批
    → 批量处理 22 帧 (共3批)...
    → 批次进度: 3/3 (已处理 22/22 帧, 当前批耗时: 7.02s, 平均: 8.67s)
    ✓ 所有批次完成: 总耗时 26.02s, 平均 8.67s/批
[029/112] adaptive: region=27, ep=281, variant=online_pca
    → 处理 5 帧...
    → 批次进度: 1/1 (已处理 5/5 帧, 当前批耗时: 5.85s, 平均: 5.85s)
    ✓ 所有批次完成: 总耗时 5.85s, 平均 5.85s/批
    → 批量处理 22 帧 (共3批)...
    → 批次进度: 3/3 (已处理 22/22 帧, 当前批耗时: 7.10s, 平均: 8.62s)
    ✓ 所有批次完成: 总耗时 25.86s, 平均 8.62s/批
[030/112] adaptive: region=28, ep=192, variant=online_pca
    → 处理 5 帧...
    → 批次进度: 1/1 (已处理 5/5 帧, 当前批耗时: 5.97s, 平均: 5.97s)
    ✓ 所有批次完成: 总耗时 5.97s, 平均 5.97s/批
    → 批量处理 23 帧 (共3批)...
    → 批次进度: 3/3 (已处理 23/23 帧, 当前批耗时: 8.36s, 平均: 9.16s)
    ✓ 所有批次完成: 总耗时 27.48s, 平均 9.16s/批
[031/112] adaptive: region=29, ep=61, variant=online_pca
    → 处理 5 帧...
    → 批次进度: 1/1 (已处理 5/5 帧, 当前批耗时: 6.03s, 平均: 6.03s)
    ✓ 所有批次完成: 总耗时 6.03s, 平均 6.03s/批
    → 批量处理 22 帧 (共3批)...
    → 批次进度: 3/3 (已处理 22/22 帧, 当前批耗时: 7.15s, 平均: 8.79s)
    ✓ 所有批次完成: 总耗时 26.38s, 平均 8.79s/批
[032/112] adaptive: region=30, ep=290, variant=online_pca
    → 处理 5 帧...
    → 批次进度: 1/1 (已处理 5/5 帧, 当前批耗时: 6.10s, 平均: 6.10s)
    ✓ 所有批次完成: 总耗时 6.10s, 平均 6.10s/批
    → 批量处理 23 帧 (共3批)...
    → 批次进度: 3/3 (已处理 23/23 帧, 当前批耗时: 8.35s, 平均: 9.16s)
    ✓ 所有批次完成: 总耗时 27.48s, 平均 9.16s/批
[033/112] adaptive: region=31, ep=235, variant=online_pca
    → 处理 5 帧...
    → 批次进度: 1/1 (已处理 5/5 帧, 当前批耗时: 7.06s, 平均: 7.06s)
    ✓ 所有批次完成: 总耗时 7.06s, 平均 7.06s/批
    → 批量处理 20 帧 (共3批)...
    → 批次进度: 3/3 (已处理 20/20 帧, 当前批耗时: 4.85s, 平均: 8.10s)
    ✓ 所有批次完成: 总耗时 24.29s, 平均 8.10s/批
[034/112] adaptive: region=32, ep=94, variant=online_pca
    → 处理 5 帧...
    → 批次进度: 1/1 (已处理 5/5 帧, 当前批耗时: 6.03s, 平均: 6.03s)
    ✓ 所有批次完成: 总耗时 6.03s, 平均 6.03s/批
    → 批量处理 20 帧 (共3批)...
    → 批次进度: 3/3 (已处理 20/20 帧, 当前批耗时: 4.83s, 平均: 8.07s)
    ✓ 所有批次完成: 总耗时 24.21s, 平均 8.07s/批
[035/112] adaptive: region=33, ep=348, variant=online_pca
    → 处理 5 帧...
    → 批次进度: 1/1 (已处理 5/5 帧, 当前批耗时: 5.98s, 平均: 5.98s)
    ✓ 所有批次完成: 总耗时 5.98s, 平均 5.98s/批
    → 批量处理 23 帧 (共3批)...
    → 批次进度: 3/3 (已处理 23/23 帧, 当前批耗时: 8.45s, 平均: 9.20s)
    ✓ 所有批次完成: 总耗时 27.60s, 平均 9.20s/批
[036/112] adaptive: region=34, ep=273, variant=online_pca
    → 处理 5 帧...
    → 批次进度: 1/1 (已处理 5/5 帧, 当前批耗时: 6.17s, 平均: 6.17s)
    ✓ 所有批次完成: 总耗时 6.17s, 平均 6.17s/批
    → 批量处理 23 帧 (共3批)...
    → 批次进度: 3/3 (已处理 23/23 帧, 当前批耗时: 8.35s, 平均: 9.23s)
    ✓ 所有批次完成: 总耗时 27.68s, 平均 9.23s/批
[037/112] adaptive: region=36, ep=98, variant=online_pca
    → 处理 5 帧...
    → 批次进度: 1/1 (已处理 5/5 帧, 当前批耗时: 5.97s, 平均: 5.97s)
    ✓ 所有批次完成: 总耗时 5.97s, 平均 5.97s/批
    → 批量处理 22 帧 (共3批)...
    → 批次进度: 3/3 (已处理 22/22 帧, 当前批耗时: 7.38s, 平均: 8.78s)
    ✓ 所有批次完成: 总耗时 26.34s, 平均 8.78s/批
[038/112] adaptive: region=37, ep=212, variant=online_pca
    → 处理 5 帧...
    → 批次进度: 1/1 (已处理 5/5 帧, 当前批耗时: 5.99s, 平均: 5.99s)
    ✓ 所有批次完成: 总耗时 5.99s, 平均 5.99s/批
    → 批量处理 26 帧 (共4批)...
    → 批次进度: 4/4 (已处理 26/26 帧, 当前批耗时: 2.40s, 平均: 7.79s)
    ✓ 所有批次完成: 总耗时 31.15s, 平均 7.79s/批
[039/112] adaptive: region=38, ep=276, variant=online_pca
    → 处理 5 帧...
    → 批次进度: 1/1 (已处理 5/5 帧, 当前批耗时: 5.95s, 平均: 5.95s)
    ✓ 所有批次完成: 总耗时 5.95s, 平均 5.95s/批
    → 批量处理 25 帧 (共4批)...
    → 批次进度: 4/4 (已处理 25/25 帧, 当前批耗时: 1.19s, 平均: 7.40s)
    ✓ 所有批次完成: 总耗时 29.59s, 平均 7.40s/批
[040/112] adaptive: region=39, ep=118, variant=online_pca
    → 处理 5 帧...
    → 批次进度: 1/1 (已处理 5/5 帧, 当前批耗时: 5.99s, 平均: 5.99s)
    ✓ 所有批次完成: 总耗时 5.99s, 平均 5.99s/批
    → 批量处理 22 帧 (共3批)...
    → 批次进度: 3/3 (已处理 22/22 帧, 当前批耗时: 7.21s, 平均: 8.78s)
    ✓ 所有批次完成: 总耗时 26.33s, 平均 8.78s/批
[041/112] adaptive: region=10, ep=31, variant=online_pca
    → 处理 5 帧...
    → 批次进度: 1/1 (已处理 5/5 帧, 当前批耗时: 5.96s, 平均: 5.96s)
    ✓ 所有批次完成: 总耗时 5.96s, 平均 5.96s/批
    → 批量处理 21 帧 (共3批)...
    → 批次进度: 3/3 (已处理 21/21 帧, 当前批耗时: 5.96s, 平均: 8.36s)
    ✓ 所有批次完成: 总耗时 25.08s, 平均 8.36s/批
[042/112] adaptive: region=10, ep=287, variant=online_pca
    → 处理 5 帧...
    → 批次进度: 1/1 (已处理 5/5 帧, 当前批耗时: 8.47s, 平均: 8.47s)
    ✓ 所有批次完成: 总耗时 8.47s, 平均 8.47s/批
    → 批量处理 22 帧 (共3批)...
    → 批次进度: 3/3 (已处理 22/22 帧, 当前批耗时: 7.25s, 平均: 10.64s)
    ✓ 所有批次完成: 总耗时 31.91s, 平均 10.64s/批
[043/112] adaptive: region=10, ep=355, variant=online_pca
    → 处理 5 帧...
    → 批次进度: 1/1 (已处理 5/5 帧, 当前批耗时: 5.92s, 平均: 5.92s)
    ✓ 所有批次完成: 总耗时 5.92s, 平均 5.92s/批
    → 批量处理 22 帧 (共3批)...
    → 批次进度: 3/3 (已处理 22/22 帧, 当前批耗时: 7.15s, 平均: 8.79s)
    ✓ 所有批次完成: 总耗时 26.36s, 平均 8.79s/批
[044/112] adaptive: region=10, ep=90, variant=online_pca
    → 处理 5 帧...
    → 批次进度: 1/1 (已处理 5/5 帧, 当前批耗时: 5.93s, 平均: 5.93s)
    ✓ 所有批次完成: 总耗时 5.93s, 平均 5.93s/批
    → 批量处理 25 帧 (共4批)...
    → 批次进度: 4/4 (已处理 25/25 帧, 当前批耗时: 1.18s, 平均: 7.34s)
    ✓ 所有批次完成: 总耗时 29.34s, 平均 7.34s/批
[045/112] adaptive: region=12, ep=80, variant=online_pca
    → 处理 5 帧...
    → 批次进度: 1/1 (已处理 5/5 帧, 当前批耗时: 6.05s, 平均: 6.05s)
    ✓ 所有批次完成: 总耗时 6.05s, 平均 6.05s/批
    → 批量处理 24 帧 (共3批)...
    → 批次进度: 3/3 (已处理 24/24 帧, 当前批耗时: 9.48s, 平均: 9.52s)
    ✓ 所有批次完成: 总耗时 28.57s, 平均 9.52s/批
[046/112] adaptive: region=12, ep=162, variant=online_pca
    → 处理 5 帧...
    → 批次进度: 1/1 (已处理 5/5 帧, 当前批耗时: 6.65s, 平均: 6.65s)
    ✓ 所有批次完成: 总耗时 6.65s, 平均 6.65s/批
    → 批量处理 27 帧 (共4批)...
    → 批次进度: 4/4 (已处理 27/27 帧, 当前批耗时: 3.59s, 平均: 8.11s)
    ✓ 所有批次完成: 总耗时 32.42s, 平均 8.11s/批
[047/112] adaptive: region=12, ep=154, variant=online_pca
    → 处理 5 帧...
    → 批次进度: 1/1 (已处理 5/5 帧, 当前批耗时: 6.08s, 平均: 6.08s)
    ✓ 所有批次完成: 总耗时 6.08s, 平均 6.08s/批
    → 批量处理 25 帧 (共4批)...
    → 批次进度: 4/4 (已处理 25/25 帧, 当前批耗时: 1.18s, 平均: 7.42s)
    ✓ 所有批次完成: 总耗时 29.67s, 平均 7.42s/批
[048/112] adaptive: region=12, ep=147, variant=online_pca
    → 处理 5 帧...
    → 批次进度: 1/1 (已处理 5/5 帧, 当前批耗时: 6.05s, 平均: 6.05s)
    ✓ 所有批次完成: 总耗时 6.05s, 平均 6.05s/批
    → 批量处理 26 帧 (共4批)...
    → 批次进度: 4/4 (已处理 26/26 帧, 当前批耗时: 2.42s, 平均: 7.75s)
    ✓ 所有批次完成: 总耗时 31.00s, 平均 7.75s/批
[049/112] adaptive: region=12, ep=238, variant=online_pca
    → 处理 5 帧...
    → 批次进度: 1/1 (已处理 5/5 帧, 当前批耗时: 6.16s, 平均: 6.16s)
    ✓ 所有批次完成: 总耗时 6.16s, 平均 6.16s/批
    → 批量处理 22 帧 (共3批)...
    → 批次进度: 3/3 (已处理 22/22 帧, 当前批耗时: 7.34s, 平均: 8.89s)
    ✓ 所有批次完成: 总耗时 26.66s, 平均 8.89s/批
[050/112] adaptive: region=10, ep=142, variant=online_pca
    → 处理 5 帧...
    → 批次进度: 1/1 (已处理 5/5 帧, 当前批耗时: 5.98s, 平均: 5.98s)
    ✓ 所有批次完成: 总耗时 5.98s, 平均 5.98s/批
    → 批量处理 23 帧 (共3批)...
    → 批次进度: 3/3 (已处理 23/23 帧, 当前批耗时: 8.49s, 平均: 9.22s)
    ✓ 所有批次完成: 总耗时 27.66s, 平均 9.22s/批
[051/112] adaptive: region=24, ep=286, variant=online_pca
    → 处理 5 帧...
    → 批次进度: 1/1 (已处理 5/5 帧, 当前批耗时: 5.99s, 平均: 5.99s)
    ✓ 所有批次完成: 总耗时 5.99s, 平均 5.99s/批
    → 批量处理 25 帧 (共4批)...
    → 批次进度: 4/4 (已处理 25/25 帧, 当前批耗时: 1.19s, 平均: 7.49s)
    ✓ 所有批次完成: 总耗时 29.97s, 平均 7.49s/批
[052/112] adaptive: region=24, ep=255, variant=online_pca
    → 处理 5 帧...
    → 批次进度: 1/1 (已处理 5/5 帧, 当前批耗时: 6.17s, 平均: 6.17s)
    ✓ 所有批次完成: 总耗时 6.17s, 平均 6.17s/批
    → 批量处理 25 帧 (共4批)...
    → 批次进度: 4/4 (已处理 25/25 帧, 当前批耗时: 1.22s, 平均: 7.59s)
    ✓ 所有批次完成: 总耗时 30.38s, 平均 7.59s/批
[053/112] adaptive: region=24, ep=121, variant=online_pca
    → 处理 5 帧...
    → 批次进度: 1/1 (已处理 5/5 帧, 当前批耗时: 6.14s, 平均: 6.14s)
    ✓ 所有批次完成: 总耗时 6.14s, 平均 6.14s/批
    → 批量处理 25 帧 (共4批)...
    → 批次进度: 4/4 (已处理 25/25 帧, 当前批耗时: 1.20s, 平均: 7.63s)
    ✓ 所有批次完成: 总耗时 30.51s, 平均 7.63s/批
[054/112] adaptive: region=24, ep=339, variant=online_pca
    → 处理 5 帧...
    → 批次进度: 1/1 (已处理 5/5 帧, 当前批耗时: 6.39s, 平均: 6.39s)
    ✓ 所有批次完成: 总耗时 6.39s, 平均 6.39s/批
    → 批量处理 25 帧 (共4批)...
    → 批次进度: 4/4 (已处理 25/25 帧, 当前批耗时: 1.20s, 平均: 7.53s)
    ✓ 所有批次完成: 总耗时 30.13s, 平均 7.53s/批
[055/112] adaptive: region=24, ep=30, variant=online_pca
    → 处理 5 帧...
    → 批次进度: 1/1 (已处理 5/5 帧, 当前批耗时: 6.15s, 平均: 6.15s)
    ✓ 所有批次完成: 总耗时 6.15s, 平均 6.15s/批
    → 批量处理 23 帧 (共3批)...
    → 批次进度: 3/3 (已处理 23/23 帧, 当前批耗时: 8.42s, 平均: 9.30s)
    ✓ 所有批次完成: 总耗时 27.91s, 平均 9.30s/批
[056/112] adaptive: region=12, ep=338, variant=online_pca
    → 处理 5 帧...
    → 批次进度: 1/1 (已处理 5/5 帧, 当前批耗时: 6.32s, 平均: 6.32s)
    ✓ 所有批次完成: 总耗时 6.32s, 平均 6.32s/批
    → 批量处理 22 帧 (共3批)...
    → 批次进度: 3/3 (已处理 22/22 帧, 当前批耗时: 7.22s, 平均: 8.92s)
    ✓ 所有批次完成: 总耗时 26.76s, 平均 8.92s/批
[057/112] adaptive: region=10, ep=270, variant=online_pca
    → 处理 5 帧...
    → 批次进度: 1/1 (已处理 5/5 帧, 当前批耗时: 6.27s, 平均: 6.27s)
    ✓ 所有批次完成: 总耗时 6.27s, 平均 6.27s/批
    → 批量处理 27 帧 (共4批)...
    → 批次进度: 4/4 (已处理 27/27 帧, 当前批耗时: 3.72s, 平均: 8.32s)
    ✓ 所有批次完成: 总耗时 33.27s, 平均 8.32s/批
[058/112] adaptive: region=12, ep=267, variant=online_pca
    → 处理 5 帧...
    → 批次进度: 1/1 (已处理 5/5 帧, 当前批耗时: 6.24s, 平均: 6.24s)
    ✓ 所有批次完成: 总耗时 6.24s, 平均 6.24s/批
    → 批量处理 25 帧 (共4批)...
    → 批次进度: 4/4 (已处理 25/25 帧, 当前批耗时: 1.24s, 平均: 7.58s)
    ✓ 所有批次完成: 总耗时 30.33s, 平均 7.58s/批
[059/112] adaptive: region=24, ep=129, variant=online_pca
    → 处理 5 帧...
    → 批次进度: 1/1 (已处理 5/5 帧, 当前批耗时: 6.04s, 平均: 6.04s)
    ✓ 所有批次完成: 总耗时 6.04s, 平均 6.04s/批
    → 批量处理 25 帧 (共4批)...
    → 批次进度: 4/4 (已处理 25/25 帧, 当前批耗时: 1.23s, 平均: 7.63s)
    ✓ 所有批次完成: 总耗时 30.50s, 平均 7.63s/批
[060/112] adaptive: region=12, ep=390, variant=online_pca
    → 处理 5 帧...
    → 批次进度: 1/1 (已处理 5/5 帧, 当前批耗时: 6.27s, 平均: 6.27s)
    ✓ 所有批次完成: 总耗时 6.27s, 平均 6.27s/批
    → 批量处理 22 帧 (共3批)...
    → 批次进度: 3/3 (已处理 22/22 帧, 当前批耗时: 7.43s, 平均: 9.02s)
    ✓ 所有批次完成: 总耗时 27.07s, 平均 9.02s/批
[061/112] adaptive: region=10, ep=350, variant=online_pca
    → 处理 5 帧...
    → 批次进度: 1/1 (已处理 5/5 帧, 当前批耗时: 6.11s, 平均: 6.11s)
    ✓ 所有批次完成: 总耗时 6.11s, 平均 6.11s/批
    → 批量处理 23 帧 (共3批)...
    → 批次进度: 3/3 (已处理 23/23 帧, 当前批耗时: 8.47s, 平均: 9.30s)
    ✓ 所有批次完成: 总耗时 27.90s, 平均 9.30s/批
[062/112] adaptive: region=24, ep=229, variant=online_pca
    → 处理 5 帧...
    → 批次进度: 1/1 (已处理 5/5 帧, 当前批耗时: 6.07s, 平均: 6.07s)
    ✓ 所有批次完成: 总耗时 6.07s, 平均 6.07s/批
    → 批量处理 23 帧 (共3批)...
    → 批次进度: 3/3 (已处理 23/23 帧, 当前批耗时: 8.46s, 平均: 9.36s)
    ✓ 所有批次完成: 总耗时 28.09s, 平均 9.36s/批
[063/112] adaptive: region=6, ep=356, variant=online_pca
    → 处理 5 帧...
    → 批次进度: 1/1 (已处理 5/5 帧, 当前批耗时: 6.07s, 平均: 6.07s)
    ✓ 所有批次完成: 总耗时 6.07s, 平均 6.07s/批
    → 批量处理 23 帧 (共3批)...
    → 批次进度: 3/3 (已处理 23/23 帧, 当前批耗时: 8.50s, 平均: 9.34s)
    ✓ 所有批次完成: 总耗时 28.01s, 平均 9.34s/批
[064/112] adaptive: region=6, ep=101, variant=online_pca
    → 处理 5 帧...
    → 批次进度: 1/1 (已处理 5/5 帧, 当前批耗时: 6.48s, 平均: 6.48s)
    ✓ 所有批次完成: 总耗时 6.48s, 平均 6.48s/批
    → 批量处理 25 帧 (共4批)...
    → 批次进度: 4/4 (已处理 25/25 帧, 当前批耗时: 1.25s, 平均: 7.65s)
    ✓ 所有批次完成: 总耗时 30.59s, 平均 7.65s/批
[065/112] adaptive: region=6, ep=241, variant=online_pca
    → 处理 5 帧...
    → 批次进度: 1/1 (已处理 5/5 帧, 当前批耗时: 6.19s, 平均: 6.19s)
    ✓ 所有批次完成: 总耗时 6.19s, 平均 6.19s/批
    → 批量处理 23 帧 (共3批)...
    → 批次进度: 3/3 (已处理 23/23 帧, 当前批耗时: 8.34s, 平均: 9.14s)
    ✓ 所有批次完成: 总耗时 27.41s, 平均 9.14s/批
[066/112] adaptive: region=6, ep=109, variant=online_pca
    → 处理 5 帧...
    → 批次进度: 1/1 (已处理 5/5 帧, 当前批耗时: 6.26s, 平均: 6.26s)
    ✓ 所有批次完成: 总耗时 6.26s, 平均 6.26s/批
    → 批量处理 25 帧 (共4批)...
    → 批次进度: 4/4 (已处理 25/25 帧, 当前批耗时: 1.21s, 平均: 8.20s)
    ✓ 所有批次完成: 总耗时 32.81s, 平均 8.20s/批
[067/112] adaptive: region=6, ep=324, variant=online_pca
    → 处理 5 帧...
    → 批次进度: 1/1 (已处理 5/5 帧, 当前批耗时: 6.06s, 平均: 6.06s)
    ✓ 所有批次完成: 总耗时 6.06s, 平均 6.06s/批
    → 批量处理 23 帧 (共3批)...
    → 批次进度: 3/3 (已处理 23/23 帧, 当前批耗时: 8.47s, 平均: 9.38s)
    ✓ 所有批次完成: 总耗时 28.14s, 平均 9.38s/批
[068/112] adaptive: region=6, ep=145, variant=online_pca
    → 处理 5 帧...
    → 批次进度: 1/1 (已处理 5/5 帧, 当前批耗时: 6.22s, 平均: 6.22s)
    ✓ 所有批次完成: 总耗时 6.22s, 平均 6.22s/批
    → 批量处理 23 帧 (共3批)...
    → 批次进度: 3/3 (已处理 23/23 帧, 当前批耗时: 8.61s, 平均: 9.40s)
    ✓ 所有批次完成: 总耗时 28.21s, 平均 9.40s/批
[069/112] adaptive: region=6, ep=108, variant=online_pca
    → 处理 5 帧...
    → 批次进度: 1/1 (已处理 5/5 帧, 当前批耗时: 6.36s, 平均: 6.36s)
    ✓ 所有批次完成: 总耗时 6.36s, 平均 6.36s/批
    → 批量处理 22 帧 (共3批)...
    → 批次进度: 3/3 (已处理 22/22 帧, 当前批耗时: 7.33s, 平均: 9.03s)
    ✓ 所有批次完成: 总耗时 27.08s, 平均 9.03s/批
[070/112] adaptive: region=5, ep=194, variant=online_pca
    → 处理 5 帧...
    → 批次进度: 1/1 (已处理 5/5 帧, 当前批耗时: 6.23s, 平均: 6.23s)
    ✓ 所有批次完成: 总耗时 6.23s, 平均 6.23s/批
    → 批量处理 22 帧 (共3批)...
    → 批次进度: 3/3 (已处理 22/22 帧, 当前批耗时: 7.39s, 平均: 9.07s)
    ✓ 所有批次完成: 总耗时 27.21s, 平均 9.07s/批
[071/112] adaptive: region=5, ep=295, variant=online_pca
    → 处理 5 帧...
    → 批次进度: 1/1 (已处理 5/5 帧, 当前批耗时: 6.09s, 平均: 6.09s)
    ✓ 所有批次完成: 总耗时 6.09s, 平均 6.09s/批
    → 批量处理 21 帧 (共3批)...
    → 批次进度: 3/3 (已处理 21/21 帧, 当前批耗时: 6.23s, 平均: 8.71s)
    ✓ 所有批次完成: 总耗时 26.12s, 平均 8.71s/批
[072/112] adaptive: region=5, ep=189, variant=online_pca
    → 处理 5 帧...
    → 批次进度: 1/1 (已处理 5/5 帧, 当前批耗时: 6.14s, 平均: 6.14s)
    ✓ 所有批次完成: 总耗时 6.14s, 平均 6.14s/批
    → 批量处理 23 帧 (共3批)...
    → 批次进度: 3/3 (已处理 23/23 帧, 当前批耗时: 8.62s, 平均: 9.50s)
    ✓ 所有批次完成: 总耗时 28.49s, 平均 9.50s/批
[073/112] adaptive: region=5, ep=385, variant=online_pca
    → 处理 5 帧...
    → 批次进度: 1/1 (已处理 5/5 帧, 当前批耗时: 6.46s, 平均: 6.46s)
    ✓ 所有批次完成: 总耗时 6.46s, 平均 6.46s/批
    → 批量处理 22 帧 (共3批)...
    → 批次进度: 3/3 (已处理 22/22 帧, 当前批耗时: 7.36s, 平均: 9.09s)
    ✓ 所有批次完成: 总耗时 27.26s, 平均 9.09s/批
[074/112] adaptive: region=5, ep=158, variant=online_pca
    → 处理 5 帧...
    → 批次进度: 1/1 (已处理 5/5 帧, 当前批耗时: 6.13s, 平均: 6.13s)
    ✓ 所有批次完成: 总耗时 6.13s, 平均 6.13s/批
    → 批量处理 22 帧 (共3批)...
    → 批次进度: 3/3 (已处理 22/22 帧, 当前批耗时: 7.38s, 平均: 8.95s)
    ✓ 所有批次完成: 总耗时 26.84s, 平均 8.95s/批
[075/112] adaptive: region=5, ep=213, variant=online_pca
    → 处理 5 帧...
    → 批次进度: 1/1 (已处理 5/5 帧, 当前批耗时: 6.29s, 平均: 6.29s)
    ✓ 所有批次完成: 总耗时 6.29s, 平均 6.29s/批
    → 批量处理 22 帧 (共3批)...
    → 批次进度: 3/3 (已处理 22/22 帧, 当前批耗时: 7.41s, 平均: 9.07s)
    ✓ 所有批次完成: 总耗时 27.21s, 平均 9.07s/批
[076/112] adaptive: region=0, ep=141, variant=online_pca
    → 处理 5 帧...
    → 批次进度: 1/1 (已处理 5/5 帧, 当前批耗时: 6.17s, 平均: 6.17s)
    ✓ 所有批次完成: 总耗时 6.17s, 平均 6.17s/批
    → 批量处理 23 帧 (共3批)...
    → 批次进度: 3/3 (已处理 23/23 帧, 当前批耗时: 8.61s, 平均: 9.45s)
    ✓ 所有批次完成: 总耗时 28.35s, 平均 9.45s/批
[077/112] adaptive: region=0, ep=371, variant=online_pca
    → 处理 5 帧...
    → 批次进度: 1/1 (已处理 5/5 帧, 当前批耗时: 6.27s, 平均: 6.27s)
    ✓ 所有批次完成: 总耗时 6.27s, 平均 6.27s/批
    → 批量处理 24 帧 (共3批)...
    → 批次进度: 3/3 (已处理 24/24 帧, 当前批耗时: 9.88s, 平均: 9.92s)
    ✓ 所有批次完成: 总耗时 29.77s, 平均 9.92s/批
[078/112] adaptive: region=0, ep=33, variant=online_pca
    → 处理 5 帧...
    → 批次进度: 1/1 (已处理 5/5 帧, 当前批耗时: 6.17s, 平均: 6.17s)
    ✓ 所有批次完成: 总耗时 6.17s, 平均 6.17s/批
    → 批量处理 22 帧 (共3批)...
    → 批次进度: 3/3 (已处理 22/22 帧, 当前批耗时: 7.33s, 平均: 8.99s)
    ✓ 所有批次完成: 总耗时 26.96s, 平均 8.99s/批
[079/112] adaptive: region=0, ep=200, variant=online_pca
    → 处理 5 帧...
    → 批次进度: 1/1 (已处理 5/5 帧, 当前批耗时: 6.34s, 平均: 6.34s)
    ✓ 所有批次完成: 总耗时 6.34s, 平均 6.34s/批
    → 批量处理 23 帧 (共3批)...
    → 批次进度: 3/3 (已处理 23/23 帧, 当前批耗时: 8.57s, 平均: 9.48s)
    ✓ 所有批次完成: 总耗时 28.45s, 平均 9.48s/批
[080/112] adaptive: region=0, ep=163, variant=online_pca
    → 处理 5 帧...
    → 批次进度: 1/1 (已处理 5/5 帧, 当前批耗时: 6.39s, 平均: 6.39s)
    ✓ 所有批次完成: 总耗时 6.39s, 平均 6.39s/批
    → 批量处理 22 帧 (共3批)...
    → 批次进度: 3/3 (已处理 22/22 帧, 当前批耗时: 7.38s, 平均: 9.00s)
    ✓ 所有批次完成: 总耗时 27.01s, 平均 9.00s/批
[081/112] adaptive: region=0, ep=224, variant=online_pca
    → 处理 5 帧...
    → 批次进度: 1/1 (已处理 5/5 帧, 当前批耗时: 6.17s, 平均: 6.17s)
    ✓ 所有批次完成: 总耗时 6.17s, 平均 6.17s/批
    → 批量处理 24 帧 (共3批)...
    → 批次进度: 3/3 (已处理 24/24 帧, 当前批耗时: 9.88s, 平均: 9.84s)
    ✓ 所有批次完成: 总耗时 29.51s, 平均 9.84s/批
[082/112] adaptive: region=18, ep=392, variant=online_pca
    → 处理 5 帧...
    → 批次进度: 1/1 (已处理 5/5 帧, 当前批耗时: 6.27s, 平均: 6.27s)
    ✓ 所有批次完成: 总耗时 6.27s, 平均 6.27s/批
    → 批量处理 24 帧 (共3批)...
    → 批次进度: 3/3 (已处理 24/24 帧, 当前批耗时: 9.74s, 平均: 9.81s)
    ✓ 所有批次完成: 总耗时 29.43s, 平均 9.81s/批
[083/112] adaptive: region=18, ep=150, variant=online_pca
    → 处理 5 帧...
    → 批次进度: 1/1 (已处理 5/5 帧, 当前批耗时: 6.15s, 平均: 6.15s)
    ✓ 所有批次完成: 总耗时 6.15s, 平均 6.15s/批
    → 批量处理 24 帧 (共3批)...
    → 批次进度: 3/3 (已处理 24/24 帧, 当前批耗时: 9.82s, 平均: 9.87s)
    ✓ 所有批次完成: 总耗时 29.60s, 平均 9.87s/批
[084/112] adaptive: region=18, ep=103, variant=online_pca
    → 处理 5 帧...
    → 批次进度: 1/1 (已处理 5/5 帧, 当前批耗时: 7.94s, 平均: 7.94s)
    ✓ 所有批次完成: 总耗时 7.94s, 平均 7.94s/批
    → 批量处理 25 帧 (共4批)...
    → 批次进度: 4/4 (已处理 25/25 帧, 当前批耗时: 1.25s, 平均: 8.69s)
    ✓ 所有批次完成: 总耗时 34.77s, 平均 8.69s/批
[085/112] adaptive: region=18, ep=366, variant=online_pca
    → 处理 5 帧...
    → 批次进度: 1/1 (已处理 5/5 帧, 当前批耗时: 6.38s, 平均: 6.38s)
    ✓ 所有批次完成: 总耗时 6.38s, 平均 6.38s/批
    → 批量处理 23 帧 (共3批)...
    → 批次进度: 3/3 (已处理 23/23 帧, 当前批耗时: 8.56s, 平均: 9.48s)
    ✓ 所有批次完成: 总耗时 28.44s, 平均 9.48s/批
[086/112] adaptive: region=18, ep=38, variant=online_pca
    → 处理 5 帧...
    → 批次进度: 1/1 (已处理 5/5 帧, 当前批耗时: 6.17s, 平均: 6.17s)
    ✓ 所有批次完成: 总耗时 6.17s, 平均 6.17s/批
    → 批量处理 25 帧 (共4批)...
    → 批次进度: 4/4 (已处理 25/25 帧, 当前批耗时: 1.27s, 平均: 7.67s)
    ✓ 所有批次完成: 总耗时 30.68s, 平均 7.67s/批
[087/112] adaptive: region=18, ep=88, variant=online_pca
    → 处理 5 帧...
    → 批次进度: 1/1 (已处理 5/5 帧, 当前批耗时: 6.11s, 平均: 6.11s)
    ✓ 所有批次完成: 总耗时 6.11s, 平均 6.11s/批
    → 批量处理 25 帧 (共4批)...
    → 批次进度: 4/4 (已处理 25/25 帧, 当前批耗时: 1.23s, 平均: 7.67s)
    ✓ 所有批次完成: 总耗时 30.67s, 平均 7.67s/批
[088/112] adaptive: region=21, ep=289, variant=online_pca
    → 处理 5 帧...
    → 批次进度: 1/1 (已处理 5/5 帧, 当前批耗时: 6.93s, 平均: 6.93s)
    ✓ 所有批次完成: 总耗时 6.93s, 平均 6.93s/批
    → 批量处理 27 帧 (共4批)...
    → 批次进度: 4/4 (已处理 27/27 帧, 当前批耗时: 3.76s, 平均: 8.35s)
    ✓ 所有批次完成: 总耗时 33.40s, 平均 8.35s/批
[089/112] adaptive: region=21, ep=208, variant=online_pca
    → 处理 5 帧...
    → 批次进度: 1/1 (已处理 5/5 帧, 当前批耗时: 6.23s, 平均: 6.23s)
    ✓ 所有批次完成: 总耗时 6.23s, 平均 6.23s/批
    → 批量处理 25 帧 (共4批)...
    → 批次进度: 4/4 (已处理 25/25 帧, 当前批耗时: 1.25s, 平均: 7.73s)
    ✓ 所有批次完成: 总耗时 30.93s, 平均 7.73s/批
[090/112] adaptive: region=21, ep=132, variant=online_pca
    → 处理 5 帧...
    → 批次进度: 1/1 (已处理 5/5 帧, 当前批耗时: 6.09s, 平均: 6.09s)
    ✓ 所有批次完成: 总耗时 6.09s, 平均 6.09s/批
    → 批量处理 25 帧 (共4批)...
    → 批次进度: 4/4 (已处理 25/25 帧, 当前批耗时: 1.21s, 平均: 7.66s)
    ✓ 所有批次完成: 总耗时 30.65s, 平均 7.66s/批
[091/112] adaptive: region=21, ep=7, variant=online_pca
    → 处理 5 帧...
    → 批次进度: 1/1 (已处理 5/5 帧, 当前批耗时: 8.39s, 平均: 8.39s)
    ✓ 所有批次完成: 总耗时 8.39s, 平均 8.39s/批
    → 批量处理 25 帧 (共4批)...
    → 批次进度: 4/4 (已处理 25/25 帧, 当前批耗时: 1.23s, 平均: 8.46s)
    ✓ 所有批次完成: 总耗时 33.83s, 平均 8.46s/批
[092/112] adaptive: region=21, ep=205, variant=online_pca
    → 处理 5 帧...
    → 批次进度: 1/1 (已处理 5/5 帧, 当前批耗时: 6.07s, 平均: 6.07s)
    ✓ 所有批次完成: 总耗时 6.07s, 平均 6.07s/批
    → 批量处理 25 帧 (共4批)...
    → 批次进度: 4/4 (已处理 25/25 帧, 当前批耗时: 1.23s, 平均: 7.67s)
    ✓ 所有批次完成: 总耗时 30.67s, 平均 7.67s/批
[093/112] adaptive: region=21, ep=340, variant=online_pca
    → 处理 5 帧...
    → 批次进度: 1/1 (已处理 5/5 帧, 当前批耗时: 6.15s, 平均: 6.15s)
    ✓ 所有批次完成: 总耗时 6.15s, 平均 6.15s/批
    → 批量处理 20 帧 (共3批)...
    → 批次进度: 3/3 (已处理 20/20 帧, 当前批耗时: 4.84s, 平均: 8.10s)
    ✓ 所有批次完成: 总耗时 24.31s, 平均 8.10s/批
[094/112] adaptive: region=23, ep=326, variant=online_pca
    → 处理 5 帧...
    → 批次进度: 1/1 (已处理 5/5 帧, 当前批耗时: 6.10s, 平均: 6.10s)
    ✓ 所有批次完成: 总耗时 6.10s, 平均 6.10s/批
    → 批量处理 20 帧 (共3批)...
    → 批次进度: 3/3 (已处理 20/20 帧, 当前批耗时: 4.90s, 平均: 8.18s)
    ✓ 所有批次完成: 总耗时 24.53s, 平均 8.18s/批
[095/112] adaptive: region=23, ep=223, variant=online_pca
    → 处理 5 帧...
    → 批次进度: 1/1 (已处理 5/5 帧, 当前批耗时: 6.08s, 平均: 6.08s)
    ✓ 所有批次完成: 总耗时 6.08s, 平均 6.08s/批
    → 批量处理 19 帧 (共3批)...
    → 批次进度: 3/3 (已处理 19/19 帧, 当前批耗时: 3.66s, 平均: 7.62s)
    ✓ 所有批次完成: 总耗时 22.86s, 平均 7.62s/批
[096/112] adaptive: region=23, ep=316, variant=online_pca
    → 处理 5 帧...
    → 批次进度: 1/1 (已处理 5/5 帧, 当前批耗时: 6.14s, 平均: 6.14s)
    ✓ 所有批次完成: 总耗时 6.14s, 平均 6.14s/批
    → 批量处理 19 帧 (共3批)...
    → 批次进度: 3/3 (已处理 19/19 帧, 当前批耗时: 3.63s, 平均: 7.67s)
    ✓ 所有批次完成: 总耗时 23.01s, 平均 7.67s/批
[097/112] adaptive: region=23, ep=381, variant=online_pca
    → 处理 5 帧...
    → 批次进度: 1/1 (已处理 5/5 帧, 当前批耗时: 6.03s, 平均: 6.03s)
    ✓ 所有批次完成: 总耗时 6.03s, 平均 6.03s/批
    → 批量处理 18 帧 (共3批)...
    → 批次进度: 3/3 (已处理 18/18 帧, 当前批耗时: 2.45s, 平均: 7.26s)
    ✓ 所有批次完成: 总耗时 21.77s, 平均 7.26s/批
[098/112] adaptive: region=23, ep=92, variant=online_pca
    → 处理 5 帧...
    → 批次进度: 1/1 (已处理 5/5 帧, 当前批耗时: 6.04s, 平均: 6.04s)
    ✓ 所有批次完成: 总耗时 6.04s, 平均 6.04s/批
    → 批量处理 19 帧 (共3批)...
    → 批次进度: 3/3 (已处理 19/19 帧, 当前批耗时: 3.70s, 平均: 7.74s)
    ✓ 所有批次完成: 总耗时 23.22s, 平均 7.74s/批
[099/112] adaptive: region=23, ep=175, variant=online_pca
    → 处理 5 帧...
    → 批次进度: 1/1 (已处理 5/5 帧, 当前批耗时: 6.20s, 平均: 6.20s)
    ✓ 所有批次完成: 总耗时 6.20s, 平均 6.20s/批
    → 批量处理 22 帧 (共3批)...
    → 批次进度: 3/3 (已处理 22/22 帧, 当前批耗时: 7.35s, 平均: 8.94s)
    ✓ 所有批次完成: 总耗时 26.83s, 平均 8.94s/批
[100/112] adaptive: region=27, ep=345, variant=online_pca
    → 处理 5 帧...
    → 批次进度: 1/1 (已处理 5/5 帧, 当前批耗时: 6.13s, 平均: 6.13s)
    ✓ 所有批次完成: 总耗时 6.13s, 平均 6.13s/批
    → 批量处理 23 帧 (共3批)...
    → 批次进度: 3/3 (已处理 23/23 帧, 当前批耗时: 8.43s, 平均: 9.29s)
    ✓ 所有批次完成: 总耗时 27.87s, 平均 9.29s/批
[101/112] adaptive: region=27, ep=168, variant=online_pca
    → 处理 5 帧...
    → 批次进度: 1/1 (已处理 5/5 帧, 当前批耗时: 6.16s, 平均: 6.16s)
    ✓ 所有批次完成: 总耗时 6.16s, 平均 6.16s/批
    → 批量处理 22 帧 (共3批)...
    → 批次进度: 3/3 (已处理 22/22 帧, 当前批耗时: 7.34s, 平均: 9.01s)
    ✓ 所有批次完成: 总耗时 27.04s, 平均 9.01s/批
[102/112] adaptive: region=27, ep=28, variant=online_pca
    → 处理 5 帧...
    → 批次进度: 1/1 (已处理 5/5 帧, 当前批耗时: 6.07s, 平均: 6.07s)
    ✓ 所有批次完成: 总耗时 6.07s, 平均 6.07s/批
    → 批量处理 23 帧 (共3批)...
    → 批次进度: 3/3 (已处理 23/23 帧, 当前批耗时: 8.40s, 平均: 9.28s)
    ✓ 所有批次完成: 总耗时 27.83s, 平均 9.28s/批
[103/112] adaptive: region=27, ep=39, variant=online_pca
    → 处理 5 帧...
    → 批次进度: 1/1 (已处理 5/5 帧, 当前批耗时: 7.05s, 平均: 7.05s)
    ✓ 所有批次完成: 总耗时 7.05s, 平均 7.05s/批
    → 批量处理 24 帧 (共3批)...
    → 批次进度: 3/3 (已处理 24/24 帧, 当前批耗时: 9.84s, 平均: 9.84s)
    ✓ 所有批次完成: 总耗时 29.52s, 平均 9.84s/批
[104/112] adaptive: region=27, ep=144, variant=online_pca
    → 处理 5 帧...
    → 批次进度: 1/1 (已处理 5/5 帧, 当前批耗时: 6.12s, 平均: 6.12s)
    ✓ 所有批次完成: 总耗时 6.12s, 平均 6.12s/批
    → 批量处理 23 帧 (共3批)...
    → 批次进度: 3/3 (已处理 23/23 帧, 当前批耗时: 8.57s, 平均: 9.41s)
    ✓ 所有批次完成: 总耗时 28.24s, 平均 9.41s/批
[105/112] adaptive: region=27, ep=372, variant=online_pca
    → 处理 5 帧...
    → 批次进度: 1/1 (已处理 5/5 帧, 当前批耗时: 6.15s, 平均: 6.15s)
    ✓ 所有批次完成: 总耗时 6.15s, 平均 6.15s/批
    → 批量处理 22 帧 (共3批)...
    → 批次进度: 3/3 (已处理 22/22 帧, 当前批耗时: 7.32s, 平均: 8.94s)
    ✓ 所有批次完成: 总耗时 26.83s, 平均 8.94s/批
[106/112] adaptive: region=31, ep=353, variant=online_pca
    → 处理 5 帧...
    → 批次进度: 1/1 (已处理 5/5 帧, 当前批耗时: 6.09s, 平均: 6.09s)
    ✓ 所有批次完成: 总耗时 6.09s, 平均 6.09s/批
    → 批量处理 24 帧 (共3批)...
    → 批次进度: 3/3 (已处理 24/24 帧, 当前批耗时: 9.50s, 平均: 9.55s)
    ✓ 所有批次完成: 总耗时 28.65s, 平均 9.55s/批
[107/112] adaptive: region=31, ep=93, variant=online_pca
    → 处理 5 帧...
    → 批次进度: 1/1 (已处理 5/5 帧, 当前批耗时: 6.17s, 平均: 6.17s)
    ✓ 所有批次完成: 总耗时 6.17s, 平均 6.17s/批
    → 批量处理 22 帧 (共3批)...
    → 批次进度: 3/3 (已处理 22/22 帧, 当前批耗时: 7.24s, 平均: 8.87s)
    ✓ 所有批次完成: 总耗时 26.60s, 平均 8.87s/批
[108/112] adaptive: region=31, ep=137, variant=online_pca
    → 处理 5 帧...
    → 批次进度: 1/1 (已处理 5/5 帧, 当前批耗时: 6.02s, 平均: 6.02s)
    ✓ 所有批次完成: 总耗时 6.02s, 平均 6.02s/批
    → 批量处理 23 帧 (共3批)...
    → 批次进度: 3/3 (已处理 23/23 帧, 当前批耗时: 8.35s, 平均: 9.26s)
    ✓ 所有批次完成: 总耗时 27.78s, 平均 9.26s/批
[109/112] adaptive: region=31, ep=164, variant=online_pca
    → 处理 5 帧...
    → 批次进度: 1/1 (已处理 5/5 帧, 当前批耗时: 6.22s, 平均: 6.22s)
    ✓ 所有批次完成: 总耗时 6.22s, 平均 6.22s/批
    → 批量处理 23 帧 (共3批)...
    → 批次进度: 3/3 (已处理 23/23 帧, 当前批耗时: 8.51s, 平均: 9.26s)
    ✓ 所有批次完成: 总耗时 27.78s, 平均 9.26s/批
[110/112] adaptive: region=31, ep=234, variant=online_pca
    → 处理 5 帧...
    → 批次进度: 1/1 (已处理 5/5 帧, 当前批耗时: 6.20s, 平均: 6.20s)
    ✓ 所有批次完成: 总耗时 6.20s, 平均 6.20s/批
    → 批量处理 23 帧 (共3批)...
    → 批次进度: 3/3 (已处理 23/23 帧, 当前批耗时: 8.53s, 平均: 9.38s)
    ✓ 所有批次完成: 总耗时 28.15s, 平均 9.38s/批
[111/112] adaptive: region=31, ep=199, variant=online_pca
    → 处理 5 帧...
    → 批次进度: 1/1 (已处理 5/5 帧, 当前批耗时: 6.17s, 平均: 6.17s)
    ✓ 所有批次完成: 总耗时 6.17s, 平均 6.17s/批
    → 批量处理 20 帧 (共3批)...
    → 批次进度: 3/3 (已处理 20/20 帧, 当前批耗时: 4.90s, 平均: 8.11s)
    ✓ 所有批次完成: 总耗时 24.34s, 平均 8.11s/批
[112/112] adaptive: region=3, ep=50, variant=online_pca
========================================================================
selection written to: /data/zhonglinye/jun/lerobot/personal/work2/our_v6/outputs/our_v6_online_pca_full_112x3_seed42/selection/coffee-button-v3_corner/selected_episodes_v6.json
selected=112
regions=40
initial=8
adaptive=104
causal validation: PASS
========================================================================

=== Selecting disassemble-v3_corner ===
========================================================================
Our-V6 causal demonstration acquisition
dataset=disassemble-v3_corner
budget=112
visual_variant=online_pca
ablation=full
pre-acquisition information: episode_index + rand_vec only
========================================================================
V6 initialization: regions=40, B0=8, variant=online_pca, ablation=full
加载模型: HuggingFaceTB/SmolVLM2-500M-Video-Instruct
处理器加载完成
`torch_dtype` is deprecated! Use `dtype` instead!
Loading weights:   0%|          | 0/489 [00:00<?, ?it/s]Loading weights:  32%|███▏      | 156/489 [00:00<00:00, 1543.85it/s]Loading weights:  64%|██████▎   | 311/489 [00:00<00:00, 1465.80it/s]Loading weights: 100%|██████████| 489/489 [00:00<00:00, 1629.59it/s]
模型权重加载完成，正在初始化...
模型加载完成，设备: cuda
    → 处理 5 帧...
    → 批次进度: 1/1 (已处理 5/5 帧, 当前批耗时: 9.73s, 平均: 9.73s)
    ✓ 所有批次完成: 总耗时 9.73s, 平均 9.73s/批
    → 批量处理 57 帧 (共8批)...
    → 批次进度: 5/8 (已处理 40/57 帧, 当前批耗时: 14.54s, 平均: 14.54s)
    → 批次进度: 8/8 (已处理 57/57 帧, 当前批耗时: 1.73s, 平均: 12.88s)
    ✓ 所有批次完成: 总耗时 103.08s, 平均 12.88s/批
[001/112] initial: region=29, ep=109, variant=online_pca
    → 处理 5 帧...
    → 批次进度: 1/1 (已处理 5/5 帧, 当前批耗时: 8.74s, 平均: 8.74s)
    ✓ 所有批次完成: 总耗时 8.74s, 平均 8.74s/批
    → 批量处理 70 帧 (共9批)...
    → 批次进度: 5/9 (已处理 40/70 帧, 当前批耗时: 14.59s, 平均: 14.43s)
    → 批次进度: 9/9 (已处理 70/70 帧, 当前批耗时: 10.79s, 平均: 14.02s)
    ✓ 所有批次完成: 总耗时 126.16s, 平均 14.02s/批
[002/112] initial: region=28, ep=197, variant=online_pca
    → 处理 5 帧...
    → 批次进度: 1/1 (已处理 5/5 帧, 当前批耗时: 8.93s, 平均: 8.93s)
    ✓ 所有批次完成: 总耗时 8.93s, 平均 8.93s/批
    → 批量处理 83 帧 (共11批)...
    → 批次进度: 5/11 (已处理 40/83 帧, 当前批耗时: 14.33s, 平均: 14.38s)
    → 批次进度: 10/11 (已处理 80/83 帧, 当前批耗时: 14.19s, 平均: 14.31s)
    → 批次进度: 11/11 (已处理 83/83 帧, 当前批耗时: 5.21s, 平均: 13.49s)
    ✓ 所有批次完成: 总耗时 148.35s, 平均 13.49s/批
[003/112] initial: region=27, ep=83, variant=online_pca
    → 处理 5 帧...
    → 批次进度: 1/1 (已处理 5/5 帧, 当前批耗时: 8.81s, 平均: 8.81s)
    ✓ 所有批次完成: 总耗时 8.81s, 平均 8.81s/批
    → 批量处理 77 帧 (共10批)...
    → 批次进度: 5/10 (已处理 40/77 帧, 当前批耗时: 14.27s, 平均: 14.27s)
    → 批次进度: 10/10 (已处理 77/77 帧, 当前批耗时: 8.85s, 平均: 13.74s)
    ✓ 所有批次完成: 总耗时 137.40s, 平均 13.74s/批
[004/112] initial: region=1, ep=300, variant=online_pca
    → 处理 5 帧...
    → 批次进度: 1/1 (已处理 5/5 帧, 当前批耗时: 8.86s, 平均: 8.86s)
    ✓ 所有批次完成: 总耗时 8.86s, 平均 8.86s/批
    → 批量处理 118 帧 (共15批)...
    → 批次进度: 5/15 (已处理 40/118 帧, 当前批耗时: 15.95s, 平均: 15.33s)
    → 批次进度: 10/15 (已处理 80/118 帧, 当前批耗时: 14.98s, 平均: 15.18s)
    → 批次进度: 15/15 (已处理 118/118 帧, 当前批耗时: 10.42s, 平均: 14.73s)
    ✓ 所有批次完成: 总耗时 220.96s, 平均 14.73s/批
[005/112] initial: region=35, ep=180, variant=online_pca
    → 处理 5 帧...
    → 批次进度: 1/1 (已处理 5/5 帧, 当前批耗时: 8.53s, 平均: 8.53s)
    ✓ 所有批次完成: 总耗时 8.53s, 平均 8.53s/批
    → 批量处理 103 帧 (共13批)...
    → 批次进度: 5/13 (已处理 40/103 帧, 当前批耗时: 9.60s, 平均: 10.13s)
    → 批次进度: 10/13 (已处理 80/103 帧, 当前批耗时: 9.60s, 平均: 9.88s)
    → 批次进度: 13/13 (已处理 103/103 帧, 当前批耗时: 8.44s, 平均: 9.72s)
    ✓ 所有批次完成: 总耗时 126.42s, 平均 9.72s/批
[006/112] initial: region=14, ep=355, variant=online_pca
    → 处理 5 帧...
    → 批次进度: 1/1 (已处理 5/5 帧, 当前批耗时: 6.01s, 平均: 6.01s)
    ✓ 所有批次完成: 总耗时 6.01s, 平均 6.01s/批
    → 批量处理 77 帧 (共10批)...
    → 批次进度: 5/10 (已处理 40/77 帧, 当前批耗时: 9.58s, 平均: 9.42s)
    → 批次进度: 10/10 (已处理 77/77 帧, 当前批耗时: 5.93s, 平均: 9.06s)
    ✓ 所有批次完成: 总耗时 90.57s, 平均 9.06s/批
[007/112] initial: region=22, ep=187, variant=online_pca
    → 处理 5 帧...
    → 批次进度: 1/1 (已处理 5/5 帧, 当前批耗时: 5.93s, 平均: 5.93s)
    ✓ 所有批次完成: 总耗时 5.93s, 平均 5.93s/批
    → 批量处理 66 帧 (共9批)...
    → 批次进度: 5/9 (已处理 40/66 帧, 当前批耗时: 9.57s, 平均: 9.49s)
    → 批次进度: 9/9 (已处理 66/66 帧, 当前批耗时: 2.39s, 平均: 8.72s)
    ✓ 所有批次完成: 总耗时 78.46s, 平均 8.72s/批
[008/112] initial: region=30, ep=219, variant=online_pca
    → 处理 5 帧...
    → 批次进度: 1/1 (已处理 5/5 帧, 当前批耗时: 6.20s, 平均: 6.20s)
    ✓ 所有批次完成: 总耗时 6.20s, 平均 6.20s/批
    → 批量处理 96 帧 (共12批)...
    → 批次进度: 5/12 (已处理 40/96 帧, 当前批耗时: 9.59s, 平均: 9.48s)
    → 批次进度: 10/12 (已处理 80/96 帧, 当前批耗时: 9.36s, 平均: 9.49s)
    → 批次进度: 12/12 (已处理 96/96 帧, 当前批耗时: 9.46s, 平均: 9.48s)
    ✓ 所有批次完成: 总耗时 113.81s, 平均 9.48s/批
[009/112] adaptive: region=0, ep=119, variant=online_pca
    → 处理 5 帧...
    → 批次进度: 1/1 (已处理 5/5 帧, 当前批耗时: 5.87s, 平均: 5.87s)
    ✓ 所有批次完成: 总耗时 5.87s, 平均 5.87s/批
    → 批量处理 37 帧 (共5批)...
    → 批次进度: 5/5 (已处理 37/37 帧, 当前批耗时: 5.86s, 平均: 8.73s)
    ✓ 所有批次完成: 总耗时 43.63s, 平均 8.73s/批
[010/112] adaptive: region=2, ep=71, variant=online_pca
    → 处理 5 帧...
    → 批次进度: 1/1 (已处理 5/5 帧, 当前批耗时: 6.08s, 平均: 6.08s)
    ✓ 所有批次完成: 总耗时 6.08s, 平均 6.08s/批
    → 批量处理 107 帧 (共14批)...
    → 批次进度: 5/14 (已处理 40/107 帧, 当前批耗时: 9.54s, 平均: 9.52s)
    → 批次进度: 10/14 (已处理 80/107 帧, 当前批耗时: 9.40s, 平均: 9.49s)
    → 批次进度: 14/14 (已处理 107/107 帧, 当前批耗时: 3.53s, 平均: 9.04s)
    ✓ 所有批次完成: 总耗时 126.58s, 平均 9.04s/批
[011/112] adaptive: region=3, ep=95, variant=online_pca
    → 处理 5 帧...
    → 批次进度: 1/1 (已处理 5/5 帧, 当前批耗时: 7.13s, 平均: 7.13s)
    ✓ 所有批次完成: 总耗时 7.13s, 平均 7.13s/批
    → 批量处理 43 帧 (共6批)...
    → 批次进度: 5/6 (已处理 40/43 帧, 当前批耗时: 9.61s, 平均: 9.95s)
    → 批次进度: 6/6 (已处理 43/43 帧, 当前批耗时: 3.61s, 平均: 8.89s)
    ✓ 所有批次完成: 总耗时 53.35s, 平均 8.89s/批
[012/112] adaptive: region=4, ep=81, variant=online_pca
    → 处理 5 帧...
    → 批次进度: 1/1 (已处理 5/5 帧, 当前批耗时: 5.91s, 平均: 5.91s)
    ✓ 所有批次完成: 总耗时 5.91s, 平均 5.91s/批
    → 批量处理 40 帧 (共5批)...
    → 批次进度: 5/5 (已处理 40/40 帧, 当前批耗时: 9.57s, 平均: 9.49s)
    ✓ 所有批次完成: 总耗时 47.44s, 平均 9.49s/批
[013/112] adaptive: region=5, ep=230, variant=online_pca
    → 处理 5 帧...
    → 批次进度: 1/1 (已处理 5/5 帧, 当前批耗时: 6.20s, 平均: 6.20s)
    ✓ 所有批次完成: 总耗时 6.20s, 平均 6.20s/批
    → 批量处理 75 帧 (共10批)...
    → 批次进度: 5/10 (已处理 40/75 帧, 当前批耗时: 9.57s, 平均: 9.46s)
    → 批次进度: 10/10 (已处理 75/75 帧, 当前批耗时: 3.58s, 平均: 8.85s)
    ✓ 所有批次完成: 总耗时 88.55s, 平均 8.85s/批
[014/112] adaptive: region=6, ep=22, variant=online_pca
    → 处理 5 帧...
    → 批次进度: 1/1 (已处理 5/5 帧, 当前批耗时: 5.96s, 平均: 5.96s)
    ✓ 所有批次完成: 总耗时 5.96s, 平均 5.96s/批
    → 批量处理 37 帧 (共5批)...
    → 批次进度: 5/5 (已处理 37/37 帧, 当前批耗时: 5.83s, 平均: 8.66s)
    ✓ 所有批次完成: 总耗时 43.30s, 平均 8.66s/批
[015/112] adaptive: region=7, ep=394, variant=online_pca
    → 处理 5 帧...
    → 批次进度: 1/1 (已处理 5/5 帧, 当前批耗时: 6.95s, 平均: 6.95s)
    ✓ 所有批次完成: 总耗时 6.95s, 平均 6.95s/批
    → 批量处理 75 帧 (共10批)...
    → 批次进度: 5/10 (已处理 40/75 帧, 当前批耗时: 9.45s, 平均: 9.51s)
    → 批次进度: 10/10 (已处理 75/75 帧, 当前批耗时: 3.58s, 平均: 8.90s)
    ✓ 所有批次完成: 总耗时 88.96s, 平均 8.90s/批
[016/112] adaptive: region=8, ep=155, variant=online_pca
    → 处理 5 帧...
    → 批次进度: 1/1 (已处理 5/5 帧, 当前批耗时: 6.04s, 平均: 6.04s)
    ✓ 所有批次完成: 总耗时 6.04s, 平均 6.04s/批
    → 批量处理 44 帧 (共6批)...
    → 批次进度: 5/6 (已处理 40/44 帧, 当前批耗时: 9.54s, 平均: 9.53s)
    → 批次进度: 6/6 (已处理 44/44 帧, 当前批耗时: 4.74s, 平均: 8.73s)
    ✓ 所有批次完成: 总耗时 52.38s, 平均 8.73s/批
[017/112] adaptive: region=9, ep=330, variant=online_pca
    → 处理 5 帧...
    → 批次进度: 1/1 (已处理 5/5 帧, 当前批耗时: 6.08s, 平均: 6.08s)
    ✓ 所有批次完成: 总耗时 6.08s, 平均 6.08s/批
    → 批量处理 62 帧 (共8批)...
    → 批次进度: 5/8 (已处理 40/62 帧, 当前批耗时: 9.33s, 平均: 9.37s)
    → 批次进度: 8/8 (已处理 62/62 帧, 当前批耗时: 7.01s, 平均: 9.07s)
    ✓ 所有批次完成: 总耗时 72.55s, 平均 9.07s/批
[018/112] adaptive: region=10, ep=240, variant=online_pca
    → 处理 5 帧...
    → 批次进度: 1/1 (已处理 5/5 帧, 当前批耗时: 5.85s, 平均: 5.85s)
    ✓ 所有批次完成: 总耗时 5.85s, 平均 5.85s/批
    → 批量处理 96 帧 (共12批)...
    → 批次进度: 5/12 (已处理 40/96 帧, 当前批耗时: 9.31s, 平均: 9.44s)
    → 批次进度: 10/12 (已处理 80/96 帧, 当前批耗时: 9.49s, 平均: 9.47s)
    → 批次进度: 12/12 (已处理 96/96 帧, 当前批耗时: 9.38s, 平均: 9.47s)
    ✓ 所有批次完成: 总耗时 113.59s, 平均 9.47s/批
[019/112] adaptive: region=11, ep=88, variant=online_pca
    → 处理 5 帧...
    → 批次进度: 1/1 (已处理 5/5 帧, 当前批耗时: 5.90s, 平均: 5.90s)
    ✓ 所有批次完成: 总耗时 5.90s, 平均 5.90s/批
    → 批量处理 72 帧 (共9批)...
    → 批次进度: 5/9 (已处理 40/72 帧, 当前批耗时: 9.41s, 平均: 9.40s)
    → 批次进度: 9/9 (已处理 72/72 帧, 当前批耗时: 9.47s, 平均: 9.41s)
    ✓ 所有批次完成: 总耗时 84.66s, 平均 9.41s/批
[020/112] adaptive: region=12, ep=340, variant=online_pca
    → 处理 5 帧...
    → 批次进度: 1/1 (已处理 5/5 帧, 当前批耗时: 6.07s, 平均: 6.07s)
    ✓ 所有批次完成: 总耗时 6.07s, 平均 6.07s/批
    → 批量处理 38 帧 (共5批)...
    → 批次进度: 5/5 (已处理 38/38 帧, 当前批耗时: 7.12s, 平均: 9.00s)
    ✓ 所有批次完成: 总耗时 44.98s, 平均 9.00s/批
[021/112] adaptive: region=13, ep=188, variant=online_pca
    → 处理 5 帧...
    → 批次进度: 1/1 (已处理 5/5 帧, 当前批耗时: 6.03s, 平均: 6.03s)
    ✓ 所有批次完成: 总耗时 6.03s, 平均 6.03s/批
    → 批量处理 61 帧 (共8批)...
    → 批次进度: 5/8 (已处理 40/61 帧, 当前批耗时: 9.52s, 平均: 9.53s)
    → 批次进度: 8/8 (已处理 61/61 帧, 当前批耗时: 5.90s, 平均: 9.06s)
    ✓ 所有批次完成: 总耗时 72.47s, 平均 9.06s/批
[022/112] adaptive: region=15, ep=379, variant=online_pca
    → 处理 5 帧...
    → 批次进度: 1/1 (已处理 5/5 帧, 当前批耗时: 5.84s, 平均: 5.84s)
    ✓ 所有批次完成: 总耗时 5.84s, 平均 5.84s/批
    → 批量处理 60 帧 (共8批)...
    → 批次进度: 5/8 (已处理 40/60 帧, 当前批耗时: 9.53s, 平均: 9.55s)
    → 批次进度: 8/8 (已处理 60/60 帧, 当前批耗时: 4.73s, 平均: 8.94s)
    ✓ 所有批次完成: 总耗时 71.52s, 平均 8.94s/批
[023/112] adaptive: region=16, ep=342, variant=online_pca
    → 处理 5 帧...
    → 批次进度: 1/1 (已处理 5/5 帧, 当前批耗时: 7.33s, 平均: 7.33s)
    ✓ 所有批次完成: 总耗时 7.33s, 平均 7.33s/批
    → 批量处理 70 帧 (共9批)...
    → 批次进度: 5/9 (已处理 40/70 帧, 当前批耗时: 9.44s, 平均: 9.55s)
    → 批次进度: 9/9 (已处理 70/70 帧, 当前批耗时: 7.18s, 平均: 9.28s)
    ✓ 所有批次完成: 总耗时 83.56s, 平均 9.28s/批
[024/112] adaptive: region=17, ep=226, variant=online_pca
    → 处理 5 帧...
    → 批次进度: 1/1 (已处理 5/5 帧, 当前批耗时: 5.90s, 平均: 5.90s)
    ✓ 所有批次完成: 总耗时 5.90s, 平均 5.90s/批
    → 批量处理 97 帧 (共13批)...
    → 批次进度: 5/13 (已处理 40/97 帧, 当前批耗时: 9.29s, 平均: 9.31s)
    → 批次进度: 10/13 (已处理 80/97 帧, 当前批耗时: 9.36s, 平均: 9.33s)
    → 批次进度: 13/13 (已处理 97/97 帧, 当前批耗时: 1.17s, 平均: 8.71s)
    ✓ 所有批次完成: 总耗时 113.24s, 平均 8.71s/批
[025/112] adaptive: region=18, ep=266, variant=online_pca
    → 处理 5 帧...
    → 批次进度: 1/1 (已处理 5/5 帧, 当前批耗时: 6.00s, 平均: 6.00s)
    ✓ 所有批次完成: 总耗时 6.00s, 平均 6.00s/批
    → 批量处理 80 帧 (共10批)...
    → 批次进度: 5/10 (已处理 40/80 帧, 当前批耗时: 9.44s, 平均: 9.47s)
    → 批次进度: 10/10 (已处理 80/80 帧, 当前批耗时: 9.50s, 平均: 9.47s)
    ✓ 所有批次完成: 总耗时 94.70s, 平均 9.47s/批
[026/112] adaptive: region=19, ep=165, variant=online_pca
    → 处理 5 帧...
    → 批次进度: 1/1 (已处理 5/5 帧, 当前批耗时: 8.42s, 平均: 8.42s)
    ✓ 所有批次完成: 总耗时 8.42s, 平均 8.42s/批
    → 批量处理 67 帧 (共9批)...
    → 批次进度: 5/9 (已处理 40/67 帧, 当前批耗时: 9.57s, 平均: 10.90s)
    → 批次进度: 9/9 (已处理 67/67 帧, 当前批耗时: 3.64s, 平均: 9.65s)
    ✓ 所有批次完成: 总耗时 86.82s, 平均 9.65s/批
[027/112] adaptive: region=20, ep=216, variant=online_pca
    → 处理 5 帧...
    → 批次进度: 1/1 (已处理 5/5 帧, 当前批耗时: 6.00s, 平均: 6.00s)
    ✓ 所有批次完成: 总耗时 6.00s, 平均 6.00s/批
    → 批量处理 40 帧 (共5批)...
    → 批次进度: 5/5 (已处理 40/40 帧, 当前批耗时: 9.70s, 平均: 9.61s)
    ✓ 所有批次完成: 总耗时 48.07s, 平均 9.61s/批
[028/112] adaptive: region=21, ep=64, variant=online_pca
    → 处理 5 帧...
    → 批次进度: 1/1 (已处理 5/5 帧, 当前批耗时: 5.93s, 平均: 5.93s)
    ✓ 所有批次完成: 总耗时 5.93s, 平均 5.93s/批
    → 批量处理 75 帧 (共10批)...
    → 批次进度: 5/10 (已处理 40/75 帧, 当前批耗时: 9.52s, 平均: 9.50s)
    → 批次进度: 10/10 (已处理 75/75 帧, 当前批耗时: 3.65s, 平均: 8.91s)
    ✓ 所有批次完成: 总耗时 89.14s, 平均 8.91s/批
[029/112] adaptive: region=23, ep=325, variant=online_pca
    → 处理 5 帧...
    → 批次进度: 1/1 (已处理 5/5 帧, 当前批耗时: 5.95s, 平均: 5.95s)
    ✓ 所有批次完成: 总耗时 5.95s, 平均 5.95s/批
    → 批量处理 80 帧 (共10批)...
    → 批次进度: 5/10 (已处理 40/80 帧, 当前批耗时: 9.53s, 平均: 9.51s)
    → 批次进度: 10/10 (已处理 80/80 帧, 当前批耗时: 9.49s, 平均: 9.52s)
    ✓ 所有批次完成: 总耗时 95.16s, 平均 9.52s/批
[030/112] adaptive: region=24, ep=220, variant=online_pca
    → 处理 5 帧...
    → 批次进度: 1/1 (已处理 5/5 帧, 当前批耗时: 5.89s, 平均: 5.89s)
    ✓ 所有批次完成: 总耗时 5.89s, 平均 5.89s/批
    → 批量处理 83 帧 (共11批)...
    → 批次进度: 5/11 (已处理 40/83 帧, 当前批耗时: 9.49s, 平均: 9.45s)
    → 批次进度: 10/11 (已处理 80/83 帧, 当前批耗时: 9.43s, 平均: 9.44s)
    → 批次进度: 11/11 (已处理 83/83 帧, 当前批耗时: 3.53s, 平均: 8.90s)
    ✓ 所有批次完成: 总耗时 97.94s, 平均 8.90s/批
[031/112] adaptive: region=25, ep=80, variant=online_pca
    → 处理 5 帧...
    → 批次进度: 1/1 (已处理 5/5 帧, 当前批耗时: 5.88s, 平均: 5.88s)
    ✓ 所有批次完成: 总耗时 5.88s, 平均 5.88s/批
    → 批量处理 77 帧 (共10批)...
    → 批次进度: 5/10 (已处理 40/77 帧, 当前批耗时: 9.50s, 平均: 9.42s)
    → 批次进度: 10/10 (已处理 77/77 帧, 当前批耗时: 5.85s, 平均: 9.04s)
    ✓ 所有批次完成: 总耗时 90.41s, 平均 9.04s/批
[032/112] adaptive: region=26, ep=56, variant=online_pca
    → 处理 5 帧...
    → 批次进度: 1/1 (已处理 5/5 帧, 当前批耗时: 5.96s, 平均: 5.96s)
    ✓ 所有批次完成: 总耗时 5.96s, 平均 5.96s/批
    → 批量处理 58 帧 (共8批)...
    → 批次进度: 5/8 (已处理 40/58 帧, 当前批耗时: 9.41s, 平均: 9.49s)
    → 批次进度: 8/8 (已处理 58/58 帧, 当前批耗时: 2.39s, 平均: 8.60s)
    ✓ 所有批次完成: 总耗时 68.83s, 平均 8.60s/批
[033/112] adaptive: region=31, ep=344, variant=online_pca
    → 处理 5 帧...
    → 批次进度: 1/1 (已处理 5/5 帧, 当前批耗时: 6.93s, 平均: 6.93s)
    ✓ 所有批次完成: 总耗时 6.93s, 平均 6.93s/批
    → 批量处理 74 帧 (共10批)...
    → 批次进度: 5/10 (已处理 40/74 帧, 当前批耗时: 9.50s, 平均: 9.53s)
    → 批次进度: 10/10 (已处理 74/74 帧, 当前批耗时: 2.38s, 平均: 8.80s)
    ✓ 所有批次完成: 总耗时 88.00s, 平均 8.80s/批
[034/112] adaptive: region=32, ep=357, variant=online_pca
    → 处理 5 帧...
    → 批次进度: 1/1 (已处理 5/5 帧, 当前批耗时: 5.99s, 平均: 5.99s)
    ✓ 所有批次完成: 总耗时 5.99s, 平均 5.99s/批
    → 批量处理 51 帧 (共7批)...
    → 批次进度: 5/7 (已处理 40/51 帧, 当前批耗时: 9.50s, 平均: 9.47s)
    → 批次进度: 7/7 (已处理 51/51 帧, 当前批耗时: 3.63s, 平均: 8.64s)
    ✓ 所有批次完成: 总耗时 60.47s, 平均 8.64s/批
[035/112] adaptive: region=33, ep=133, variant=online_pca
    → 处理 5 帧...
    → 批次进度: 1/1 (已处理 5/5 帧, 当前批耗时: 5.88s, 平均: 5.88s)
    ✓ 所有批次完成: 总耗时 5.88s, 平均 5.88s/批
    → 批量处理 200 帧 (共25批)...
    → 批次进度: 5/25 (已处理 40/200 帧, 当前批耗时: 9.34s, 平均: 9.29s)
    → 批次进度: 10/25 (已处理 80/200 帧, 当前批耗时: 9.43s, 平均: 9.36s)
    → 批次进度: 15/25 (已处理 120/200 帧, 当前批耗时: 9.47s, 平均: 9.40s)
    → 批次进度: 20/25 (已处理 160/200 帧, 当前批耗时: 9.39s, 平均: 9.41s)
    → 批次进度: 25/25 (已处理 200/200 帧, 当前批耗时: 9.37s, 平均: 9.40s)
    ✓ 所有批次完成: 总耗时 235.06s, 平均 9.40s/批
[036/112] adaptive: region=34, ep=305, variant=online_pca
    → 处理 5 帧...
    → 批次进度: 1/1 (已处理 5/5 帧, 当前批耗时: 5.95s, 平均: 5.95s)
    ✓ 所有批次完成: 总耗时 5.95s, 平均 5.95s/批
    → 批量处理 100 帧 (共13批)...
    → 批次进度: 5/13 (已处理 40/100 帧, 当前批耗时: 9.49s, 平均: 9.54s)
    → 批次进度: 10/13 (已处理 80/100 帧, 当前批耗时: 9.48s, 平均: 9.54s)
    → 批次进度: 13/13 (已处理 100/100 帧, 当前批耗时: 4.73s, 平均: 9.16s)
    ✓ 所有批次完成: 总耗时 119.13s, 平均 9.16s/批
[037/112] adaptive: region=36, ep=124, variant=online_pca
    → 处理 5 帧...
    → 批次进度: 1/1 (已处理 5/5 帧, 当前批耗时: 6.07s, 平均: 6.07s)
    ✓ 所有批次完成: 总耗时 6.07s, 平均 6.07s/批
    → 批量处理 56 帧 (共7批)...
    → 批次进度: 5/7 (已处理 40/56 帧, 当前批耗时: 9.45s, 平均: 9.39s)
    → 批次进度: 7/7 (已处理 56/56 帧, 当前批耗时: 9.39s, 平均: 9.39s)
    ✓ 所有批次完成: 总耗时 65.71s, 平均 9.39s/批
[038/112] adaptive: region=37, ep=228, variant=online_pca
    → 处理 5 帧...
    → 批次进度: 1/1 (已处理 5/5 帧, 当前批耗时: 6.03s, 平均: 6.03s)
    ✓ 所有批次完成: 总耗时 6.03s, 平均 6.03s/批
    → 批量处理 98 帧 (共13批)...
    → 批次进度: 5/13 (已处理 40/98 帧, 当前批耗时: 9.37s, 平均: 9.40s)
    → 批次进度: 10/13 (已处理 80/98 帧, 当前批耗时: 9.54s, 平均: 9.41s)
    → 批次进度: 13/13 (已处理 98/98 帧, 当前批耗时: 2.39s, 平均: 8.88s)
    ✓ 所有批次完成: 总耗时 115.50s, 平均 8.88s/批
[039/112] adaptive: region=38, ep=97, variant=online_pca
    → 处理 5 帧...
    → 批次进度: 1/1 (已处理 5/5 帧, 当前批耗时: 6.77s, 平均: 6.77s)
    ✓ 所有批次完成: 总耗时 6.77s, 平均 6.77s/批
    → 批量处理 75 帧 (共10批)...
    → 批次进度: 5/10 (已处理 40/75 帧, 当前批耗时: 9.50s, 平均: 10.66s)
    → 批次进度: 10/10 (已处理 75/75 帧, 当前批耗时: 3.58s, 平均: 9.49s)
    ✓ 所有批次完成: 总耗时 94.93s, 平均 9.49s/批
[040/112] adaptive: region=39, ep=135, variant=online_pca
    → 处理 5 帧...
    → 批次进度: 1/1 (已处理 5/5 帧, 当前批耗时: 5.92s, 平均: 5.92s)
    ✓ 所有批次完成: 总耗时 5.92s, 平均 5.92s/批
    → 批量处理 98 帧 (共13批)...
    → 批次进度: 5/13 (已处理 40/98 帧, 当前批耗时: 9.53s, 平均: 9.48s)
    → 批次进度: 10/13 (已处理 80/98 帧, 当前批耗时: 9.49s, 平均: 9.47s)
    → 批次进度: 13/13 (已处理 98/98 帧, 当前批耗时: 2.36s, 平均: 8.91s)
    ✓ 所有批次完成: 总耗时 115.81s, 平均 8.91s/批
[041/112] adaptive: region=22, ep=388, variant=online_pca
    → 处理 5 帧...
    → 批次进度: 1/1 (已处理 5/5 帧, 当前批耗时: 5.91s, 平均: 5.91s)
    ✓ 所有批次完成: 总耗时 5.91s, 平均 5.91s/批
    → 批量处理 84 帧 (共11批)...
    → 批次进度: 5/11 (已处理 40/84 帧, 当前批耗时: 9.38s, 平均: 9.44s)
    → 批次进度: 10/11 (已处理 80/84 帧, 当前批耗时: 9.44s, 平均: 9.42s)
    → 批次进度: 11/11 (已处理 84/84 帧, 当前批耗时: 4.71s, 平均: 8.99s)
    ✓ 所有批次完成: 总耗时 98.88s, 平均 8.99s/批
[042/112] adaptive: region=22, ep=169, variant=online_pca
    → 处理 5 帧...
    → 批次进度: 1/1 (已处理 5/5 帧, 当前批耗时: 6.01s, 平均: 6.01s)
    ✓ 所有批次完成: 总耗时 6.01s, 平均 6.01s/批
    → 批量处理 44 帧 (共6批)...
    → 批次进度: 5/6 (已处理 40/44 帧, 当前批耗时: 9.37s, 平均: 9.43s)
    → 批次进度: 6/6 (已处理 44/44 帧, 当前批耗时: 4.70s, 平均: 8.64s)
    ✓ 所有批次完成: 总耗时 51.84s, 平均 8.64s/批
[043/112] adaptive: region=22, ep=321, variant=online_pca
    → 处理 5 帧...
    → 批次进度: 1/1 (已处理 5/5 帧, 当前批耗时: 5.92s, 平均: 5.92s)
    ✓ 所有批次完成: 总耗时 5.92s, 平均 5.92s/批
    → 批量处理 73 帧 (共10批)...
    → 批次进度: 5/10 (已处理 40/73 帧, 当前批耗时: 9.44s, 平均: 9.39s)
    → 批次进度: 10/10 (已处理 73/73 帧, 当前批耗时: 1.18s, 平均: 8.56s)
    ✓ 所有批次完成: 总耗时 85.60s, 平均 8.56s/批
[044/112] adaptive: region=22, ep=259, variant=online_pca
    → 处理 5 帧...
    → 批次进度: 1/1 (已处理 5/5 帧, 当前批耗时: 6.45s, 平均: 6.45s)
    ✓ 所有批次完成: 总耗时 6.45s, 平均 6.45s/批
    → 批量处理 102 帧 (共13批)...
    → 批次进度: 5/13 (已处理 40/102 帧, 当前批耗时: 9.46s, 平均: 9.59s)
    → 批次进度: 10/13 (已处理 80/102 帧, 当前批耗时: 9.63s, 平均: 9.56s)
    → 批次进度: 13/13 (已处理 102/102 帧, 当前批耗时: 7.17s, 平均: 9.39s)
    ✓ 所有批次完成: 总耗时 122.06s, 平均 9.39s/批
[045/112] adaptive: region=22, ep=254, variant=online_pca
    → 处理 5 帧...
    → 批次进度: 1/1 (已处理 5/5 帧, 当前批耗时: 6.05s, 平均: 6.05s)
    ✓ 所有批次完成: 总耗时 6.05s, 平均 6.05s/批
    → 批量处理 42 帧 (共6批)...
    → 批次进度: 5/6 (已处理 40/42 帧, 当前批耗时: 9.59s, 平均: 9.56s)
    → 批次进度: 6/6 (已处理 42/42 帧, 当前批耗时: 2.39s, 平均: 8.36s)
    ✓ 所有批次完成: 总耗时 50.19s, 平均 8.36s/批
[046/112] adaptive: region=22, ep=9, variant=online_pca
    → 处理 5 帧...
    → 批次进度: 1/1 (已处理 5/5 帧, 当前批耗时: 5.97s, 平均: 5.97s)
    ✓ 所有批次完成: 总耗时 5.97s, 平均 5.97s/批
    → 批量处理 93 帧 (共12批)...
    → 批次进度: 5/12 (已处理 40/93 帧, 当前批耗时: 9.42s, 平均: 9.41s)
    → 批次进度: 10/12 (已处理 80/93 帧, 当前批耗时: 9.53s, 平均: 9.46s)
    → 批次进度: 12/12 (已处理 93/93 帧, 当前批耗时: 6.01s, 平均: 9.18s)
    ✓ 所有批次完成: 总耗时 110.20s, 平均 9.18s/批
[047/112] adaptive: region=22, ep=35, variant=online_pca
    → 处理 5 帧...
    → 批次进度: 1/1 (已处理 5/5 帧, 当前批耗时: 5.95s, 平均: 5.95s)
    ✓ 所有批次完成: 总耗时 5.95s, 平均 5.95s/批
    → 批量处理 82 帧 (共11批)...
    → 批次进度: 5/11 (已处理 40/82 帧, 当前批耗时: 9.33s, 平均: 9.35s)
    → 批次进度: 10/11 (已处理 80/82 帧, 当前批耗时: 9.51s, 平均: 9.40s)
    → 批次进度: 11/11 (已处理 82/82 帧, 当前批耗时: 2.35s, 平均: 8.76s)
    ✓ 所有批次完成: 总耗时 96.33s, 平均 8.76s/批
[048/112] adaptive: region=32, ep=23, variant=online_pca
    → 处理 5 帧...
    → 批次进度: 1/1 (已处理 5/5 帧, 当前批耗时: 5.99s, 平均: 5.99s)
    ✓ 所有批次完成: 总耗时 5.99s, 平均 5.99s/批
    → 批量处理 40 帧 (共5批)...
    → 批次进度: 5/5 (已处理 40/40 帧, 当前批耗时: 9.53s, 平均: 9.50s)
    ✓ 所有批次完成: 总耗时 47.50s, 平均 9.50s/批
[049/112] adaptive: region=32, ep=399, variant=online_pca
    → 处理 5 帧...
    → 批次进度: 1/1 (已处理 5/5 帧, 当前批耗时: 6.12s, 平均: 6.12s)
    ✓ 所有批次完成: 总耗时 6.12s, 平均 6.12s/批
    → 批量处理 80 帧 (共10批)...
    → 批次进度: 5/10 (已处理 40/80 帧, 当前批耗时: 9.67s, 平均: 9.66s)
    → 批次进度: 10/10 (已处理 80/80 帧, 当前批耗时: 9.51s, 平均: 9.60s)
    ✓ 所有批次完成: 总耗时 96.03s, 平均 9.60s/批
[050/112] adaptive: region=32, ep=323, variant=online_pca
    → 处理 5 帧...
    → 批次进度: 1/1 (已处理 5/5 帧, 当前批耗时: 5.90s, 平均: 5.90s)
    ✓ 所有批次完成: 总耗时 5.90s, 平均 5.90s/批
    → 批量处理 67 帧 (共9批)...
    → 批次进度: 5/9 (已处理 40/67 帧, 当前批耗时: 9.34s, 平均: 9.37s)
    → 批次进度: 9/9 (已处理 67/67 帧, 当前批耗时: 3.54s, 平均: 8.71s)
    ✓ 所有批次完成: 总耗时 78.43s, 平均 8.71s/批
[051/112] adaptive: region=32, ep=49, variant=online_pca
    → 处理 5 帧...
    → 批次进度: 1/1 (已处理 5/5 帧, 当前批耗时: 5.98s, 平均: 5.98s)
    ✓ 所有批次完成: 总耗时 5.98s, 平均 5.98s/批
    → 批量处理 36 帧 (共5批)...
    → 批次进度: 5/5 (已处理 36/36 帧, 当前批耗时: 5.16s, 平均: 8.53s)
    ✓ 所有批次完成: 总耗时 42.67s, 平均 8.53s/批
[052/112] adaptive: region=32, ep=373, variant=online_pca
    → 处理 5 帧...
    → 批次进度: 1/1 (已处理 5/5 帧, 当前批耗时: 5.96s, 平均: 5.96s)
    ✓ 所有批次完成: 总耗时 5.96s, 平均 5.96s/批
    → 批量处理 75 帧 (共10批)...
    → 批次进度: 5/10 (已处理 40/75 帧, 当前批耗时: 9.46s, 平均: 9.45s)
    → 批次进度: 10/10 (已处理 75/75 帧, 当前批耗时: 3.53s, 平均: 8.84s)
    ✓ 所有批次完成: 总耗时 88.38s, 平均 8.84s/批
[053/112] adaptive: region=6, ep=1, variant=online_pca
    → 处理 5 帧...
    → 批次进度: 1/1 (已处理 5/5 帧, 当前批耗时: 5.88s, 平均: 5.88s)
    ✓ 所有批次完成: 总耗时 5.88s, 平均 5.88s/批
    → 批量处理 48 帧 (共6批)...
    → 批次进度: 5/6 (已处理 40/48 帧, 当前批耗时: 9.42s, 平均: 9.39s)
    → 批次进度: 6/6 (已处理 48/48 帧, 当前批耗时: 9.45s, 平均: 9.40s)
    ✓ 所有批次完成: 总耗时 56.40s, 平均 9.40s/批
[054/112] adaptive: region=6, ep=378, variant=online_pca
    → 处理 5 帧...
    → 批次进度: 1/1 (已处理 5/5 帧, 当前批耗时: 5.86s, 平均: 5.86s)
    ✓ 所有批次完成: 总耗时 5.86s, 平均 5.86s/批
    → 批量处理 43 帧 (共6批)...
    → 批次进度: 5/6 (已处理 40/43 帧, 当前批耗时: 9.53s, 平均: 9.47s)
    → 批次进度: 6/6 (已处理 43/43 帧, 当前批耗时: 3.57s, 平均: 8.49s)
    ✓ 所有批次完成: 总耗时 50.93s, 平均 8.49s/批
[055/112] adaptive: region=6, ep=242, variant=online_pca
    → 处理 5 帧...
    → 批次进度: 1/1 (已处理 5/5 帧, 当前批耗时: 6.07s, 平均: 6.07s)
    ✓ 所有批次完成: 总耗时 6.07s, 平均 6.07s/批
    → 批量处理 44 帧 (共6批)...
    → 批次进度: 5/6 (已处理 40/44 帧, 当前批耗时: 9.53s, 平均: 9.54s)
    → 批次进度: 6/6 (已处理 44/44 帧, 当前批耗时: 4.75s, 平均: 8.74s)
    ✓ 所有批次完成: 总耗时 52.43s, 平均 8.74s/批
[056/112] adaptive: region=6, ep=360, variant=online_pca
    → 处理 5 帧...
    → 批次进度: 1/1 (已处理 5/5 帧, 当前批耗时: 8.48s, 平均: 8.48s)
    ✓ 所有批次完成: 总耗时 8.48s, 平均 8.48s/批
    → 批量处理 82 帧 (共11批)...
    → 批次进度: 5/11 (已处理 40/82 帧, 当前批耗时: 9.41s, 平均: 9.43s)
    → 批次进度: 10/11 (已处理 80/82 帧, 当前批耗时: 9.43s, 平均: 9.44s)
    → 批次进度: 11/11 (已处理 82/82 帧, 当前批耗时: 2.39s, 平均: 8.80s)
    ✓ 所有批次完成: 总耗时 96.82s, 平均 8.80s/批
[057/112] adaptive: region=6, ep=163, variant=online_pca
    → 处理 5 帧...
    → 批次进度: 1/1 (已处理 5/5 帧, 当前批耗时: 5.84s, 平均: 5.84s)
    ✓ 所有批次完成: 总耗时 5.84s, 平均 5.84s/批
    → 批量处理 69 帧 (共9批)...
    → 批次进度: 5/9 (已处理 40/69 帧, 当前批耗时: 9.40s, 平均: 9.49s)
    → 批次进度: 9/9 (已处理 69/69 帧, 当前批耗时: 5.96s, 平均: 9.08s)
    ✓ 所有批次完成: 总耗时 81.71s, 平均 9.08s/批
[058/112] adaptive: region=32, ep=243, variant=online_pca
    → 处理 5 帧...
    → 批次进度: 1/1 (已处理 5/5 帧, 当前批耗时: 6.22s, 平均: 6.22s)
    ✓ 所有批次完成: 总耗时 6.22s, 平均 6.22s/批
    → 批量处理 97 帧 (共13批)...
    → 批次进度: 5/13 (已处理 40/97 帧, 当前批耗时: 9.75s, 平均: 11.53s)
    → 批次进度: 10/13 (已处理 80/97 帧, 当前批耗时: 9.52s, 平均: 10.54s)
    → 批次进度: 13/13 (已处理 97/97 帧, 当前批耗时: 1.20s, 平均: 9.67s)
    ✓ 所有批次完成: 总耗时 125.74s, 平均 9.67s/批
[059/112] adaptive: region=22, ep=315, variant=online_pca
    → 处理 5 帧...
    → 批次进度: 1/1 (已处理 5/5 帧, 当前批耗时: 5.96s, 平均: 5.96s)
    ✓ 所有批次完成: 总耗时 5.96s, 平均 5.96s/批
    → 批量处理 40 帧 (共5批)...
    → 批次进度: 5/5 (已处理 40/40 帧, 当前批耗时: 9.40s, 平均: 9.45s)
    ✓ 所有批次完成: 总耗时 47.27s, 平均 9.45s/批
[060/112] adaptive: region=6, ep=316, variant=online_pca
    → 处理 5 帧...
    → 批次进度: 1/1 (已处理 5/5 帧, 当前批耗时: 5.89s, 平均: 5.89s)
    ✓ 所有批次完成: 总耗时 5.89s, 平均 5.89s/批
    → 批量处理 41 帧 (共6批)...
    → 批次进度: 5/6 (已处理 40/41 帧, 当前批耗时: 9.35s, 平均: 9.37s)
    → 批次进度: 6/6 (已处理 41/41 帧, 当前批耗时: 1.18s, 平均: 8.00s)
    ✓ 所有批次完成: 总耗时 48.01s, 平均 8.00s/批
[061/112] adaptive: region=22, ep=112, variant=online_pca
    → 处理 5 帧...
    → 批次进度: 1/1 (已处理 5/5 帧, 当前批耗时: 5.94s, 平均: 5.94s)
    ✓ 所有批次完成: 总耗时 5.94s, 平均 5.94s/批
    → 批量处理 70 帧 (共9批)...
    → 批次进度: 5/9 (已处理 40/70 帧, 当前批耗时: 9.47s, 平均: 9.49s)
    → 批次进度: 9/9 (已处理 70/70 帧, 当前批耗时: 7.06s, 平均: 9.22s)
    ✓ 所有批次完成: 总耗时 82.97s, 平均 9.22s/批
[062/112] adaptive: region=32, ep=212, variant=online_pca
    → 处理 5 帧...
    → 批次进度: 1/1 (已处理 5/5 帧, 当前批耗时: 5.94s, 平均: 5.94s)
    ✓ 所有批次完成: 总耗时 5.94s, 平均 5.94s/批
    → 批量处理 57 帧 (共8批)...
    → 批次进度: 5/8 (已处理 40/57 帧, 当前批耗时: 9.48s, 平均: 9.50s)
    → 批次进度: 8/8 (已处理 57/57 帧, 当前批耗时: 1.19s, 平均: 8.47s)
    ✓ 所有批次完成: 总耗时 67.78s, 平均 8.47s/批
[063/112] adaptive: region=22, ep=8, variant=online_pca
    → 处理 5 帧...
    → 批次进度: 1/1 (已处理 5/5 帧, 当前批耗时: 8.59s, 平均: 8.59s)
    ✓ 所有批次完成: 总耗时 8.59s, 平均 8.59s/批
    → 批量处理 103 帧 (共13批)...
    → 批次进度: 5/13 (已处理 40/103 帧, 当前批耗时: 9.45s, 平均: 10.73s)
    → 批次进度: 10/13 (已处理 80/103 帧, 当前批耗时: 9.36s, 平均: 10.07s)
    → 批次进度: 13/13 (已处理 103/103 帧, 当前批耗时: 8.21s, 平均: 9.82s)
    ✓ 所有批次完成: 总耗时 127.67s, 平均 9.82s/批
[064/112] adaptive: region=32, ep=16, variant=online_pca
    → 处理 5 帧...
    → 批次进度: 1/1 (已处理 5/5 帧, 当前批耗时: 5.93s, 平均: 5.93s)
    ✓ 所有批次完成: 总耗时 5.93s, 平均 5.93s/批
    → 批量处理 55 帧 (共7批)...
    → 批次进度: 5/7 (已处理 40/55 帧, 当前批耗时: 9.47s, 平均: 9.38s)
    → 批次进度: 7/7 (已处理 55/55 帧, 当前批耗时: 8.29s, 平均: 9.24s)
    ✓ 所有批次完成: 总耗时 64.65s, 平均 9.24s/批
[065/112] adaptive: region=6, ep=18, variant=online_pca
    → 处理 5 帧...
    → 批次进度: 1/1 (已处理 5/5 帧, 当前批耗时: 5.92s, 平均: 5.92s)
    ✓ 所有批次完成: 总耗时 5.92s, 平均 5.92s/批
    → 批量处理 80 帧 (共10批)...
    → 批次进度: 5/10 (已处理 40/80 帧, 当前批耗时: 9.36s, 平均: 9.35s)
    → 批次进度: 10/10 (已处理 80/80 帧, 当前批耗时: 9.30s, 平均: 9.34s)
    ✓ 所有批次完成: 总耗时 93.43s, 平均 9.34s/批
[066/112] adaptive: region=22, ep=70, variant=online_pca
    → 处理 5 帧...
    → 批次进度: 1/1 (已处理 5/5 帧, 当前批耗时: 6.89s, 平均: 6.89s)
    ✓ 所有批次完成: 总耗时 6.89s, 平均 6.89s/批
    → 批量处理 50 帧 (共7批)...
    → 批次进度: 5/7 (已处理 40/50 帧, 当前批耗时: 9.43s, 平均: 9.44s)
    → 批次进度: 7/7 (已处理 50/50 帧, 当前批耗时: 2.41s, 平均: 8.45s)
    ✓ 所有批次完成: 总耗时 59.17s, 平均 8.45s/批
[067/112] adaptive: region=32, ep=292, variant=online_pca
    → 处理 5 帧...
    → 批次进度: 1/1 (已处理 5/5 帧, 当前批耗时: 6.02s, 平均: 6.02s)
    ✓ 所有批次完成: 总耗时 6.02s, 平均 6.02s/批
    → 批量处理 94 帧 (共12批)...
    → 批次进度: 5/12 (已处理 40/94 帧, 当前批耗时: 9.45s, 平均: 9.40s)
    → 批次进度: 10/12 (已处理 80/94 帧, 当前批耗时: 9.49s, 平均: 9.42s)
    → 批次进度: 12/12 (已处理 94/94 帧, 当前批耗时: 7.11s, 平均: 9.23s)
    ✓ 所有批次完成: 总耗时 110.76s, 平均 9.23s/批
[068/112] adaptive: region=22, ep=209, variant=online_pca
    → 处理 5 帧...
    → 批次进度: 1/1 (已处理 5/5 帧, 当前批耗时: 5.99s, 平均: 5.99s)
    ✓ 所有批次完成: 总耗时 5.99s, 平均 5.99s/批
    → 批量处理 42 帧 (共6批)...
    → 批次进度: 5/6 (已处理 40/42 帧, 当前批耗时: 9.48s, 平均: 9.52s)
    → 批次进度: 6/6 (已处理 42/42 帧, 当前批耗时: 2.39s, 平均: 8.33s)
    ✓ 所有批次完成: 总耗时 49.98s, 平均 8.33s/批
[069/112] adaptive: region=6, ep=255, variant=online_pca
    → 处理 5 帧...
    → 批次进度: 1/1 (已处理 5/5 帧, 当前批耗时: 5.87s, 平均: 5.87s)
    ✓ 所有批次完成: 总耗时 5.87s, 平均 5.87s/批
    → 批量处理 43 帧 (共6批)...
    → 批次进度: 5/6 (已处理 40/43 帧, 当前批耗时: 9.36s, 平均: 9.48s)
    → 批次进度: 6/6 (已处理 43/43 帧, 当前批耗时: 3.54s, 平均: 8.49s)
    ✓ 所有批次完成: 总耗时 50.93s, 平均 8.49s/批
[070/112] adaptive: region=7, ep=173, variant=online_pca
    → 处理 5 帧...
    → 批次进度: 1/1 (已处理 5/5 帧, 当前批耗时: 5.97s, 平均: 5.97s)
    ✓ 所有批次完成: 总耗时 5.97s, 平均 5.97s/批
    → 批量处理 105 帧 (共14批)...
    → 批次进度: 5/14 (已处理 40/105 帧, 当前批耗时: 9.40s, 平均: 9.47s)
    → 批次进度: 10/14 (已处理 80/105 帧, 当前批耗时: 9.46s, 平均: 9.43s)
    → 批次进度: 14/14 (已处理 105/105 帧, 当前批耗时: 1.19s, 平均: 8.84s)
    ✓ 所有批次完成: 总耗时 123.79s, 平均 8.84s/批
[071/112] adaptive: region=7, ep=239, variant=online_pca
    → 处理 5 帧...
    → 批次进度: 1/1 (已处理 5/5 帧, 当前批耗时: 5.93s, 平均: 5.93s)
    ✓ 所有批次完成: 总耗时 5.93s, 平均 5.93s/批
    → 批量处理 78 帧 (共10批)...
    → 批次进度: 5/10 (已处理 40/78 帧, 当前批耗时: 9.44s, 平均: 9.41s)
    → 批次进度: 10/10 (已处理 78/78 帧, 当前批耗时: 7.06s, 平均: 9.18s)
    ✓ 所有批次完成: 总耗时 91.76s, 平均 9.18s/批
[072/112] adaptive: region=7, ep=346, variant=online_pca
    → 处理 5 帧...
    → 批次进度: 1/1 (已处理 5/5 帧, 当前批耗时: 5.95s, 平均: 5.95s)
    ✓ 所有批次完成: 总耗时 5.95s, 平均 5.95s/批
    → 批量处理 77 帧 (共10批)...
    → 批次进度: 5/10 (已处理 40/77 帧, 当前批耗时: 9.48s, 平均: 9.42s)
    → 批次进度: 10/10 (已处理 77/77 帧, 当前批耗时: 5.86s, 平均: 9.09s)
    ✓ 所有批次完成: 总耗时 90.91s, 平均 9.09s/批
[073/112] adaptive: region=7, ep=296, variant=online_pca
    → 处理 5 帧...
    → 批次进度: 1/1 (已处理 5/5 帧, 当前批耗时: 5.84s, 平均: 5.84s)
    ✓ 所有批次完成: 总耗时 5.84s, 平均 5.84s/批
    → 批量处理 100 帧 (共13批)...
    → 批次进度: 5/13 (已处理 40/100 帧, 当前批耗时: 9.33s, 平均: 9.38s)
    → 批次进度: 10/13 (已处理 80/100 帧, 当前批耗时: 9.33s, 平均: 9.37s)
    → 批次进度: 13/13 (已处理 100/100 帧, 当前批耗时: 4.70s, 平均: 9.02s)
    ✓ 所有批次完成: 总耗时 117.27s, 平均 9.02s/批
[074/112] adaptive: region=7, ep=261, variant=online_pca
    → 处理 5 帧...
    → 批次进度: 1/1 (已处理 5/5 帧, 当前批耗时: 5.90s, 平均: 5.90s)
    ✓ 所有批次完成: 总耗时 5.90s, 平均 5.90s/批
    → 批量处理 71 帧 (共9批)...
    → 批次进度: 5/9 (已处理 40/71 帧, 当前批耗时: 9.42s, 平均: 9.47s)
    → 批次进度: 9/9 (已处理 71/71 帧, 当前批耗时: 8.26s, 平均: 9.33s)
    ✓ 所有批次完成: 总耗时 83.93s, 平均 9.33s/批
[075/112] adaptive: region=7, ep=102, variant=online_pca
    → 处理 5 帧...
    → 批次进度: 1/1 (已处理 5/5 帧, 当前批耗时: 6.10s, 平均: 6.10s)
    ✓ 所有批次完成: 总耗时 6.10s, 平均 6.10s/批
    → 批量处理 40 帧 (共5批)...
    → 批次进度: 5/5 (已处理 40/40 帧, 当前批耗时: 9.42s, 平均: 9.51s)
    ✓ 所有批次完成: 总耗时 47.53s, 平均 9.51s/批
[076/112] adaptive: region=7, ep=347, variant=online_pca
    → 处理 5 帧...
    → 批次进度: 1/1 (已处理 5/5 帧, 当前批耗时: 6.03s, 平均: 6.03s)
    ✓ 所有批次完成: 总耗时 6.03s, 平均 6.03s/批
    → 批量处理 73 帧 (共10批)...
    → 批次进度: 5/10 (已处理 40/73 帧, 当前批耗时: 9.61s, 平均: 9.60s)
    → 批次进度: 10/10 (已处理 73/73 帧, 当前批耗时: 1.20s, 平均: 8.76s)
    ✓ 所有批次完成: 总耗时 87.56s, 平均 8.76s/批
[077/112] adaptive: region=7, ep=326, variant=online_pca
    → 处理 5 帧...
    → 批次进度: 1/1 (已处理 5/5 帧, 当前批耗时: 5.86s, 平均: 5.86s)
    ✓ 所有批次完成: 总耗时 5.86s, 平均 5.86s/批
    → 批量处理 95 帧 (共12批)...
    → 批次进度: 5/12 (已处理 40/95 帧, 当前批耗时: 9.40s, 平均: 9.45s)
    → 批次进度: 10/12 (已处理 80/95 帧, 当前批耗时: 9.60s, 平均: 9.46s)
    → 批次进度: 12/12 (已处理 95/95 帧, 当前批耗时: 8.41s, 平均: 9.38s)
    ✓ 所有批次完成: 总耗时 112.59s, 平均 9.38s/批
[078/112] adaptive: region=7, ep=5, variant=online_pca
    → 处理 5 帧...
    → 批次进度: 1/1 (已处理 5/5 帧, 当前批耗时: 5.86s, 平均: 5.86s)
    ✓ 所有批次完成: 总耗时 5.86s, 平均 5.86s/批
    → 批量处理 77 帧 (共10批)...
    → 批次进度: 5/10 (已处理 40/77 帧, 当前批耗时: 9.48s, 平均: 9.49s)
    → 批次进度: 10/10 (已处理 77/77 帧, 当前批耗时: 5.97s, 平均: 9.15s)
    ✓ 所有批次完成: 总耗时 91.48s, 平均 9.15s/批
[079/112] adaptive: region=32, ep=6, variant=online_pca
    → 处理 5 帧...
    → 批次进度: 1/1 (已处理 5/5 帧, 当前批耗时: 6.06s, 平均: 6.06s)
    ✓ 所有批次完成: 总耗时 6.06s, 平均 6.06s/批
    → 批量处理 75 帧 (共10批)...
    → 批次进度: 5/10 (已处理 40/75 帧, 当前批耗时: 9.56s, 平均: 9.58s)
    → 批次进度: 10/10 (已处理 75/75 帧, 当前批耗时: 3.60s, 平均: 8.97s)
    ✓ 所有批次完成: 总耗时 89.71s, 平均 8.97s/批
[080/112] adaptive: region=22, ep=358, variant=online_pca
    → 处理 5 帧...
    → 批次进度: 1/1 (已处理 5/5 帧, 当前批耗时: 8.62s, 平均: 8.62s)
    ✓ 所有批次完成: 总耗时 8.62s, 平均 8.62s/批
    → 批量处理 77 帧 (共10批)...
    → 批次进度: 5/10 (已处理 40/77 帧, 当前批耗时: 9.60s, 平均: 10.51s)
    → 批次进度: 10/10 (已处理 77/77 帧, 当前批耗时: 6.03s, 平均: 9.69s)
    ✓ 所有批次完成: 总耗时 96.91s, 平均 9.69s/批
[081/112] adaptive: region=22, ep=263, variant=online_pca
    → 处理 5 帧...
    → 批次进度: 1/1 (已处理 5/5 帧, 当前批耗时: 6.06s, 平均: 6.06s)
    ✓ 所有批次完成: 总耗时 6.06s, 平均 6.06s/批
    → 批量处理 102 帧 (共13批)...
    → 批次进度: 5/13 (已处理 40/102 帧, 当前批耗时: 9.56s, 平均: 9.62s)
    → 批次进度: 10/13 (已处理 80/102 帧, 当前批耗时: 9.72s, 平均: 9.60s)
    → 批次进度: 13/13 (已处理 102/102 帧, 当前批耗时: 7.20s, 平均: 9.42s)
    ✓ 所有批次完成: 总耗时 122.43s, 平均 9.42s/批
[082/112] adaptive: region=32, ep=42, variant=online_pca
    → 处理 5 帧...
    → 批次进度: 1/1 (已处理 5/5 帧, 当前批耗时: 6.06s, 平均: 6.06s)
    ✓ 所有批次完成: 总耗时 6.06s, 平均 6.06s/批
    → 批量处理 103 帧 (共13批)...
    → 批次进度: 5/13 (已处理 40/103 帧, 当前批耗时: 9.61s, 平均: 9.62s)
    → 批次进度: 10/13 (已处理 80/103 帧, 当前批耗时: 9.58s, 平均: 9.60s)
    → 批次进度: 13/13 (已处理 103/103 帧, 当前批耗时: 8.36s, 平均: 9.50s)
    ✓ 所有批次完成: 总耗时 123.49s, 平均 9.50s/批
[083/112] adaptive: region=7, ep=100, variant=online_pca
    → 处理 5 帧...
    → 批次进度: 1/1 (已处理 5/5 帧, 当前批耗时: 5.93s, 平均: 5.93s)
    ✓ 所有批次完成: 总耗时 5.93s, 平均 5.93s/批
    → 批量处理 42 帧 (共6批)...
    → 批次进度: 5/6 (已处理 40/42 帧, 当前批耗时: 9.55s, 平均: 9.52s)
    → 批次进度: 6/6 (已处理 42/42 帧, 当前批耗时: 2.40s, 平均: 8.34s)
    ✓ 所有批次完成: 总耗时 50.02s, 平均 8.34s/批
[084/112] adaptive: region=6, ep=77, variant=online_pca
    → 处理 5 帧...
    → 批次进度: 1/1 (已处理 5/5 帧, 当前批耗时: 5.97s, 平均: 5.97s)
    ✓ 所有批次完成: 总耗时 5.97s, 平均 5.97s/批
    → 批量处理 89 帧 (共12批)...
    → 批次进度: 5/12 (已处理 40/89 帧, 当前批耗时: 9.55s, 平均: 9.53s)
    → 批次进度: 10/12 (已处理 80/89 帧, 当前批耗时: 9.48s, 平均: 9.53s)
    → 批次进度: 12/12 (已处理 89/89 帧, 当前批耗时: 1.20s, 平均: 8.82s)
    ✓ 所有批次完成: 总耗时 105.85s, 平均 8.82s/批
[085/112] adaptive: region=22, ep=339, variant=online_pca
    → 处理 5 帧...
    → 批次进度: 1/1 (已处理 5/5 帧, 当前批耗时: 5.97s, 平均: 5.97s)
    ✓ 所有批次完成: 总耗时 5.97s, 平均 5.97s/批
    → 批量处理 77 帧 (共10批)...
    → 批次进度: 5/10 (已处理 40/77 帧, 当前批耗时: 9.52s, 平均: 9.54s)
    → 批次进度: 10/10 (已处理 77/77 帧, 当前批耗时: 5.84s, 平均: 9.14s)
    ✓ 所有批次完成: 总耗时 91.36s, 平均 9.14s/批
[086/112] adaptive: region=32, ep=334, variant=online_pca
    → 处理 5 帧...
    → 批次进度: 1/1 (已处理 5/5 帧, 当前批耗时: 5.96s, 平均: 5.96s)
    ✓ 所有批次完成: 总耗时 5.96s, 平均 5.96s/批
    → 批量处理 40 帧 (共5批)...
    → 批次进度: 5/5 (已处理 40/40 帧, 当前批耗时: 9.41s, 平均: 9.46s)
    ✓ 所有批次完成: 总耗时 47.31s, 平均 9.46s/批
[087/112] adaptive: region=7, ep=349, variant=online_pca
    → 处理 5 帧...
    → 批次进度: 1/1 (已处理 5/5 帧, 当前批耗时: 5.85s, 平均: 5.85s)
    ✓ 所有批次完成: 总耗时 5.85s, 平均 5.85s/批
    → 批量处理 77 帧 (共10批)...
    → 批次进度: 5/10 (已处理 40/77 帧, 当前批耗时: 9.36s, 平均: 9.43s)
    → 批次进度: 10/10 (已处理 77/77 帧, 当前批耗时: 5.85s, 平均: 9.04s)
    ✓ 所有批次完成: 总耗时 90.36s, 平均 9.04s/批
[088/112] adaptive: region=22, ep=214, variant=online_pca
    → 处理 5 帧...
    → 批次进度: 1/1 (已处理 5/5 帧, 当前批耗时: 6.04s, 平均: 6.04s)
    ✓ 所有批次完成: 总耗时 6.04s, 平均 6.04s/批
    → 批量处理 43 帧 (共6批)...
    → 批次进度: 5/6 (已处理 40/43 帧, 当前批耗时: 9.46s, 平均: 9.48s)
    → 批次进度: 6/6 (已处理 43/43 帧, 当前批耗时: 3.58s, 平均: 8.50s)
    ✓ 所有批次完成: 总耗时 50.98s, 平均 8.50s/批
[089/112] adaptive: region=6, ep=27, variant=online_pca
    → 处理 5 帧...
    → 批次进度: 1/1 (已处理 5/5 帧, 当前批耗时: 7.37s, 平均: 7.37s)
    ✓ 所有批次完成: 总耗时 7.37s, 平均 7.37s/批
    → 批量处理 67 帧 (共9批)...
    → 批次进度: 5/9 (已处理 40/67 帧, 当前批耗时: 9.69s, 平均: 10.33s)
    → 批次进度: 9/9 (已处理 67/67 帧, 当前批耗时: 3.55s, 平均: 9.33s)
    ✓ 所有批次完成: 总耗时 83.94s, 平均 9.33s/批
[090/112] adaptive: region=9, ep=225, variant=online_pca
    → 处理 5 帧...
    → 批次进度: 1/1 (已处理 5/5 帧, 当前批耗时: 5.94s, 平均: 5.94s)
    ✓ 所有批次完成: 总耗时 5.94s, 平均 5.94s/批
    → 批量处理 44 帧 (共6批)...
    → 批次进度: 5/6 (已处理 40/44 帧, 当前批耗时: 9.55s, 平均: 9.56s)
    → 批次进度: 6/6 (已处理 44/44 帧, 当前批耗时: 4.71s, 平均: 8.75s)
    ✓ 所有批次完成: 总耗时 52.52s, 平均 8.75s/批
[091/112] adaptive: region=9, ep=170, variant=online_pca
    → 处理 5 帧...
    → 批次进度: 1/1 (已处理 5/5 帧, 当前批耗时: 5.92s, 平均: 5.92s)
    ✓ 所有批次完成: 总耗时 5.92s, 平均 5.92s/批
    → 批量处理 53 帧 (共7批)...
    → 批次进度: 5/7 (已处理 40/53 帧, 当前批耗时: 9.41s, 平均: 9.46s)
    → 批次进度: 7/7 (已处理 53/53 帧, 当前批耗时: 5.86s, 平均: 8.94s)
    ✓ 所有批次完成: 总耗时 62.58s, 平均 8.94s/批
[092/112] adaptive: region=9, ep=94, variant=online_pca
    → 处理 5 帧...
    → 批次进度: 1/1 (已处理 5/5 帧, 当前批耗时: 5.89s, 平均: 5.89s)
    ✓ 所有批次完成: 总耗时 5.89s, 平均 5.89s/批
    → 批量处理 54 帧 (共7批)...
    → 批次进度: 5/7 (已处理 40/54 帧, 当前批耗时: 9.56s, 平均: 9.54s)
    → 批次进度: 7/7 (已处理 54/54 帧, 当前批耗时: 7.15s, 平均: 9.19s)
    ✓ 所有批次完成: 总耗时 64.36s, 平均 9.19s/批
[093/112] adaptive: region=9, ep=208, variant=online_pca
    → 处理 5 帧...
    → 批次进度: 1/1 (已处理 5/5 帧, 当前批耗时: 5.94s, 平均: 5.94s)
    ✓ 所有批次完成: 总耗时 5.94s, 平均 5.94s/批
    → 批量处理 40 帧 (共5批)...
    → 批次进度: 5/5 (已处理 40/40 帧, 当前批耗时: 9.41s, 平均: 9.42s)
    ✓ 所有批次完成: 总耗时 47.12s, 平均 9.42s/批
[094/112] adaptive: region=9, ep=125, variant=online_pca
    → 处理 5 帧...
    → 批次进度: 1/1 (已处理 5/5 帧, 当前批耗时: 5.96s, 平均: 5.96s)
    ✓ 所有批次完成: 总耗时 5.96s, 平均 5.96s/批
    → 批量处理 79 帧 (共10批)...
    → 批次进度: 5/10 (已处理 40/79 帧, 当前批耗时: 9.41s, 平均: 9.52s)
    → 批次进度: 10/10 (已处理 79/79 帧, 当前批耗时: 8.29s, 平均: 9.35s)
    ✓ 所有批次完成: 总耗时 93.50s, 平均 9.35s/批
[095/112] adaptive: region=9, ep=37, variant=online_pca
    → 处理 5 帧...
    → 批次进度: 1/1 (已处理 5/5 帧, 当前批耗时: 6.00s, 平均: 6.00s)
    ✓ 所有批次完成: 总耗时 6.00s, 平均 6.00s/批
    → 批量处理 43 帧 (共6批)...
    → 批次进度: 5/6 (已处理 40/43 帧, 当前批耗时: 9.61s, 平均: 9.48s)
    → 批次进度: 6/6 (已处理 43/43 帧, 当前批耗时: 3.60s, 平均: 8.50s)
    ✓ 所有批次完成: 总耗时 50.97s, 平均 8.50s/批
[096/112] adaptive: region=9, ep=293, variant=online_pca
    → 处理 5 帧...
    → 批次进度: 1/1 (已处理 5/5 帧, 当前批耗时: 5.99s, 平均: 5.99s)
    ✓ 所有批次完成: 总耗时 5.99s, 平均 5.99s/批
    → 批量处理 80 帧 (共10批)...
    → 批次进度: 5/10 (已处理 40/80 帧, 当前批耗时: 9.44s, 平均: 9.46s)
    → 批次进度: 10/10 (已处理 80/80 帧, 当前批耗时: 9.47s, 平均: 9.46s)
    ✓ 所有批次完成: 总耗时 94.59s, 平均 9.46s/批
[097/112] adaptive: region=9, ep=53, variant=online_pca
    → 处理 5 帧...
    → 批次进度: 1/1 (已处理 5/5 帧, 当前批耗时: 5.87s, 平均: 5.87s)
    ✓ 所有批次完成: 总耗时 5.87s, 平均 5.87s/批
    → 批量处理 75 帧 (共10批)...
    → 批次进度: 5/10 (已处理 40/75 帧, 当前批耗时: 9.34s, 平均: 9.35s)
    → 批次进度: 10/10 (已处理 75/75 帧, 当前批耗时: 3.52s, 平均: 8.77s)
    ✓ 所有批次完成: 总耗时 87.71s, 平均 8.77s/批
[098/112] adaptive: region=9, ep=54, variant=online_pca
    → 处理 5 帧...
    → 批次进度: 1/1 (已处理 5/5 帧, 当前批耗时: 5.95s, 平均: 5.95s)
    ✓ 所有批次完成: 总耗时 5.95s, 平均 5.95s/批
    → 批量处理 103 帧 (共13批)...
    → 批次进度: 5/13 (已处理 40/103 帧, 当前批耗时: 9.33s, 平均: 9.32s)
    → 批次进度: 10/13 (已处理 80/103 帧, 当前批耗时: 9.31s, 平均: 9.33s)
    → 批次进度: 13/13 (已处理 103/103 帧, 当前批耗时: 8.20s, 平均: 9.24s)
    ✓ 所有批次完成: 总耗时 120.14s, 平均 9.24s/批
[099/112] adaptive: region=9, ep=90, variant=online_pca
    → 处理 5 帧...
    → 批次进度: 1/1 (已处理 5/5 帧, 当前批耗时: 5.94s, 平均: 5.94s)
    ✓ 所有批次完成: 总耗时 5.94s, 平均 5.94s/批
    → 批量处理 75 帧 (共10批)...
    → 批次进度: 5/10 (已处理 40/75 帧, 当前批耗时: 9.50s, 平均: 9.52s)
    → 批次进度: 10/10 (已处理 75/75 帧, 当前批耗时: 3.58s, 平均: 8.92s)
    ✓ 所有批次完成: 总耗时 89.15s, 平均 8.92s/批
[100/112] adaptive: region=21, ep=30, variant=online_pca
    → 处理 5 帧...
    → 批次进度: 1/1 (已处理 5/5 帧, 当前批耗时: 5.95s, 平均: 5.95s)
    ✓ 所有批次完成: 总耗时 5.95s, 平均 5.95s/批
    → 批量处理 40 帧 (共5批)...
    → 批次进度: 5/5 (已处理 40/40 帧, 当前批耗时: 9.39s, 平均: 9.43s)
    ✓ 所有批次完成: 总耗时 47.13s, 平均 9.43s/批
[101/112] adaptive: region=21, ep=60, variant=online_pca
    → 处理 5 帧...
    → 批次进度: 1/1 (已处理 5/5 帧, 当前批耗时: 5.91s, 平均: 5.91s)
    ✓ 所有批次完成: 总耗时 5.91s, 平均 5.91s/批
    → 批量处理 100 帧 (共13批)...
    → 批次进度: 5/13 (已处理 40/100 帧, 当前批耗时: 9.43s, 平均: 9.39s)
    → 批次进度: 10/13 (已处理 80/100 帧, 当前批耗时: 9.55s, 平均: 9.43s)
    → 批次进度: 13/13 (已处理 100/100 帧, 当前批耗时: 4.76s, 平均: 9.08s)
    ✓ 所有批次完成: 总耗时 118.07s, 平均 9.08s/批
[102/112] adaptive: region=21, ep=3, variant=online_pca
    → 处理 5 帧...
    → 批次进度: 1/1 (已处理 5/5 帧, 当前批耗时: 5.97s, 平均: 5.97s)
    ✓ 所有批次完成: 总耗时 5.97s, 平均 5.97s/批
    → 批量处理 78 帧 (共10批)...
    → 批次进度: 5/10 (已处理 40/78 帧, 当前批耗时: 9.52s, 平均: 9.52s)
    → 批次进度: 10/10 (已处理 78/78 帧, 当前批耗时: 7.00s, 平均: 9.24s)
    ✓ 所有批次完成: 总耗时 92.42s, 平均 9.24s/批
[103/112] adaptive: region=21, ep=68, variant=online_pca
    → 处理 5 帧...
    → 批次进度: 1/1 (已处理 5/5 帧, 当前批耗时: 6.01s, 平均: 6.01s)
    ✓ 所有批次完成: 总耗时 6.01s, 平均 6.01s/批
    → 批量处理 92 帧 (共12批)...
    → 批次进度: 5/12 (已处理 40/92 帧, 当前批耗时: 9.51s, 平均: 9.43s)
    → 批次进度: 10/12 (已处理 80/92 帧, 当前批耗时: 9.50s, 平均: 9.46s)
    → 批次进度: 12/12 (已处理 92/92 帧, 当前批耗时: 4.71s, 平均: 9.07s)
    ✓ 所有批次完成: 总耗时 108.85s, 平均 9.07s/批
[104/112] adaptive: region=21, ep=52, variant=online_pca
    → 处理 5 帧...
    → 批次进度: 1/1 (已处理 5/5 帧, 当前批耗时: 5.87s, 平均: 5.87s)
    ✓ 所有批次完成: 总耗时 5.87s, 平均 5.87s/批
    → 批量处理 41 帧 (共6批)...
    → 批次进度: 5/6 (已处理 40/41 帧, 当前批耗时: 9.50s, 平均: 9.50s)
    → 批次进度: 6/6 (已处理 41/41 帧, 当前批耗时: 1.19s, 平均: 8.12s)
    ✓ 所有批次完成: 总耗时 48.71s, 平均 8.12s/批
[105/112] adaptive: region=21, ep=148, variant=online_pca
    → 处理 5 帧...
    → 批次进度: 1/1 (已处理 5/5 帧, 当前批耗时: 5.94s, 平均: 5.94s)
    ✓ 所有批次完成: 总耗时 5.94s, 平均 5.94s/批
    → 批量处理 47 帧 (共6批)...
    → 批次进度: 5/6 (已处理 40/47 帧, 当前批耗时: 9.42s, 平均: 9.46s)
    → 批次进度: 6/6 (已处理 47/47 帧, 当前批耗时: 8.26s, 平均: 9.26s)
    ✓ 所有批次完成: 总耗时 55.55s, 平均 9.26s/批
[106/112] adaptive: region=21, ep=329, variant=online_pca
    → 处理 5 帧...
    → 批次进度: 1/1 (已处理 5/5 帧, 当前批耗时: 5.89s, 平均: 5.89s)
    ✓ 所有批次完成: 总耗时 5.89s, 平均 5.89s/批
    → 批量处理 40 帧 (共5批)...
    → 批次进度: 5/5 (已处理 40/40 帧, 当前批耗时: 9.38s, 平均: 9.35s)
    ✓ 所有批次完成: 总耗时 46.75s, 平均 9.35s/批
[107/112] adaptive: region=21, ep=184, variant=online_pca
    → 处理 5 帧...
    → 批次进度: 1/1 (已处理 5/5 帧, 当前批耗时: 5.96s, 平均: 5.96s)
    ✓ 所有批次完成: 总耗时 5.96s, 平均 5.96s/批
    → 批量处理 71 帧 (共9批)...
    → 批次进度: 5/9 (已处理 40/71 帧, 当前批耗时: 9.37s, 平均: 9.43s)
    → 批次进度: 9/9 (已处理 71/71 帧, 当前批耗时: 8.13s, 平均: 9.25s)
    ✓ 所有批次完成: 总耗时 83.29s, 平均 9.25s/批
[108/112] adaptive: region=21, ep=10, variant=online_pca
    → 处理 5 帧...
    → 批次进度: 1/1 (已处理 5/5 帧, 当前批耗时: 5.94s, 平均: 5.94s)
    ✓ 所有批次完成: 总耗时 5.94s, 平均 5.94s/批
    → 批量处理 91 帧 (共12批)...
    → 批次进度: 5/12 (已处理 40/91 帧, 当前批耗时: 9.51s, 平均: 9.52s)
    → 批次进度: 10/12 (已处理 80/91 帧, 当前批耗时: 9.54s, 平均: 9.52s)
    → 批次进度: 12/12 (已处理 91/91 帧, 当前批耗时: 3.59s, 平均: 9.02s)
    ✓ 所有批次完成: 总耗时 108.27s, 平均 9.02s/批
[109/112] adaptive: region=21, ep=11, variant=online_pca
    → 处理 5 帧...
    → 批次进度: 1/1 (已处理 5/5 帧, 当前批耗时: 5.91s, 平均: 5.91s)
    ✓ 所有批次完成: 总耗时 5.91s, 平均 5.91s/批
    → 批量处理 40 帧 (共5批)...
    → 批次进度: 5/5 (已处理 40/40 帧, 当前批耗时: 9.38s, 平均: 9.41s)
    ✓ 所有批次完成: 总耗时 47.06s, 平均 9.41s/批
[110/112] adaptive: region=21, ep=191, variant=online_pca
    → 处理 5 帧...
    → 批次进度: 1/1 (已处理 5/5 帧, 当前批耗时: 5.80s, 平均: 5.80s)
    ✓ 所有批次完成: 总耗时 5.80s, 平均 5.80s/批
    → 批量处理 41 帧 (共6批)...
    → 批次进度: 5/6 (已处理 40/41 帧, 当前批耗时: 9.62s, 平均: 9.45s)
    → 批次进度: 6/6 (已处理 41/41 帧, 当前批耗时: 1.19s, 平均: 8.08s)
    ✓ 所有批次完成: 总耗时 48.46s, 平均 8.08s/批
[111/112] adaptive: region=21, ep=241, variant=online_pca
    → 处理 5 帧...
    → 批次进度: 1/1 (已处理 5/5 帧, 当前批耗时: 6.67s, 平均: 6.67s)
    ✓ 所有批次完成: 总耗时 6.67s, 平均 6.67s/批
    → 批量处理 77 帧 (共10批)...
    → 批次进度: 5/10 (已处理 40/77 帧, 当前批耗时: 9.41s, 平均: 9.47s)
    → 批次进度: 10/10 (已处理 77/77 帧, 当前批耗时: 5.95s, 平均: 9.14s)
    ✓ 所有批次完成: 总耗时 91.43s, 平均 9.14s/批
[112/112] adaptive: region=24, ep=45, variant=online_pca
========================================================================
selection written to: /data/zhonglinye/jun/lerobot/personal/work2/our_v6/outputs/our_v6_online_pca_full_112x3_seed42/selection/disassemble-v3_corner/selected_episodes_v6.json
selected=112
regions=40
initial=8
adaptive=104
causal validation: PASS
========================================================================

=== Selecting pick_place-v3_corner ===
========================================================================
Our-V6 causal demonstration acquisition
dataset=pick_place-v3_corner
budget=112
visual_variant=online_pca
ablation=full
pre-acquisition information: episode_index + rand_vec only
========================================================================
V6 initialization: regions=40, B0=8, variant=online_pca, ablation=full
加载模型: HuggingFaceTB/SmolVLM2-500M-Video-Instruct
处理器加载完成
`torch_dtype` is deprecated! Use `dtype` instead!
Loading weights:   0%|          | 0/489 [00:00<?, ?it/s]Loading weights:  30%|███       | 149/489 [00:00<00:00, 1479.55it/s]Loading weights:  61%|██████    | 297/489 [00:00<00:00, 1416.06it/s]Loading weights: 100%|██████████| 489/489 [00:00<00:00, 1625.10it/s]
模型权重加载完成，正在初始化...
模型加载完成，设备: cuda
    → 处理 5 帧...
    → 批次进度: 1/1 (已处理 5/5 帧, 当前批耗时: 9.32s, 平均: 9.32s)
    ✓ 所有批次完成: 总耗时 9.32s, 平均 9.32s/批
    → 批量处理 32 帧 (共4批)...
    → 批次进度: 4/4 (已处理 32/32 帧, 当前批耗时: 13.94s, 平均: 14.25s)
    ✓ 所有批次完成: 总耗时 56.98s, 平均 14.25s/批
[001/112] initial: region=23, ep=210, variant=online_pca
    → 处理 5 帧...
    → 批次进度: 1/1 (已处理 5/5 帧, 当前批耗时: 7.98s, 平均: 7.98s)
    ✓ 所有批次完成: 总耗时 7.98s, 平均 7.98s/批
    → 批量处理 34 帧 (共5批)...
    → 批次进度: 5/5 (已处理 34/34 帧, 当前批耗时: 3.36s, 平均: 11.69s)
    ✓ 所有批次完成: 总耗时 58.45s, 平均 11.69s/批
[002/112] initial: region=13, ep=28, variant=online_pca
    → 处理 5 帧...
    → 批次进度: 1/1 (已处理 5/5 帧, 当前批耗时: 8.55s, 平均: 8.55s)
    ✓ 所有批次完成: 总耗时 8.55s, 平均 8.55s/批
    → 批量处理 30 帧 (共4批)...
    → 批次进度: 4/4 (已处理 30/30 帧, 当前批耗时: 7.19s, 平均: 9.85s)
    ✓ 所有批次完成: 总耗时 39.38s, 平均 9.85s/批
[003/112] initial: region=24, ep=213, variant=online_pca
    → 处理 5 帧...
    → 批次进度: 1/1 (已处理 5/5 帧, 当前批耗时: 5.91s, 平均: 5.91s)
    ✓ 所有批次完成: 总耗时 5.91s, 平均 5.91s/批
    → 批量处理 32 帧 (共4批)...
    → 批次进度: 4/4 (已处理 32/32 帧, 当前批耗时: 9.42s, 平均: 9.45s)
    ✓ 所有批次完成: 总耗时 37.79s, 平均 9.45s/批
[004/112] initial: region=17, ep=131, variant=online_pca
    → 处理 5 帧...
    → 批次进度: 1/1 (已处理 5/5 帧, 当前批耗时: 6.13s, 平均: 6.13s)
    ✓ 所有批次完成: 总耗时 6.13s, 平均 6.13s/批
    → 批量处理 32 帧 (共4批)...
    → 批次进度: 4/4 (已处理 32/32 帧, 当前批耗时: 9.51s, 平均: 9.51s)
    ✓ 所有批次完成: 总耗时 38.05s, 平均 9.51s/批
[005/112] initial: region=28, ep=239, variant=online_pca
    → 处理 5 帧...
    → 批次进度: 1/1 (已处理 5/5 帧, 当前批耗时: 5.86s, 平均: 5.86s)
    ✓ 所有批次完成: 总耗时 5.86s, 平均 5.86s/批
    → 批量处理 33 帧 (共5批)...
    → 批次进度: 5/5 (已处理 33/33 帧, 当前批耗时: 1.19s, 平均: 7.70s)
    ✓ 所有批次完成: 总耗时 38.52s, 平均 7.70s/批
[006/112] initial: region=26, ep=327, variant=online_pca
    → 处理 5 帧...
    → 批次进度: 1/1 (已处理 5/5 帧, 当前批耗时: 5.93s, 平均: 5.93s)
    ✓ 所有批次完成: 总耗时 5.93s, 平均 5.93s/批
    → 批量处理 30 帧 (共4批)...
    → 批次进度: 4/4 (已处理 30/30 帧, 当前批耗时: 7.03s, 平均: 8.84s)
    ✓ 所有批次完成: 总耗时 35.36s, 平均 8.84s/批
[007/112] initial: region=16, ep=235, variant=online_pca
    → 处理 5 帧...
    → 批次进度: 1/1 (已处理 5/5 帧, 当前批耗时: 5.96s, 平均: 5.96s)
    ✓ 所有批次完成: 总耗时 5.96s, 平均 5.96s/批
    → 批量处理 32 帧 (共4批)...
    → 批次进度: 4/4 (已处理 32/32 帧, 当前批耗时: 9.35s, 平均: 9.37s)
    ✓ 所有批次完成: 总耗时 37.50s, 平均 9.37s/批
[008/112] initial: region=20, ep=234, variant=online_pca
    → 处理 5 帧...
    → 批次进度: 1/1 (已处理 5/5 帧, 当前批耗时: 6.05s, 平均: 6.05s)
    ✓ 所有批次完成: 总耗时 6.05s, 平均 6.05s/批
    → 批量处理 33 帧 (共5批)...
    → 批次进度: 5/5 (已处理 33/33 帧, 当前批耗时: 1.20s, 平均: 7.86s)
    ✓ 所有批次完成: 总耗时 39.31s, 平均 7.86s/批
[009/112] adaptive: region=0, ep=338, variant=online_pca
    → 处理 5 帧...
    → 批次进度: 1/1 (已处理 5/5 帧, 当前批耗时: 6.04s, 平均: 6.04s)
    ✓ 所有批次完成: 总耗时 6.04s, 平均 6.04s/批
    → 批量处理 30 帧 (共4批)...
    → 批次进度: 4/4 (已处理 30/30 帧, 当前批耗时: 7.19s, 平均: 9.01s)
    ✓ 所有批次完成: 总耗时 36.04s, 平均 9.01s/批
[010/112] adaptive: region=1, ep=233, variant=online_pca
    → 处理 5 帧...
    → 批次进度: 1/1 (已处理 5/5 帧, 当前批耗时: 5.91s, 平均: 5.91s)
    ✓ 所有批次完成: 总耗时 5.91s, 平均 5.91s/批
    → 批量处理 35 帧 (共5批)...
    → 批次进度: 5/5 (已处理 35/35 帧, 当前批耗时: 3.59s, 平均: 8.33s)
    ✓ 所有批次完成: 总耗时 41.67s, 平均 8.33s/批
[011/112] adaptive: region=2, ep=150, variant=online_pca
    → 处理 5 帧...
    → 批次进度: 1/1 (已处理 5/5 帧, 当前批耗时: 6.00s, 平均: 6.00s)
    ✓ 所有批次完成: 总耗时 6.00s, 平均 6.00s/批
    → 批量处理 34 帧 (共5批)...
    → 批次进度: 5/5 (已处理 34/34 帧, 当前批耗时: 2.37s, 平均: 8.05s)
    ✓ 所有批次完成: 总耗时 40.27s, 平均 8.05s/批
[012/112] adaptive: region=3, ep=23, variant=online_pca
    → 处理 5 帧...
    → 批次进度: 1/1 (已处理 5/5 帧, 当前批耗时: 5.96s, 平均: 5.96s)
    ✓ 所有批次完成: 总耗时 5.96s, 平均 5.96s/批
    → 批量处理 30 帧 (共4批)...
    → 批次进度: 4/4 (已处理 30/30 帧, 当前批耗时: 7.16s, 平均: 8.89s)
    ✓ 所有批次完成: 总耗时 35.55s, 平均 8.89s/批
[013/112] adaptive: region=4, ep=370, variant=online_pca
    → 处理 5 帧...
    → 批次进度: 1/1 (已处理 5/5 帧, 当前批耗时: 5.94s, 平均: 5.94s)
    ✓ 所有批次完成: 总耗时 5.94s, 平均 5.94s/批
    → 批量处理 27 帧 (共4批)...
    → 批次进度: 4/4 (已处理 27/27 帧, 当前批耗时: 3.59s, 平均: 8.02s)
    ✓ 所有批次完成: 总耗时 32.10s, 平均 8.02s/批
[014/112] adaptive: region=5, ep=387, variant=online_pca
    → 处理 5 帧...
    → 批次进度: 1/1 (已处理 5/5 帧, 当前批耗时: 6.04s, 平均: 6.04s)
    ✓ 所有批次完成: 总耗时 6.04s, 平均 6.04s/批
    → 批量处理 32 帧 (共4批)...
    → 批次进度: 4/4 (已处理 32/32 帧, 当前批耗时: 9.68s, 平均: 9.67s)
    ✓ 所有批次完成: 总耗时 38.68s, 平均 9.67s/批
[015/112] adaptive: region=6, ep=72, variant=online_pca
    → 处理 5 帧...
    → 批次进度: 1/1 (已处理 5/5 帧, 当前批耗时: 6.45s, 平均: 6.45s)
    ✓ 所有批次完成: 总耗时 6.45s, 平均 6.45s/批
    → 批量处理 32 帧 (共4批)...
    → 批次进度: 4/4 (已处理 32/32 帧, 当前批耗时: 9.56s, 平均: 9.60s)
    ✓ 所有批次完成: 总耗时 38.39s, 平均 9.60s/批
[016/112] adaptive: region=7, ep=191, variant=online_pca
    → 处理 5 帧...
    → 批次进度: 1/1 (已处理 5/5 帧, 当前批耗时: 5.85s, 平均: 5.85s)
    ✓ 所有批次完成: 总耗时 5.85s, 平均 5.85s/批
    → 批量处理 33 帧 (共5批)...
    → 批次进度: 5/5 (已处理 33/33 帧, 当前批耗时: 1.20s, 平均: 7.79s)
    ✓ 所有批次完成: 总耗时 38.96s, 平均 7.79s/批
[017/112] adaptive: region=8, ep=10, variant=online_pca
    → 处理 5 帧...
    → 批次进度: 1/1 (已处理 5/5 帧, 当前批耗时: 5.97s, 平均: 5.97s)
    ✓ 所有批次完成: 总耗时 5.97s, 平均 5.97s/批
    → 批量处理 29 帧 (共4批)...
    → 批次进度: 4/4 (已处理 29/29 帧, 当前批耗时: 5.93s, 平均: 8.56s)
    ✓ 所有批次完成: 总耗时 34.25s, 平均 8.56s/批
[018/112] adaptive: region=9, ep=321, variant=online_pca
    → 处理 5 帧...
    → 批次进度: 1/1 (已处理 5/5 帧, 当前批耗时: 6.01s, 平均: 6.01s)
    ✓ 所有批次完成: 总耗时 6.01s, 平均 6.01s/批
    → 批量处理 30 帧 (共4批)...
    → 批次进度: 4/4 (已处理 30/30 帧, 当前批耗时: 7.18s, 平均: 8.96s)
    ✓ 所有批次完成: 总耗时 35.84s, 平均 8.96s/批
[019/112] adaptive: region=10, ep=5, variant=online_pca
    → 处理 5 帧...
    → 批次进度: 1/1 (已处理 5/5 帧, 当前批耗时: 5.91s, 平均: 5.91s)
    ✓ 所有批次完成: 总耗时 5.91s, 平均 5.91s/批
    → 批量处理 34 帧 (共5批)...
    → 批次进度: 5/5 (已处理 34/34 帧, 当前批耗时: 2.42s, 平均: 8.06s)
    ✓ 所有批次完成: 总耗时 40.29s, 平均 8.06s/批
[020/112] adaptive: region=11, ep=219, variant=online_pca
    → 处理 5 帧...
    → 批次进度: 1/1 (已处理 5/5 帧, 当前批耗时: 5.95s, 平均: 5.95s)
    ✓ 所有批次完成: 总耗时 5.95s, 平均 5.95s/批
    → 批量处理 30 帧 (共4批)...
    → 批次进度: 4/4 (已处理 30/30 帧, 当前批耗时: 7.06s, 平均: 8.85s)
    ✓ 所有批次完成: 总耗时 35.41s, 平均 8.85s/批
[021/112] adaptive: region=12, ep=324, variant=online_pca
    → 处理 5 帧...
    → 批次进度: 1/1 (已处理 5/5 帧, 当前批耗时: 8.43s, 平均: 8.43s)
    ✓ 所有批次完成: 总耗时 8.43s, 平均 8.43s/批
    → 批量处理 28 帧 (共4批)...
    → 批次进度: 4/4 (已处理 28/28 帧, 当前批耗时: 4.80s, 平均: 9.80s)
    ✓ 所有批次完成: 总耗时 39.20s, 平均 9.80s/批
[022/112] adaptive: region=14, ep=32, variant=online_pca
    → 处理 5 帧...
    → 批次进度: 1/1 (已处理 5/5 帧, 当前批耗时: 6.02s, 平均: 6.02s)
    ✓ 所有批次完成: 总耗时 6.02s, 平均 6.02s/批
    → 批量处理 32 帧 (共4批)...
    → 批次进度: 4/4 (已处理 32/32 帧, 当前批耗时: 9.45s, 平均: 9.54s)
    ✓ 所有批次完成: 总耗时 38.15s, 平均 9.54s/批
[023/112] adaptive: region=15, ep=79, variant=online_pca
    → 处理 5 帧...
    → 批次进度: 1/1 (已处理 5/5 帧, 当前批耗时: 8.38s, 平均: 8.38s)
    ✓ 所有批次完成: 总耗时 8.38s, 平均 8.38s/批
    → 批量处理 37 帧 (共5批)...
    → 批次进度: 5/5 (已处理 37/37 帧, 当前批耗时: 5.95s, 平均: 10.12s)
    ✓ 所有批次完成: 总耗时 50.58s, 平均 10.12s/批
[024/112] adaptive: region=18, ep=238, variant=online_pca
    → 处理 5 帧...
    → 批次进度: 1/1 (已处理 5/5 帧, 当前批耗时: 5.96s, 平均: 5.96s)
    ✓ 所有批次完成: 总耗时 5.96s, 平均 5.96s/批
    → 批量处理 29 帧 (共4批)...
    → 批次进度: 4/4 (已处理 29/29 帧, 当前批耗时: 5.95s, 平均: 8.62s)
    ✓ 所有批次完成: 总耗时 34.49s, 平均 8.62s/批
[025/112] adaptive: region=19, ep=196, variant=online_pca
    → 处理 5 帧...
    → 批次进度: 1/1 (已处理 5/5 帧, 当前批耗时: 5.84s, 平均: 5.84s)
    ✓ 所有批次完成: 总耗时 5.84s, 平均 5.84s/批
    → 批量处理 28 帧 (共4批)...
    → 批次进度: 4/4 (已处理 28/28 帧, 当前批耗时: 4.71s, 平均: 8.22s)
    ✓ 所有批次完成: 总耗时 32.87s, 平均 8.22s/批
[026/112] adaptive: region=21, ep=135, variant=online_pca
    → 处理 5 帧...
    → 批次进度: 1/1 (已处理 5/5 帧, 当前批耗时: 6.44s, 平均: 6.44s)
    ✓ 所有批次完成: 总耗时 6.44s, 平均 6.44s/批
    → 批量处理 32 帧 (共4批)...
    → 批次进度: 4/4 (已处理 32/32 帧, 当前批耗时: 9.37s, 平均: 9.38s)
    ✓ 所有批次完成: 总耗时 37.52s, 平均 9.38s/批
[027/112] adaptive: region=22, ep=108, variant=online_pca
    → 处理 5 帧...
    → 批次进度: 1/1 (已处理 5/5 帧, 当前批耗时: 6.11s, 平均: 6.11s)
    ✓ 所有批次完成: 总耗时 6.11s, 平均 6.11s/批
    → 批量处理 28 帧 (共4批)...
    → 批次进度: 4/4 (已处理 28/28 帧, 当前批耗时: 4.66s, 平均: 8.18s)
    ✓ 所有批次完成: 总耗时 32.73s, 平均 8.18s/批
[028/112] adaptive: region=25, ep=322, variant=online_pca
    → 处理 5 帧...
    → 批次进度: 1/1 (已处理 5/5 帧, 当前批耗时: 5.96s, 平均: 5.96s)
    ✓ 所有批次完成: 总耗时 5.96s, 平均 5.96s/批
    → 批量处理 32 帧 (共4批)...
    → 批次进度: 4/4 (已处理 32/32 帧, 当前批耗时: 9.32s, 平均: 9.40s)
    ✓ 所有批次完成: 总耗时 37.59s, 平均 9.40s/批
[029/112] adaptive: region=27, ep=373, variant=online_pca
    → 处理 5 帧...
    → 批次进度: 1/1 (已处理 5/5 帧, 当前批耗时: 5.84s, 平均: 5.84s)
    ✓ 所有批次完成: 总耗时 5.84s, 平均 5.84s/批
    → 批量处理 30 帧 (共4批)...
    → 批次进度: 4/4 (已处理 30/30 帧, 当前批耗时: 7.01s, 平均: 8.78s)
    ✓ 所有批次完成: 总耗时 35.12s, 平均 8.78s/批
[030/112] adaptive: region=29, ep=207, variant=online_pca
    → 处理 5 帧...
    → 批次进度: 1/1 (已处理 5/5 帧, 当前批耗时: 6.01s, 平均: 6.01s)
    ✓ 所有批次完成: 总耗时 6.01s, 平均 6.01s/批
    → 批量处理 30 帧 (共4批)...
    → 批次进度: 4/4 (已处理 30/30 帧, 当前批耗时: 7.11s, 平均: 8.87s)
    ✓ 所有批次完成: 总耗时 35.47s, 平均 8.87s/批
[031/112] adaptive: region=30, ep=54, variant=online_pca
    → 处理 5 帧...
    → 批次进度: 1/1 (已处理 5/5 帧, 当前批耗时: 5.92s, 平均: 5.92s)
    ✓ 所有批次完成: 总耗时 5.92s, 平均 5.92s/批
    → 批量处理 35 帧 (共5批)...
    → 批次进度: 5/5 (已处理 35/35 帧, 当前批耗时: 3.64s, 平均: 8.43s)
    ✓ 所有批次完成: 总耗时 42.15s, 平均 8.43s/批
[032/112] adaptive: region=31, ep=68, variant=online_pca
    → 处理 5 帧...
    → 批次进度: 1/1 (已处理 5/5 帧, 当前批耗时: 6.00s, 平均: 6.00s)
    ✓ 所有批次完成: 总耗时 6.00s, 平均 6.00s/批
    → 批量处理 30 帧 (共4批)...
    → 批次进度: 4/4 (已处理 30/30 帧, 当前批耗时: 7.12s, 平均: 8.96s)
    ✓ 所有批次完成: 总耗时 35.84s, 平均 8.96s/批
[033/112] adaptive: region=32, ep=46, variant=online_pca
    → 处理 5 帧...
    → 批次进度: 1/1 (已处理 5/5 帧, 当前批耗时: 8.42s, 平均: 8.42s)
    ✓ 所有批次完成: 总耗时 8.42s, 平均 8.42s/批
    → 批量处理 33 帧 (共5批)...
    → 批次进度: 5/5 (已处理 33/33 帧, 当前批耗时: 1.56s, 平均: 10.91s)
    ✓ 所有批次完成: 总耗时 54.57s, 平均 10.91s/批
[034/112] adaptive: region=33, ep=236, variant=online_pca
    → 处理 5 帧...
    → 批次进度: 1/1 (已处理 5/5 帧, 当前批耗时: 5.98s, 平均: 5.98s)
    ✓ 所有批次完成: 总耗时 5.98s, 平均 5.98s/批
    → 批量处理 33 帧 (共5批)...
    → 批次进度: 5/5 (已处理 33/33 帧, 当前批耗时: 1.21s, 平均: 7.87s)
    ✓ 所有批次完成: 总耗时 39.33s, 平均 7.87s/批
[035/112] adaptive: region=34, ep=74, variant=online_pca
    → 处理 5 帧...
    → 批次进度: 1/1 (已处理 5/5 帧, 当前批耗时: 5.94s, 平均: 5.94s)
    ✓ 所有批次完成: 总耗时 5.94s, 平均 5.94s/批
    → 批量处理 36 帧 (共5批)...
    → 批次进度: 5/5 (已处理 36/36 帧, 当前批耗时: 4.71s, 平均: 8.48s)
    ✓ 所有批次完成: 总耗时 42.38s, 平均 8.48s/批
[036/112] adaptive: region=35, ep=137, variant=online_pca
    → 处理 5 帧...
    → 批次进度: 1/1 (已处理 5/5 帧, 当前批耗时: 5.96s, 平均: 5.96s)
    ✓ 所有批次完成: 总耗时 5.96s, 平均 5.96s/批
    → 批量处理 31 帧 (共4批)...
    → 批次进度: 4/4 (已处理 31/31 帧, 当前批耗时: 8.46s, 平均: 9.25s)
    ✓ 所有批次完成: 总耗时 37.02s, 平均 9.25s/批
[037/112] adaptive: region=36, ep=149, variant=online_pca
    → 处理 5 帧...
    → 批次进度: 1/1 (已处理 5/5 帧, 当前批耗时: 8.19s, 平均: 8.19s)
    ✓ 所有批次完成: 总耗时 8.19s, 平均 8.19s/批
    → 批量处理 32 帧 (共4批)...
    → 批次进度: 4/4 (已处理 32/32 帧, 当前批耗时: 9.52s, 平均: 10.50s)
    ✓ 所有批次完成: 总耗时 41.99s, 平均 10.50s/批
[038/112] adaptive: region=37, ep=37, variant=online_pca
    → 处理 5 帧...
    → 批次进度: 1/1 (已处理 5/5 帧, 当前批耗时: 5.95s, 平均: 5.95s)
    ✓ 所有批次完成: 总耗时 5.95s, 平均 5.95s/批
    → 批量处理 28 帧 (共4批)...
    → 批次进度: 4/4 (已处理 28/28 帧, 当前批耗时: 4.68s, 平均: 8.22s)
    ✓ 所有批次完成: 总耗时 32.87s, 平均 8.22s/批
[039/112] adaptive: region=38, ep=97, variant=online_pca
    → 处理 5 帧...
    → 批次进度: 1/1 (已处理 5/5 帧, 当前批耗时: 7.79s, 平均: 7.79s)
    ✓ 所有批次完成: 总耗时 7.79s, 平均 7.79s/批
    → 批量处理 32 帧 (共4批)...
    → 批次进度: 4/4 (已处理 32/32 帧, 当前批耗时: 11.57s, 平均: 12.56s)
    ✓ 所有批次完成: 总耗时 50.22s, 平均 12.56s/批
[040/112] adaptive: region=39, ep=102, variant=online_pca
    → 处理 5 帧...
    → 批次进度: 1/1 (已处理 5/5 帧, 当前批耗时: 6.05s, 平均: 6.05s)
    ✓ 所有批次完成: 总耗时 6.05s, 平均 6.05s/批
    → 批量处理 28 帧 (共4批)...
    → 批次进度: 4/4 (已处理 28/28 帧, 当前批耗时: 6.80s, 平均: 11.14s)
    ✓ 所有批次完成: 总耗时 44.56s, 平均 11.14s/批
[041/112] adaptive: region=9, ep=256, variant=online_pca
    → 处理 5 帧...
    → 批次进度: 1/1 (已处理 5/5 帧, 当前批耗时: 6.17s, 平均: 6.17s)
    ✓ 所有批次完成: 总耗时 6.17s, 平均 6.17s/批
    → 批量处理 29 帧 (共4批)...
    → 批次进度: 4/4 (已处理 29/29 帧, 当前批耗时: 5.98s, 平均: 8.71s)
    ✓ 所有批次完成: 总耗时 34.85s, 平均 8.71s/批
[042/112] adaptive: region=9, ep=303, variant=online_pca
    → 处理 5 帧...
    → 批次进度: 1/1 (已处理 5/5 帧, 当前批耗时: 5.97s, 平均: 5.97s)
    ✓ 所有批次完成: 总耗时 5.97s, 平均 5.97s/批
    → 批量处理 30 帧 (共4批)...
    → 批次进度: 4/4 (已处理 30/30 帧, 当前批耗时: 7.15s, 平均: 8.91s)
    ✓ 所有批次完成: 总耗时 35.64s, 平均 8.91s/批
[043/112] adaptive: region=9, ep=333, variant=online_pca
    → 处理 5 帧...
    → 批次进度: 1/1 (已处理 5/5 帧, 当前批耗时: 5.96s, 平均: 5.96s)
    ✓ 所有批次完成: 总耗时 5.96s, 平均 5.96s/批
    → 批量处理 30 帧 (共4批)...
    → 批次进度: 4/4 (已处理 30/30 帧, 当前批耗时: 7.04s, 平均: 8.82s)
    ✓ 所有批次完成: 总耗时 35.28s, 平均 8.82s/批
[044/112] adaptive: region=4, ep=96, variant=online_pca
    → 处理 5 帧...
    → 批次进度: 1/1 (已处理 5/5 帧, 当前批耗时: 5.93s, 平均: 5.93s)
    ✓ 所有批次完成: 总耗时 5.93s, 平均 5.93s/批
    → 批量处理 28 帧 (共4批)...
    → 批次进度: 4/4 (已处理 28/28 帧, 当前批耗时: 4.80s, 平均: 8.30s)
    ✓ 所有批次完成: 总耗时 33.18s, 平均 8.30s/批
[045/112] adaptive: region=4, ep=139, variant=online_pca
    → 处理 5 帧...
    → 批次进度: 1/1 (已处理 5/5 帧, 当前批耗时: 5.89s, 平均: 5.89s)
    ✓ 所有批次完成: 总耗时 5.89s, 平均 5.89s/批
    → 批量处理 28 帧 (共4批)...
    → 批次进度: 4/4 (已处理 28/28 帧, 当前批耗时: 4.79s, 平均: 8.29s)
    ✓ 所有批次完成: 总耗时 33.16s, 平均 8.29s/批
[046/112] adaptive: region=4, ep=271, variant=online_pca
    → 处理 5 帧...
    → 批次进度: 1/1 (已处理 5/5 帧, 当前批耗时: 6.39s, 平均: 6.39s)
    ✓ 所有批次完成: 总耗时 6.39s, 平均 6.39s/批
    → 批量处理 29 帧 (共4批)...
    → 批次进度: 4/4 (已处理 29/29 帧, 当前批耗时: 5.98s, 平均: 8.67s)
    ✓ 所有批次完成: 总耗时 34.70s, 平均 8.67s/批
[047/112] adaptive: region=9, ep=41, variant=online_pca
    → 处理 5 帧...
    → 批次进度: 1/1 (已处理 5/5 帧, 当前批耗时: 5.88s, 平均: 5.88s)
    ✓ 所有批次完成: 总耗时 5.88s, 平均 5.88s/批
    → 批量处理 30 帧 (共4批)...
    → 批次进度: 4/4 (已处理 30/30 帧, 当前批耗时: 7.12s, 平均: 8.83s)
    ✓ 所有批次完成: 总耗时 35.33s, 平均 8.83s/批
[048/112] adaptive: region=4, ep=281, variant=online_pca
    → 处理 5 帧...
    → 批次进度: 1/1 (已处理 5/5 帧, 当前批耗时: 8.55s, 平均: 8.55s)
    ✓ 所有批次完成: 总耗时 8.55s, 平均 8.55s/批
    → 批量处理 29 帧 (共4批)...
    → 批次进度: 4/4 (已处理 29/29 帧, 当前批耗时: 5.94s, 平均: 9.93s)
    ✓ 所有批次完成: 总耗时 39.74s, 平均 9.93s/批
[049/112] adaptive: region=9, ep=291, variant=online_pca
    → 处理 5 帧...
    → 批次进度: 1/1 (已处理 5/5 帧, 当前批耗时: 5.93s, 平均: 5.93s)
    ✓ 所有批次完成: 总耗时 5.93s, 平均 5.93s/批
    → 批量处理 28 帧 (共4批)...
    → 批次进度: 4/4 (已处理 28/28 帧, 当前批耗时: 4.75s, 平均: 8.33s)
    ✓ 所有批次完成: 总耗时 33.33s, 平均 8.33s/批
[050/112] adaptive: region=4, ep=26, variant=online_pca
    → 处理 5 帧...
    → 批次进度: 1/1 (已处理 5/5 帧, 当前批耗时: 5.85s, 平均: 5.85s)
    ✓ 所有批次完成: 总耗时 5.85s, 平均 5.85s/批
    → 批量处理 28 帧 (共4批)...
    → 批次进度: 4/4 (已处理 28/28 帧, 当前批耗时: 4.77s, 平均: 8.25s)
    ✓ 所有批次完成: 总耗时 33.00s, 平均 8.25s/批
[051/112] adaptive: region=9, ep=397, variant=online_pca
    → 处理 5 帧...
    → 批次进度: 1/1 (已处理 5/5 帧, 当前批耗时: 6.13s, 平均: 6.13s)
    ✓ 所有批次完成: 总耗时 6.13s, 平均 6.13s/批
    → 批量处理 28 帧 (共4批)...
    → 批次进度: 4/4 (已处理 28/28 帧, 当前批耗时: 4.83s, 平均: 8.58s)
    ✓ 所有批次完成: 总耗时 34.31s, 平均 8.58s/批
[052/112] adaptive: region=4, ep=314, variant=online_pca
    → 处理 5 帧...
    → 批次进度: 1/1 (已处理 5/5 帧, 当前批耗时: 5.90s, 平均: 5.90s)
    ✓ 所有批次完成: 总耗时 5.90s, 平均 5.90s/批
    → 批量处理 29 帧 (共4批)...
    → 批次进度: 4/4 (已处理 29/29 帧, 当前批耗时: 5.96s, 平均: 8.60s)
    ✓ 所有批次完成: 总耗时 34.38s, 平均 8.60s/批
[053/112] adaptive: region=9, ep=57, variant=online_pca
    → 处理 5 帧...
    → 批次进度: 1/1 (已处理 5/5 帧, 当前批耗时: 8.72s, 平均: 8.72s)
    ✓ 所有批次完成: 总耗时 8.72s, 平均 8.72s/批
    → 批量处理 30 帧 (共4批)...
    → 批次进度: 4/4 (已处理 30/30 帧, 当前批耗时: 7.17s, 平均: 10.33s)
    ✓ 所有批次完成: 总耗时 41.33s, 平均 10.33s/批
[054/112] adaptive: region=4, ep=84, variant=online_pca
    → 处理 5 帧...
    → 批次进度: 1/1 (已处理 5/5 帧, 当前批耗时: 5.84s, 平均: 5.84s)
    ✓ 所有批次完成: 总耗时 5.84s, 平均 5.84s/批
    → 批量处理 30 帧 (共4批)...
    → 批次进度: 4/4 (已处理 30/30 帧, 当前批耗时: 7.16s, 平均: 8.92s)
    ✓ 所有批次完成: 总耗时 35.67s, 平均 8.92s/批
[055/112] adaptive: region=9, ep=83, variant=online_pca
    → 处理 5 帧...
    → 批次进度: 1/1 (已处理 5/5 帧, 当前批耗时: 6.85s, 平均: 6.85s)
    ✓ 所有批次完成: 总耗时 6.85s, 平均 6.85s/批
    → 批量处理 28 帧 (共4批)...
    → 批次进度: 4/4 (已处理 28/28 帧, 当前批耗时: 4.87s, 平均: 9.58s)
    ✓ 所有批次完成: 总耗时 38.31s, 平均 9.58s/批
[056/112] adaptive: region=4, ep=302, variant=online_pca
    → 处理 5 帧...
    → 批次进度: 1/1 (已处理 5/5 帧, 当前批耗时: 8.74s, 平均: 8.74s)
    ✓ 所有批次完成: 总耗时 8.74s, 平均 8.74s/批
    → 批量处理 28 帧 (共4批)...
    → 批次进度: 4/4 (已处理 28/28 帧, 当前批耗时: 4.79s, 平均: 8.38s)
    ✓ 所有批次完成: 总耗时 33.51s, 平均 8.38s/批
[057/112] adaptive: region=9, ep=204, variant=online_pca
    → 处理 5 帧...
    → 批次进度: 1/1 (已处理 5/5 帧, 当前批耗时: 5.88s, 平均: 5.88s)
    ✓ 所有批次完成: 总耗时 5.88s, 平均 5.88s/批
    → 批量处理 30 帧 (共4批)...
    → 批次进度: 4/4 (已处理 30/30 帧, 当前批耗时: 7.15s, 平均: 8.94s)
    ✓ 所有批次完成: 总耗时 35.76s, 平均 8.94s/批
[058/112] adaptive: region=4, ep=29, variant=online_pca
    → 处理 5 帧...
    → 批次进度: 1/1 (已处理 5/5 帧, 当前批耗时: 5.97s, 平均: 5.97s)
    ✓ 所有批次完成: 总耗时 5.97s, 平均 5.97s/批
    → 批量处理 28 帧 (共4批)...
    → 批次进度: 4/4 (已处理 28/28 帧, 当前批耗时: 4.75s, 平均: 8.35s)
    ✓ 所有批次完成: 总耗时 33.40s, 平均 8.35s/批
[059/112] adaptive: region=9, ep=195, variant=online_pca
    → 处理 5 帧...
    → 批次进度: 1/1 (已处理 5/5 帧, 当前批耗时: 5.88s, 平均: 5.88s)
    ✓ 所有批次完成: 总耗时 5.88s, 平均 5.88s/批
    → 批量处理 30 帧 (共4批)...
    → 批次进度: 4/4 (已处理 30/30 帧, 当前批耗时: 7.18s, 平均: 8.87s)
    ✓ 所有批次完成: 总耗时 35.48s, 平均 8.87s/批
[060/112] adaptive: region=4, ep=114, variant=online_pca
    → 处理 5 帧...
    → 批次进度: 1/1 (已处理 5/5 帧, 当前批耗时: 5.96s, 平均: 5.96s)
    ✓ 所有批次完成: 总耗时 5.96s, 平均 5.96s/批
    → 批量处理 30 帧 (共4批)...
    → 批次进度: 4/4 (已处理 30/30 帧, 当前批耗时: 7.19s, 平均: 8.93s)
    ✓ 所有批次完成: 总耗时 35.72s, 平均 8.93s/批
[061/112] adaptive: region=9, ep=380, variant=online_pca
    → 处理 5 帧...
    → 批次进度: 1/1 (已处理 5/5 帧, 当前批耗时: 5.85s, 平均: 5.85s)
    ✓ 所有批次完成: 总耗时 5.85s, 平均 5.85s/批
    → 批量处理 27 帧 (共4批)...
    → 批次进度: 4/4 (已处理 27/27 帧, 当前批耗时: 3.50s, 平均: 7.86s)
    ✓ 所有批次完成: 总耗时 31.44s, 平均 7.86s/批
[062/112] adaptive: region=4, ep=136, variant=online_pca
    → 处理 5 帧...
    → 批次进度: 1/1 (已处理 5/5 帧, 当前批耗时: 5.97s, 平均: 5.97s)
    ✓ 所有批次完成: 总耗时 5.97s, 平均 5.97s/批
    → 批量处理 29 帧 (共4批)...
    → 批次进度: 4/4 (已处理 29/29 帧, 当前批耗时: 5.91s, 平均: 8.62s)
    ✓ 所有批次完成: 总耗时 34.48s, 平均 8.62s/批
[063/112] adaptive: region=9, ep=184, variant=online_pca
    → 处理 5 帧...
    → 批次进度: 1/1 (已处理 5/5 帧, 当前批耗时: 5.87s, 平均: 5.87s)
    ✓ 所有批次完成: 总耗时 5.87s, 平均 5.87s/批
    → 批量处理 29 帧 (共4批)...
    → 批次进度: 4/4 (已处理 29/29 帧, 当前批耗时: 5.86s, 平均: 8.50s)
    ✓ 所有批次完成: 总耗时 33.98s, 平均 8.50s/批
[064/112] adaptive: region=4, ep=38, variant=online_pca
    → 处理 5 帧...
    → 批次进度: 1/1 (已处理 5/5 帧, 当前批耗时: 5.94s, 平均: 5.94s)
    ✓ 所有批次完成: 总耗时 5.94s, 平均 5.94s/批
    → 批量处理 28 帧 (共4批)...
    → 批次进度: 4/4 (已处理 28/28 帧, 当前批耗时: 4.82s, 平均: 8.36s)
    ✓ 所有批次完成: 总耗时 33.45s, 平均 8.36s/批
[065/112] adaptive: region=9, ep=50, variant=online_pca
    → 处理 5 帧...
    → 批次进度: 1/1 (已处理 5/5 帧, 当前批耗时: 5.90s, 平均: 5.90s)
    ✓ 所有批次完成: 总耗时 5.90s, 平均 5.90s/批
    → 批量处理 31 帧 (共4批)...
    → 批次进度: 4/4 (已处理 31/31 帧, 当前批耗时: 8.26s, 平均: 9.16s)
    ✓ 所有批次完成: 总耗时 36.64s, 平均 9.16s/批
[066/112] adaptive: region=20, ep=185, variant=online_pca
    → 处理 5 帧...
    → 批次进度: 1/1 (已处理 5/5 帧, 当前批耗时: 5.97s, 平均: 5.97s)
    ✓ 所有批次完成: 总耗时 5.97s, 平均 5.97s/批
    → 批量处理 29 帧 (共4批)...
    → 批次进度: 4/4 (已处理 29/29 帧, 当前批耗时: 5.92s, 平均: 8.65s)
    ✓ 所有批次完成: 总耗时 34.60s, 平均 8.65s/批
[067/112] adaptive: region=20, ep=342, variant=online_pca
    → 处理 5 帧...
    → 批次进度: 1/1 (已处理 5/5 帧, 当前批耗时: 6.00s, 平均: 6.00s)
    ✓ 所有批次完成: 总耗时 6.00s, 平均 6.00s/批
    → 批量处理 30 帧 (共4批)...
    → 批次进度: 4/4 (已处理 30/30 帧, 当前批耗时: 7.14s, 平均: 8.91s)
    ✓ 所有批次完成: 总耗时 35.63s, 平均 8.91s/批
[068/112] adaptive: region=20, ep=151, variant=online_pca
    → 处理 5 帧...
    → 批次进度: 1/1 (已处理 5/5 帧, 当前批耗时: 5.88s, 平均: 5.88s)
    ✓ 所有批次完成: 总耗时 5.88s, 平均 5.88s/批
    → 批量处理 32 帧 (共4批)...
    → 批次进度: 4/4 (已处理 32/32 帧, 当前批耗时: 9.42s, 平均: 9.39s)
    ✓ 所有批次完成: 总耗时 37.56s, 平均 9.39s/批
[069/112] adaptive: region=20, ep=215, variant=online_pca
    → 处理 5 帧...
    → 批次进度: 1/1 (已处理 5/5 帧, 当前批耗时: 5.98s, 平均: 5.98s)
    ✓ 所有批次完成: 总耗时 5.98s, 平均 5.98s/批
    → 批量处理 29 帧 (共4批)...
    → 批次进度: 4/4 (已处理 29/29 帧, 当前批耗时: 5.99s, 平均: 8.67s)
    ✓ 所有批次完成: 总耗时 34.69s, 平均 8.67s/批
[070/112] adaptive: region=20, ep=277, variant=online_pca
    → 处理 5 帧...
    → 批次进度: 1/1 (已处理 5/5 帧, 当前批耗时: 5.94s, 平均: 5.94s)
    ✓ 所有批次完成: 总耗时 5.94s, 平均 5.94s/批
    → 批量处理 32 帧 (共4批)...
    → 批次进度: 4/4 (已处理 32/32 帧, 当前批耗时: 9.56s, 平均: 9.53s)
    ✓ 所有批次完成: 总耗时 38.12s, 平均 9.53s/批
[071/112] adaptive: region=20, ep=258, variant=online_pca
    → 处理 5 帧...
    → 批次进度: 1/1 (已处理 5/5 帧, 当前批耗时: 6.42s, 平均: 6.42s)
    ✓ 所有批次完成: 总耗时 6.42s, 平均 6.42s/批
    → 批量处理 32 帧 (共4批)...
    → 批次进度: 4/4 (已处理 32/32 帧, 当前批耗时: 9.57s, 平均: 9.56s)
    ✓ 所有批次完成: 总耗时 38.23s, 平均 9.56s/批
[072/112] adaptive: region=20, ep=244, variant=online_pca
    → 处理 5 帧...
    → 批次进度: 1/1 (已处理 5/5 帧, 当前批耗时: 5.88s, 平均: 5.88s)
    ✓ 所有批次完成: 总耗时 5.88s, 平均 5.88s/批
    → 批量处理 31 帧 (共4批)...
    → 批次进度: 4/4 (已处理 31/31 帧, 当前批耗时: 8.21s, 平均: 9.12s)
    ✓ 所有批次完成: 总耗时 36.47s, 平均 9.12s/批
[073/112] adaptive: region=20, ep=259, variant=online_pca
    → 处理 5 帧...
    → 批次进度: 1/1 (已处理 5/5 帧, 当前批耗时: 5.94s, 平均: 5.94s)
    ✓ 所有批次完成: 总耗时 5.94s, 平均 5.94s/批
    → 批量处理 32 帧 (共4批)...
    → 批次进度: 4/4 (已处理 32/32 帧, 当前批耗时: 9.42s, 平均: 9.47s)
    ✓ 所有批次完成: 总耗时 37.87s, 平均 9.47s/批
[074/112] adaptive: region=20, ep=211, variant=online_pca
    → 处理 5 帧...
    → 批次进度: 1/1 (已处理 5/5 帧, 当前批耗时: 5.91s, 平均: 5.91s)
    ✓ 所有批次完成: 总耗时 5.91s, 平均 5.91s/批
    → 批量处理 31 帧 (共4批)...
    → 批次进度: 4/4 (已处理 31/31 帧, 当前批耗时: 8.39s, 平均: 9.24s)
    ✓ 所有批次完成: 总耗时 36.97s, 平均 9.24s/批
[075/112] adaptive: region=20, ep=384, variant=online_pca
    → 处理 5 帧...
    → 批次进度: 1/1 (已处理 5/5 帧, 当前批耗时: 6.01s, 平均: 6.01s)
    ✓ 所有批次完成: 总耗时 6.01s, 平均 6.01s/批
    → 批量处理 33 帧 (共5批)...
    → 批次进度: 5/5 (已处理 33/33 帧, 当前批耗时: 1.20s, 平均: 7.85s)
    ✓ 所有批次完成: 总耗时 39.27s, 平均 7.85s/批
[076/112] adaptive: region=35, ep=99, variant=online_pca
    → 处理 5 帧...
    → 批次进度: 1/1 (已处理 5/5 帧, 当前批耗时: 5.96s, 平均: 5.96s)
    ✓ 所有批次完成: 总耗时 5.96s, 平均 5.96s/批
    → 批量处理 32 帧 (共4批)...
    → 批次进度: 4/4 (已处理 32/32 帧, 当前批耗时: 9.40s, 平均: 9.44s)
    ✓ 所有批次完成: 总耗时 37.77s, 平均 9.44s/批
[077/112] adaptive: region=35, ep=251, variant=online_pca
    → 处理 5 帧...
    → 批次进度: 1/1 (已处理 5/5 帧, 当前批耗时: 5.98s, 平均: 5.98s)
    ✓ 所有批次完成: 总耗时 5.98s, 平均 5.98s/批
    → 批量处理 32 帧 (共4批)...
    → 批次进度: 4/4 (已处理 32/32 帧, 当前批耗时: 9.40s, 平均: 9.44s)
    ✓ 所有批次完成: 总耗时 37.76s, 平均 9.44s/批
[078/112] adaptive: region=35, ep=202, variant=online_pca
    → 处理 5 帧...
    → 批次进度: 1/1 (已处理 5/5 帧, 当前批耗时: 5.89s, 平均: 5.89s)
    ✓ 所有批次完成: 总耗时 5.89s, 平均 5.89s/批
    → 批量处理 32 帧 (共4批)...
    → 批次进度: 4/4 (已处理 32/32 帧, 当前批耗时: 9.41s, 平均: 9.38s)
    ✓ 所有批次完成: 总耗时 37.53s, 平均 9.38s/批
[079/112] adaptive: region=35, ep=141, variant=online_pca
    → 处理 5 帧...
    → 批次进度: 1/1 (已处理 5/5 帧, 当前批耗时: 5.89s, 平均: 5.89s)
    ✓ 所有批次完成: 总耗时 5.89s, 平均 5.89s/批
    → 批量处理 30 帧 (共4批)...
    → 批次进度: 4/4 (已处理 30/30 帧, 当前批耗时: 7.03s, 平均: 8.82s)
    ✓ 所有批次完成: 总耗时 35.27s, 平均 8.82s/批
[080/112] adaptive: region=35, ep=7, variant=online_pca
    → 处理 5 帧...
    → 批次进度: 1/1 (已处理 5/5 帧, 当前批耗时: 8.59s, 平均: 8.59s)
    ✓ 所有批次完成: 总耗时 8.59s, 平均 8.59s/批
    → 批量处理 32 帧 (共4批)...
    → 批次进度: 4/4 (已处理 32/32 帧, 当前批耗时: 9.45s, 平均: 10.85s)
    ✓ 所有批次完成: 总耗时 43.39s, 平均 10.85s/批
[081/112] adaptive: region=35, ep=366, variant=online_pca
    → 处理 5 帧...
    → 批次进度: 1/1 (已处理 5/5 帧, 当前批耗时: 6.13s, 平均: 6.13s)
    ✓ 所有批次完成: 总耗时 6.13s, 平均 6.13s/批
    → 批量处理 30 帧 (共4批)...
    → 批次进度: 4/4 (已处理 30/30 帧, 当前批耗时: 7.14s, 平均: 8.92s)
    ✓ 所有批次完成: 总耗时 35.69s, 平均 8.92s/批
[082/112] adaptive: region=35, ep=177, variant=online_pca
    → 处理 5 帧...
    → 批次进度: 1/1 (已处理 5/5 帧, 当前批耗时: 6.17s, 平均: 6.17s)
    ✓ 所有批次完成: 总耗时 6.17s, 平均 6.17s/批
    → 批量处理 32 帧 (共4批)...
    → 批次进度: 4/4 (已处理 32/32 帧, 当前批耗时: 9.51s, 平均: 9.55s)
    ✓ 所有批次完成: 总耗时 38.21s, 平均 9.55s/批
[083/112] adaptive: region=35, ep=218, variant=online_pca
    → 处理 5 帧...
    → 批次进度: 1/1 (已处理 5/5 帧, 当前批耗时: 5.91s, 平均: 5.91s)
    ✓ 所有批次完成: 总耗时 5.91s, 平均 5.91s/批
    → 批量处理 32 帧 (共4批)...
    → 批次进度: 4/4 (已处理 32/32 帧, 当前批耗时: 9.42s, 平均: 9.44s)
    ✓ 所有批次完成: 总耗时 37.77s, 平均 9.44s/批
[084/112] adaptive: region=35, ep=193, variant=online_pca
    → 处理 5 帧...
    → 批次进度: 1/1 (已处理 5/5 帧, 当前批耗时: 5.88s, 平均: 5.88s)
    ✓ 所有批次完成: 总耗时 5.88s, 平均 5.88s/批
    → 批量处理 35 帧 (共5批)...
    → 批次进度: 5/5 (已处理 35/35 帧, 当前批耗时: 3.55s, 平均: 8.24s)
    ✓ 所有批次完成: 总耗时 41.21s, 平均 8.24s/批
[085/112] adaptive: region=35, ep=260, variant=online_pca
    → 处理 5 帧...
    → 批次进度: 1/1 (已处理 5/5 帧, 当前批耗时: 5.97s, 平均: 5.97s)
    ✓ 所有批次完成: 总耗时 5.97s, 平均 5.97s/批
    → 批量处理 30 帧 (共4批)...
    → 批次进度: 4/4 (已处理 30/30 帧, 当前批耗时: 7.07s, 平均: 8.89s)
    ✓ 所有批次完成: 总耗时 35.54s, 平均 8.89s/批
[086/112] adaptive: region=35, ep=226, variant=online_pca
    → 处理 5 帧...
    → 批次进度: 1/1 (已处理 5/5 帧, 当前批耗时: 5.95s, 平均: 5.95s)
    ✓ 所有批次完成: 总耗时 5.95s, 平均 5.95s/批
    → 批量处理 35 帧 (共5批)...
    → 批次进度: 5/5 (已处理 35/35 帧, 当前批耗时: 3.54s, 平均: 8.29s)
    ✓ 所有批次完成: 总耗时 41.43s, 平均 8.29s/批
[087/112] adaptive: region=35, ep=316, variant=online_pca
    → 处理 5 帧...
    → 批次进度: 1/1 (已处理 5/5 帧, 当前批耗时: 6.91s, 平均: 6.91s)
    ✓ 所有批次完成: 总耗时 6.91s, 平均 6.91s/批
    → 批量处理 30 帧 (共4批)...
    → 批次进度: 4/4 (已处理 30/30 帧, 当前批耗时: 7.11s, 平均: 8.90s)
    ✓ 所有批次完成: 总耗时 35.61s, 平均 8.90s/批
[088/112] adaptive: region=20, ep=336, variant=online_pca
    → 处理 5 帧...
    → 批次进度: 1/1 (已处理 5/5 帧, 当前批耗时: 5.88s, 平均: 5.88s)
    ✓ 所有批次完成: 总耗时 5.88s, 平均 5.88s/批
    → 批量处理 28 帧 (共4批)...
    → 批次进度: 4/4 (已处理 28/28 帧, 当前批耗时: 4.72s, 平均: 8.24s)
    ✓ 所有批次完成: 总耗时 32.97s, 平均 8.24s/批
[089/112] adaptive: region=4, ep=98, variant=online_pca
    → 处理 5 帧...
    → 批次进度: 1/1 (已处理 5/5 帧, 当前批耗时: 5.91s, 平均: 5.91s)
    ✓ 所有批次完成: 总耗时 5.91s, 平均 5.91s/批
    → 批量处理 28 帧 (共4批)...
    → 批次进度: 4/4 (已处理 28/28 帧, 当前批耗时: 4.72s, 平均: 8.23s)
    ✓ 所有批次完成: 总耗时 32.91s, 平均 8.23s/批
[090/112] adaptive: region=9, ep=173, variant=online_pca
    → 处理 5 帧...
    → 批次进度: 1/1 (已处理 5/5 帧, 当前批耗时: 8.70s, 平均: 8.70s)
    ✓ 所有批次完成: 总耗时 8.70s, 平均 8.70s/批
    → 批量处理 28 帧 (共4批)...
    → 批次进度: 4/4 (已处理 28/28 帧, 当前批耗时: 4.71s, 平均: 9.47s)
    ✓ 所有批次完成: 总耗时 37.88s, 平均 9.47s/批
[091/112] adaptive: region=5, ep=285, variant=online_pca
    → 处理 5 帧...
    → 批次进度: 1/1 (已处理 5/5 帧, 当前批耗时: 6.02s, 平均: 6.02s)
    ✓ 所有批次完成: 总耗时 6.02s, 平均 6.02s/批
    → 批量处理 30 帧 (共4批)...
    → 批次进度: 4/4 (已处理 30/30 帧, 当前批耗时: 7.14s, 平均: 8.94s)
    ✓ 所有批次完成: 总耗时 35.75s, 平均 8.94s/批
[092/112] adaptive: region=5, ep=231, variant=online_pca
    → 处理 5 帧...
    → 批次进度: 1/1 (已处理 5/5 帧, 当前批耗时: 5.92s, 平均: 5.92s)
    ✓ 所有批次完成: 总耗时 5.92s, 平均 5.92s/批
    → 批量处理 29 帧 (共4批)...
    → 批次进度: 4/4 (已处理 29/29 帧, 当前批耗时: 5.90s, 平均: 8.61s)
    ✓ 所有批次完成: 总耗时 34.44s, 平均 8.61s/批
[093/112] adaptive: region=5, ep=349, variant=online_pca
    → 处理 5 帧...
    → 批次进度: 1/1 (已处理 5/5 帧, 当前批耗时: 6.06s, 平均: 6.06s)
    ✓ 所有批次完成: 总耗时 6.06s, 平均 6.06s/批
    → 批量处理 27 帧 (共4批)...
    → 批次进度: 4/4 (已处理 27/27 帧, 当前批耗时: 3.57s, 平均: 8.10s)
    ✓ 所有批次完成: 总耗时 32.39s, 平均 8.10s/批
[094/112] adaptive: region=5, ep=386, variant=online_pca
    → 处理 5 帧...
    → 批次进度: 1/1 (已处理 5/5 帧, 当前批耗时: 6.00s, 平均: 6.00s)
    ✓ 所有批次完成: 总耗时 6.00s, 平均 6.00s/批
    → 批量处理 27 帧 (共4批)...
    → 批次进度: 4/4 (已处理 27/27 帧, 当前批耗时: 3.52s, 平均: 7.94s)
    ✓ 所有批次完成: 总耗时 31.75s, 平均 7.94s/批
[095/112] adaptive: region=5, ep=391, variant=online_pca
    → 处理 5 帧...
    → 批次进度: 1/1 (已处理 5/5 帧, 当前批耗时: 5.94s, 平均: 5.94s)
    ✓ 所有批次完成: 总耗时 5.94s, 平均 5.94s/批
    → 批量处理 28 帧 (共4批)...
    → 批次进度: 4/4 (已处理 28/28 帧, 当前批耗时: 4.67s, 平均: 8.22s)
    ✓ 所有批次完成: 总耗时 32.87s, 平均 8.22s/批
[096/112] adaptive: region=5, ep=48, variant=online_pca
    → 处理 5 帧...
    → 批次进度: 1/1 (已处理 5/5 帧, 当前批耗时: 5.93s, 平均: 5.93s)
    ✓ 所有批次完成: 总耗时 5.93s, 平均 5.93s/批
    → 批量处理 28 帧 (共4批)...
    → 批次进度: 4/4 (已处理 28/28 帧, 当前批耗时: 4.74s, 平均: 8.30s)
    ✓ 所有批次完成: 总耗时 33.22s, 平均 8.30s/批
[097/112] adaptive: region=5, ep=47, variant=online_pca
    → 处理 5 帧...
    → 批次进度: 1/1 (已处理 5/5 帧, 当前批耗时: 5.83s, 平均: 5.83s)
    ✓ 所有批次完成: 总耗时 5.83s, 平均 5.83s/批
    → 批量处理 29 帧 (共4批)...
    → 批次进度: 4/4 (已处理 29/29 帧, 当前批耗时: 5.83s, 平均: 8.44s)
    ✓ 所有批次完成: 总耗时 33.77s, 平均 8.44s/批
[098/112] adaptive: region=5, ep=247, variant=online_pca
    → 处理 5 帧...
    → 批次进度: 1/1 (已处理 5/5 帧, 当前批耗时: 5.85s, 平均: 5.85s)
    ✓ 所有批次完成: 总耗时 5.85s, 平均 5.85s/批
    → 批量处理 29 帧 (共4批)...
    → 批次进度: 4/4 (已处理 29/29 帧, 当前批耗时: 5.85s, 平均: 8.53s)
    ✓ 所有批次完成: 总耗时 34.11s, 平均 8.53s/批
[099/112] adaptive: region=5, ep=128, variant=online_pca
    → 处理 5 帧...
    → 批次进度: 1/1 (已处理 5/5 帧, 当前批耗时: 8.66s, 平均: 8.66s)
    ✓ 所有批次完成: 总耗时 8.66s, 平均 8.66s/批
    → 批量处理 29 帧 (共4批)...
    → 批次进度: 4/4 (已处理 29/29 帧, 当前批耗时: 5.90s, 平均: 9.96s)
    ✓ 所有批次完成: 总耗时 39.86s, 平均 9.96s/批
[100/112] adaptive: region=5, ep=393, variant=online_pca
    → 处理 5 帧...
    → 批次进度: 1/1 (已处理 5/5 帧, 当前批耗时: 5.90s, 平均: 5.90s)
    ✓ 所有批次完成: 总耗时 5.90s, 平均 5.90s/批
    → 批量处理 29 帧 (共4批)...
    → 批次进度: 4/4 (已处理 29/29 帧, 当前批耗时: 5.85s, 平均: 8.49s)
    ✓ 所有批次完成: 总耗时 33.97s, 平均 8.49s/批
[101/112] adaptive: region=5, ep=25, variant=online_pca
    → 处理 5 帧...
    → 批次进度: 1/1 (已处理 5/5 帧, 当前批耗时: 5.95s, 平均: 5.95s)
    ✓ 所有批次完成: 总耗时 5.95s, 平均 5.95s/批
    → 批量处理 32 帧 (共4批)...
    → 批次进度: 4/4 (已处理 32/32 帧, 当前批耗时: 9.40s, 平均: 9.45s)
    ✓ 所有批次完成: 总耗时 37.82s, 平均 9.45s/批
[102/112] adaptive: region=35, ep=145, variant=online_pca
    → 处理 5 帧...
    → 批次进度: 1/1 (已处理 5/5 帧, 当前批耗时: 5.85s, 平均: 5.85s)
    ✓ 所有批次完成: 总耗时 5.85s, 平均 5.85s/批
    → 批量处理 29 帧 (共4批)...
    → 批次进度: 4/4 (已处理 29/29 帧, 当前批耗时: 5.84s, 平均: 8.46s)
    ✓ 所有批次完成: 总耗时 33.82s, 平均 8.46s/批
[103/112] adaptive: region=5, ep=163, variant=online_pca
    → 处理 5 帧...
    → 批次进度: 1/1 (已处理 5/5 帧, 当前批耗时: 5.89s, 平均: 5.89s)
    ✓ 所有批次完成: 总耗时 5.89s, 平均 5.89s/批
    → 批量处理 28 帧 (共4批)...
    → 批次进度: 4/4 (已处理 28/28 帧, 当前批耗时: 4.67s, 平均: 8.19s)
    ✓ 所有批次完成: 总耗时 32.76s, 平均 8.19s/批
[104/112] adaptive: region=4, ep=63, variant=online_pca
    → 处理 5 帧...
    → 批次进度: 1/1 (已处理 5/5 帧, 当前批耗时: 5.96s, 平均: 5.96s)
    ✓ 所有批次完成: 总耗时 5.96s, 平均 5.96s/批
    → 批量处理 32 帧 (共4批)...
    → 批次进度: 4/4 (已处理 32/32 帧, 当前批耗时: 9.47s, 平均: 9.46s)
    ✓ 所有批次完成: 总耗时 37.85s, 平均 9.46s/批
[105/112] adaptive: region=20, ep=198, variant=online_pca
    → 处理 5 帧...
    → 批次进度: 1/1 (已处理 5/5 帧, 当前批耗时: 6.03s, 平均: 6.03s)
    ✓ 所有批次完成: 总耗时 6.03s, 平均 6.03s/批
    → 批量处理 30 帧 (共4批)...
    → 批次进度: 4/4 (已处理 30/30 帧, 当前批耗时: 7.02s, 平均: 8.84s)
    ✓ 所有批次完成: 总耗时 35.34s, 平均 8.84s/批
[106/112] adaptive: region=9, ep=101, variant=online_pca
    → 处理 5 帧...
    → 批次进度: 1/1 (已处理 5/5 帧, 当前批耗时: 6.04s, 平均: 6.04s)
    ✓ 所有批次完成: 总耗时 6.04s, 平均 6.04s/批
    → 批量处理 32 帧 (共4批)...
    → 批次进度: 4/4 (已处理 32/32 帧, 当前批耗时: 9.55s, 平均: 9.54s)
    ✓ 所有批次完成: 总耗时 38.18s, 平均 9.54s/批
[107/112] adaptive: region=35, ep=60, variant=online_pca
    → 处理 5 帧...
    → 批次进度: 1/1 (已处理 5/5 帧, 当前批耗时: 5.88s, 平均: 5.88s)
    ✓ 所有批次完成: 总耗时 5.88s, 平均 5.88s/批
    → 批量处理 29 帧 (共4批)...
    → 批次进度: 4/4 (已处理 29/29 帧, 当前批耗时: 5.87s, 平均: 8.50s)
    ✓ 所有批次完成: 总耗时 33.99s, 平均 8.50s/批
[108/112] adaptive: region=4, ep=119, variant=online_pca
    → 处理 5 帧...
    → 批次进度: 1/1 (已处理 5/5 帧, 当前批耗时: 6.00s, 平均: 6.00s)
    ✓ 所有批次完成: 总耗时 6.00s, 平均 6.00s/批
    → 批量处理 30 帧 (共4批)...
    → 批次进度: 4/4 (已处理 30/30 帧, 当前批耗时: 7.20s, 平均: 8.87s)
    ✓ 所有批次完成: 总耗时 35.47s, 平均 8.87s/批
[109/112] adaptive: region=9, ep=144, variant=online_pca
    → 处理 5 帧...
    → 批次进度: 1/1 (已处理 5/5 帧, 当前批耗时: 6.43s, 平均: 6.43s)
    ✓ 所有批次完成: 总耗时 6.43s, 平均 6.43s/批
    → 批量处理 28 帧 (共4批)...
    → 批次进度: 4/4 (已处理 28/28 帧, 当前批耗时: 4.72s, 平均: 8.31s)
    ✓ 所有批次完成: 总耗时 33.24s, 平均 8.31s/批
[110/112] adaptive: region=5, ep=224, variant=online_pca
    → 处理 5 帧...
    → 批次进度: 1/1 (已处理 5/5 帧, 当前批耗时: 5.88s, 平均: 5.88s)
    ✓ 所有批次完成: 总耗时 5.88s, 平均 5.88s/批
    → 批量处理 30 帧 (共4批)...
    → 批次进度: 4/4 (已处理 30/30 帧, 当前批耗时: 7.17s, 平均: 8.87s)
    ✓ 所有批次完成: 总耗时 35.49s, 平均 8.87s/批
[111/112] adaptive: region=20, ep=12, variant=online_pca
    → 处理 5 帧...
    → 批次进度: 1/1 (已处理 5/5 帧, 当前批耗时: 6.29s, 平均: 6.29s)
    ✓ 所有批次完成: 总耗时 6.29s, 平均 6.29s/批
    → 批量处理 32 帧 (共4批)...
    → 批次进度: 4/4 (已处理 32/32 帧, 当前批耗时: 9.53s, 平均: 9.52s)
    ✓ 所有批次完成: 总耗时 38.07s, 平均 9.52s/批
[112/112] adaptive: region=36, ep=216, variant=online_pca
========================================================================
selection written to: /data/zhonglinye/jun/lerobot/personal/work2/our_v6/outputs/our_v6_online_pca_full_112x3_seed42/selection/pick_place-v3_corner/selected_episodes_v6.json
selected=112
regions=40
initial=8
adaptive=104
causal validation: PASS
========================================================================
Merged selection manifest: /data/zhonglinye/jun/lerobot/personal/work2/our_v6/outputs/our_v6_online_pca_full_112x3_seed42/subsets/our_v6_online_pca_full_112x3_seed42.json
Total selected episodes: 336

=== Merging selected episodes into one LeRobot dataset ===
使用旧接口：从 subset file 读取
数据集 coffee-button-v3_corner: 选中 112 episodes
数据集 disassemble-v3_corner: 选中 112 episodes
数据集 pick_place-v3_corner: 选中 112 episodes

============================================================
处理数据集: coffee-button-v3_corner
选中 episode 数: 112
============================================================
  源数据集总帧数: 17979
  源数据集总 episode 数: 400
Processing observation.images.top video files:   0%|          | 0/1 [00:00<?, ?it/s]Svt[info]: -------------------------------------------
Svt[info]: SVT [version]:	SVT-AV1 Encoder Lib v3.0.0
Svt[info]: SVT [build]  :	GCC 14.2.1 20250110 (Red Hat 14.2.1-7)	 64 bit
Svt[info]: LIB Build date: Jul  3 2025 03:14:07
Svt[info]: -------------------------------------------
Svt[warn]: Preset M12 is mapped to M10.
Svt[info]: Level of Parallelism: 6
Svt[info]: Number of PPCS 161
Svt[info]: [asm level on system : up to avx512]
Svt[info]: [asm level selected : up to avx512]
Svt[info]: -------------------------------------------
Svt[info]: SVT [config]: main profile	tier (auto)	level (auto)
Svt[info]: SVT [config]: width / height / fps numerator / fps denominator 		: 480 / 480 / 80 / 1
Svt[info]: SVT [config]: bit-depth / color format 					: 8 / YUV420
Svt[info]: SVT [config]: preset / tune / pred struct 					: 10 / PSNR / random access
Svt[info]: SVT [config]: gop size / mini-gop size / key-frame type 			: 2 / 16 / key frame
Svt[info]: SVT [config]: BRC mode / rate factor 					: CRF / 30 
Svt[info]: SVT [config]: AQ mode / variance boost 					: 2 / 0
Svt[info]: SVT [config]: sharpness / luminance-based QP bias 			: 0 / 0
Svt[info]: Svt[info]: -------------------------------------------
Processing observation.images.top video files: 100%|██████████| 1/1 [00:16<00:00, 16.94s/it]Processing observation.images.top video files: 100%|██████████| 1/1 [00:16<00:00, 16.94s/it]
Processing observation.images.wrist video files:   0%|          | 0/1 [00:00<?, ?it/s]Svt[info]: -------------------------------------------
Svt[info]: SVT [version]:	SVT-AV1 Encoder Lib v3.0.0
Svt[info]: SVT [build]  :	GCC 14.2.1 20250110 (Red Hat 14.2.1-7)	 64 bit
Svt[info]: LIB Build date: Jul  3 2025 03:14:07
Svt[info]: -------------------------------------------
Svt[warn]: Preset M12 is mapped to M10.
Svt[info]: Level of Parallelism: 6
Svt[info]: Number of PPCS 161
Svt[info]: [asm level on system : up to avx512]
Svt[info]: [asm level selected : up to avx512]
Svt[info]: -------------------------------------------
Svt[info]: SVT [config]: main profile	tier (auto)	level (auto)
Svt[info]: SVT [config]: width / height / fps numerator / fps denominator 		: 480 / 480 / 80 / 1
Svt[info]: SVT [config]: bit-depth / color format 					: 8 / YUV420
Svt[info]: SVT [config]: preset / tune / pred struct 					: 10 / PSNR / random access
Svt[info]: SVT [config]: gop size / mini-gop size / key-frame type 			: 2 / 16 / key frame
Svt[info]: SVT [config]: BRC mode / rate factor 					: CRF / 30 
Svt[info]: SVT [config]: AQ mode / variance boost 					: 2 / 0
Svt[info]: SVT [config]: sharpness / luminance-based QP bias 			: 0 / 0
Svt[info]: Svt[info]: -------------------------------------------
Processing observation.images.wrist video files: 100%|██████████| 1/1 [00:15<00:00, 15.22s/it]Processing observation.images.wrist video files: 100%|██████████| 1/1 [00:15<00:00, 15.22s/it]
Processing data files:   0%|          | 0/1 [00:00<?, ?it/s]Processing data files: 100%|██████████| 1/1 [00:00<00:00,  2.33it/s]Processing data files: 100%|██████████| 1/1 [00:00<00:00,  2.33it/s]
Processing episodes metadata:   0%|          | 0/112 [00:00<?, ?it/s]Processing episodes metadata:   1%|          | 1/112 [00:00<00:24,  4.56it/s]Processing episodes metadata:   2%|▏         | 2/112 [00:00<00:23,  4.65it/s]Processing episodes metadata:   3%|▎         | 3/112 [00:00<00:22,  4.76it/s]Processing episodes metadata:   4%|▎         | 4/112 [00:00<00:22,  4.88it/s]Processing episodes metadata:   4%|▍         | 5/112 [00:01<00:21,  4.90it/s]Processing episodes metadata:   5%|▌         | 6/112 [00:01<00:21,  4.86it/s]Processing episodes metadata:   6%|▋         | 7/112 [00:01<00:21,  4.82it/s]Processing episodes metadata:   7%|▋         | 8/112 [00:01<00:21,  4.86it/s]Processing episodes metadata:   8%|▊         | 9/112 [00:01<00:21,  4.87it/s]Processing episodes metadata:   9%|▉         | 10/112 [00:02<00:21,  4.72it/s]Processing episodes metadata:  10%|▉         | 11/112 [00:02<00:20,  4.92it/s]Processing episodes metadata:  11%|█         | 12/112 [00:02<00:19,  5.00it/s]Processing episodes metadata:  12%|█▏        | 13/112 [00:02<00:19,  4.95it/s]Processing episodes metadata:  12%|█▎        | 14/112 [00:02<00:19,  4.93it/s]Processing episodes metadata:  13%|█▎        | 15/112 [00:03<00:20,  4.83it/s]Processing episodes metadata:  14%|█▍        | 16/112 [00:03<00:19,  4.82it/s]Processing episodes metadata:  15%|█▌        | 17/112 [00:03<00:19,  4.83it/s]Processing episodes metadata:  16%|█▌        | 18/112 [00:03<00:19,  4.82it/s]Processing episodes metadata:  17%|█▋        | 19/112 [00:03<00:19,  4.85it/s]Processing episodes metadata:  18%|█▊        | 20/112 [00:04<00:19,  4.67it/s]Processing episodes metadata:  19%|█▉        | 21/112 [00:04<00:19,  4.75it/s]Processing episodes metadata:  20%|█▉        | 22/112 [00:04<00:18,  4.81it/s]Processing episodes metadata:  21%|██        | 23/112 [00:04<00:18,  4.79it/s]Processing episodes metadata:  21%|██▏       | 24/112 [00:04<00:18,  4.81it/s]Processing episodes metadata:  22%|██▏       | 25/112 [00:05<00:18,  4.82it/s]Processing episodes metadata:  23%|██▎       | 26/112 [00:05<00:17,  4.81it/s]Processing episodes metadata:  24%|██▍       | 27/112 [00:05<00:17,  4.82it/s]Processing episodes metadata:  25%|██▌       | 28/112 [00:05<00:17,  4.82it/s]Processing episodes metadata:  26%|██▌       | 29/112 [00:06<00:17,  4.85it/s]Processing episodes metadata:  27%|██▋       | 30/112 [00:06<00:17,  4.75it/s]Processing episodes metadata:  28%|██▊       | 31/112 [00:06<00:16,  4.80it/s]Processing episodes metadata:  29%|██▊       | 32/112 [00:06<00:17,  4.65it/s]Processing episodes metadata:  29%|██▉       | 33/112 [00:06<00:16,  4.69it/s]Processing episodes metadata:  30%|███       | 34/112 [00:07<00:16,  4.73it/s]Processing episodes metadata:  31%|███▏      | 35/112 [00:07<00:16,  4.78it/s]Processing episodes metadata:  32%|███▏      | 36/112 [00:07<00:15,  4.81it/s]Processing episodes metadata:  33%|███▎      | 37/112 [00:07<00:15,  4.80it/s]Processing episodes metadata:  34%|███▍      | 38/112 [00:07<00:15,  4.81it/s]Processing episodes metadata:  35%|███▍      | 39/112 [00:08<00:15,  4.79it/s]Processing episodes metadata:  36%|███▌      | 40/112 [00:08<00:15,  4.67it/s]Processing episodes metadata:  37%|███▋      | 41/112 [00:08<00:14,  4.81it/s]Processing episodes metadata:  38%|███▊      | 42/112 [00:08<00:14,  4.82it/s]Processing episodes metadata:  38%|███▊      | 43/112 [00:08<00:14,  4.83it/s]Processing episodes metadata:  39%|███▉      | 44/112 [00:09<00:14,  4.85it/s]Processing episodes metadata:  40%|████      | 45/112 [00:09<00:14,  4.77it/s]Processing episodes metadata:  41%|████      | 46/112 [00:09<00:13,  4.98it/s]Processing episodes metadata:  42%|████▏     | 47/112 [00:09<00:13,  4.92it/s]Processing episodes metadata:  43%|████▎     | 48/112 [00:09<00:13,  4.91it/s]Processing episodes metadata:  44%|████▍     | 49/112 [00:10<00:12,  4.88it/s]Processing episodes metadata:  45%|████▍     | 50/112 [00:10<00:12,  4.84it/s]Processing episodes metadata:  46%|████▌     | 51/112 [00:10<00:12,  4.97it/s]Processing episodes metadata:  46%|████▋     | 52/112 [00:10<00:12,  4.94it/s]Processing episodes metadata:  47%|████▋     | 53/112 [00:10<00:11,  4.96it/s]Processing episodes metadata:  48%|████▊     | 54/112 [00:11<00:11,  4.92it/s]Processing episodes metadata:  49%|████▉     | 55/112 [00:11<00:11,  4.89it/s]Processing episodes metadata:  50%|█████     | 56/112 [00:11<00:11,  4.90it/s]Processing episodes metadata:  51%|█████     | 57/112 [00:11<00:11,  4.96it/s]Processing episodes metadata:  52%|█████▏    | 58/112 [00:11<00:11,  4.90it/s]Processing episodes metadata:  53%|█████▎    | 59/112 [00:12<00:11,  4.79it/s]Processing episodes metadata:  54%|█████▎    | 60/112 [00:12<00:11,  4.68it/s]Processing episodes metadata:  54%|█████▍    | 61/112 [00:12<00:10,  4.71it/s]Processing episodes metadata:  55%|█████▌    | 62/112 [00:12<00:10,  4.75it/s]Processing episodes metadata:  56%|█████▋    | 63/112 [00:13<00:10,  4.74it/s]Processing episodes metadata:  57%|█████▋    | 64/112 [00:13<00:10,  4.71it/s]Processing episodes metadata:  58%|█████▊    | 65/112 [00:13<00:09,  4.76it/s]Processing episodes metadata:  59%|█████▉    | 66/112 [00:13<00:09,  4.75it/s]Processing episodes metadata:  60%|█████▉    | 67/112 [00:13<00:09,  4.76it/s]Processing episodes metadata:  61%|██████    | 68/112 [00:14<00:09,  4.80it/s]Processing episodes metadata:  62%|██████▏   | 69/112 [00:14<00:08,  4.78it/s]Processing episodes metadata:  62%|██████▎   | 70/112 [00:14<00:09,  4.63it/s]Processing episodes metadata:  63%|██████▎   | 71/112 [00:14<00:08,  4.71it/s]Processing episodes metadata:  64%|██████▍   | 72/112 [00:14<00:08,  4.73it/s]Processing episodes metadata:  65%|██████▌   | 73/112 [00:15<00:08,  4.80it/s]Processing episodes metadata:  66%|██████▌   | 74/112 [00:15<00:07,  4.83it/s]Processing episodes metadata:  67%|██████▋   | 75/112 [00:15<00:07,  4.79it/s]Processing episodes metadata:  68%|██████▊   | 76/112 [00:15<00:07,  4.78it/s]Processing episodes metadata:  69%|██████▉   | 77/112 [00:16<00:07,  4.73it/s]Processing episodes metadata:  70%|██████▉   | 78/112 [00:16<00:07,  4.78it/s]Processing episodes metadata:  71%|███████   | 79/112 [00:16<00:06,  4.81it/s]Processing episodes metadata:  71%|███████▏  | 80/112 [00:16<00:06,  4.67it/s]Processing episodes metadata:  72%|███████▏  | 81/112 [00:16<00:06,  4.76it/s]Processing episodes metadata:  73%|███████▎  | 82/112 [00:17<00:06,  4.81it/s]Processing episodes metadata:  74%|███████▍  | 83/112 [00:17<00:06,  4.76it/s]Processing episodes metadata:  75%|███████▌  | 84/112 [00:17<00:05,  4.88it/s]Processing episodes metadata:  76%|███████▌  | 85/112 [00:17<00:05,  4.85it/s]Processing episodes metadata:  77%|███████▋  | 86/112 [00:17<00:05,  4.83it/s]Processing episodes metadata:  78%|███████▊  | 87/112 [00:18<00:05,  4.82it/s]Processing episodes metadata:  79%|███████▊  | 88/112 [00:18<00:05,  4.80it/s]Processing episodes metadata:  79%|███████▉  | 89/112 [00:18<00:04,  4.87it/s]Processing episodes metadata:  80%|████████  | 90/112 [00:18<00:04,  4.77it/s]Processing episodes metadata:  81%|████████▏ | 91/112 [00:18<00:04,  4.79it/s]Processing episodes metadata:  82%|████████▏ | 92/112 [00:19<00:04,  4.81it/s]Processing episodes metadata:  83%|████████▎ | 93/112 [00:19<00:03,  4.90it/s]Processing episodes metadata:  84%|████████▍ | 94/112 [00:19<00:03,  4.87it/s]Processing episodes metadata:  85%|████████▍ | 95/112 [00:19<00:03,  4.76it/s]Processing episodes metadata:  86%|████████▌ | 96/112 [00:19<00:03,  4.75it/s]Processing episodes metadata:  87%|████████▋ | 97/112 [00:20<00:03,  4.75it/s]Processing episodes metadata:  88%|████████▊ | 98/112 [00:20<00:02,  4.73it/s]Processing episodes metadata:  88%|████████▊ | 99/112 [00:20<00:02,  4.69it/s]Processing episodes metadata:  89%|████████▉ | 100/112 [00:20<00:02,  4.58it/s]Processing episodes metadata:  90%|█████████ | 101/112 [00:21<00:02,  4.70it/s]Processing episodes metadata:  91%|█████████ | 102/112 [00:21<00:02,  4.71it/s]Processing episodes metadata:  92%|█████████▏| 103/112 [00:21<00:01,  4.72it/s]Processing episodes metadata:  93%|█████████▎| 104/112 [00:21<00:01,  4.75it/s]Processing episodes metadata:  94%|█████████▍| 105/112 [00:21<00:01,  4.76it/s]Processing episodes metadata:  95%|█████████▍| 106/112 [00:22<00:01,  4.78it/s]Processing episodes metadata:  96%|█████████▌| 107/112 [00:22<00:01,  4.73it/s]Processing episodes metadata:  96%|█████████▋| 108/112 [00:22<00:00,  4.73it/s]Processing episodes metadata:  97%|█████████▋| 109/112 [00:22<00:00,  4.72it/s]Processing episodes metadata:  98%|█████████▊| 110/112 [00:22<00:00,  4.59it/s]Processing episodes metadata:  99%|█████████▉| 111/112 [00:23<00:00,  4.65it/s]Processing episodes metadata: 100%|██████████| 112/112 [00:23<00:00,  4.67it/s]Processing episodes metadata: 100%|██████████| 112/112 [00:23<00:00,  4.79it/s]
  子数据集总帧数: 5150
  子数据集总 episode 数: 112
  ✓ index 连续且正确

============================================================
处理数据集: disassemble-v3_corner
选中 episode 数: 112
============================================================
  源数据集总帧数: 54067
  源数据集总 episode 数: 400
Processing observation.images.top video files:   0%|          | 0/2 [00:00<?, ?it/s]Svt[info]: -------------------------------------------
Svt[info]: SVT [version]:	SVT-AV1 Encoder Lib v3.0.0
Svt[info]: SVT [build]  :	GCC 14.2.1 20250110 (Red Hat 14.2.1-7)	 64 bit
Svt[info]: LIB Build date: Jul  3 2025 03:14:07
Svt[info]: -------------------------------------------
Svt[warn]: Preset M12 is mapped to M10.
Svt[info]: Level of Parallelism: 6
Svt[info]: Number of PPCS 161
Svt[info]: [asm level on system : up to avx512]
Svt[info]: [asm level selected : up to avx512]
Svt[info]: -------------------------------------------
Svt[info]: SVT [config]: main profile	tier (auto)	level (auto)
Svt[info]: SVT [config]: width / height / fps numerator / fps denominator 		: 480 / 480 / 80 / 1
Svt[info]: SVT [config]: bit-depth / color format 					: 8 / YUV420
Svt[info]: SVT [config]: preset / tune / pred struct 					: 10 / PSNR / random access
Svt[info]: SVT [config]: gop size / mini-gop size / key-frame type 			: 2 / 16 / key frame
Svt[info]: SVT [config]: BRC mode / rate factor 					: CRF / 30 
Svt[info]: SVT [config]: AQ mode / variance boost 					: 2 / 0
Svt[info]: SVT [config]: sharpness / luminance-based QP bias 			: 0 / 0
Svt[info]: Svt[info]: -------------------------------------------
Processing observation.images.top video files:  50%|█████     | 1/2 [00:25<00:25, 25.34s/it]Svt[info]: -------------------------------------------
Svt[info]: SVT [version]:	SVT-AV1 Encoder Lib v3.0.0
Svt[info]: SVT [build]  :	GCC 14.2.1 20250110 (Red Hat 14.2.1-7)	 64 bit
Svt[info]: LIB Build date: Jul  3 2025 03:14:07
Svt[info]: -------------------------------------------
Svt[warn]: Preset M12 is mapped to M10.
Svt[info]: Level of Parallelism: 6
Svt[info]: Number of PPCS 161
Svt[info]: [asm level on system : up to avx512]
Svt[info]: [asm level selected : up to avx512]
Svt[info]: -------------------------------------------
Svt[info]: SVT [config]: main profile	tier (auto)	level (auto)
Svt[info]: SVT [config]: width / height / fps numerator / fps denominator 		: 480 / 480 / 80 / 1
Svt[info]: SVT [config]: bit-depth / color format 					: 8 / YUV420
Svt[info]: SVT [config]: preset / tune / pred struct 					: 10 / PSNR / random access
Svt[info]: SVT [config]: gop size / mini-gop size / key-frame type 			: 2 / 16 / key frame
Svt[info]: SVT [config]: BRC mode / rate factor 					: CRF / 30 
Svt[info]: SVT [config]: AQ mode / variance boost 					: 2 / 0
Svt[info]: SVT [config]: sharpness / luminance-based QP bias 			: 0 / 0
Svt[info]: Svt[info]: -------------------------------------------
Processing observation.images.top video files: 100%|██████████| 2/2 [00:49<00:00, 24.65s/it]Processing observation.images.top video files: 100%|██████████| 2/2 [00:49<00:00, 24.75s/it]
Processing observation.images.wrist video files:   0%|          | 0/2 [00:00<?, ?it/s]Processing observation.images.wrist video files:   0%|          | 0/2 [00:00<?, ?it/s]
Traceback (most recent call last):
  File "/data/zhonglinye/jun/lerobot/personal/work2/duibi/train_and_eval_scripts/merge_selected_episodes.py", line 365, in <module>
    merge_from_subset_file(
  File "/data/zhonglinye/jun/lerobot/personal/work2/duibi/train_and_eval_scripts/merge_selected_episodes.py", line 324, in merge_from_subset_file
    select_episodes(
  File "/data/zhonglinye/jun/lerobot/personal/work2/duibi/train_and_eval_scripts/merge_selected_episodes.py", line 164, in select_episodes
    result = split_dataset(
             ^^^^^^^^^^^^^^
  File "/data/zhonglinye/jun/lerobot/src/lerobot/datasets/dataset_tools.py", line 252, in split_dataset
    video_metadata = _copy_and_reindex_videos(dataset, new_meta, episode_mapping)
                     ^^^^^^^^^^^^^^^^^^^^^^^^^^^^^^^^^^^^^^^^^^^^^^^^^^^^^^^^^^^^
  File "/data/zhonglinye/jun/lerobot/src/lerobot/datasets/dataset_tools.py", line 806, in _copy_and_reindex_videos
    assert src_ep["length"] == to_frame - from_frame, (
           ^^^^^^^^^^^^^^^^^^^^^^^^^^^^^^^^^^^^^^^^^
AssertionError: Episode length mismatch: 192 vs 191
