nohup: 忽略输入
bash: /data/zhonglinye/application/miniconda3/envs/lb_server/lib/libtinfo.so.6: no version information available (required by bash)
============================================================
Our-V7 paper-faithful end-to-end pipeline
benchmark:         metaworld
episodes/dataset:  112
total selected:    336
gpu:               2
seed:              42
visual variant:    online_pca
ablation:          full
mode:              full
dataset base:      /data/zhonglinye/jun/lerobot/personal/work2/dataset_view
raw visual cache:  /data/zhonglinye/jun/lerobot/personal/work2/our_v7/shared_raw_embeddings
output:            /data/zhonglinye/jun/lerobot/personal/work2/our_v7/outputs/our_v7_online_pca_full_112x3_seed42
============================================================

=== V7 selecting coffee-button-v3_corner (metaworld) ===
============================================================================
Our-V7 paper-faithful causal demonstration acquisition
benchmark=metaworld
dataset=coffee-button-v3_corner
budget=112
visual_variant=online_pca
ablation=full
configuration source: episode_initial_states.json -> rand_vec
configuration normalization: predefined MetaWorld reset bounds
KMeans init: deterministic centroid-nearest + farthest-point traversal
B0 init: deterministic centroid-nearest + farthest-point traversal
priority: g_k + minmax(u_visual) + minmax(u_action)
============================================================================
V7 paper initialization: regions=40, B0=8, variant=online_pca, ablation=full
B0 region order: [0, 2, 1, 3, 7, 6, 38, 8]
  [V7 raw visual cache hit] episode=370 path=/data/zhonglinye/jun/lerobot/personal/work2/our_v7/shared_raw_embeddings/coffee-button-v3_corner/smolvlm_raw_first5_wrist20_70_v1_06459982c0c0/episode_000370.npz
[001/112] initial: region=0, ep=370, variant=online_pca, map=selected_region
  [V7 raw visual cache hit] episode=275 path=/data/zhonglinye/jun/lerobot/personal/work2/our_v7/shared_raw_embeddings/coffee-button-v3_corner/smolvlm_raw_first5_wrist20_70_v1_06459982c0c0/episode_000275.npz
[002/112] initial: region=2, ep=275, variant=online_pca, map=selected_region
  [V7 raw visual cache hit] episode=125 path=/data/zhonglinye/jun/lerobot/personal/work2/our_v7/shared_raw_embeddings/coffee-button-v3_corner/smolvlm_raw_first5_wrist20_70_v1_06459982c0c0/episode_000125.npz
[003/112] initial: region=1, ep=125, variant=online_pca, map=selected_region
  [V7 raw visual cache hit] episode=65 path=/data/zhonglinye/jun/lerobot/personal/work2/our_v7/shared_raw_embeddings/coffee-button-v3_corner/smolvlm_raw_first5_wrist20_70_v1_06459982c0c0/episode_000065.npz
[004/112] initial: region=3, ep=65, variant=online_pca, map=selected_region
  [V7 raw visual cache hit] episode=135 path=/data/zhonglinye/jun/lerobot/personal/work2/our_v7/shared_raw_embeddings/coffee-button-v3_corner/smolvlm_raw_first5_wrist20_70_v1_06459982c0c0/episode_000135.npz
[005/112] initial: region=7, ep=135, variant=online_pca, map=selected_region
  [V7 raw visual cache hit] episode=237 path=/data/zhonglinye/jun/lerobot/personal/work2/our_v7/shared_raw_embeddings/coffee-button-v3_corner/smolvlm_raw_first5_wrist20_70_v1_06459982c0c0/episode_000237.npz
[006/112] initial: region=6, ep=237, variant=online_pca, map=selected_region
  [V7 raw visual cache hit] episode=204 path=/data/zhonglinye/jun/lerobot/personal/work2/our_v7/shared_raw_embeddings/coffee-button-v3_corner/smolvlm_raw_first5_wrist20_70_v1_06459982c0c0/episode_000204.npz
[007/112] initial: region=38, ep=204, variant=online_pca, map=selected_region
  [V7 raw visual cache hit] episode=36 path=/data/zhonglinye/jun/lerobot/personal/work2/our_v7/shared_raw_embeddings/coffee-button-v3_corner/smolvlm_raw_first5_wrist20_70_v1_06459982c0c0/episode_000036.npz
[008/112] initial: region=8, ep=36, variant=online_pca, map=selected_region
  [V7 raw visual cache hit] episode=245 path=/data/zhonglinye/jun/lerobot/personal/work2/our_v7/shared_raw_embeddings/coffee-button-v3_corner/smolvlm_raw_first5_wrist20_70_v1_06459982c0c0/episode_000245.npz
[009/112] adaptive: region=4, ep=245, variant=online_pca, map=selected_region
  [V7 raw visual cache hit] episode=176 path=/data/zhonglinye/jun/lerobot/personal/work2/our_v7/shared_raw_embeddings/coffee-button-v3_corner/smolvlm_raw_first5_wrist20_70_v1_06459982c0c0/episode_000176.npz
[010/112] adaptive: region=5, ep=176, variant=online_pca, map=selected_region
  [V7 raw visual cache hit] episode=169 path=/data/zhonglinye/jun/lerobot/personal/work2/our_v7/shared_raw_embeddings/coffee-button-v3_corner/smolvlm_raw_first5_wrist20_70_v1_06459982c0c0/episode_000169.npz
[011/112] adaptive: region=9, ep=169, variant=online_pca, map=selected_region
  [V7 raw visual cache hit] episode=35 path=/data/zhonglinye/jun/lerobot/personal/work2/our_v7/shared_raw_embeddings/coffee-button-v3_corner/smolvlm_raw_first5_wrist20_70_v1_06459982c0c0/episode_000035.npz
[012/112] adaptive: region=10, ep=35, variant=online_pca, map=selected_region
  [V7 raw visual cache hit] episode=362 path=/data/zhonglinye/jun/lerobot/personal/work2/our_v7/shared_raw_embeddings/coffee-button-v3_corner/smolvlm_raw_first5_wrist20_70_v1_06459982c0c0/episode_000362.npz
[013/112] adaptive: region=11, ep=362, variant=online_pca, map=selected_region
  [V7 raw visual cache hit] episode=113 path=/data/zhonglinye/jun/lerobot/personal/work2/our_v7/shared_raw_embeddings/coffee-button-v3_corner/smolvlm_raw_first5_wrist20_70_v1_06459982c0c0/episode_000113.npz
[014/112] adaptive: region=12, ep=113, variant=online_pca, map=selected_region
  [V7 raw visual cache hit] episode=289 path=/data/zhonglinye/jun/lerobot/personal/work2/our_v7/shared_raw_embeddings/coffee-button-v3_corner/smolvlm_raw_first5_wrist20_70_v1_06459982c0c0/episode_000289.npz
[015/112] adaptive: region=13, ep=289, variant=online_pca, map=selected_region
  [V7 raw visual cache hit] episode=247 path=/data/zhonglinye/jun/lerobot/personal/work2/our_v7/shared_raw_embeddings/coffee-button-v3_corner/smolvlm_raw_first5_wrist20_70_v1_06459982c0c0/episode_000247.npz
[016/112] adaptive: region=14, ep=247, variant=online_pca, map=selected_region
  [V7 raw visual cache hit] episode=382 path=/data/zhonglinye/jun/lerobot/personal/work2/our_v7/shared_raw_embeddings/coffee-button-v3_corner/smolvlm_raw_first5_wrist20_70_v1_06459982c0c0/episode_000382.npz
[017/112] adaptive: region=15, ep=382, variant=online_pca, map=selected_region
  [V7 raw visual cache hit] episode=242 path=/data/zhonglinye/jun/lerobot/personal/work2/our_v7/shared_raw_embeddings/coffee-button-v3_corner/smolvlm_raw_first5_wrist20_70_v1_06459982c0c0/episode_000242.npz
[018/112] adaptive: region=16, ep=242, variant=online_pca, map=selected_region
  [V7 raw visual cache hit] episode=284 path=/data/zhonglinye/jun/lerobot/personal/work2/our_v7/shared_raw_embeddings/coffee-button-v3_corner/smolvlm_raw_first5_wrist20_70_v1_06459982c0c0/episode_000284.npz
[019/112] adaptive: region=17, ep=284, variant=online_pca, map=selected_region
  [V7 raw visual cache hit] episode=319 path=/data/zhonglinye/jun/lerobot/personal/work2/our_v7/shared_raw_embeddings/coffee-button-v3_corner/smolvlm_raw_first5_wrist20_70_v1_06459982c0c0/episode_000319.npz
[020/112] adaptive: region=18, ep=319, variant=online_pca, map=selected_region
  [V7 raw visual cache hit] episode=376 path=/data/zhonglinye/jun/lerobot/personal/work2/our_v7/shared_raw_embeddings/coffee-button-v3_corner/smolvlm_raw_first5_wrist20_70_v1_06459982c0c0/episode_000376.npz
[021/112] adaptive: region=19, ep=376, variant=online_pca, map=selected_region
  [V7 raw visual cache hit] episode=105 path=/data/zhonglinye/jun/lerobot/personal/work2/our_v7/shared_raw_embeddings/coffee-button-v3_corner/smolvlm_raw_first5_wrist20_70_v1_06459982c0c0/episode_000105.npz
[022/112] adaptive: region=20, ep=105, variant=online_pca, map=selected_region
  [V7 raw visual cache hit] episode=12 path=/data/zhonglinye/jun/lerobot/personal/work2/our_v7/shared_raw_embeddings/coffee-button-v3_corner/smolvlm_raw_first5_wrist20_70_v1_06459982c0c0/episode_000012.npz
[023/112] adaptive: region=21, ep=12, variant=online_pca, map=selected_region
  [V7 raw visual cache hit] episode=168 path=/data/zhonglinye/jun/lerobot/personal/work2/our_v7/shared_raw_embeddings/coffee-button-v3_corner/smolvlm_raw_first5_wrist20_70_v1_06459982c0c0/episode_000168.npz
[024/112] adaptive: region=22, ep=168, variant=online_pca, map=selected_region
  [V7 raw visual cache hit] episode=84 path=/data/zhonglinye/jun/lerobot/personal/work2/our_v7/shared_raw_embeddings/coffee-button-v3_corner/smolvlm_raw_first5_wrist20_70_v1_06459982c0c0/episode_000084.npz
[025/112] adaptive: region=23, ep=84, variant=online_pca, map=selected_region
  [V7 raw visual cache hit] episode=155 path=/data/zhonglinye/jun/lerobot/personal/work2/our_v7/shared_raw_embeddings/coffee-button-v3_corner/smolvlm_raw_first5_wrist20_70_v1_06459982c0c0/episode_000155.npz
[026/112] adaptive: region=24, ep=155, variant=online_pca, map=selected_region
  [V7 raw visual cache hit] episode=278 path=/data/zhonglinye/jun/lerobot/personal/work2/our_v7/shared_raw_embeddings/coffee-button-v3_corner/smolvlm_raw_first5_wrist20_70_v1_06459982c0c0/episode_000278.npz
[027/112] adaptive: region=25, ep=278, variant=online_pca, map=selected_region
  [V7 raw visual cache hit] episode=17 path=/data/zhonglinye/jun/lerobot/personal/work2/our_v7/shared_raw_embeddings/coffee-button-v3_corner/smolvlm_raw_first5_wrist20_70_v1_06459982c0c0/episode_000017.npz
[028/112] adaptive: region=26, ep=17, variant=online_pca, map=selected_region
  [V7 raw visual cache hit] episode=209 path=/data/zhonglinye/jun/lerobot/personal/work2/our_v7/shared_raw_embeddings/coffee-button-v3_corner/smolvlm_raw_first5_wrist20_70_v1_06459982c0c0/episode_000209.npz
[029/112] adaptive: region=27, ep=209, variant=online_pca, map=selected_region
  [V7 raw visual cache hit] episode=280 path=/data/zhonglinye/jun/lerobot/personal/work2/our_v7/shared_raw_embeddings/coffee-button-v3_corner/smolvlm_raw_first5_wrist20_70_v1_06459982c0c0/episode_000280.npz
[030/112] adaptive: region=28, ep=280, variant=online_pca, map=selected_region
  [V7 raw visual cache hit] episode=48 path=/data/zhonglinye/jun/lerobot/personal/work2/our_v7/shared_raw_embeddings/coffee-button-v3_corner/smolvlm_raw_first5_wrist20_70_v1_06459982c0c0/episode_000048.npz
[031/112] adaptive: region=29, ep=48, variant=online_pca, map=selected_region
  [V7 raw visual cache hit] episode=340 path=/data/zhonglinye/jun/lerobot/personal/work2/our_v7/shared_raw_embeddings/coffee-button-v3_corner/smolvlm_raw_first5_wrist20_70_v1_06459982c0c0/episode_000340.npz
[032/112] adaptive: region=30, ep=340, variant=online_pca, map=selected_region
  [V7 raw visual cache hit] episode=384 path=/data/zhonglinye/jun/lerobot/personal/work2/our_v7/shared_raw_embeddings/coffee-button-v3_corner/smolvlm_raw_first5_wrist20_70_v1_06459982c0c0/episode_000384.npz
[033/112] adaptive: region=31, ep=384, variant=online_pca, map=selected_region
  [V7 raw visual cache hit] episode=1 path=/data/zhonglinye/jun/lerobot/personal/work2/our_v7/shared_raw_embeddings/coffee-button-v3_corner/smolvlm_raw_first5_wrist20_70_v1_06459982c0c0/episode_000001.npz
[034/112] adaptive: region=32, ep=1, variant=online_pca, map=selected_region
  [V7 raw visual cache hit] episode=328 path=/data/zhonglinye/jun/lerobot/personal/work2/our_v7/shared_raw_embeddings/coffee-button-v3_corner/smolvlm_raw_first5_wrist20_70_v1_06459982c0c0/episode_000328.npz
[035/112] adaptive: region=33, ep=328, variant=online_pca, map=selected_region
  [V7 raw visual cache hit] episode=293 path=/data/zhonglinye/jun/lerobot/personal/work2/our_v7/shared_raw_embeddings/coffee-button-v3_corner/smolvlm_raw_first5_wrist20_70_v1_06459982c0c0/episode_000293.npz
[036/112] adaptive: region=34, ep=293, variant=online_pca, map=selected_region
  [V7 raw visual cache hit] episode=40 path=/data/zhonglinye/jun/lerobot/personal/work2/our_v7/shared_raw_embeddings/coffee-button-v3_corner/smolvlm_raw_first5_wrist20_70_v1_06459982c0c0/episode_000040.npz
[037/112] adaptive: region=35, ep=40, variant=online_pca, map=selected_region
  [V7 raw visual cache hit] episode=146 path=/data/zhonglinye/jun/lerobot/personal/work2/our_v7/shared_raw_embeddings/coffee-button-v3_corner/smolvlm_raw_first5_wrist20_70_v1_06459982c0c0/episode_000146.npz
[038/112] adaptive: region=36, ep=146, variant=online_pca, map=selected_region
  [V7 raw visual cache hit] episode=106 path=/data/zhonglinye/jun/lerobot/personal/work2/our_v7/shared_raw_embeddings/coffee-button-v3_corner/smolvlm_raw_first5_wrist20_70_v1_06459982c0c0/episode_000106.npz
[039/112] adaptive: region=37, ep=106, variant=online_pca, map=selected_region
  [V7 raw visual cache hit] episode=161 path=/data/zhonglinye/jun/lerobot/personal/work2/our_v7/shared_raw_embeddings/coffee-button-v3_corner/smolvlm_raw_first5_wrist20_70_v1_06459982c0c0/episode_000161.npz
[040/112] adaptive: region=39, ep=161, variant=online_pca, map=selected_region
  [V7 raw visual cache hit] episode=235 path=/data/zhonglinye/jun/lerobot/personal/work2/our_v7/shared_raw_embeddings/coffee-button-v3_corner/smolvlm_raw_first5_wrist20_70_v1_06459982c0c0/episode_000235.npz
[041/112] adaptive: region=11, ep=235, variant=online_pca, map=selected_region
  [V7 raw visual cache hit] episode=364 path=/data/zhonglinye/jun/lerobot/personal/work2/our_v7/shared_raw_embeddings/coffee-button-v3_corner/smolvlm_raw_first5_wrist20_70_v1_06459982c0c0/episode_000364.npz
[042/112] adaptive: region=11, ep=364, variant=online_pca, map=selected_region
  [V7 raw visual cache hit] episode=164 path=/data/zhonglinye/jun/lerobot/personal/work2/our_v7/shared_raw_embeddings/coffee-button-v3_corner/smolvlm_raw_first5_wrist20_70_v1_06459982c0c0/episode_000164.npz
[043/112] adaptive: region=11, ep=164, variant=online_pca, map=selected_region
  [V7 raw visual cache hit] episode=11 path=/data/zhonglinye/jun/lerobot/personal/work2/our_v7/shared_raw_embeddings/coffee-button-v3_corner/smolvlm_raw_first5_wrist20_70_v1_06459982c0c0/episode_000011.npz
[044/112] adaptive: region=11, ep=11, variant=online_pca, map=selected_region
  [V7 raw visual cache hit] episode=75 path=/data/zhonglinye/jun/lerobot/personal/work2/our_v7/shared_raw_embeddings/coffee-button-v3_corner/smolvlm_raw_first5_wrist20_70_v1_06459982c0c0/episode_000075.npz
[045/112] adaptive: region=11, ep=75, variant=online_pca, map=selected_region
  [V7 raw visual cache hit] episode=150 path=/data/zhonglinye/jun/lerobot/personal/work2/our_v7/shared_raw_embeddings/coffee-button-v3_corner/smolvlm_raw_first5_wrist20_70_v1_06459982c0c0/episode_000150.npz
[046/112] adaptive: region=11, ep=150, variant=online_pca, map=selected_region
  [V7 raw visual cache hit] episode=93 path=/data/zhonglinye/jun/lerobot/personal/work2/our_v7/shared_raw_embeddings/coffee-button-v3_corner/smolvlm_raw_first5_wrist20_70_v1_06459982c0c0/episode_000093.npz
[047/112] adaptive: region=11, ep=93, variant=online_pca, map=selected_region
  [V7 raw visual cache hit] episode=186 path=/data/zhonglinye/jun/lerobot/personal/work2/our_v7/shared_raw_embeddings/coffee-button-v3_corner/smolvlm_raw_first5_wrist20_70_v1_06459982c0c0/episode_000186.npz
[048/112] adaptive: region=11, ep=186, variant=online_pca, map=selected_region
  [V7 raw visual cache hit] episode=38 path=/data/zhonglinye/jun/lerobot/personal/work2/our_v7/shared_raw_embeddings/coffee-button-v3_corner/smolvlm_raw_first5_wrist20_70_v1_06459982c0c0/episode_000038.npz
[049/112] adaptive: region=11, ep=38, variant=online_pca, map=selected_region
  [V7 raw visual cache hit] episode=391 path=/data/zhonglinye/jun/lerobot/personal/work2/our_v7/shared_raw_embeddings/coffee-button-v3_corner/smolvlm_raw_first5_wrist20_70_v1_06459982c0c0/episode_000391.npz
[050/112] adaptive: region=11, ep=391, variant=online_pca, map=selected_region
  [V7 raw visual cache hit] episode=199 path=/data/zhonglinye/jun/lerobot/personal/work2/our_v7/shared_raw_embeddings/coffee-button-v3_corner/smolvlm_raw_first5_wrist20_70_v1_06459982c0c0/episode_000199.npz
[051/112] adaptive: region=11, ep=199, variant=online_pca, map=selected_region
  [V7 raw visual cache hit] episode=137 path=/data/zhonglinye/jun/lerobot/personal/work2/our_v7/shared_raw_embeddings/coffee-button-v3_corner/smolvlm_raw_first5_wrist20_70_v1_06459982c0c0/episode_000137.npz
[052/112] adaptive: region=11, ep=137, variant=online_pca, map=selected_region
  [V7 raw visual cache hit] episode=5 path=/data/zhonglinye/jun/lerobot/personal/work2/our_v7/shared_raw_embeddings/coffee-button-v3_corner/smolvlm_raw_first5_wrist20_70_v1_06459982c0c0/episode_000005.npz
[053/112] adaptive: region=11, ep=5, variant=online_pca, map=selected_region
  [V7 raw visual cache hit] episode=103 path=/data/zhonglinye/jun/lerobot/personal/work2/our_v7/shared_raw_embeddings/coffee-button-v3_corner/smolvlm_raw_first5_wrist20_70_v1_06459982c0c0/episode_000103.npz
[054/112] adaptive: region=11, ep=103, variant=online_pca, map=selected_region
  [V7 raw visual cache hit] episode=29 path=/data/zhonglinye/jun/lerobot/personal/work2/our_v7/shared_raw_embeddings/coffee-button-v3_corner/smolvlm_raw_first5_wrist20_70_v1_06459982c0c0/episode_000029.npz
[055/112] adaptive: region=11, ep=29, variant=online_pca, map=selected_region
  [V7 raw visual cache hit] episode=373 path=/data/zhonglinye/jun/lerobot/personal/work2/our_v7/shared_raw_embeddings/coffee-button-v3_corner/smolvlm_raw_first5_wrist20_70_v1_06459982c0c0/episode_000373.npz
[056/112] adaptive: region=11, ep=373, variant=online_pca, map=selected_region
  [V7 raw visual cache hit] episode=239 path=/data/zhonglinye/jun/lerobot/personal/work2/our_v7/shared_raw_embeddings/coffee-button-v3_corner/smolvlm_raw_first5_wrist20_70_v1_06459982c0c0/episode_000239.npz
[057/112] adaptive: region=11, ep=239, variant=online_pca, map=selected_region
  [V7 raw visual cache hit] episode=49 path=/data/zhonglinye/jun/lerobot/personal/work2/our_v7/shared_raw_embeddings/coffee-button-v3_corner/smolvlm_raw_first5_wrist20_70_v1_06459982c0c0/episode_000049.npz
[058/112] adaptive: region=11, ep=49, variant=online_pca, map=selected_region
  [V7 raw visual cache hit] episode=309 path=/data/zhonglinye/jun/lerobot/personal/work2/our_v7/shared_raw_embeddings/coffee-button-v3_corner/smolvlm_raw_first5_wrist20_70_v1_06459982c0c0/episode_000309.npz
[059/112] adaptive: region=25, ep=309, variant=online_pca, map=selected_region
  [V7 raw visual cache hit] episode=115 path=/data/zhonglinye/jun/lerobot/personal/work2/our_v7/shared_raw_embeddings/coffee-button-v3_corner/smolvlm_raw_first5_wrist20_70_v1_06459982c0c0/episode_000115.npz
[060/112] adaptive: region=25, ep=115, variant=online_pca, map=selected_region
  [V7 raw visual cache hit] episode=119 path=/data/zhonglinye/jun/lerobot/personal/work2/our_v7/shared_raw_embeddings/coffee-button-v3_corner/smolvlm_raw_first5_wrist20_70_v1_06459982c0c0/episode_000119.npz
[061/112] adaptive: region=25, ep=119, variant=online_pca, map=selected_region
  [V7 raw visual cache hit] episode=73 path=/data/zhonglinye/jun/lerobot/personal/work2/our_v7/shared_raw_embeddings/coffee-button-v3_corner/smolvlm_raw_first5_wrist20_70_v1_06459982c0c0/episode_000073.npz
[062/112] adaptive: region=25, ep=73, variant=online_pca, map=selected_region
  [V7 raw visual cache hit] episode=98 path=/data/zhonglinye/jun/lerobot/personal/work2/our_v7/shared_raw_embeddings/coffee-button-v3_corner/smolvlm_raw_first5_wrist20_70_v1_06459982c0c0/episode_000098.npz
[063/112] adaptive: region=25, ep=98, variant=online_pca, map=selected_region
  [V7 raw visual cache hit] episode=354 path=/data/zhonglinye/jun/lerobot/personal/work2/our_v7/shared_raw_embeddings/coffee-button-v3_corner/smolvlm_raw_first5_wrist20_70_v1_06459982c0c0/episode_000354.npz
[064/112] adaptive: region=25, ep=354, variant=online_pca, map=selected_region
  [V7 raw visual cache hit] episode=197 path=/data/zhonglinye/jun/lerobot/personal/work2/our_v7/shared_raw_embeddings/coffee-button-v3_corner/smolvlm_raw_first5_wrist20_70_v1_06459982c0c0/episode_000197.npz
[065/112] adaptive: region=25, ep=197, variant=online_pca, map=selected_region
  [V7 raw visual cache hit] episode=60 path=/data/zhonglinye/jun/lerobot/personal/work2/our_v7/shared_raw_embeddings/coffee-button-v3_corner/smolvlm_raw_first5_wrist20_70_v1_06459982c0c0/episode_000060.npz
[066/112] adaptive: region=25, ep=60, variant=online_pca, map=selected_region
  [V7 raw visual cache hit] episode=195 path=/data/zhonglinye/jun/lerobot/personal/work2/our_v7/shared_raw_embeddings/coffee-button-v3_corner/smolvlm_raw_first5_wrist20_70_v1_06459982c0c0/episode_000195.npz
[067/112] adaptive: region=25, ep=195, variant=online_pca, map=selected_region
  [V7 raw visual cache hit] episode=10 path=/data/zhonglinye/jun/lerobot/personal/work2/our_v7/shared_raw_embeddings/coffee-button-v3_corner/smolvlm_raw_first5_wrist20_70_v1_06459982c0c0/episode_000010.npz
[068/112] adaptive: region=25, ep=10, variant=online_pca, map=selected_region
  [V7 raw visual cache hit] episode=352 path=/data/zhonglinye/jun/lerobot/personal/work2/our_v7/shared_raw_embeddings/coffee-button-v3_corner/smolvlm_raw_first5_wrist20_70_v1_06459982c0c0/episode_000352.npz
[069/112] adaptive: region=25, ep=352, variant=online_pca, map=selected_region
  [V7 raw visual cache hit] episode=260 path=/data/zhonglinye/jun/lerobot/personal/work2/our_v7/shared_raw_embeddings/coffee-button-v3_corner/smolvlm_raw_first5_wrist20_70_v1_06459982c0c0/episode_000260.npz
[070/112] adaptive: region=25, ep=260, variant=online_pca, map=selected_region
  [V7 raw visual cache hit] episode=131 path=/data/zhonglinye/jun/lerobot/personal/work2/our_v7/shared_raw_embeddings/coffee-button-v3_corner/smolvlm_raw_first5_wrist20_70_v1_06459982c0c0/episode_000131.npz
[071/112] adaptive: region=25, ep=131, variant=online_pca, map=selected_region
  [V7 raw visual cache hit] episode=4 path=/data/zhonglinye/jun/lerobot/personal/work2/our_v7/shared_raw_embeddings/coffee-button-v3_corner/smolvlm_raw_first5_wrist20_70_v1_06459982c0c0/episode_000004.npz
[072/112] adaptive: region=25, ep=4, variant=online_pca, map=selected_region
  [V7 raw visual cache hit] episode=69 path=/data/zhonglinye/jun/lerobot/personal/work2/our_v7/shared_raw_embeddings/coffee-button-v3_corner/smolvlm_raw_first5_wrist20_70_v1_06459982c0c0/episode_000069.npz
[073/112] adaptive: region=25, ep=69, variant=online_pca, map=selected_region
  [V7 raw visual cache hit] episode=285 path=/data/zhonglinye/jun/lerobot/personal/work2/our_v7/shared_raw_embeddings/coffee-button-v3_corner/smolvlm_raw_first5_wrist20_70_v1_06459982c0c0/episode_000285.npz
[074/112] adaptive: region=25, ep=285, variant=online_pca, map=selected_region
  [V7 raw visual cache hit] episode=127 path=/data/zhonglinye/jun/lerobot/personal/work2/our_v7/shared_raw_embeddings/coffee-button-v3_corner/smolvlm_raw_first5_wrist20_70_v1_06459982c0c0/episode_000127.npz
[075/112] adaptive: region=25, ep=127, variant=online_pca, map=selected_region
  [V7 raw visual cache hit] episode=57 path=/data/zhonglinye/jun/lerobot/personal/work2/our_v7/shared_raw_embeddings/coffee-button-v3_corner/smolvlm_raw_first5_wrist20_70_v1_06459982c0c0/episode_000057.npz
[076/112] adaptive: region=0, ep=57, variant=online_pca, map=selected_region
  [V7 raw visual cache hit] episode=123 path=/data/zhonglinye/jun/lerobot/personal/work2/our_v7/shared_raw_embeddings/coffee-button-v3_corner/smolvlm_raw_first5_wrist20_70_v1_06459982c0c0/episode_000123.npz
[077/112] adaptive: region=0, ep=123, variant=online_pca, map=selected_region
  [V7 raw visual cache hit] episode=377 path=/data/zhonglinye/jun/lerobot/personal/work2/our_v7/shared_raw_embeddings/coffee-button-v3_corner/smolvlm_raw_first5_wrist20_70_v1_06459982c0c0/episode_000377.npz
[078/112] adaptive: region=0, ep=377, variant=online_pca, map=selected_region
  [V7 raw visual cache hit] episode=189 path=/data/zhonglinye/jun/lerobot/personal/work2/our_v7/shared_raw_embeddings/coffee-button-v3_corner/smolvlm_raw_first5_wrist20_70_v1_06459982c0c0/episode_000189.npz
[079/112] adaptive: region=0, ep=189, variant=online_pca, map=selected_region
  [V7 raw visual cache hit] episode=217 path=/data/zhonglinye/jun/lerobot/personal/work2/our_v7/shared_raw_embeddings/coffee-button-v3_corner/smolvlm_raw_first5_wrist20_70_v1_06459982c0c0/episode_000217.npz
[080/112] adaptive: region=0, ep=217, variant=online_pca, map=selected_region
  [V7 raw visual cache hit] episode=173 path=/data/zhonglinye/jun/lerobot/personal/work2/our_v7/shared_raw_embeddings/coffee-button-v3_corner/smolvlm_raw_first5_wrist20_70_v1_06459982c0c0/episode_000173.npz
[081/112] adaptive: region=0, ep=173, variant=online_pca, map=selected_region
  [V7 raw visual cache hit] episode=331 path=/data/zhonglinye/jun/lerobot/personal/work2/our_v7/shared_raw_embeddings/coffee-button-v3_corner/smolvlm_raw_first5_wrist20_70_v1_06459982c0c0/episode_000331.npz
[082/112] adaptive: region=0, ep=331, variant=online_pca, map=selected_region
  [V7 raw visual cache hit] episode=207 path=/data/zhonglinye/jun/lerobot/personal/work2/our_v7/shared_raw_embeddings/coffee-button-v3_corner/smolvlm_raw_first5_wrist20_70_v1_06459982c0c0/episode_000207.npz
[083/112] adaptive: region=0, ep=207, variant=online_pca, map=selected_region
  [V7 raw visual cache hit] episode=249 path=/data/zhonglinye/jun/lerobot/personal/work2/our_v7/shared_raw_embeddings/coffee-button-v3_corner/smolvlm_raw_first5_wrist20_70_v1_06459982c0c0/episode_000249.npz
[084/112] adaptive: region=0, ep=249, variant=online_pca, map=selected_region
  [V7 raw visual cache hit] episode=295 path=/data/zhonglinye/jun/lerobot/personal/work2/our_v7/shared_raw_embeddings/coffee-button-v3_corner/smolvlm_raw_first5_wrist20_70_v1_06459982c0c0/episode_000295.npz
[085/112] adaptive: region=0, ep=295, variant=online_pca, map=selected_region
  [V7 raw visual cache hit] episode=37 path=/data/zhonglinye/jun/lerobot/personal/work2/our_v7/shared_raw_embeddings/coffee-button-v3_corner/smolvlm_raw_first5_wrist20_70_v1_06459982c0c0/episode_000037.npz
[086/112] adaptive: region=0, ep=37, variant=online_pca, map=selected_region
  [V7 raw visual cache hit] episode=194 path=/data/zhonglinye/jun/lerobot/personal/work2/our_v7/shared_raw_embeddings/coffee-button-v3_corner/smolvlm_raw_first5_wrist20_70_v1_06459982c0c0/episode_000194.npz
[087/112] adaptive: region=0, ep=194, variant=online_pca, map=selected_region
  [V7 raw visual cache hit] episode=110 path=/data/zhonglinye/jun/lerobot/personal/work2/our_v7/shared_raw_embeddings/coffee-button-v3_corner/smolvlm_raw_first5_wrist20_70_v1_06459982c0c0/episode_000110.npz
[088/112] adaptive: region=0, ep=110, variant=online_pca, map=selected_region
  [V7 raw visual cache hit] episode=250 path=/data/zhonglinye/jun/lerobot/personal/work2/our_v7/shared_raw_embeddings/coffee-button-v3_corner/smolvlm_raw_first5_wrist20_70_v1_06459982c0c0/episode_000250.npz
[089/112] adaptive: region=0, ep=250, variant=online_pca, map=selected_region
  [V7 raw visual cache hit] episode=53 path=/data/zhonglinye/jun/lerobot/personal/work2/our_v7/shared_raw_embeddings/coffee-button-v3_corner/smolvlm_raw_first5_wrist20_70_v1_06459982c0c0/episode_000053.npz
[090/112] adaptive: region=0, ep=53, variant=online_pca, map=selected_region
  [V7 raw visual cache hit] episode=170 path=/data/zhonglinye/jun/lerobot/personal/work2/our_v7/shared_raw_embeddings/coffee-button-v3_corner/smolvlm_raw_first5_wrist20_70_v1_06459982c0c0/episode_000170.npz
[091/112] adaptive: region=0, ep=170, variant=online_pca, map=selected_region
  [V7 raw visual cache hit] episode=72 path=/data/zhonglinye/jun/lerobot/personal/work2/our_v7/shared_raw_embeddings/coffee-button-v3_corner/smolvlm_raw_first5_wrist20_70_v1_06459982c0c0/episode_000072.npz
[092/112] adaptive: region=33, ep=72, variant=online_pca, map=selected_region
  [V7 raw visual cache hit] episode=292 path=/data/zhonglinye/jun/lerobot/personal/work2/our_v7/shared_raw_embeddings/coffee-button-v3_corner/smolvlm_raw_first5_wrist20_70_v1_06459982c0c0/episode_000292.npz
[093/112] adaptive: region=33, ep=292, variant=online_pca, map=selected_region
  [V7 raw visual cache hit] episode=345 path=/data/zhonglinye/jun/lerobot/personal/work2/our_v7/shared_raw_embeddings/coffee-button-v3_corner/smolvlm_raw_first5_wrist20_70_v1_06459982c0c0/episode_000345.npz
[094/112] adaptive: region=33, ep=345, variant=online_pca, map=selected_region
  [V7 raw visual cache hit] episode=104 path=/data/zhonglinye/jun/lerobot/personal/work2/our_v7/shared_raw_embeddings/coffee-button-v3_corner/smolvlm_raw_first5_wrist20_70_v1_06459982c0c0/episode_000104.npz
[095/112] adaptive: region=33, ep=104, variant=online_pca, map=selected_region
  [V7 raw visual cache hit] episode=306 path=/data/zhonglinye/jun/lerobot/personal/work2/our_v7/shared_raw_embeddings/coffee-button-v3_corner/smolvlm_raw_first5_wrist20_70_v1_06459982c0c0/episode_000306.npz
[096/112] adaptive: region=33, ep=306, variant=online_pca, map=selected_region
  [V7 raw visual cache hit] episode=320 path=/data/zhonglinye/jun/lerobot/personal/work2/our_v7/shared_raw_embeddings/coffee-button-v3_corner/smolvlm_raw_first5_wrist20_70_v1_06459982c0c0/episode_000320.npz
[097/112] adaptive: region=33, ep=320, variant=online_pca, map=selected_region
  [V7 raw visual cache hit] episode=56 path=/data/zhonglinye/jun/lerobot/personal/work2/our_v7/shared_raw_embeddings/coffee-button-v3_corner/smolvlm_raw_first5_wrist20_70_v1_06459982c0c0/episode_000056.npz
[098/112] adaptive: region=33, ep=56, variant=online_pca, map=selected_region
  [V7 raw visual cache hit] episode=335 path=/data/zhonglinye/jun/lerobot/personal/work2/our_v7/shared_raw_embeddings/coffee-button-v3_corner/smolvlm_raw_first5_wrist20_70_v1_06459982c0c0/episode_000335.npz
[099/112] adaptive: region=33, ep=335, variant=online_pca, map=selected_region
  [V7 raw visual cache hit] episode=23 path=/data/zhonglinye/jun/lerobot/personal/work2/our_v7/shared_raw_embeddings/coffee-button-v3_corner/smolvlm_raw_first5_wrist20_70_v1_06459982c0c0/episode_000023.npz
[100/112] adaptive: region=33, ep=23, variant=online_pca, map=selected_region
  [V7 raw visual cache hit] episode=220 path=/data/zhonglinye/jun/lerobot/personal/work2/our_v7/shared_raw_embeddings/coffee-button-v3_corner/smolvlm_raw_first5_wrist20_70_v1_06459982c0c0/episode_000220.npz
[101/112] adaptive: region=33, ep=220, variant=online_pca, map=selected_region
  [V7 raw visual cache hit] episode=74 path=/data/zhonglinye/jun/lerobot/personal/work2/our_v7/shared_raw_embeddings/coffee-button-v3_corner/smolvlm_raw_first5_wrist20_70_v1_06459982c0c0/episode_000074.npz
[102/112] adaptive: region=33, ep=74, variant=online_pca, map=selected_region
  [V7 raw visual cache hit] episode=24 path=/data/zhonglinye/jun/lerobot/personal/work2/our_v7/shared_raw_embeddings/coffee-button-v3_corner/smolvlm_raw_first5_wrist20_70_v1_06459982c0c0/episode_000024.npz
[103/112] adaptive: region=33, ep=24, variant=online_pca, map=selected_region
  [V7 raw visual cache hit] episode=44 path=/data/zhonglinye/jun/lerobot/personal/work2/our_v7/shared_raw_embeddings/coffee-button-v3_corner/smolvlm_raw_first5_wrist20_70_v1_06459982c0c0/episode_000044.npz
[104/112] adaptive: region=33, ep=44, variant=online_pca, map=selected_region
  [V7 raw visual cache hit] episode=240 path=/data/zhonglinye/jun/lerobot/personal/work2/our_v7/shared_raw_embeddings/coffee-button-v3_corner/smolvlm_raw_first5_wrist20_70_v1_06459982c0c0/episode_000240.npz
[105/112] adaptive: region=33, ep=240, variant=online_pca, map=selected_region
  [V7 raw visual cache hit] episode=191 path=/data/zhonglinye/jun/lerobot/personal/work2/our_v7/shared_raw_embeddings/coffee-button-v3_corner/smolvlm_raw_first5_wrist20_70_v1_06459982c0c0/episode_000191.npz
[106/112] adaptive: region=33, ep=191, variant=online_pca, map=selected_region
  [V7 raw visual cache hit] episode=228 path=/data/zhonglinye/jun/lerobot/personal/work2/our_v7/shared_raw_embeddings/coffee-button-v3_corner/smolvlm_raw_first5_wrist20_70_v1_06459982c0c0/episode_000228.npz
[107/112] adaptive: region=33, ep=228, variant=online_pca, map=selected_region
  [V7 raw visual cache hit] episode=148 path=/data/zhonglinye/jun/lerobot/personal/work2/our_v7/shared_raw_embeddings/coffee-button-v3_corner/smolvlm_raw_first5_wrist20_70_v1_06459982c0c0/episode_000148.npz
[108/112] adaptive: region=26, ep=148, variant=online_pca, map=selected_region
  [V7 raw visual cache hit] episode=145 path=/data/zhonglinye/jun/lerobot/personal/work2/our_v7/shared_raw_embeddings/coffee-button-v3_corner/smolvlm_raw_first5_wrist20_70_v1_06459982c0c0/episode_000145.npz
[109/112] adaptive: region=26, ep=145, variant=online_pca, map=selected_region
  [V7 raw visual cache hit] episode=144 path=/data/zhonglinye/jun/lerobot/personal/work2/our_v7/shared_raw_embeddings/coffee-button-v3_corner/smolvlm_raw_first5_wrist20_70_v1_06459982c0c0/episode_000144.npz
[110/112] adaptive: region=26, ep=144, variant=online_pca, map=selected_region
  [V7 raw visual cache hit] episode=193 path=/data/zhonglinye/jun/lerobot/personal/work2/our_v7/shared_raw_embeddings/coffee-button-v3_corner/smolvlm_raw_first5_wrist20_70_v1_06459982c0c0/episode_000193.npz
[111/112] adaptive: region=26, ep=193, variant=online_pca, map=selected_region
  [V7 raw visual cache hit] episode=268 path=/data/zhonglinye/jun/lerobot/personal/work2/our_v7/shared_raw_embeddings/coffee-button-v3_corner/smolvlm_raw_first5_wrist20_70_v1_06459982c0c0/episode_000268.npz
[112/112] adaptive: region=26, ep=268, variant=online_pca, map=selected_region
============================================================================
selection written to: /data/zhonglinye/jun/lerobot/personal/work2/our_v7/outputs/our_v7_online_pca_full_112x3_seed42/selection/coffee-button-v3_corner/selected_episodes_v7.json
selected=112
regions=40
initial=8
adaptive=104
raw visual cache=/data/zhonglinye/jun/lerobot/personal/work2/our_v7/shared_raw_embeddings/coffee-button-v3_corner/smolvlm_raw_first5_wrist20_70_v1_06459982c0c0
causal validation: PASS
============================================================================

=== V7 selecting disassemble-v3_corner (metaworld) ===
============================================================================
Our-V7 paper-faithful causal demonstration acquisition
benchmark=metaworld
dataset=disassemble-v3_corner
budget=112
visual_variant=online_pca
ablation=full
configuration source: episode_initial_states.json -> rand_vec
configuration normalization: predefined MetaWorld reset bounds
KMeans init: deterministic centroid-nearest + farthest-point traversal
B0 init: deterministic centroid-nearest + farthest-point traversal
priority: g_k + minmax(u_visual) + minmax(u_action)
============================================================================
V7 paper initialization: regions=40, B0=8, variant=online_pca, ablation=full
B0 region order: [0, 1, 2, 4, 13, 5, 3, 8]
  [V7 raw visual cache hit] episode=3 path=/data/zhonglinye/jun/lerobot/personal/work2/our_v7/shared_raw_embeddings/disassemble-v3_corner/smolvlm_raw_first5_wrist20_70_v1_af217b575362/episode_000003.npz
[001/112] initial: region=0, ep=3, variant=online_pca, map=selected_region
  [V7 raw visual cache hit] episode=156 path=/data/zhonglinye/jun/lerobot/personal/work2/our_v7/shared_raw_embeddings/disassemble-v3_corner/smolvlm_raw_first5_wrist20_70_v1_af217b575362/episode_000156.npz
[002/112] initial: region=1, ep=156, variant=online_pca, map=selected_region
  [V7 raw visual cache hit] episode=136 path=/data/zhonglinye/jun/lerobot/personal/work2/our_v7/shared_raw_embeddings/disassemble-v3_corner/smolvlm_raw_first5_wrist20_70_v1_af217b575362/episode_000136.npz
[003/112] initial: region=2, ep=136, variant=online_pca, map=selected_region
  [V7 raw visual cache hit] episode=131 path=/data/zhonglinye/jun/lerobot/personal/work2/our_v7/shared_raw_embeddings/disassemble-v3_corner/smolvlm_raw_first5_wrist20_70_v1_af217b575362/episode_000131.npz
[004/112] initial: region=4, ep=131, variant=online_pca, map=selected_region
  [V7 raw visual cache hit] episode=204 path=/data/zhonglinye/jun/lerobot/personal/work2/our_v7/shared_raw_embeddings/disassemble-v3_corner/smolvlm_raw_first5_wrist20_70_v1_af217b575362/episode_000204.npz
[005/112] initial: region=13, ep=204, variant=online_pca, map=selected_region
  [V7 raw visual cache hit] episode=337 path=/data/zhonglinye/jun/lerobot/personal/work2/our_v7/shared_raw_embeddings/disassemble-v3_corner/smolvlm_raw_first5_wrist20_70_v1_af217b575362/episode_000337.npz
[006/112] initial: region=5, ep=337, variant=online_pca, map=selected_region
  [V7 raw visual cache hit] episode=147 path=/data/zhonglinye/jun/lerobot/personal/work2/our_v7/shared_raw_embeddings/disassemble-v3_corner/smolvlm_raw_first5_wrist20_70_v1_af217b575362/episode_000147.npz
[007/112] initial: region=3, ep=147, variant=online_pca, map=selected_region
  [V7 raw visual cache hit] episode=186 path=/data/zhonglinye/jun/lerobot/personal/work2/our_v7/shared_raw_embeddings/disassemble-v3_corner/smolvlm_raw_first5_wrist20_70_v1_af217b575362/episode_000186.npz
[008/112] initial: region=8, ep=186, variant=online_pca, map=selected_region
  [V7 raw visual cache hit] episode=238 path=/data/zhonglinye/jun/lerobot/personal/work2/our_v7/shared_raw_embeddings/disassemble-v3_corner/smolvlm_raw_first5_wrist20_70_v1_af217b575362/episode_000238.npz
[009/112] adaptive: region=6, ep=238, variant=online_pca, map=selected_region
  [V7 raw visual cache hit] episode=309 path=/data/zhonglinye/jun/lerobot/personal/work2/our_v7/shared_raw_embeddings/disassemble-v3_corner/smolvlm_raw_first5_wrist20_70_v1_af217b575362/episode_000309.npz
[010/112] adaptive: region=7, ep=309, variant=online_pca, map=selected_region
  [V7 raw visual cache hit] episode=358 path=/data/zhonglinye/jun/lerobot/personal/work2/our_v7/shared_raw_embeddings/disassemble-v3_corner/smolvlm_raw_first5_wrist20_70_v1_af217b575362/episode_000358.npz
[011/112] adaptive: region=9, ep=358, variant=online_pca, map=selected_region
  [V7 raw visual cache hit] episode=395 path=/data/zhonglinye/jun/lerobot/personal/work2/our_v7/shared_raw_embeddings/disassemble-v3_corner/smolvlm_raw_first5_wrist20_70_v1_af217b575362/episode_000395.npz
[012/112] adaptive: region=10, ep=395, variant=online_pca, map=selected_region
  [V7 raw visual cache hit] episode=206 path=/data/zhonglinye/jun/lerobot/personal/work2/our_v7/shared_raw_embeddings/disassemble-v3_corner/smolvlm_raw_first5_wrist20_70_v1_af217b575362/episode_000206.npz
[013/112] adaptive: region=11, ep=206, variant=online_pca, map=selected_region
  [V7 raw visual cache hit] episode=109 path=/data/zhonglinye/jun/lerobot/personal/work2/our_v7/shared_raw_embeddings/disassemble-v3_corner/smolvlm_raw_first5_wrist20_70_v1_af217b575362/episode_000109.npz
[014/112] adaptive: region=12, ep=109, variant=online_pca, map=selected_region
  [V7 raw visual cache hit] episode=389 path=/data/zhonglinye/jun/lerobot/personal/work2/our_v7/shared_raw_embeddings/disassemble-v3_corner/smolvlm_raw_first5_wrist20_70_v1_af217b575362/episode_000389.npz
[015/112] adaptive: region=14, ep=389, variant=online_pca, map=selected_region
  [V7 raw visual cache hit] episode=82 path=/data/zhonglinye/jun/lerobot/personal/work2/our_v7/shared_raw_embeddings/disassemble-v3_corner/smolvlm_raw_first5_wrist20_70_v1_af217b575362/episode_000082.npz
[016/112] adaptive: region=15, ep=82, variant=online_pca, map=selected_region
  [V7 raw visual cache hit] episode=196 path=/data/zhonglinye/jun/lerobot/personal/work2/our_v7/shared_raw_embeddings/disassemble-v3_corner/smolvlm_raw_first5_wrist20_70_v1_af217b575362/episode_000196.npz
[017/112] adaptive: region=16, ep=196, variant=online_pca, map=selected_region
  [V7 raw visual cache hit] episode=283 path=/data/zhonglinye/jun/lerobot/personal/work2/our_v7/shared_raw_embeddings/disassemble-v3_corner/smolvlm_raw_first5_wrist20_70_v1_af217b575362/episode_000283.npz
[018/112] adaptive: region=17, ep=283, variant=online_pca, map=selected_region
  [V7 raw visual cache hit] episode=174 path=/data/zhonglinye/jun/lerobot/personal/work2/our_v7/shared_raw_embeddings/disassemble-v3_corner/smolvlm_raw_first5_wrist20_70_v1_af217b575362/episode_000174.npz
[019/112] adaptive: region=18, ep=174, variant=online_pca, map=selected_region
  [V7 raw visual cache hit] episode=110 path=/data/zhonglinye/jun/lerobot/personal/work2/our_v7/shared_raw_embeddings/disassemble-v3_corner/smolvlm_raw_first5_wrist20_70_v1_af217b575362/episode_000110.npz
[020/112] adaptive: region=19, ep=110, variant=online_pca, map=selected_region
  [V7 raw visual cache hit] episode=43 path=/data/zhonglinye/jun/lerobot/personal/work2/our_v7/shared_raw_embeddings/disassemble-v3_corner/smolvlm_raw_first5_wrist20_70_v1_af217b575362/episode_000043.npz
[021/112] adaptive: region=20, ep=43, variant=online_pca, map=selected_region
  [V7 raw visual cache hit] episode=375 path=/data/zhonglinye/jun/lerobot/personal/work2/our_v7/shared_raw_embeddings/disassemble-v3_corner/smolvlm_raw_first5_wrist20_70_v1_af217b575362/episode_000375.npz
[022/112] adaptive: region=21, ep=375, variant=online_pca, map=selected_region
  [V7 raw visual cache hit] episode=135 path=/data/zhonglinye/jun/lerobot/personal/work2/our_v7/shared_raw_embeddings/disassemble-v3_corner/smolvlm_raw_first5_wrist20_70_v1_af217b575362/episode_000135.npz
[023/112] adaptive: region=22, ep=135, variant=online_pca, map=selected_region
  [V7 raw visual cache hit] episode=331 path=/data/zhonglinye/jun/lerobot/personal/work2/our_v7/shared_raw_embeddings/disassemble-v3_corner/smolvlm_raw_first5_wrist20_70_v1_af217b575362/episode_000331.npz
[024/112] adaptive: region=23, ep=331, variant=online_pca, map=selected_region
  [V7 raw visual cache hit] episode=218 path=/data/zhonglinye/jun/lerobot/personal/work2/our_v7/shared_raw_embeddings/disassemble-v3_corner/smolvlm_raw_first5_wrist20_70_v1_af217b575362/episode_000218.npz
[025/112] adaptive: region=24, ep=218, variant=online_pca, map=selected_region
  [V7 raw visual cache hit] episode=157 path=/data/zhonglinye/jun/lerobot/personal/work2/our_v7/shared_raw_embeddings/disassemble-v3_corner/smolvlm_raw_first5_wrist20_70_v1_af217b575362/episode_000157.npz
[026/112] adaptive: region=25, ep=157, variant=online_pca, map=selected_region
  [V7 raw visual cache hit] episode=311 path=/data/zhonglinye/jun/lerobot/personal/work2/our_v7/shared_raw_embeddings/disassemble-v3_corner/smolvlm_raw_first5_wrist20_70_v1_af217b575362/episode_000311.npz
[027/112] adaptive: region=26, ep=311, variant=online_pca, map=selected_region
  [V7 raw visual cache hit] episode=52 path=/data/zhonglinye/jun/lerobot/personal/work2/our_v7/shared_raw_embeddings/disassemble-v3_corner/smolvlm_raw_first5_wrist20_70_v1_af217b575362/episode_000052.npz
[028/112] adaptive: region=27, ep=52, variant=online_pca, map=selected_region
  [V7 raw visual cache hit] episode=383 path=/data/zhonglinye/jun/lerobot/personal/work2/our_v7/shared_raw_embeddings/disassemble-v3_corner/smolvlm_raw_first5_wrist20_70_v1_af217b575362/episode_000383.npz
[029/112] adaptive: region=28, ep=383, variant=online_pca, map=selected_region
  [V7 raw visual cache hit] episode=176 path=/data/zhonglinye/jun/lerobot/personal/work2/our_v7/shared_raw_embeddings/disassemble-v3_corner/smolvlm_raw_first5_wrist20_70_v1_af217b575362/episode_000176.npz
[030/112] adaptive: region=29, ep=176, variant=online_pca, map=selected_region
  [V7 raw visual cache hit] episode=291 path=/data/zhonglinye/jun/lerobot/personal/work2/our_v7/shared_raw_embeddings/disassemble-v3_corner/smolvlm_raw_first5_wrist20_70_v1_af217b575362/episode_000291.npz
[031/112] adaptive: region=30, ep=291, variant=online_pca, map=selected_region
  [V7 raw visual cache hit] episode=25 path=/data/zhonglinye/jun/lerobot/personal/work2/our_v7/shared_raw_embeddings/disassemble-v3_corner/smolvlm_raw_first5_wrist20_70_v1_af217b575362/episode_000025.npz
[032/112] adaptive: region=31, ep=25, variant=online_pca, map=selected_region
  [V7 raw visual cache hit] episode=78 path=/data/zhonglinye/jun/lerobot/personal/work2/our_v7/shared_raw_embeddings/disassemble-v3_corner/smolvlm_raw_first5_wrist20_70_v1_af217b575362/episode_000078.npz
[033/112] adaptive: region=32, ep=78, variant=online_pca, map=selected_region
  [V7 raw visual cache hit] episode=377 path=/data/zhonglinye/jun/lerobot/personal/work2/our_v7/shared_raw_embeddings/disassemble-v3_corner/smolvlm_raw_first5_wrist20_70_v1_af217b575362/episode_000377.npz
[034/112] adaptive: region=33, ep=377, variant=online_pca, map=selected_region
  [V7 raw visual cache hit] episode=385 path=/data/zhonglinye/jun/lerobot/personal/work2/our_v7/shared_raw_embeddings/disassemble-v3_corner/smolvlm_raw_first5_wrist20_70_v1_af217b575362/episode_000385.npz
[035/112] adaptive: region=34, ep=385, variant=online_pca, map=selected_region
  [V7 raw visual cache hit] episode=113 path=/data/zhonglinye/jun/lerobot/personal/work2/our_v7/shared_raw_embeddings/disassemble-v3_corner/smolvlm_raw_first5_wrist20_70_v1_af217b575362/episode_000113.npz
[036/112] adaptive: region=35, ep=113, variant=online_pca, map=selected_region
  [V7 raw visual cache hit] episode=292 path=/data/zhonglinye/jun/lerobot/personal/work2/our_v7/shared_raw_embeddings/disassemble-v3_corner/smolvlm_raw_first5_wrist20_70_v1_af217b575362/episode_000292.npz
[037/112] adaptive: region=36, ep=292, variant=online_pca, map=selected_region
  [V7 raw visual cache hit] episode=161 path=/data/zhonglinye/jun/lerobot/personal/work2/our_v7/shared_raw_embeddings/disassemble-v3_corner/smolvlm_raw_first5_wrist20_70_v1_af217b575362/episode_000161.npz
[038/112] adaptive: region=37, ep=161, variant=online_pca, map=selected_region
  [V7 raw visual cache hit] episode=253 path=/data/zhonglinye/jun/lerobot/personal/work2/our_v7/shared_raw_embeddings/disassemble-v3_corner/smolvlm_raw_first5_wrist20_70_v1_af217b575362/episode_000253.npz
[039/112] adaptive: region=38, ep=253, variant=online_pca, map=selected_region
  [V7 raw visual cache hit] episode=166 path=/data/zhonglinye/jun/lerobot/personal/work2/our_v7/shared_raw_embeddings/disassemble-v3_corner/smolvlm_raw_first5_wrist20_70_v1_af217b575362/episode_000166.npz
[040/112] adaptive: region=39, ep=166, variant=online_pca, map=selected_region
  [V7 raw visual cache hit] episode=341 path=/data/zhonglinye/jun/lerobot/personal/work2/our_v7/shared_raw_embeddings/disassemble-v3_corner/smolvlm_raw_first5_wrist20_70_v1_af217b575362/episode_000341.npz
[041/112] adaptive: region=9, ep=341, variant=online_pca, map=selected_region
  [V7 raw visual cache hit] episode=9 path=/data/zhonglinye/jun/lerobot/personal/work2/our_v7/shared_raw_embeddings/disassemble-v3_corner/smolvlm_raw_first5_wrist20_70_v1_af217b575362/episode_000009.npz
[042/112] adaptive: region=9, ep=9, variant=online_pca, map=selected_region
  [V7 raw visual cache hit] episode=259 path=/data/zhonglinye/jun/lerobot/personal/work2/our_v7/shared_raw_embeddings/disassemble-v3_corner/smolvlm_raw_first5_wrist20_70_v1_af217b575362/episode_000259.npz
[043/112] adaptive: region=9, ep=259, variant=online_pca, map=selected_region
  [V7 raw visual cache hit] episode=339 path=/data/zhonglinye/jun/lerobot/personal/work2/our_v7/shared_raw_embeddings/disassemble-v3_corner/smolvlm_raw_first5_wrist20_70_v1_af217b575362/episode_000339.npz
[044/112] adaptive: region=9, ep=339, variant=online_pca, map=selected_region
  [V7 raw visual cache hit] episode=321 path=/data/zhonglinye/jun/lerobot/personal/work2/our_v7/shared_raw_embeddings/disassemble-v3_corner/smolvlm_raw_first5_wrist20_70_v1_af217b575362/episode_000321.npz
[045/112] adaptive: region=9, ep=321, variant=online_pca, map=selected_region
  [V7 raw visual cache hit] episode=68 path=/data/zhonglinye/jun/lerobot/personal/work2/our_v7/shared_raw_embeddings/disassemble-v3_corner/smolvlm_raw_first5_wrist20_70_v1_af217b575362/episode_000068.npz
[046/112] adaptive: region=9, ep=68, variant=online_pca, map=selected_region
  [V7 raw visual cache hit] episode=209 path=/data/zhonglinye/jun/lerobot/personal/work2/our_v7/shared_raw_embeddings/disassemble-v3_corner/smolvlm_raw_first5_wrist20_70_v1_af217b575362/episode_000209.npz
[047/112] adaptive: region=9, ep=209, variant=online_pca, map=selected_region
  [V7 raw visual cache hit] episode=70 path=/data/zhonglinye/jun/lerobot/personal/work2/our_v7/shared_raw_embeddings/disassemble-v3_corner/smolvlm_raw_first5_wrist20_70_v1_af217b575362/episode_000070.npz
[048/112] adaptive: region=9, ep=70, variant=online_pca, map=selected_region
  [V7 raw visual cache hit] episode=8 path=/data/zhonglinye/jun/lerobot/personal/work2/our_v7/shared_raw_embeddings/disassemble-v3_corner/smolvlm_raw_first5_wrist20_70_v1_af217b575362/episode_000008.npz
[049/112] adaptive: region=9, ep=8, variant=online_pca, map=selected_region
  [V7 raw visual cache hit] episode=214 path=/data/zhonglinye/jun/lerobot/personal/work2/our_v7/shared_raw_embeddings/disassemble-v3_corner/smolvlm_raw_first5_wrist20_70_v1_af217b575362/episode_000214.npz
[050/112] adaptive: region=9, ep=214, variant=online_pca, map=selected_region
  [V7 raw visual cache hit] episode=112 path=/data/zhonglinye/jun/lerobot/personal/work2/our_v7/shared_raw_embeddings/disassemble-v3_corner/smolvlm_raw_first5_wrist20_70_v1_af217b575362/episode_000112.npz
[051/112] adaptive: region=9, ep=112, variant=online_pca, map=selected_region
  [V7 raw visual cache hit] episode=355 path=/data/zhonglinye/jun/lerobot/personal/work2/our_v7/shared_raw_embeddings/disassemble-v3_corner/smolvlm_raw_first5_wrist20_70_v1_af217b575362/episode_000355.npz
[052/112] adaptive: region=9, ep=355, variant=online_pca, map=selected_region
  [V7 raw visual cache hit] episode=254 path=/data/zhonglinye/jun/lerobot/personal/work2/our_v7/shared_raw_embeddings/disassemble-v3_corner/smolvlm_raw_first5_wrist20_70_v1_af217b575362/episode_000254.npz
[053/112] adaptive: region=9, ep=254, variant=online_pca, map=selected_region
  [V7 raw visual cache hit] episode=263 path=/data/zhonglinye/jun/lerobot/personal/work2/our_v7/shared_raw_embeddings/disassemble-v3_corner/smolvlm_raw_first5_wrist20_70_v1_af217b575362/episode_000263.npz
[054/112] adaptive: region=9, ep=263, variant=online_pca, map=selected_region
  [V7 raw visual cache hit] episode=187 path=/data/zhonglinye/jun/lerobot/personal/work2/our_v7/shared_raw_embeddings/disassemble-v3_corner/smolvlm_raw_first5_wrist20_70_v1_af217b575362/episode_000187.npz
[055/112] adaptive: region=9, ep=187, variant=online_pca, map=selected_region
  [V7 raw visual cache hit] episode=169 path=/data/zhonglinye/jun/lerobot/personal/work2/our_v7/shared_raw_embeddings/disassemble-v3_corner/smolvlm_raw_first5_wrist20_70_v1_af217b575362/episode_000169.npz
[056/112] adaptive: region=9, ep=169, variant=online_pca, map=selected_region
  [V7 raw visual cache hit] episode=10 path=/data/zhonglinye/jun/lerobot/personal/work2/our_v7/shared_raw_embeddings/disassemble-v3_corner/smolvlm_raw_first5_wrist20_70_v1_af217b575362/episode_000010.npz
[057/112] adaptive: region=9, ep=10, variant=online_pca, map=selected_region
  [V7 raw visual cache hit] episode=35 path=/data/zhonglinye/jun/lerobot/personal/work2/our_v7/shared_raw_embeddings/disassemble-v3_corner/smolvlm_raw_first5_wrist20_70_v1_af217b575362/episode_000035.npz
[058/112] adaptive: region=9, ep=35, variant=online_pca, map=selected_region
  [V7 raw visual cache hit] episode=241 path=/data/zhonglinye/jun/lerobot/personal/work2/our_v7/shared_raw_embeddings/disassemble-v3_corner/smolvlm_raw_first5_wrist20_70_v1_af217b575362/episode_000241.npz
[059/112] adaptive: region=9, ep=241, variant=online_pca, map=selected_region
  [V7 raw visual cache hit] episode=317 path=/data/zhonglinye/jun/lerobot/personal/work2/our_v7/shared_raw_embeddings/disassemble-v3_corner/smolvlm_raw_first5_wrist20_70_v1_af217b575362/episode_000317.npz
[060/112] adaptive: region=9, ep=317, variant=online_pca, map=selected_region
  [V7 raw visual cache hit] episode=138 path=/data/zhonglinye/jun/lerobot/personal/work2/our_v7/shared_raw_embeddings/disassemble-v3_corner/smolvlm_raw_first5_wrist20_70_v1_af217b575362/episode_000138.npz
[061/112] adaptive: region=9, ep=138, variant=online_pca, map=selected_region
  [V7 raw visual cache hit] episode=97 path=/data/zhonglinye/jun/lerobot/personal/work2/our_v7/shared_raw_embeddings/disassemble-v3_corner/smolvlm_raw_first5_wrist20_70_v1_af217b575362/episode_000097.npz
[062/112] adaptive: region=38, ep=97, variant=online_pca, map=selected_region
  [V7 raw visual cache hit] episode=353 path=/data/zhonglinye/jun/lerobot/personal/work2/our_v7/shared_raw_embeddings/disassemble-v3_corner/smolvlm_raw_first5_wrist20_70_v1_af217b575362/episode_000353.npz
[063/112] adaptive: region=38, ep=353, variant=online_pca, map=selected_region
  [V7 raw visual cache hit] episode=190 path=/data/zhonglinye/jun/lerobot/personal/work2/our_v7/shared_raw_embeddings/disassemble-v3_corner/smolvlm_raw_first5_wrist20_70_v1_af217b575362/episode_000190.npz
[064/112] adaptive: region=38, ep=190, variant=online_pca, map=selected_region
  [V7 raw visual cache hit] episode=308 path=/data/zhonglinye/jun/lerobot/personal/work2/our_v7/shared_raw_embeddings/disassemble-v3_corner/smolvlm_raw_first5_wrist20_70_v1_af217b575362/episode_000308.npz
[065/112] adaptive: region=38, ep=308, variant=online_pca, map=selected_region
  [V7 raw visual cache hit] episode=227 path=/data/zhonglinye/jun/lerobot/personal/work2/our_v7/shared_raw_embeddings/disassemble-v3_corner/smolvlm_raw_first5_wrist20_70_v1_af217b575362/episode_000227.npz
[066/112] adaptive: region=38, ep=227, variant=online_pca, map=selected_region
  [V7 raw visual cache hit] episode=336 path=/data/zhonglinye/jun/lerobot/personal/work2/our_v7/shared_raw_embeddings/disassemble-v3_corner/smolvlm_raw_first5_wrist20_70_v1_af217b575362/episode_000336.npz
[067/112] adaptive: region=38, ep=336, variant=online_pca, map=selected_region
  [V7 raw visual cache hit] episode=171 path=/data/zhonglinye/jun/lerobot/personal/work2/our_v7/shared_raw_embeddings/disassemble-v3_corner/smolvlm_raw_first5_wrist20_70_v1_af217b575362/episode_000171.npz
[068/112] adaptive: region=38, ep=171, variant=online_pca, map=selected_region
  [V7 raw visual cache hit] episode=65 path=/data/zhonglinye/jun/lerobot/personal/work2/our_v7/shared_raw_embeddings/disassemble-v3_corner/smolvlm_raw_first5_wrist20_70_v1_af217b575362/episode_000065.npz
[069/112] adaptive: region=38, ep=65, variant=online_pca, map=selected_region
  [V7 raw visual cache hit] episode=118 path=/data/zhonglinye/jun/lerobot/personal/work2/our_v7/shared_raw_embeddings/disassemble-v3_corner/smolvlm_raw_first5_wrist20_70_v1_af217b575362/episode_000118.npz
[070/112] adaptive: region=38, ep=118, variant=online_pca, map=selected_region
  [V7 raw visual cache hit] episode=114 path=/data/zhonglinye/jun/lerobot/personal/work2/our_v7/shared_raw_embeddings/disassemble-v3_corner/smolvlm_raw_first5_wrist20_70_v1_af217b575362/episode_000114.npz
[071/112] adaptive: region=38, ep=114, variant=online_pca, map=selected_region
  [V7 raw visual cache hit] episode=38 path=/data/zhonglinye/jun/lerobot/personal/work2/our_v7/shared_raw_embeddings/disassemble-v3_corner/smolvlm_raw_first5_wrist20_70_v1_af217b575362/episode_000038.npz
[072/112] adaptive: region=38, ep=38, variant=online_pca, map=selected_region
  [V7 raw visual cache hit] episode=250 path=/data/zhonglinye/jun/lerobot/personal/work2/our_v7/shared_raw_embeddings/disassemble-v3_corner/smolvlm_raw_first5_wrist20_70_v1_af217b575362/episode_000250.npz
[073/112] adaptive: region=38, ep=250, variant=online_pca, map=selected_region
  [V7 raw visual cache hit] episode=175 path=/data/zhonglinye/jun/lerobot/personal/work2/our_v7/shared_raw_embeddings/disassemble-v3_corner/smolvlm_raw_first5_wrist20_70_v1_af217b575362/episode_000175.npz
[074/112] adaptive: region=38, ep=175, variant=online_pca, map=selected_region
  [V7 raw visual cache hit] episode=393 path=/data/zhonglinye/jun/lerobot/personal/work2/our_v7/shared_raw_embeddings/disassemble-v3_corner/smolvlm_raw_first5_wrist20_70_v1_af217b575362/episode_000393.npz
[075/112] adaptive: region=38, ep=393, variant=online_pca, map=selected_region
  [V7 raw visual cache hit] episode=338 path=/data/zhonglinye/jun/lerobot/personal/work2/our_v7/shared_raw_embeddings/disassemble-v3_corner/smolvlm_raw_first5_wrist20_70_v1_af217b575362/episode_000338.npz
[076/112] adaptive: region=38, ep=338, variant=online_pca, map=selected_region
  [V7 raw visual cache hit] episode=81 path=/data/zhonglinye/jun/lerobot/personal/work2/our_v7/shared_raw_embeddings/disassemble-v3_corner/smolvlm_raw_first5_wrist20_70_v1_af217b575362/episode_000081.npz
[077/112] adaptive: region=38, ep=81, variant=online_pca, map=selected_region
  [V7 raw visual cache hit] episode=58 path=/data/zhonglinye/jun/lerobot/personal/work2/our_v7/shared_raw_embeddings/disassemble-v3_corner/smolvlm_raw_first5_wrist20_70_v1_af217b575362/episode_000058.npz
[078/112] adaptive: region=38, ep=58, variant=online_pca, map=selected_region
  [V7 raw visual cache hit] episode=216 path=/data/zhonglinye/jun/lerobot/personal/work2/our_v7/shared_raw_embeddings/disassemble-v3_corner/smolvlm_raw_first5_wrist20_70_v1_af217b575362/episode_000216.npz
[079/112] adaptive: region=13, ep=216, variant=online_pca, map=selected_region
  [V7 raw visual cache hit] episode=62 path=/data/zhonglinye/jun/lerobot/personal/work2/our_v7/shared_raw_embeddings/disassemble-v3_corner/smolvlm_raw_first5_wrist20_70_v1_af217b575362/episode_000062.npz
[080/112] adaptive: region=13, ep=62, variant=online_pca, map=selected_region
  [V7 raw visual cache hit] episode=89 path=/data/zhonglinye/jun/lerobot/personal/work2/our_v7/shared_raw_embeddings/disassemble-v3_corner/smolvlm_raw_first5_wrist20_70_v1_af217b575362/episode_000089.npz
[081/112] adaptive: region=13, ep=89, variant=online_pca, map=selected_region
  [V7 raw visual cache hit] episode=298 path=/data/zhonglinye/jun/lerobot/personal/work2/our_v7/shared_raw_embeddings/disassemble-v3_corner/smolvlm_raw_first5_wrist20_70_v1_af217b575362/episode_000298.npz
[082/112] adaptive: region=13, ep=298, variant=online_pca, map=selected_region
  [V7 raw visual cache hit] episode=228 path=/data/zhonglinye/jun/lerobot/personal/work2/our_v7/shared_raw_embeddings/disassemble-v3_corner/smolvlm_raw_first5_wrist20_70_v1_af217b575362/episode_000228.npz
[083/112] adaptive: region=13, ep=228, variant=online_pca, map=selected_region
  [V7 raw visual cache hit] episode=33 path=/data/zhonglinye/jun/lerobot/personal/work2/our_v7/shared_raw_embeddings/disassemble-v3_corner/smolvlm_raw_first5_wrist20_70_v1_af217b575362/episode_000033.npz
[084/112] adaptive: region=13, ep=33, variant=online_pca, map=selected_region
  [V7 raw visual cache hit] episode=376 path=/data/zhonglinye/jun/lerobot/personal/work2/our_v7/shared_raw_embeddings/disassemble-v3_corner/smolvlm_raw_first5_wrist20_70_v1_af217b575362/episode_000376.npz
[085/112] adaptive: region=13, ep=376, variant=online_pca, map=selected_region
  [V7 raw visual cache hit] episode=367 path=/data/zhonglinye/jun/lerobot/personal/work2/our_v7/shared_raw_embeddings/disassemble-v3_corner/smolvlm_raw_first5_wrist20_70_v1_af217b575362/episode_000367.npz
[086/112] adaptive: region=13, ep=367, variant=online_pca, map=selected_region
  [V7 raw visual cache hit] episode=288 path=/data/zhonglinye/jun/lerobot/personal/work2/our_v7/shared_raw_embeddings/disassemble-v3_corner/smolvlm_raw_first5_wrist20_70_v1_af217b575362/episode_000288.npz
[087/112] adaptive: region=13, ep=288, variant=online_pca, map=selected_region
  [V7 raw visual cache hit] episode=36 path=/data/zhonglinye/jun/lerobot/personal/work2/our_v7/shared_raw_embeddings/disassemble-v3_corner/smolvlm_raw_first5_wrist20_70_v1_af217b575362/episode_000036.npz
[088/112] adaptive: region=13, ep=36, variant=online_pca, map=selected_region
  [V7 raw visual cache hit] episode=140 path=/data/zhonglinye/jun/lerobot/personal/work2/our_v7/shared_raw_embeddings/disassemble-v3_corner/smolvlm_raw_first5_wrist20_70_v1_af217b575362/episode_000140.npz
[089/112] adaptive: region=13, ep=140, variant=online_pca, map=selected_region
  [V7 raw visual cache hit] episode=387 path=/data/zhonglinye/jun/lerobot/personal/work2/our_v7/shared_raw_embeddings/disassemble-v3_corner/smolvlm_raw_first5_wrist20_70_v1_af217b575362/episode_000387.npz
[090/112] adaptive: region=13, ep=387, variant=online_pca, map=selected_region
  [V7 raw visual cache hit] episode=149 path=/data/zhonglinye/jun/lerobot/personal/work2/our_v7/shared_raw_embeddings/disassemble-v3_corner/smolvlm_raw_first5_wrist20_70_v1_af217b575362/episode_000149.npz
[091/112] adaptive: region=13, ep=149, variant=online_pca, map=selected_region
  [V7 raw visual cache hit] episode=96 path=/data/zhonglinye/jun/lerobot/personal/work2/our_v7/shared_raw_embeddings/disassemble-v3_corner/smolvlm_raw_first5_wrist20_70_v1_af217b575362/episode_000096.npz
[092/112] adaptive: region=13, ep=96, variant=online_pca, map=selected_region
  [V7 raw visual cache hit] episode=203 path=/data/zhonglinye/jun/lerobot/personal/work2/our_v7/shared_raw_embeddings/disassemble-v3_corner/smolvlm_raw_first5_wrist20_70_v1_af217b575362/episode_000203.npz
[093/112] adaptive: region=13, ep=203, variant=online_pca, map=selected_region
  [V7 raw visual cache hit] episode=59 path=/data/zhonglinye/jun/lerobot/personal/work2/our_v7/shared_raw_embeddings/disassemble-v3_corner/smolvlm_raw_first5_wrist20_70_v1_af217b575362/episode_000059.npz
[094/112] adaptive: region=16, ep=59, variant=online_pca, map=selected_region
  [V7 raw visual cache hit] episode=275 path=/data/zhonglinye/jun/lerobot/personal/work2/our_v7/shared_raw_embeddings/disassemble-v3_corner/smolvlm_raw_first5_wrist20_70_v1_af217b575362/episode_000275.npz
[095/112] adaptive: region=16, ep=275, variant=online_pca, map=selected_region
  [V7 raw visual cache hit] episode=189 path=/data/zhonglinye/jun/lerobot/personal/work2/our_v7/shared_raw_embeddings/disassemble-v3_corner/smolvlm_raw_first5_wrist20_70_v1_af217b575362/episode_000189.npz
[096/112] adaptive: region=16, ep=189, variant=online_pca, map=selected_region
  [V7 raw visual cache hit] episode=328 path=/data/zhonglinye/jun/lerobot/personal/work2/our_v7/shared_raw_embeddings/disassemble-v3_corner/smolvlm_raw_first5_wrist20_70_v1_af217b575362/episode_000328.npz
[097/112] adaptive: region=16, ep=328, variant=online_pca, map=selected_region
  [V7 raw visual cache hit] episode=84 path=/data/zhonglinye/jun/lerobot/personal/work2/our_v7/shared_raw_embeddings/disassemble-v3_corner/smolvlm_raw_first5_wrist20_70_v1_af217b575362/episode_000084.npz
[098/112] adaptive: region=16, ep=84, variant=online_pca, map=selected_region
  [V7 raw visual cache hit] episode=45 path=/data/zhonglinye/jun/lerobot/personal/work2/our_v7/shared_raw_embeddings/disassemble-v3_corner/smolvlm_raw_first5_wrist20_70_v1_af217b575362/episode_000045.npz
[099/112] adaptive: region=16, ep=45, variant=online_pca, map=selected_region
  [V7 raw visual cache hit] episode=51 path=/data/zhonglinye/jun/lerobot/personal/work2/our_v7/shared_raw_embeddings/disassemble-v3_corner/smolvlm_raw_first5_wrist20_70_v1_af217b575362/episode_000051.npz
[100/112] adaptive: region=16, ep=51, variant=online_pca, map=selected_region
  [V7 raw visual cache hit] episode=223 path=/data/zhonglinye/jun/lerobot/personal/work2/our_v7/shared_raw_embeddings/disassemble-v3_corner/smolvlm_raw_first5_wrist20_70_v1_af217b575362/episode_000223.npz
[101/112] adaptive: region=16, ep=223, variant=online_pca, map=selected_region
  [V7 raw visual cache hit] episode=79 path=/data/zhonglinye/jun/lerobot/personal/work2/our_v7/shared_raw_embeddings/disassemble-v3_corner/smolvlm_raw_first5_wrist20_70_v1_af217b575362/episode_000079.npz
[102/112] adaptive: region=16, ep=79, variant=online_pca, map=selected_region
  [V7 raw visual cache hit] episode=2 path=/data/zhonglinye/jun/lerobot/personal/work2/our_v7/shared_raw_embeddings/disassemble-v3_corner/smolvlm_raw_first5_wrist20_70_v1_af217b575362/episode_000002.npz
[103/112] adaptive: region=16, ep=2, variant=online_pca, map=selected_region
  [V7 raw visual cache hit] episode=106 path=/data/zhonglinye/jun/lerobot/personal/work2/our_v7/shared_raw_embeddings/disassemble-v3_corner/smolvlm_raw_first5_wrist20_70_v1_af217b575362/episode_000106.npz
[104/112] adaptive: region=16, ep=106, variant=online_pca, map=selected_region
  [V7 raw visual cache hit] episode=220 path=/data/zhonglinye/jun/lerobot/personal/work2/our_v7/shared_raw_embeddings/disassemble-v3_corner/smolvlm_raw_first5_wrist20_70_v1_af217b575362/episode_000220.npz
[105/112] adaptive: region=16, ep=220, variant=online_pca, map=selected_region
  [V7 raw visual cache hit] episode=151 path=/data/zhonglinye/jun/lerobot/personal/work2/our_v7/shared_raw_embeddings/disassemble-v3_corner/smolvlm_raw_first5_wrist20_70_v1_af217b575362/episode_000151.npz
[106/112] adaptive: region=16, ep=151, variant=online_pca, map=selected_region
  [V7 raw visual cache hit] episode=372 path=/data/zhonglinye/jun/lerobot/personal/work2/our_v7/shared_raw_embeddings/disassemble-v3_corner/smolvlm_raw_first5_wrist20_70_v1_af217b575362/episode_000372.npz
[107/112] adaptive: region=16, ep=372, variant=online_pca, map=selected_region
  [V7 raw visual cache hit] episode=244 path=/data/zhonglinye/jun/lerobot/personal/work2/our_v7/shared_raw_embeddings/disassemble-v3_corner/smolvlm_raw_first5_wrist20_70_v1_af217b575362/episode_000244.npz
[108/112] adaptive: region=16, ep=244, variant=online_pca, map=selected_region
  [V7 raw visual cache hit] episode=347 path=/data/zhonglinye/jun/lerobot/personal/work2/our_v7/shared_raw_embeddings/disassemble-v3_corner/smolvlm_raw_first5_wrist20_70_v1_af217b575362/episode_000347.npz
[109/112] adaptive: region=27, ep=347, variant=online_pca, map=selected_region
  [V7 raw visual cache hit] episode=302 path=/data/zhonglinye/jun/lerobot/personal/work2/our_v7/shared_raw_embeddings/disassemble-v3_corner/smolvlm_raw_first5_wrist20_70_v1_af217b575362/episode_000302.npz
[110/112] adaptive: region=27, ep=302, variant=online_pca, map=selected_region
  [V7 raw visual cache hit] episode=394 path=/data/zhonglinye/jun/lerobot/personal/work2/our_v7/shared_raw_embeddings/disassemble-v3_corner/smolvlm_raw_first5_wrist20_70_v1_af217b575362/episode_000394.npz
[111/112] adaptive: region=27, ep=394, variant=online_pca, map=selected_region
  [V7 raw visual cache hit] episode=397 path=/data/zhonglinye/jun/lerobot/personal/work2/our_v7/shared_raw_embeddings/disassemble-v3_corner/smolvlm_raw_first5_wrist20_70_v1_af217b575362/episode_000397.npz
[112/112] adaptive: region=27, ep=397, variant=online_pca, map=selected_region
============================================================================
selection written to: /data/zhonglinye/jun/lerobot/personal/work2/our_v7/outputs/our_v7_online_pca_full_112x3_seed42/selection/disassemble-v3_corner/selected_episodes_v7.json
selected=112
regions=40
initial=8
adaptive=104
raw visual cache=/data/zhonglinye/jun/lerobot/personal/work2/our_v7/shared_raw_embeddings/disassemble-v3_corner/smolvlm_raw_first5_wrist20_70_v1_af217b575362
causal validation: PASS
============================================================================

=== V7 selecting pick_place-v3_corner (metaworld) ===
============================================================================
Our-V7 paper-faithful causal demonstration acquisition
benchmark=metaworld
dataset=pick_place-v3_corner
budget=112
visual_variant=online_pca
ablation=full
configuration source: episode_initial_states.json -> rand_vec
configuration normalization: predefined MetaWorld reset bounds
KMeans init: deterministic centroid-nearest + farthest-point traversal
B0 init: deterministic centroid-nearest + farthest-point traversal
priority: g_k + minmax(u_visual) + minmax(u_action)
============================================================================
[WARNING] pick-place-v3: fixed reset dimensions [2] expanded with epsilon=1e-06
V7 paper initialization: regions=40, B0=8, variant=online_pca, ablation=full
B0 region order: [0, 12, 11, 3, 9, 6, 4, 5]
  [V7 raw visual cache hit] episode=184 path=/data/zhonglinye/jun/lerobot/personal/work2/our_v7/shared_raw_embeddings/pick_place-v3_corner/smolvlm_raw_first5_wrist20_70_v1_4bb036650998/episode_000184.npz
[001/112] initial: region=0, ep=184, variant=online_pca, map=selected_region
  [V7 raw visual cache hit] episode=316 path=/data/zhonglinye/jun/lerobot/personal/work2/our_v7/shared_raw_embeddings/pick_place-v3_corner/smolvlm_raw_first5_wrist20_70_v1_4bb036650998/episode_000316.npz
[002/112] initial: region=12, ep=316, variant=online_pca, map=selected_region
  [V7 raw visual cache hit] episode=341 path=/data/zhonglinye/jun/lerobot/personal/work2/our_v7/shared_raw_embeddings/pick_place-v3_corner/smolvlm_raw_first5_wrist20_70_v1_4bb036650998/episode_000341.npz
[003/112] initial: region=11, ep=341, variant=online_pca, map=selected_region
  [V7 raw visual cache hit] episode=28 path=/data/zhonglinye/jun/lerobot/personal/work2/our_v7/shared_raw_embeddings/pick_place-v3_corner/smolvlm_raw_first5_wrist20_70_v1_4bb036650998/episode_000028.npz
[004/112] initial: region=3, ep=28, variant=online_pca, map=selected_region
  [V7 raw visual cache hit] episode=129 path=/data/zhonglinye/jun/lerobot/personal/work2/our_v7/shared_raw_embeddings/pick_place-v3_corner/smolvlm_raw_first5_wrist20_70_v1_4bb036650998/episode_000129.npz
[005/112] initial: region=9, ep=129, variant=online_pca, map=selected_region
  [V7 raw visual cache hit] episode=8 path=/data/zhonglinye/jun/lerobot/personal/work2/our_v7/shared_raw_embeddings/pick_place-v3_corner/smolvlm_raw_first5_wrist20_70_v1_4bb036650998/episode_000008.npz
[006/112] initial: region=6, ep=8, variant=online_pca, map=selected_region
  [V7 raw visual cache hit] episode=378 path=/data/zhonglinye/jun/lerobot/personal/work2/our_v7/shared_raw_embeddings/pick_place-v3_corner/smolvlm_raw_first5_wrist20_70_v1_4bb036650998/episode_000378.npz
[007/112] initial: region=4, ep=378, variant=online_pca, map=selected_region
  [V7 raw visual cache hit] episode=309 path=/data/zhonglinye/jun/lerobot/personal/work2/our_v7/shared_raw_embeddings/pick_place-v3_corner/smolvlm_raw_first5_wrist20_70_v1_4bb036650998/episode_000309.npz
[008/112] initial: region=5, ep=309, variant=online_pca, map=selected_region
  [V7 raw visual cache hit] episode=160 path=/data/zhonglinye/jun/lerobot/personal/work2/our_v7/shared_raw_embeddings/pick_place-v3_corner/smolvlm_raw_first5_wrist20_70_v1_4bb036650998/episode_000160.npz
[009/112] adaptive: region=1, ep=160, variant=online_pca, map=selected_region
  [V7 raw visual cache hit] episode=15 path=/data/zhonglinye/jun/lerobot/personal/work2/our_v7/shared_raw_embeddings/pick_place-v3_corner/smolvlm_raw_first5_wrist20_70_v1_4bb036650998/episode_000015.npz
[010/112] adaptive: region=2, ep=15, variant=online_pca, map=selected_region
  [V7 raw visual cache hit] episode=196 path=/data/zhonglinye/jun/lerobot/personal/work2/our_v7/shared_raw_embeddings/pick_place-v3_corner/smolvlm_raw_first5_wrist20_70_v1_4bb036650998/episode_000196.npz
[011/112] adaptive: region=7, ep=196, variant=online_pca, map=selected_region
  [V7 raw visual cache hit] episode=167 path=/data/zhonglinye/jun/lerobot/personal/work2/our_v7/shared_raw_embeddings/pick_place-v3_corner/smolvlm_raw_first5_wrist20_70_v1_4bb036650998/episode_000167.npz
[012/112] adaptive: region=8, ep=167, variant=online_pca, map=selected_region
  [V7 raw visual cache hit] episode=169 path=/data/zhonglinye/jun/lerobot/personal/work2/our_v7/shared_raw_embeddings/pick_place-v3_corner/smolvlm_raw_first5_wrist20_70_v1_4bb036650998/episode_000169.npz
[013/112] adaptive: region=10, ep=169, variant=online_pca, map=selected_region
  [V7 raw visual cache hit] episode=318 path=/data/zhonglinye/jun/lerobot/personal/work2/our_v7/shared_raw_embeddings/pick_place-v3_corner/smolvlm_raw_first5_wrist20_70_v1_4bb036650998/episode_000318.npz
[014/112] adaptive: region=13, ep=318, variant=online_pca, map=selected_region
  [V7 raw visual cache hit] episode=146 path=/data/zhonglinye/jun/lerobot/personal/work2/our_v7/shared_raw_embeddings/pick_place-v3_corner/smolvlm_raw_first5_wrist20_70_v1_4bb036650998/episode_000146.npz
[015/112] adaptive: region=14, ep=146, variant=online_pca, map=selected_region
  [V7 raw visual cache hit] episode=232 path=/data/zhonglinye/jun/lerobot/personal/work2/our_v7/shared_raw_embeddings/pick_place-v3_corner/smolvlm_raw_first5_wrist20_70_v1_4bb036650998/episode_000232.npz
[016/112] adaptive: region=15, ep=232, variant=online_pca, map=selected_region
  [V7 raw visual cache hit] episode=361 path=/data/zhonglinye/jun/lerobot/personal/work2/our_v7/shared_raw_embeddings/pick_place-v3_corner/smolvlm_raw_first5_wrist20_70_v1_4bb036650998/episode_000361.npz
[017/112] adaptive: region=16, ep=361, variant=online_pca, map=selected_region
  [V7 raw visual cache hit] episode=213 path=/data/zhonglinye/jun/lerobot/personal/work2/our_v7/shared_raw_embeddings/pick_place-v3_corner/smolvlm_raw_first5_wrist20_70_v1_4bb036650998/episode_000213.npz
[018/112] adaptive: region=17, ep=213, variant=online_pca, map=selected_region
  [V7 raw visual cache hit] episode=42 path=/data/zhonglinye/jun/lerobot/personal/work2/our_v7/shared_raw_embeddings/pick_place-v3_corner/smolvlm_raw_first5_wrist20_70_v1_4bb036650998/episode_000042.npz
[019/112] adaptive: region=18, ep=42, variant=online_pca, map=selected_region
  [V7 raw visual cache hit] episode=276 path=/data/zhonglinye/jun/lerobot/personal/work2/our_v7/shared_raw_embeddings/pick_place-v3_corner/smolvlm_raw_first5_wrist20_70_v1_4bb036650998/episode_000276.npz
[020/112] adaptive: region=19, ep=276, variant=online_pca, map=selected_region
  [V7 raw visual cache hit] episode=13 path=/data/zhonglinye/jun/lerobot/personal/work2/our_v7/shared_raw_embeddings/pick_place-v3_corner/smolvlm_raw_first5_wrist20_70_v1_4bb036650998/episode_000013.npz
[021/112] adaptive: region=20, ep=13, variant=online_pca, map=selected_region
  [V7 raw visual cache hit] episode=326 path=/data/zhonglinye/jun/lerobot/personal/work2/our_v7/shared_raw_embeddings/pick_place-v3_corner/smolvlm_raw_first5_wrist20_70_v1_4bb036650998/episode_000326.npz
[022/112] adaptive: region=21, ep=326, variant=online_pca, map=selected_region
  [V7 raw visual cache hit] episode=176 path=/data/zhonglinye/jun/lerobot/personal/work2/our_v7/shared_raw_embeddings/pick_place-v3_corner/smolvlm_raw_first5_wrist20_70_v1_4bb036650998/episode_000176.npz
[023/112] adaptive: region=22, ep=176, variant=online_pca, map=selected_region
  [V7 raw visual cache hit] episode=139 path=/data/zhonglinye/jun/lerobot/personal/work2/our_v7/shared_raw_embeddings/pick_place-v3_corner/smolvlm_raw_first5_wrist20_70_v1_4bb036650998/episode_000139.npz
[024/112] adaptive: region=23, ep=139, variant=online_pca, map=selected_region
  [V7 raw visual cache hit] episode=133 path=/data/zhonglinye/jun/lerobot/personal/work2/our_v7/shared_raw_embeddings/pick_place-v3_corner/smolvlm_raw_first5_wrist20_70_v1_4bb036650998/episode_000133.npz
[025/112] adaptive: region=24, ep=133, variant=online_pca, map=selected_region
  [V7 raw visual cache hit] episode=7 path=/data/zhonglinye/jun/lerobot/personal/work2/our_v7/shared_raw_embeddings/pick_place-v3_corner/smolvlm_raw_first5_wrist20_70_v1_4bb036650998/episode_000007.npz
[026/112] adaptive: region=25, ep=7, variant=online_pca, map=selected_region
  [V7 raw visual cache hit] episode=342 path=/data/zhonglinye/jun/lerobot/personal/work2/our_v7/shared_raw_embeddings/pick_place-v3_corner/smolvlm_raw_first5_wrist20_70_v1_4bb036650998/episode_000342.npz
[027/112] adaptive: region=26, ep=342, variant=online_pca, map=selected_region
  [V7 raw visual cache hit] episode=179 path=/data/zhonglinye/jun/lerobot/personal/work2/our_v7/shared_raw_embeddings/pick_place-v3_corner/smolvlm_raw_first5_wrist20_70_v1_4bb036650998/episode_000179.npz
[028/112] adaptive: region=27, ep=179, variant=online_pca, map=selected_region
  [V7 raw visual cache hit] episode=312 path=/data/zhonglinye/jun/lerobot/personal/work2/our_v7/shared_raw_embeddings/pick_place-v3_corner/smolvlm_raw_first5_wrist20_70_v1_4bb036650998/episode_000312.npz
[029/112] adaptive: region=28, ep=312, variant=online_pca, map=selected_region
  [V7 raw visual cache hit] episode=92 path=/data/zhonglinye/jun/lerobot/personal/work2/our_v7/shared_raw_embeddings/pick_place-v3_corner/smolvlm_raw_first5_wrist20_70_v1_4bb036650998/episode_000092.npz
[030/112] adaptive: region=29, ep=92, variant=online_pca, map=selected_region
  [V7 raw visual cache hit] episode=220 path=/data/zhonglinye/jun/lerobot/personal/work2/our_v7/shared_raw_embeddings/pick_place-v3_corner/smolvlm_raw_first5_wrist20_70_v1_4bb036650998/episode_000220.npz
[031/112] adaptive: region=30, ep=220, variant=online_pca, map=selected_region
  [V7 raw visual cache hit] episode=190 path=/data/zhonglinye/jun/lerobot/personal/work2/our_v7/shared_raw_embeddings/pick_place-v3_corner/smolvlm_raw_first5_wrist20_70_v1_4bb036650998/episode_000190.npz
[032/112] adaptive: region=31, ep=190, variant=online_pca, map=selected_region
  [V7 raw visual cache hit] episode=327 path=/data/zhonglinye/jun/lerobot/personal/work2/our_v7/shared_raw_embeddings/pick_place-v3_corner/smolvlm_raw_first5_wrist20_70_v1_4bb036650998/episode_000327.npz
[033/112] adaptive: region=32, ep=327, variant=online_pca, map=selected_region
  [V7 raw visual cache hit] episode=235 path=/data/zhonglinye/jun/lerobot/personal/work2/our_v7/shared_raw_embeddings/pick_place-v3_corner/smolvlm_raw_first5_wrist20_70_v1_4bb036650998/episode_000235.npz
[034/112] adaptive: region=33, ep=235, variant=online_pca, map=selected_region
  [V7 raw visual cache hit] episode=354 path=/data/zhonglinye/jun/lerobot/personal/work2/our_v7/shared_raw_embeddings/pick_place-v3_corner/smolvlm_raw_first5_wrist20_70_v1_4bb036650998/episode_000354.npz
[035/112] adaptive: region=34, ep=354, variant=online_pca, map=selected_region
  [V7 raw visual cache hit] episode=315 path=/data/zhonglinye/jun/lerobot/personal/work2/our_v7/shared_raw_embeddings/pick_place-v3_corner/smolvlm_raw_first5_wrist20_70_v1_4bb036650998/episode_000315.npz
[036/112] adaptive: region=35, ep=315, variant=online_pca, map=selected_region
  [V7 raw visual cache hit] episode=264 path=/data/zhonglinye/jun/lerobot/personal/work2/our_v7/shared_raw_embeddings/pick_place-v3_corner/smolvlm_raw_first5_wrist20_70_v1_4bb036650998/episode_000264.npz
[037/112] adaptive: region=36, ep=264, variant=online_pca, map=selected_region
  [V7 raw visual cache hit] episode=81 path=/data/zhonglinye/jun/lerobot/personal/work2/our_v7/shared_raw_embeddings/pick_place-v3_corner/smolvlm_raw_first5_wrist20_70_v1_4bb036650998/episode_000081.npz
[038/112] adaptive: region=37, ep=81, variant=online_pca, map=selected_region
  [V7 raw visual cache hit] episode=145 path=/data/zhonglinye/jun/lerobot/personal/work2/our_v7/shared_raw_embeddings/pick_place-v3_corner/smolvlm_raw_first5_wrist20_70_v1_4bb036650998/episode_000145.npz
[039/112] adaptive: region=38, ep=145, variant=online_pca, map=selected_region
  [V7 raw visual cache hit] episode=48 path=/data/zhonglinye/jun/lerobot/personal/work2/our_v7/shared_raw_embeddings/pick_place-v3_corner/smolvlm_raw_first5_wrist20_70_v1_4bb036650998/episode_000048.npz
[040/112] adaptive: region=39, ep=48, variant=online_pca, map=selected_region
  [V7 raw visual cache hit] episode=392 path=/data/zhonglinye/jun/lerobot/personal/work2/our_v7/shared_raw_embeddings/pick_place-v3_corner/smolvlm_raw_first5_wrist20_70_v1_4bb036650998/episode_000392.npz
[041/112] adaptive: region=23, ep=392, variant=online_pca, map=selected_region
  [V7 raw visual cache hit] episode=19 path=/data/zhonglinye/jun/lerobot/personal/work2/our_v7/shared_raw_embeddings/pick_place-v3_corner/smolvlm_raw_first5_wrist20_70_v1_4bb036650998/episode_000019.npz
[042/112] adaptive: region=23, ep=19, variant=online_pca, map=selected_region
  [V7 raw visual cache hit] episode=370 path=/data/zhonglinye/jun/lerobot/personal/work2/our_v7/shared_raw_embeddings/pick_place-v3_corner/smolvlm_raw_first5_wrist20_70_v1_4bb036650998/episode_000370.npz
[043/112] adaptive: region=23, ep=370, variant=online_pca, map=selected_region
  [V7 raw visual cache hit] episode=271 path=/data/zhonglinye/jun/lerobot/personal/work2/our_v7/shared_raw_embeddings/pick_place-v3_corner/smolvlm_raw_first5_wrist20_70_v1_4bb036650998/episode_000271.npz
[044/112] adaptive: region=23, ep=271, variant=online_pca, map=selected_region
  [V7 raw visual cache hit] episode=262 path=/data/zhonglinye/jun/lerobot/personal/work2/our_v7/shared_raw_embeddings/pick_place-v3_corner/smolvlm_raw_first5_wrist20_70_v1_4bb036650998/episode_000262.npz
[045/112] adaptive: region=23, ep=262, variant=online_pca, map=selected_region
  [V7 raw visual cache hit] episode=293 path=/data/zhonglinye/jun/lerobot/personal/work2/our_v7/shared_raw_embeddings/pick_place-v3_corner/smolvlm_raw_first5_wrist20_70_v1_4bb036650998/episode_000293.npz
[046/112] adaptive: region=23, ep=293, variant=online_pca, map=selected_region
  [V7 raw visual cache hit] episode=51 path=/data/zhonglinye/jun/lerobot/personal/work2/our_v7/shared_raw_embeddings/pick_place-v3_corner/smolvlm_raw_first5_wrist20_70_v1_4bb036650998/episode_000051.npz
[047/112] adaptive: region=23, ep=51, variant=online_pca, map=selected_region
  [V7 raw visual cache hit] episode=26 path=/data/zhonglinye/jun/lerobot/personal/work2/our_v7/shared_raw_embeddings/pick_place-v3_corner/smolvlm_raw_first5_wrist20_70_v1_4bb036650998/episode_000026.npz
[048/112] adaptive: region=23, ep=26, variant=online_pca, map=selected_region
  [V7 raw visual cache hit] episode=305 path=/data/zhonglinye/jun/lerobot/personal/work2/our_v7/shared_raw_embeddings/pick_place-v3_corner/smolvlm_raw_first5_wrist20_70_v1_4bb036650998/episode_000305.npz
[049/112] adaptive: region=23, ep=305, variant=online_pca, map=selected_region
  [V7 raw visual cache hit] episode=308 path=/data/zhonglinye/jun/lerobot/personal/work2/our_v7/shared_raw_embeddings/pick_place-v3_corner/smolvlm_raw_first5_wrist20_70_v1_4bb036650998/episode_000308.npz
[050/112] adaptive: region=23, ep=308, variant=online_pca, map=selected_region
  [V7 raw visual cache hit] episode=322 path=/data/zhonglinye/jun/lerobot/personal/work2/our_v7/shared_raw_embeddings/pick_place-v3_corner/smolvlm_raw_first5_wrist20_70_v1_4bb036650998/episode_000322.npz
[051/112] adaptive: region=23, ep=322, variant=online_pca, map=selected_region
  [V7 raw visual cache hit] episode=34 path=/data/zhonglinye/jun/lerobot/personal/work2/our_v7/shared_raw_embeddings/pick_place-v3_corner/smolvlm_raw_first5_wrist20_70_v1_4bb036650998/episode_000034.npz
[052/112] adaptive: region=23, ep=34, variant=online_pca, map=selected_region
  [V7 raw visual cache hit] episode=3 path=/data/zhonglinye/jun/lerobot/personal/work2/our_v7/shared_raw_embeddings/pick_place-v3_corner/smolvlm_raw_first5_wrist20_70_v1_4bb036650998/episode_000003.npz
[053/112] adaptive: region=23, ep=3, variant=online_pca, map=selected_region
  [V7 raw visual cache hit] episode=38 path=/data/zhonglinye/jun/lerobot/personal/work2/our_v7/shared_raw_embeddings/pick_place-v3_corner/smolvlm_raw_first5_wrist20_70_v1_4bb036650998/episode_000038.npz
[054/112] adaptive: region=23, ep=38, variant=online_pca, map=selected_region
  [V7 raw visual cache hit] episode=257 path=/data/zhonglinye/jun/lerobot/personal/work2/our_v7/shared_raw_embeddings/pick_place-v3_corner/smolvlm_raw_first5_wrist20_70_v1_4bb036650998/episode_000257.npz
[055/112] adaptive: region=23, ep=257, variant=online_pca, map=selected_region
  [V7 raw visual cache hit] episode=136 path=/data/zhonglinye/jun/lerobot/personal/work2/our_v7/shared_raw_embeddings/pick_place-v3_corner/smolvlm_raw_first5_wrist20_70_v1_4bb036650998/episode_000136.npz
[056/112] adaptive: region=23, ep=136, variant=online_pca, map=selected_region
  [V7 raw visual cache hit] episode=84 path=/data/zhonglinye/jun/lerobot/personal/work2/our_v7/shared_raw_embeddings/pick_place-v3_corner/smolvlm_raw_first5_wrist20_70_v1_4bb036650998/episode_000084.npz
[057/112] adaptive: region=23, ep=84, variant=online_pca, map=selected_region
  [V7 raw visual cache hit] episode=63 path=/data/zhonglinye/jun/lerobot/personal/work2/our_v7/shared_raw_embeddings/pick_place-v3_corner/smolvlm_raw_first5_wrist20_70_v1_4bb036650998/episode_000063.npz
[058/112] adaptive: region=23, ep=63, variant=online_pca, map=selected_region
  [V7 raw visual cache hit] episode=119 path=/data/zhonglinye/jun/lerobot/personal/work2/our_v7/shared_raw_embeddings/pick_place-v3_corner/smolvlm_raw_first5_wrist20_70_v1_4bb036650998/episode_000119.npz
[059/112] adaptive: region=23, ep=119, variant=online_pca, map=selected_region
  [V7 raw visual cache hit] episode=192 path=/data/zhonglinye/jun/lerobot/personal/work2/our_v7/shared_raw_embeddings/pick_place-v3_corner/smolvlm_raw_first5_wrist20_70_v1_4bb036650998/episode_000192.npz
[060/112] adaptive: region=23, ep=192, variant=online_pca, map=selected_region
  [V7 raw visual cache hit] episode=303 path=/data/zhonglinye/jun/lerobot/personal/work2/our_v7/shared_raw_embeddings/pick_place-v3_corner/smolvlm_raw_first5_wrist20_70_v1_4bb036650998/episode_000303.npz
[061/112] adaptive: region=0, ep=303, variant=online_pca, map=selected_region
  [V7 raw visual cache hit] episode=237 path=/data/zhonglinye/jun/lerobot/personal/work2/our_v7/shared_raw_embeddings/pick_place-v3_corner/smolvlm_raw_first5_wrist20_70_v1_4bb036650998/episode_000237.npz
[062/112] adaptive: region=0, ep=237, variant=online_pca, map=selected_region
  [V7 raw visual cache hit] episode=397 path=/data/zhonglinye/jun/lerobot/personal/work2/our_v7/shared_raw_embeddings/pick_place-v3_corner/smolvlm_raw_first5_wrist20_70_v1_4bb036650998/episode_000397.npz
[063/112] adaptive: region=0, ep=397, variant=online_pca, map=selected_region
  [V7 raw visual cache hit] episode=87 path=/data/zhonglinye/jun/lerobot/personal/work2/our_v7/shared_raw_embeddings/pick_place-v3_corner/smolvlm_raw_first5_wrist20_70_v1_4bb036650998/episode_000087.npz
[064/112] adaptive: region=0, ep=87, variant=online_pca, map=selected_region
  [V7 raw visual cache hit] episode=333 path=/data/zhonglinye/jun/lerobot/personal/work2/our_v7/shared_raw_embeddings/pick_place-v3_corner/smolvlm_raw_first5_wrist20_70_v1_4bb036650998/episode_000333.npz
[065/112] adaptive: region=0, ep=333, variant=online_pca, map=selected_region
  [V7 raw visual cache hit] episode=299 path=/data/zhonglinye/jun/lerobot/personal/work2/our_v7/shared_raw_embeddings/pick_place-v3_corner/smolvlm_raw_first5_wrist20_70_v1_4bb036650998/episode_000299.npz
[066/112] adaptive: region=0, ep=299, variant=online_pca, map=selected_region
  [V7 raw visual cache hit] episode=125 path=/data/zhonglinye/jun/lerobot/personal/work2/our_v7/shared_raw_embeddings/pick_place-v3_corner/smolvlm_raw_first5_wrist20_70_v1_4bb036650998/episode_000125.npz
[067/112] adaptive: region=0, ep=125, variant=online_pca, map=selected_region
  [V7 raw visual cache hit] episode=204 path=/data/zhonglinye/jun/lerobot/personal/work2/our_v7/shared_raw_embeddings/pick_place-v3_corner/smolvlm_raw_first5_wrist20_70_v1_4bb036650998/episode_000204.npz
[068/112] adaptive: region=0, ep=204, variant=online_pca, map=selected_region
  [V7 raw visual cache hit] episode=296 path=/data/zhonglinye/jun/lerobot/personal/work2/our_v7/shared_raw_embeddings/pick_place-v3_corner/smolvlm_raw_first5_wrist20_70_v1_4bb036650998/episode_000296.npz
[069/112] adaptive: region=0, ep=296, variant=online_pca, map=selected_region
  [V7 raw visual cache hit] episode=57 path=/data/zhonglinye/jun/lerobot/personal/work2/our_v7/shared_raw_embeddings/pick_place-v3_corner/smolvlm_raw_first5_wrist20_70_v1_4bb036650998/episode_000057.npz
[070/112] adaptive: region=0, ep=57, variant=online_pca, map=selected_region
  [V7 raw visual cache hit] episode=83 path=/data/zhonglinye/jun/lerobot/personal/work2/our_v7/shared_raw_embeddings/pick_place-v3_corner/smolvlm_raw_first5_wrist20_70_v1_4bb036650998/episode_000083.npz
[071/112] adaptive: region=0, ep=83, variant=online_pca, map=selected_region
  [V7 raw visual cache hit] episode=195 path=/data/zhonglinye/jun/lerobot/personal/work2/our_v7/shared_raw_embeddings/pick_place-v3_corner/smolvlm_raw_first5_wrist20_70_v1_4bb036650998/episode_000195.npz
[072/112] adaptive: region=0, ep=195, variant=online_pca, map=selected_region
  [V7 raw visual cache hit] episode=256 path=/data/zhonglinye/jun/lerobot/personal/work2/our_v7/shared_raw_embeddings/pick_place-v3_corner/smolvlm_raw_first5_wrist20_70_v1_4bb036650998/episode_000256.npz
[073/112] adaptive: region=0, ep=256, variant=online_pca, map=selected_region
  [V7 raw visual cache hit] episode=50 path=/data/zhonglinye/jun/lerobot/personal/work2/our_v7/shared_raw_embeddings/pick_place-v3_corner/smolvlm_raw_first5_wrist20_70_v1_4bb036650998/episode_000050.npz
[074/112] adaptive: region=0, ep=50, variant=online_pca, map=selected_region
  [V7 raw visual cache hit] episode=173 path=/data/zhonglinye/jun/lerobot/personal/work2/our_v7/shared_raw_embeddings/pick_place-v3_corner/smolvlm_raw_first5_wrist20_70_v1_4bb036650998/episode_000173.npz
[075/112] adaptive: region=0, ep=173, variant=online_pca, map=selected_region
  [V7 raw visual cache hit] episode=144 path=/data/zhonglinye/jun/lerobot/personal/work2/our_v7/shared_raw_embeddings/pick_place-v3_corner/smolvlm_raw_first5_wrist20_70_v1_4bb036650998/episode_000144.npz
[076/112] adaptive: region=0, ep=144, variant=online_pca, map=selected_region
  [V7 raw visual cache hit] episode=23 path=/data/zhonglinye/jun/lerobot/personal/work2/our_v7/shared_raw_embeddings/pick_place-v3_corner/smolvlm_raw_first5_wrist20_70_v1_4bb036650998/episode_000023.npz
[077/112] adaptive: region=15, ep=23, variant=online_pca, map=selected_region
  [V7 raw visual cache hit] episode=344 path=/data/zhonglinye/jun/lerobot/personal/work2/our_v7/shared_raw_embeddings/pick_place-v3_corner/smolvlm_raw_first5_wrist20_70_v1_4bb036650998/episode_000344.npz
[078/112] adaptive: region=15, ep=344, variant=online_pca, map=selected_region
  [V7 raw visual cache hit] episode=124 path=/data/zhonglinye/jun/lerobot/personal/work2/our_v7/shared_raw_embeddings/pick_place-v3_corner/smolvlm_raw_first5_wrist20_70_v1_4bb036650998/episode_000124.npz
[079/112] adaptive: region=15, ep=124, variant=online_pca, map=selected_region
  [V7 raw visual cache hit] episode=185 path=/data/zhonglinye/jun/lerobot/personal/work2/our_v7/shared_raw_embeddings/pick_place-v3_corner/smolvlm_raw_first5_wrist20_70_v1_4bb036650998/episode_000185.npz
[080/112] adaptive: region=15, ep=185, variant=online_pca, map=selected_region
  [V7 raw visual cache hit] episode=211 path=/data/zhonglinye/jun/lerobot/personal/work2/our_v7/shared_raw_embeddings/pick_place-v3_corner/smolvlm_raw_first5_wrist20_70_v1_4bb036650998/episode_000211.npz
[081/112] adaptive: region=15, ep=211, variant=online_pca, map=selected_region
  [V7 raw visual cache hit] episode=100 path=/data/zhonglinye/jun/lerobot/personal/work2/our_v7/shared_raw_embeddings/pick_place-v3_corner/smolvlm_raw_first5_wrist20_70_v1_4bb036650998/episode_000100.npz
[082/112] adaptive: region=15, ep=100, variant=online_pca, map=selected_region
  [V7 raw visual cache hit] episode=259 path=/data/zhonglinye/jun/lerobot/personal/work2/our_v7/shared_raw_embeddings/pick_place-v3_corner/smolvlm_raw_first5_wrist20_70_v1_4bb036650998/episode_000259.npz
[083/112] adaptive: region=15, ep=259, variant=online_pca, map=selected_region
  [V7 raw visual cache hit] episode=384 path=/data/zhonglinye/jun/lerobot/personal/work2/our_v7/shared_raw_embeddings/pick_place-v3_corner/smolvlm_raw_first5_wrist20_70_v1_4bb036650998/episode_000384.npz
[084/112] adaptive: region=15, ep=384, variant=online_pca, map=selected_region
  [V7 raw visual cache hit] episode=227 path=/data/zhonglinye/jun/lerobot/personal/work2/our_v7/shared_raw_embeddings/pick_place-v3_corner/smolvlm_raw_first5_wrist20_70_v1_4bb036650998/episode_000227.npz
[085/112] adaptive: region=15, ep=227, variant=online_pca, map=selected_region
  [V7 raw visual cache hit] episode=142 path=/data/zhonglinye/jun/lerobot/personal/work2/our_v7/shared_raw_embeddings/pick_place-v3_corner/smolvlm_raw_first5_wrist20_70_v1_4bb036650998/episode_000142.npz
[086/112] adaptive: region=15, ep=142, variant=online_pca, map=selected_region
  [V7 raw visual cache hit] episode=244 path=/data/zhonglinye/jun/lerobot/personal/work2/our_v7/shared_raw_embeddings/pick_place-v3_corner/smolvlm_raw_first5_wrist20_70_v1_4bb036650998/episode_000244.npz
[087/112] adaptive: region=15, ep=244, variant=online_pca, map=selected_region
  [V7 raw visual cache hit] episode=258 path=/data/zhonglinye/jun/lerobot/personal/work2/our_v7/shared_raw_embeddings/pick_place-v3_corner/smolvlm_raw_first5_wrist20_70_v1_4bb036650998/episode_000258.npz
[088/112] adaptive: region=15, ep=258, variant=online_pca, map=selected_region
  [V7 raw visual cache hit] episode=182 path=/data/zhonglinye/jun/lerobot/personal/work2/our_v7/shared_raw_embeddings/pick_place-v3_corner/smolvlm_raw_first5_wrist20_70_v1_4bb036650998/episode_000182.npz
[089/112] adaptive: region=15, ep=182, variant=online_pca, map=selected_region
  [V7 raw visual cache hit] episode=215 path=/data/zhonglinye/jun/lerobot/personal/work2/our_v7/shared_raw_embeddings/pick_place-v3_corner/smolvlm_raw_first5_wrist20_70_v1_4bb036650998/episode_000215.npz
[090/112] adaptive: region=15, ep=215, variant=online_pca, map=selected_region
  [V7 raw visual cache hit] episode=198 path=/data/zhonglinye/jun/lerobot/personal/work2/our_v7/shared_raw_embeddings/pick_place-v3_corner/smolvlm_raw_first5_wrist20_70_v1_4bb036650998/episode_000198.npz
[091/112] adaptive: region=15, ep=198, variant=online_pca, map=selected_region
  [V7 raw visual cache hit] episode=234 path=/data/zhonglinye/jun/lerobot/personal/work2/our_v7/shared_raw_embeddings/pick_place-v3_corner/smolvlm_raw_first5_wrist20_70_v1_4bb036650998/episode_000234.npz
[092/112] adaptive: region=15, ep=234, variant=online_pca, map=selected_region
  [V7 raw visual cache hit] episode=369 path=/data/zhonglinye/jun/lerobot/personal/work2/our_v7/shared_raw_embeddings/pick_place-v3_corner/smolvlm_raw_first5_wrist20_70_v1_4bb036650998/episode_000369.npz
[093/112] adaptive: region=26, ep=369, variant=online_pca, map=selected_region
  [V7 raw visual cache hit] episode=324 path=/data/zhonglinye/jun/lerobot/personal/work2/our_v7/shared_raw_embeddings/pick_place-v3_corner/smolvlm_raw_first5_wrist20_70_v1_4bb036650998/episode_000324.npz
[094/112] adaptive: region=26, ep=324, variant=online_pca, map=selected_region
  [V7 raw visual cache hit] episode=12 path=/data/zhonglinye/jun/lerobot/personal/work2/our_v7/shared_raw_embeddings/pick_place-v3_corner/smolvlm_raw_first5_wrist20_70_v1_4bb036650998/episode_000012.npz
[095/112] adaptive: region=26, ep=12, variant=online_pca, map=selected_region
  [V7 raw visual cache hit] episode=343 path=/data/zhonglinye/jun/lerobot/personal/work2/our_v7/shared_raw_embeddings/pick_place-v3_corner/smolvlm_raw_first5_wrist20_70_v1_4bb036650998/episode_000343.npz
[096/112] adaptive: region=26, ep=343, variant=online_pca, map=selected_region
  [V7 raw visual cache hit] episode=290 path=/data/zhonglinye/jun/lerobot/personal/work2/our_v7/shared_raw_embeddings/pick_place-v3_corner/smolvlm_raw_first5_wrist20_70_v1_4bb036650998/episode_000290.npz
[097/112] adaptive: region=26, ep=290, variant=online_pca, map=selected_region
  [V7 raw visual cache hit] episode=277 path=/data/zhonglinye/jun/lerobot/personal/work2/our_v7/shared_raw_embeddings/pick_place-v3_corner/smolvlm_raw_first5_wrist20_70_v1_4bb036650998/episode_000277.npz
[098/112] adaptive: region=26, ep=277, variant=online_pca, map=selected_region
  [V7 raw visual cache hit] episode=381 path=/data/zhonglinye/jun/lerobot/personal/work2/our_v7/shared_raw_embeddings/pick_place-v3_corner/smolvlm_raw_first5_wrist20_70_v1_4bb036650998/episode_000381.npz
[099/112] adaptive: region=26, ep=381, variant=online_pca, map=selected_region
  [V7 raw visual cache hit] episode=106 path=/data/zhonglinye/jun/lerobot/personal/work2/our_v7/shared_raw_embeddings/pick_place-v3_corner/smolvlm_raw_first5_wrist20_70_v1_4bb036650998/episode_000106.npz
[100/112] adaptive: region=26, ep=106, variant=online_pca, map=selected_region
  [V7 raw visual cache hit] episode=336 path=/data/zhonglinye/jun/lerobot/personal/work2/our_v7/shared_raw_embeddings/pick_place-v3_corner/smolvlm_raw_first5_wrist20_70_v1_4bb036650998/episode_000336.npz
[101/112] adaptive: region=26, ep=336, variant=online_pca, map=selected_region
  [V7 raw visual cache hit] episode=93 path=/data/zhonglinye/jun/lerobot/personal/work2/our_v7/shared_raw_embeddings/pick_place-v3_corner/smolvlm_raw_first5_wrist20_70_v1_4bb036650998/episode_000093.npz
[102/112] adaptive: region=26, ep=93, variant=online_pca, map=selected_region
  [V7 raw visual cache hit] episode=269 path=/data/zhonglinye/jun/lerobot/personal/work2/our_v7/shared_raw_embeddings/pick_place-v3_corner/smolvlm_raw_first5_wrist20_70_v1_4bb036650998/episode_000269.npz
[103/112] adaptive: region=26, ep=269, variant=online_pca, map=selected_region
  [V7 raw visual cache hit] episode=319 path=/data/zhonglinye/jun/lerobot/personal/work2/our_v7/shared_raw_embeddings/pick_place-v3_corner/smolvlm_raw_first5_wrist20_70_v1_4bb036650998/episode_000319.npz
[104/112] adaptive: region=26, ep=319, variant=online_pca, map=selected_region
  [V7 raw visual cache hit] episode=395 path=/data/zhonglinye/jun/lerobot/personal/work2/our_v7/shared_raw_embeddings/pick_place-v3_corner/smolvlm_raw_first5_wrist20_70_v1_4bb036650998/episode_000395.npz
[105/112] adaptive: region=26, ep=395, variant=online_pca, map=selected_region
  [V7 raw visual cache hit] episode=151 path=/data/zhonglinye/jun/lerobot/personal/work2/our_v7/shared_raw_embeddings/pick_place-v3_corner/smolvlm_raw_first5_wrist20_70_v1_4bb036650998/episode_000151.npz
[106/112] adaptive: region=26, ep=151, variant=online_pca, map=selected_region
  [V7 raw visual cache hit] episode=352 path=/data/zhonglinye/jun/lerobot/personal/work2/our_v7/shared_raw_embeddings/pick_place-v3_corner/smolvlm_raw_first5_wrist20_70_v1_4bb036650998/episode_000352.npz
[107/112] adaptive: region=26, ep=352, variant=online_pca, map=selected_region
  [V7 raw visual cache hit] episode=178 path=/data/zhonglinye/jun/lerobot/personal/work2/our_v7/shared_raw_embeddings/pick_place-v3_corner/smolvlm_raw_first5_wrist20_70_v1_4bb036650998/episode_000178.npz
[108/112] adaptive: region=13, ep=178, variant=online_pca, map=selected_region
  [V7 raw visual cache hit] episode=358 path=/data/zhonglinye/jun/lerobot/personal/work2/our_v7/shared_raw_embeddings/pick_place-v3_corner/smolvlm_raw_first5_wrist20_70_v1_4bb036650998/episode_000358.npz
[109/112] adaptive: region=13, ep=358, variant=online_pca, map=selected_region
  [V7 raw visual cache hit] episode=61 path=/data/zhonglinye/jun/lerobot/personal/work2/our_v7/shared_raw_embeddings/pick_place-v3_corner/smolvlm_raw_first5_wrist20_70_v1_4bb036650998/episode_000061.npz
[110/112] adaptive: region=13, ep=61, variant=online_pca, map=selected_region
  [V7 raw visual cache hit] episode=110 path=/data/zhonglinye/jun/lerobot/personal/work2/our_v7/shared_raw_embeddings/pick_place-v3_corner/smolvlm_raw_first5_wrist20_70_v1_4bb036650998/episode_000110.npz
[111/112] adaptive: region=13, ep=110, variant=online_pca, map=selected_region
  [V7 raw visual cache hit] episode=161 path=/data/zhonglinye/jun/lerobot/personal/work2/our_v7/shared_raw_embeddings/pick_place-v3_corner/smolvlm_raw_first5_wrist20_70_v1_4bb036650998/episode_000161.npz
[112/112] adaptive: region=13, ep=161, variant=online_pca, map=selected_region
============================================================================
selection written to: /data/zhonglinye/jun/lerobot/personal/work2/our_v7/outputs/our_v7_online_pca_full_112x3_seed42/selection/pick_place-v3_corner/selected_episodes_v7.json
selected=112
regions=40
initial=8
adaptive=104
raw visual cache=/data/zhonglinye/jun/lerobot/personal/work2/our_v7/shared_raw_embeddings/pick_place-v3_corner/smolvlm_raw_first5_wrist20_70_v1_4bb036650998
causal validation: PASS
============================================================================
Merged V7 selection manifest: /data/zhonglinye/jun/lerobot/personal/work2/our_v7/outputs/our_v7_online_pca_full_112x3_seed42/subsets/our_v7_online_pca_full_112x3_seed42.json
Benchmark: metaworld
Total selected episodes: 336

=== Merging selected episodes into one LeRobot dataset ===
数据集 coffee-button-v3_corner: 选中 112 episodes
数据集 disassemble-v3_corner: 选中 112 episodes
数据集 pick_place-v3_corner: 选中 112 episodes

============================================================
处理数据集: coffee-button-v3_corner
选中 episode 数: 112
============================================================
  源数据集总帧数: 17979
  源数据集总 episode 数: 400
Processing observation.images.top video files:   0%|          | 0/1 [00:00<?, ?it/s]Svt[info]: -------------------------------------------
Svt[info]: SVT [version]:	SVT-AV1 Encoder Lib v3.0.0
Svt[info]: SVT [build]  :	GCC 14.2.1 20250110 (Red Hat 14.2.1-7)	 64 bit
Svt[info]: LIB Build date: Jul  3 2025 03:14:07
Svt[info]: -------------------------------------------
Svt[warn]: Preset M12 is mapped to M10.
Svt[info]: Level of Parallelism: 6
Svt[info]: Number of PPCS 161
Svt[info]: [asm level on system : up to avx512]
Svt[info]: [asm level selected : up to avx512]
Svt[info]: -------------------------------------------
Svt[info]: SVT [config]: main profile	tier (auto)	level (auto)
Svt[info]: SVT [config]: width / height / fps numerator / fps denominator 		: 480 / 480 / 80 / 1
Svt[info]: SVT [config]: bit-depth / color format 					: 8 / YUV420
Svt[info]: SVT [config]: preset / tune / pred struct 					: 10 / PSNR / random access
Svt[info]: SVT [config]: gop size / mini-gop size / key-frame type 			: 2 / 16 / key frame
Svt[info]: SVT [config]: BRC mode / rate factor 					: CRF / 30 
Svt[info]: SVT [config]: AQ mode / variance boost 					: 2 / 0
Svt[info]: SVT [config]: sharpness / luminance-based QP bias 			: 0 / 0
Svt[info]: Svt[info]: -------------------------------------------
Processing observation.images.top video files: 100%|██████████| 1/1 [00:16<00:00, 16.63s/it]Processing observation.images.top video files: 100%|██████████| 1/1 [00:16<00:00, 16.63s/it]
Processing observation.images.wrist video files:   0%|          | 0/1 [00:00<?, ?it/s]Svt[info]: -------------------------------------------
Svt[info]: SVT [version]:	SVT-AV1 Encoder Lib v3.0.0
Svt[info]: SVT [build]  :	GCC 14.2.1 20250110 (Red Hat 14.2.1-7)	 64 bit
Svt[info]: LIB Build date: Jul  3 2025 03:14:07
Svt[info]: -------------------------------------------
Svt[warn]: Preset M12 is mapped to M10.
Svt[info]: Level of Parallelism: 6
Svt[info]: Number of PPCS 161
Svt[info]: [asm level on system : up to avx512]
Svt[info]: [asm level selected : up to avx512]
Svt[info]: -------------------------------------------
Svt[info]: SVT [config]: main profile	tier (auto)	level (auto)
Svt[info]: SVT [config]: width / height / fps numerator / fps denominator 		: 480 / 480 / 80 / 1
Svt[info]: SVT [config]: bit-depth / color format 					: 8 / YUV420
Svt[info]: SVT [config]: preset / tune / pred struct 					: 10 / PSNR / random access
Svt[info]: SVT [config]: gop size / mini-gop size / key-frame type 			: 2 / 16 / key frame
Svt[info]: SVT [config]: BRC mode / rate factor 					: CRF / 30 
Svt[info]: SVT [config]: AQ mode / variance boost 					: 2 / 0
Svt[info]: SVT [config]: sharpness / luminance-based QP bias 			: 0 / 0
Svt[info]: Svt[info]: -------------------------------------------
Processing observation.images.wrist video files: 100%|██████████| 1/1 [00:14<00:00, 14.73s/it]Processing observation.images.wrist video files: 100%|██████████| 1/1 [00:14<00:00, 14.73s/it]
Processing data files:   0%|          | 0/1 [00:00<?, ?it/s]Processing data files: 100%|██████████| 1/1 [00:00<00:00,  2.39it/s]Processing data files: 100%|██████████| 1/1 [00:00<00:00,  2.39it/s]
Processing episodes metadata:   0%|          | 0/112 [00:00<?, ?it/s]Processing episodes metadata:   1%|          | 1/112 [00:00<00:22,  4.90it/s]Processing episodes metadata:   2%|▏         | 2/112 [00:00<00:21,  5.15it/s]Processing episodes metadata:   3%|▎         | 3/112 [00:00<00:20,  5.31it/s]Processing episodes metadata:   4%|▎         | 4/112 [00:00<00:20,  5.36it/s]Processing episodes metadata:   4%|▍         | 5/112 [00:00<00:19,  5.40it/s]Processing episodes metadata:   5%|▌         | 6/112 [00:01<00:19,  5.35it/s]Processing episodes metadata:   6%|▋         | 7/112 [00:01<00:20,  5.25it/s]Processing episodes metadata:   7%|▋         | 8/112 [00:01<00:19,  5.25it/s]Processing episodes metadata:   8%|▊         | 9/112 [00:01<00:19,  5.21it/s]Processing episodes metadata:   9%|▉         | 10/112 [00:01<00:20,  5.06it/s]Processing episodes metadata:  10%|▉         | 11/112 [00:02<00:19,  5.14it/s]Processing episodes metadata:  11%|█         | 12/112 [00:02<00:19,  5.03it/s]Processing episodes metadata:  12%|█▏        | 13/112 [00:02<00:19,  5.05it/s]Processing episodes metadata:  12%|█▎        | 14/112 [00:02<00:19,  5.04it/s]Processing episodes metadata:  13%|█▎        | 15/112 [00:02<00:19,  5.04it/s]Processing episodes metadata:  14%|█▍        | 16/112 [00:03<00:19,  5.05it/s]Processing episodes metadata:  15%|█▌        | 17/112 [00:03<00:19,  4.99it/s]Processing episodes metadata:  16%|█▌        | 18/112 [00:03<00:18,  5.07it/s]Processing episodes metadata:  17%|█▋        | 19/112 [00:03<00:18,  5.10it/s]Processing episodes metadata:  18%|█▊        | 20/112 [00:03<00:18,  4.91it/s]Processing episodes metadata:  19%|█▉        | 21/112 [00:04<00:18,  5.05it/s]Processing episodes metadata:  20%|█▉        | 22/112 [00:04<00:17,  5.01it/s]Processing episodes metadata:  21%|██        | 23/112 [00:04<00:17,  5.08it/s]Processing episodes metadata:  21%|██▏       | 24/112 [00:04<00:17,  5.08it/s]Processing episodes metadata:  22%|██▏       | 25/112 [00:04<00:17,  4.99it/s]Processing episodes metadata:  23%|██▎       | 26/112 [00:05<00:16,  5.12it/s]Processing episodes metadata:  24%|██▍       | 27/112 [00:05<00:16,  5.26it/s]Processing episodes metadata:  25%|██▌       | 28/112 [00:05<00:15,  5.25it/s]Processing episodes metadata:  26%|██▌       | 29/112 [00:05<00:15,  5.34it/s]Processing episodes metadata:  27%|██▋       | 30/112 [00:05<00:16,  5.05it/s]Processing episodes metadata:  28%|██▊       | 31/112 [00:06<00:15,  5.21it/s]Processing episodes metadata:  29%|██▊       | 32/112 [00:06<00:15,  5.22it/s]Processing episodes metadata:  29%|██▉       | 33/112 [00:06<00:15,  5.25it/s]Processing episodes metadata:  30%|███       | 34/112 [00:06<00:14,  5.35it/s]Processing episodes metadata:  31%|███▏      | 35/112 [00:06<00:14,  5.18it/s]Processing episodes metadata:  32%|███▏      | 36/112 [00:06<00:14,  5.19it/s]Processing episodes metadata:  33%|███▎      | 37/112 [00:07<00:14,  5.18it/s]Processing episodes metadata:  34%|███▍      | 38/112 [00:07<00:14,  5.11it/s]Processing episodes metadata:  35%|███▍      | 39/112 [00:07<00:14,  5.10it/s]Processing episodes metadata:  36%|███▌      | 40/112 [00:07<00:14,  5.06it/s]Processing episodes metadata:  37%|███▋      | 41/112 [00:07<00:14,  5.04it/s]Processing episodes metadata:  38%|███▊      | 42/112 [00:08<00:13,  5.01it/s]Processing episodes metadata:  38%|███▊      | 43/112 [00:08<00:13,  5.08it/s]Processing episodes metadata:  39%|███▉      | 44/112 [00:08<00:13,  5.13it/s]Processing episodes metadata:  40%|████      | 45/112 [00:08<00:13,  5.08it/s]Processing episodes metadata:  41%|████      | 46/112 [00:08<00:12,  5.21it/s]Processing episodes metadata:  42%|████▏     | 47/112 [00:09<00:12,  5.20it/s]Processing episodes metadata:  43%|████▎     | 48/112 [00:09<00:12,  5.14it/s]Processing episodes metadata:  44%|████▍     | 49/112 [00:09<00:12,  5.10it/s]Processing episodes metadata:  45%|████▍     | 50/112 [00:09<00:12,  5.08it/s]Processing episodes metadata:  46%|████▌     | 51/112 [00:09<00:12,  5.07it/s]Processing episodes metadata:  46%|████▋     | 52/112 [00:10<00:11,  5.18it/s]Processing episodes metadata:  47%|████▋     | 53/112 [00:10<00:11,  5.07it/s]Processing episodes metadata:  48%|████▊     | 54/112 [00:10<00:11,  5.04it/s]Processing episodes metadata:  49%|████▉     | 55/112 [00:10<00:11,  5.11it/s]Processing episodes metadata:  50%|█████     | 56/112 [00:10<00:10,  5.16it/s]Processing episodes metadata:  51%|█████     | 57/112 [00:11<00:10,  5.17it/s]Processing episodes metadata:  52%|█████▏    | 58/112 [00:11<00:10,  5.20it/s]Processing episodes metadata:  53%|█████▎    | 59/112 [00:11<00:10,  5.15it/s]Processing episodes metadata:  54%|█████▎    | 60/112 [00:11<00:10,  5.09it/s]Processing episodes metadata:  54%|█████▍    | 61/112 [00:11<00:10,  5.10it/s]Processing episodes metadata:  55%|█████▌    | 62/112 [00:12<00:09,  5.05it/s]Processing episodes metadata:  56%|█████▋    | 63/112 [00:12<00:10,  4.67it/s]Processing episodes metadata:  57%|█████▋    | 64/112 [00:12<00:10,  4.71it/s]Processing episodes metadata:  58%|█████▊    | 65/112 [00:12<00:09,  4.81it/s]Processing episodes metadata:  59%|█████▉    | 66/112 [00:12<00:09,  4.81it/s]Processing episodes metadata:  60%|█████▉    | 67/112 [00:13<00:09,  4.82it/s]Processing episodes metadata:  61%|██████    | 68/112 [00:13<00:09,  4.87it/s]Processing episodes metadata:  62%|██████▏   | 69/112 [00:13<00:08,  4.88it/s]Processing episodes metadata:  62%|██████▎   | 70/112 [00:13<00:08,  4.84it/s]Processing episodes metadata:  63%|██████▎   | 71/112 [00:13<00:08,  4.84it/s]Processing episodes metadata:  64%|██████▍   | 72/112 [00:14<00:08,  4.90it/s]Processing episodes metadata:  65%|██████▌   | 73/112 [00:14<00:07,  4.92it/s]Processing episodes metadata:  66%|██████▌   | 74/112 [00:14<00:07,  4.91it/s]Processing episodes metadata:  67%|██████▋   | 75/112 [00:14<00:07,  4.92it/s]Processing episodes metadata:  68%|██████▊   | 76/112 [00:15<00:07,  4.86it/s]Processing episodes metadata:  69%|██████▉   | 77/112 [00:15<00:07,  4.88it/s]Processing episodes metadata:  70%|██████▉   | 78/112 [00:15<00:07,  4.83it/s]Processing episodes metadata:  71%|███████   | 79/112 [00:15<00:06,  4.85it/s]Processing episodes metadata:  71%|███████▏  | 80/112 [00:15<00:06,  4.70it/s]Processing episodes metadata:  72%|███████▏  | 81/112 [00:16<00:06,  4.77it/s]Processing episodes metadata:  73%|███████▎  | 82/112 [00:16<00:06,  4.72it/s]Processing episodes metadata:  74%|███████▍  | 83/112 [00:16<00:05,  4.86it/s]Processing episodes metadata:  75%|███████▌  | 84/112 [00:16<00:05,  4.88it/s]Processing episodes metadata:  76%|███████▌  | 85/112 [00:16<00:05,  4.83it/s]Processing episodes metadata:  77%|███████▋  | 86/112 [00:17<00:05,  4.94it/s]Processing episodes metadata:  78%|███████▊  | 87/112 [00:17<00:05,  4.97it/s]Processing episodes metadata:  79%|███████▊  | 88/112 [00:17<00:04,  5.10it/s]Processing episodes metadata:  79%|███████▉  | 89/112 [00:17<00:04,  5.11it/s]Processing episodes metadata:  80%|████████  | 90/112 [00:17<00:04,  4.91it/s]Processing episodes metadata:  81%|████████▏ | 91/112 [00:18<00:04,  4.96it/s]Processing episodes metadata:  82%|████████▏ | 92/112 [00:18<00:03,  5.02it/s]Processing episodes metadata:  83%|████████▎ | 93/112 [00:18<00:03,  4.97it/s]Processing episodes metadata:  84%|████████▍ | 94/112 [00:18<00:03,  5.01it/s]Processing episodes metadata:  85%|████████▍ | 95/112 [00:18<00:03,  4.97it/s]Processing episodes metadata:  86%|████████▌ | 96/112 [00:19<00:03,  4.97it/s]Processing episodes metadata:  87%|████████▋ | 97/112 [00:19<00:02,  5.04it/s]Processing episodes metadata:  88%|████████▊ | 98/112 [00:19<00:02,  5.12it/s]Processing episodes metadata:  88%|████████▊ | 99/112 [00:19<00:02,  5.07it/s]Processing episodes metadata:  89%|████████▉ | 100/112 [00:19<00:02,  5.06it/s]Processing episodes metadata:  90%|█████████ | 101/112 [00:20<00:02,  5.10it/s]Processing episodes metadata:  91%|█████████ | 102/112 [00:20<00:01,  5.08it/s]Processing episodes metadata:  92%|█████████▏| 103/112 [00:20<00:01,  5.07it/s]Processing episodes metadata:  93%|█████████▎| 104/112 [00:20<00:01,  5.20it/s]Processing episodes metadata:  94%|█████████▍| 105/112 [00:20<00:01,  5.13it/s]Processing episodes metadata:  95%|█████████▍| 106/112 [00:21<00:01,  5.08it/s]Processing episodes metadata:  96%|█████████▌| 107/112 [00:21<00:00,  5.10it/s]Processing episodes metadata:  96%|█████████▋| 108/112 [00:21<00:00,  5.14it/s]Processing episodes metadata:  97%|█████████▋| 109/112 [00:21<00:00,  5.16it/s]Processing episodes metadata:  98%|█████████▊| 110/112 [00:21<00:00,  5.09it/s]Processing episodes metadata:  99%|█████████▉| 111/112 [00:22<00:00,  5.05it/s]Processing episodes metadata: 100%|██████████| 112/112 [00:22<00:00,  4.95it/s]Processing episodes metadata: 100%|██████████| 112/112 [00:22<00:00,  5.04it/s]
  子数据集总帧数: 5025
  子数据集总 episode 数: 112
  ✓ index 连续且正确

============================================================
处理数据集: disassemble-v3_corner
选中 episode 数: 112
============================================================
  源数据集总帧数: 54067
  源数据集总 episode 数: 400
Processing observation.images.top video files:   0%|          | 0/2 [00:00<?, ?it/s]Svt[info]: -------------------------------------------
Svt[info]: SVT [version]:	SVT-AV1 Encoder Lib v3.0.0
Svt[info]: SVT [build]  :	GCC 14.2.1 20250110 (Red Hat 14.2.1-7)	 64 bit
Svt[info]: LIB Build date: Jul  3 2025 03:14:07
Svt[info]: -------------------------------------------
Svt[warn]: Preset M12 is mapped to M10.
Svt[info]: Level of Parallelism: 6
Svt[info]: Number of PPCS 161
Svt[info]: [asm level on system : up to avx512]
Svt[info]: [asm level selected : up to avx512]
Svt[info]: -------------------------------------------
Svt[info]: SVT [config]: main profile	tier (auto)	level (auto)
Svt[info]: SVT [config]: width / height / fps numerator / fps denominator 		: 480 / 480 / 80 / 1
Svt[info]: SVT [config]: bit-depth / color format 					: 8 / YUV420
Svt[info]: SVT [config]: preset / tune / pred struct 					: 10 / PSNR / random access
Svt[info]: SVT [config]: gop size / mini-gop size / key-frame type 			: 2 / 16 / key frame
Svt[info]: SVT [config]: BRC mode / rate factor 					: CRF / 30 
Svt[info]: SVT [config]: AQ mode / variance boost 					: 2 / 0
Svt[info]: SVT [config]: sharpness / luminance-based QP bias 			: 0 / 0
Svt[info]: Svt[info]: -------------------------------------------
Processing observation.images.top video files:  50%|█████     | 1/2 [00:24<00:24, 24.27s/it]Svt[info]: -------------------------------------------
Svt[info]: SVT [version]:	SVT-AV1 Encoder Lib v3.0.0
Svt[info]: SVT [build]  :	GCC 14.2.1 20250110 (Red Hat 14.2.1-7)	 64 bit
Svt[info]: LIB Build date: Jul  3 2025 03:14:07
Svt[info]: -------------------------------------------
Svt[warn]: Preset M12 is mapped to M10.
Svt[info]: Level of Parallelism: 6
Svt[info]: Number of PPCS 161
Svt[info]: [asm level on system : up to avx512]
Svt[info]: [asm level selected : up to avx512]
Svt[info]: -------------------------------------------
Svt[info]: SVT [config]: main profile	tier (auto)	level (auto)
Svt[info]: SVT [config]: width / height / fps numerator / fps denominator 		: 480 / 480 / 80 / 1
Svt[info]: SVT [config]: bit-depth / color format 					: 8 / YUV420
Svt[info]: SVT [config]: preset / tune / pred struct 					: 10 / PSNR / random access
Svt[info]: SVT [config]: gop size / mini-gop size / key-frame type 			: 2 / 16 / key frame
Svt[info]: SVT [config]: BRC mode / rate factor 					: CRF / 30 
Svt[info]: SVT [config]: AQ mode / variance boost 					: 2 / 0
Svt[info]: SVT [config]: sharpness / luminance-based QP bias 			: 0 / 0
Svt[info]: Svt[info]: -------------------------------------------
Processing observation.images.top video files: 100%|██████████| 2/2 [00:47<00:00, 23.66s/it]Processing observation.images.top video files: 100%|██████████| 2/2 [00:47<00:00, 23.75s/it]
Processing observation.images.wrist video files:   0%|          | 0/2 [00:00<?, ?it/s]Svt[info]: -------------------------------------------
Svt[info]: SVT [version]:	SVT-AV1 Encoder Lib v3.0.0
Svt[info]: SVT [build]  :	GCC 14.2.1 20250110 (Red Hat 14.2.1-7)	 64 bit
Svt[info]: LIB Build date: Jul  3 2025 03:14:07
Svt[info]: -------------------------------------------
Svt[warn]: Preset M12 is mapped to M10.
Svt[info]: Level of Parallelism: 6
Svt[info]: Number of PPCS 161
Svt[info]: [asm level on system : up to avx512]
Svt[info]: [asm level selected : up to avx512]
Svt[info]: -------------------------------------------
Svt[info]: SVT [config]: main profile	tier (auto)	level (auto)
Svt[info]: SVT [config]: width / height / fps numerator / fps denominator 		: 480 / 480 / 80 / 1
Svt[info]: SVT [config]: bit-depth / color format 					: 8 / YUV420
Svt[info]: SVT [config]: preset / tune / pred struct 					: 10 / PSNR / random access
Svt[info]: SVT [config]: gop size / mini-gop size / key-frame type 			: 2 / 16 / key frame
Svt[info]: SVT [config]: BRC mode / rate factor 					: CRF / 30 
Svt[info]: SVT [config]: AQ mode / variance boost 					: 2 / 0
Svt[info]: SVT [config]: sharpness / luminance-based QP bias 			: 0 / 0
Svt[info]: Svt[info]: -------------------------------------------
Processing observation.images.wrist video files:  50%|█████     | 1/2 [00:24<00:24, 24.76s/it]Svt[info]: -------------------------------------------
Svt[info]: SVT [version]:	SVT-AV1 Encoder Lib v3.0.0
Svt[info]: SVT [build]  :	GCC 14.2.1 20250110 (Red Hat 14.2.1-7)	 64 bit
Svt[info]: LIB Build date: Jul  3 2025 03:14:07
Svt[info]: -------------------------------------------
Svt[warn]: Preset M12 is mapped to M10.
Svt[info]: Level of Parallelism: 6
Svt[info]: Number of PPCS 161
Svt[info]: [asm level on system : up to avx512]
Svt[info]: [asm level selected : up to avx512]
Svt[info]: -------------------------------------------
Svt[info]: SVT [config]: main profile	tier (auto)	level (auto)
Svt[info]: SVT [config]: width / height / fps numerator / fps denominator 		: 480 / 480 / 80 / 1
Svt[info]: SVT [config]: bit-depth / color format 					: 8 / YUV420
Svt[info]: SVT [config]: preset / tune / pred struct 					: 10 / PSNR / random access
Svt[info]: SVT [config]: gop size / mini-gop size / key-frame type 			: 2 / 16 / key frame
Svt[info]: SVT [config]: BRC mode / rate factor 					: CRF / 30 
Svt[info]: SVT [config]: AQ mode / variance boost 					: 2 / 0
Svt[info]: SVT [config]: sharpness / luminance-based QP bias 			: 0 / 0
Svt[info]: Svt[info]: -------------------------------------------
Processing observation.images.wrist video files: 100%|██████████| 2/2 [00:36<00:00, 17.02s/it]Processing observation.images.wrist video files: 100%|██████████| 2/2 [00:36<00:00, 18.18s/it]
Processing data files:   0%|          | 0/1 [00:00<?, ?it/s]Processing data files: 100%|██████████| 1/1 [00:00<00:00,  1.16it/s]Processing data files: 100%|██████████| 1/1 [00:00<00:00,  1.16it/s]
Processing episodes metadata:   0%|          | 0/112 [00:00<?, ?it/s]Processing episodes metadata:   1%|          | 1/112 [00:00<00:24,  4.45it/s]Processing episodes metadata:   2%|▏         | 2/112 [00:00<00:22,  4.95it/s]Processing episodes metadata:   3%|▎         | 3/112 [00:00<00:21,  5.12it/s]Processing episodes metadata:   4%|▎         | 4/112 [00:00<00:20,  5.15it/s]Processing episodes metadata:   4%|▍         | 5/112 [00:00<00:20,  5.26it/s]Processing episodes metadata:   5%|▌         | 6/112 [00:01<00:19,  5.49it/s]Processing episodes metadata:   6%|▋         | 7/112 [00:01<00:19,  5.37it/s]Processing episodes metadata:   7%|▋         | 8/112 [00:01<00:19,  5.28it/s]Processing episodes metadata:   8%|▊         | 9/112 [00:01<00:19,  5.19it/s]Processing episodes metadata:   9%|▉         | 10/112 [00:01<00:20,  4.94it/s]Processing episodes metadata:  10%|▉         | 11/112 [00:02<00:20,  4.93it/s]Processing episodes metadata:  11%|█         | 12/112 [00:02<00:20,  4.90it/s]Processing episodes metadata:  12%|█▏        | 13/112 [00:02<00:20,  4.89it/s]Processing episodes metadata:  12%|█▎        | 14/112 [00:02<00:20,  4.87it/s]Processing episodes metadata:  13%|█▎        | 15/112 [00:02<00:19,  4.91it/s]Processing episodes metadata:  14%|█▍        | 16/112 [00:03<00:19,  4.90it/s]Processing episodes metadata:  15%|█▌        | 17/112 [00:03<00:19,  4.86it/s]Processing episodes metadata:  16%|█▌        | 18/112 [00:03<00:19,  4.86it/s]Processing episodes metadata:  17%|█▋        | 19/112 [00:03<00:18,  4.90it/s]Processing episodes metadata:  18%|█▊        | 20/112 [00:04<00:19,  4.78it/s]Processing episodes metadata:  19%|█▉        | 21/112 [00:04<00:18,  4.80it/s]Processing episodes metadata:  20%|█▉        | 22/112 [00:04<00:18,  4.78it/s]Processing episodes metadata:  21%|██        | 23/112 [00:04<00:18,  4.79it/s]Processing episodes metadata:  21%|██▏       | 24/112 [00:04<00:17,  4.91it/s]Processing episodes metadata:  22%|██▏       | 25/112 [00:05<00:17,  4.89it/s]Processing episodes metadata:  23%|██▎       | 26/112 [00:05<00:17,  4.93it/s]Processing episodes metadata:  24%|██▍       | 27/112 [00:05<00:17,  4.87it/s]Processing episodes metadata:  25%|██▌       | 28/112 [00:05<00:17,  4.90it/s]Processing episodes metadata:  26%|██▌       | 29/112 [00:05<00:16,  4.92it/s]Processing episodes metadata:  27%|██▋       | 30/112 [00:06<00:16,  4.89it/s]Processing episodes metadata:  28%|██▊       | 31/112 [00:06<00:16,  5.02it/s]Processing episodes metadata:  29%|██▊       | 32/112 [00:06<00:16,  4.98it/s]Processing episodes metadata:  29%|██▉       | 33/112 [00:06<00:16,  4.91it/s]Processing episodes metadata:  30%|███       | 34/112 [00:06<00:15,  4.94it/s]Processing episodes metadata:  31%|███▏      | 35/112 [00:07<00:15,  4.99it/s]Processing episodes metadata:  32%|███▏      | 36/112 [00:07<00:15,  4.98it/s]Processing episodes metadata:  33%|███▎      | 37/112 [00:07<00:15,  4.94it/s]Processing episodes metadata:  34%|███▍      | 38/112 [00:07<00:15,  4.89it/s]Processing episodes metadata:  35%|███▍      | 39/112 [00:07<00:15,  4.85it/s]Processing episodes metadata:  36%|███▌      | 40/112 [00:08<00:15,  4.76it/s]Processing episodes metadata:  37%|███▋      | 41/112 [00:08<00:14,  4.80it/s]Processing episodes metadata:  38%|███▊      | 42/112 [00:08<00:14,  4.87it/s]Processing episodes metadata:  38%|███▊      | 43/112 [00:08<00:14,  4.85it/s]Processing episodes metadata:  39%|███▉      | 44/112 [00:08<00:13,  4.86it/s]Processing episodes metadata:  40%|████      | 45/112 [00:09<00:13,  4.89it/s]Processing episodes metadata:  41%|████      | 46/112 [00:09<00:13,  4.89it/s]Processing episodes metadata:  42%|████▏     | 47/112 [00:09<00:13,  4.80it/s]Processing episodes metadata:  43%|████▎     | 48/112 [00:09<00:12,  4.93it/s]Processing episodes metadata:  44%|████▍     | 49/112 [00:09<00:12,  4.90it/s]Processing episodes metadata:  45%|████▍     | 50/112 [00:10<00:13,  4.63it/s]Processing episodes metadata:  46%|████▌     | 51/112 [00:10<00:12,  4.72it/s]Processing episodes metadata:  46%|████▋     | 52/112 [00:10<00:12,  4.89it/s]Processing episodes metadata:  47%|████▋     | 53/112 [00:10<00:11,  4.93it/s]Processing episodes metadata:  48%|████▊     | 54/112 [00:10<00:11,  4.93it/s]Processing episodes metadata:  49%|████▉     | 55/112 [00:11<00:11,  4.88it/s]Processing episodes metadata:  50%|█████     | 56/112 [00:11<00:11,  4.77it/s]Processing episodes metadata:  51%|█████     | 57/112 [00:11<00:11,  4.87it/s]Processing episodes metadata:  52%|█████▏    | 58/112 [00:11<00:11,  4.81it/s]Processing episodes metadata:  53%|█████▎    | 59/112 [00:12<00:10,  4.86it/s]Processing episodes metadata:  54%|█████▎    | 60/112 [00:12<00:11,  4.70it/s]Processing episodes metadata:  54%|█████▍    | 61/112 [00:12<00:10,  4.75it/s]Processing episodes metadata:  55%|█████▌    | 62/112 [00:12<00:10,  4.87it/s]Processing episodes metadata:  56%|█████▋    | 63/112 [00:12<00:10,  4.86it/s]Processing episodes metadata:  57%|█████▋    | 64/112 [00:13<00:09,  4.87it/s]Processing episodes metadata:  58%|█████▊    | 65/112 [00:13<00:09,  4.84it/s]Processing episodes metadata:  59%|█████▉    | 66/112 [00:13<00:09,  4.81it/s]Processing episodes metadata:  60%|█████▉    | 67/112 [00:13<00:09,  4.89it/s]Processing episodes metadata:  61%|██████    | 68/112 [00:13<00:09,  4.78it/s]Processing episodes metadata:  62%|██████▏   | 69/112 [00:14<00:09,  4.78it/s]Processing episodes metadata:  62%|██████▎   | 70/112 [00:14<00:09,  4.63it/s]Processing episodes metadata:  63%|██████▎   | 71/112 [00:14<00:08,  4.72it/s]Processing episodes metadata:  64%|██████▍   | 72/112 [00:14<00:08,  4.82it/s]Processing episodes metadata:  65%|██████▌   | 73/112 [00:14<00:07,  4.88it/s]Processing episodes metadata:  66%|██████▌   | 74/112 [00:15<00:07,  4.87it/s]Processing episodes metadata:  67%|██████▋   | 75/112 [00:15<00:07,  4.93it/s]Processing episodes metadata:  68%|██████▊   | 76/112 [00:15<00:07,  4.91it/s]Processing episodes metadata:  69%|██████▉   | 77/112 [00:15<00:07,  4.86it/s]Processing episodes metadata:  70%|██████▉   | 78/112 [00:15<00:06,  4.96it/s]Processing episodes metadata:  71%|███████   | 79/112 [00:16<00:06,  4.93it/s]Processing episodes metadata:  71%|███████▏  | 80/112 [00:16<00:06,  4.82it/s]Processing episodes metadata:  72%|███████▏  | 81/112 [00:16<00:06,  4.91it/s]Processing episodes metadata:  73%|███████▎  | 82/112 [00:16<00:05,  5.04it/s]Processing episodes metadata:  74%|███████▍  | 83/112 [00:16<00:05,  5.06it/s]Processing episodes metadata:  75%|███████▌  | 84/112 [00:17<00:05,  5.07it/s]Processing episodes metadata:  76%|███████▌  | 85/112 [00:17<00:05,  5.00it/s]Processing episodes metadata:  77%|███████▋  | 86/112 [00:17<00:05,  5.12it/s]Processing episodes metadata:  78%|███████▊  | 87/112 [00:17<00:04,  5.17it/s]Processing episodes metadata:  79%|███████▊  | 88/112 [00:17<00:04,  5.05it/s]Processing episodes metadata:  79%|███████▉  | 89/112 [00:18<00:04,  4.96it/s]Processing episodes metadata:  80%|████████  | 90/112 [00:18<00:04,  4.74it/s]Processing episodes metadata:  81%|████████▏ | 91/112 [00:18<00:04,  4.70it/s]Processing episodes metadata:  82%|████████▏ | 92/112 [00:18<00:04,  4.73it/s]Processing episodes metadata:  83%|████████▎ | 93/112 [00:19<00:04,  4.71it/s]Processing episodes metadata:  84%|████████▍ | 94/112 [00:19<00:03,  4.72it/s]Processing episodes metadata:  85%|████████▍ | 95/112 [00:19<00:03,  4.80it/s]Processing episodes metadata:  86%|████████▌ | 96/112 [00:19<00:03,  4.97it/s]Processing episodes metadata:  87%|████████▋ | 97/112 [00:19<00:02,  5.00it/s]Processing episodes metadata:  88%|████████▊ | 98/112 [00:20<00:02,  4.97it/s]Processing episodes metadata:  88%|████████▊ | 99/112 [00:20<00:02,  4.94it/s]Processing episodes metadata:  89%|████████▉ | 100/112 [00:20<00:02,  4.78it/s]Processing episodes metadata:  90%|█████████ | 101/112 [00:20<00:02,  4.80it/s]Processing episodes metadata:  91%|█████████ | 102/112 [00:20<00:02,  4.63it/s]Processing episodes metadata:  92%|█████████▏| 103/112 [00:21<00:01,  4.72it/s]Processing episodes metadata:  93%|█████████▎| 104/112 [00:21<00:01,  4.82it/s]Processing episodes metadata:  94%|█████████▍| 105/112 [00:21<00:01,  4.79it/s]Processing episodes metadata:  95%|█████████▍| 106/112 [00:21<00:01,  4.80it/s]Processing episodes metadata:  96%|█████████▌| 107/112 [00:21<00:01,  4.86it/s]Processing episodes metadata:  96%|█████████▋| 108/112 [00:22<00:00,  4.93it/s]Processing episodes metadata:  97%|█████████▋| 109/112 [00:22<00:00,  4.97it/s]Processing episodes metadata:  98%|█████████▊| 110/112 [00:22<00:00,  4.77it/s]Processing episodes metadata:  99%|█████████▉| 111/112 [00:22<00:00,  4.77it/s]Processing episodes metadata: 100%|██████████| 112/112 [00:22<00:00,  4.82it/s]Processing episodes metadata: 100%|██████████| 112/112 [00:22<00:00,  4.88it/s]
  子数据集总帧数: 15392
  子数据集总 episode 数: 112
  ✓ index 连续且正确

============================================================
处理数据集: pick_place-v3_corner
选中 episode 数: 112
============================================================
  源数据集总帧数: 24771
  源数据集总 episode 数: 400
Processing observation.images.top video files:   0%|          | 0/1 [00:00<?, ?it/s]Svt[info]: -------------------------------------------
Svt[info]: SVT [version]:	SVT-AV1 Encoder Lib v3.0.0
Svt[info]: SVT [build]  :	GCC 14.2.1 20250110 (Red Hat 14.2.1-7)	 64 bit
Svt[info]: LIB Build date: Jul  3 2025 03:14:07
Svt[info]: -------------------------------------------
Svt[warn]: Preset M12 is mapped to M10.
Svt[info]: Level of Parallelism: 6
Svt[info]: Number of PPCS 161
Svt[info]: [asm level on system : up to avx512]
Svt[info]: [asm level selected : up to avx512]
Svt[info]: -------------------------------------------
Svt[info]: SVT [config]: main profile	tier (auto)	level (auto)
Svt[info]: SVT [config]: width / height / fps numerator / fps denominator 		: 480 / 480 / 80 / 1
Svt[info]: SVT [config]: bit-depth / color format 					: 8 / YUV420
Svt[info]: SVT [config]: preset / tune / pred struct 					: 10 / PSNR / random access
Svt[info]: SVT [config]: gop size / mini-gop size / key-frame type 			: 2 / 16 / key frame
Svt[info]: SVT [config]: BRC mode / rate factor 					: CRF / 30 
Svt[info]: SVT [config]: AQ mode / variance boost 					: 2 / 0
Svt[info]: SVT [config]: sharpness / luminance-based QP bias 			: 0 / 0
Svt[info]: Svt[info]: -------------------------------------------
Processing observation.images.top video files: 100%|██████████| 1/1 [00:22<00:00, 22.39s/it]Processing observation.images.top video files: 100%|██████████| 1/1 [00:22<00:00, 22.40s/it]
Processing observation.images.wrist video files:   0%|          | 0/1 [00:00<?, ?it/s]Svt[info]: -------------------------------------------
Svt[info]: SVT [version]:	SVT-AV1 Encoder Lib v3.0.0
Svt[info]: SVT [build]  :	GCC 14.2.1 20250110 (Red Hat 14.2.1-7)	 64 bit
Svt[info]: LIB Build date: Jul  3 2025 03:14:07
Svt[info]: -------------------------------------------
Svt[warn]: Preset M12 is mapped to M10.
Svt[info]: Level of Parallelism: 6
Svt[info]: Number of PPCS 161
Svt[info]: [asm level on system : up to avx512]
Svt[info]: [asm level selected : up to avx512]
Svt[info]: -------------------------------------------
Svt[info]: SVT [config]: main profile	tier (auto)	level (auto)
Svt[info]: SVT [config]: width / height / fps numerator / fps denominator 		: 480 / 480 / 80 / 1
Svt[info]: SVT [config]: bit-depth / color format 					: 8 / YUV420
Svt[info]: SVT [config]: preset / tune / pred struct 					: 10 / PSNR / random access
Svt[info]: SVT [config]: gop size / mini-gop size / key-frame type 			: 2 / 16 / key frame
Svt[info]: SVT [config]: BRC mode / rate factor 					: CRF / 30 
Svt[info]: SVT [config]: AQ mode / variance boost 					: 2 / 0
Svt[info]: SVT [config]: sharpness / luminance-based QP bias 			: 0 / 0
Svt[info]: Svt[info]: -------------------------------------------
Processing observation.images.wrist video files: 100%|██████████| 1/1 [00:17<00:00, 17.57s/it]Processing observation.images.wrist video files: 100%|██████████| 1/1 [00:17<00:00, 17.57s/it]
Processing data files:   0%|          | 0/1 [00:00<?, ?it/s]Processing data files: 100%|██████████| 1/1 [00:00<00:00,  1.81it/s]Processing data files: 100%|██████████| 1/1 [00:00<00:00,  1.81it/s]
Processing episodes metadata:   0%|          | 0/112 [00:00<?, ?it/s]Processing episodes metadata:   1%|          | 1/112 [00:00<00:27,  4.03it/s]Processing episodes metadata:   2%|▏         | 2/112 [00:00<00:24,  4.44it/s]Processing episodes metadata:   3%|▎         | 3/112 [00:00<00:23,  4.57it/s]Processing episodes metadata:   4%|▎         | 4/112 [00:00<00:23,  4.67it/s]Processing episodes metadata:   4%|▍         | 5/112 [00:01<00:22,  4.70it/s]Processing episodes metadata:   5%|▌         | 6/112 [00:01<00:21,  4.91it/s]Processing episodes metadata:   6%|▋         | 7/112 [00:01<00:20,  5.17it/s]Processing episodes metadata:   7%|▋         | 8/112 [00:01<00:20,  5.15it/s]Processing episodes metadata:   8%|▊         | 9/112 [00:01<00:20,  5.00it/s]Processing episodes metadata:   9%|▉         | 10/112 [00:02<00:21,  4.84it/s]Processing episodes metadata:  10%|▉         | 11/112 [00:02<00:20,  4.91it/s]Processing episodes metadata:  11%|█         | 12/112 [00:02<00:20,  4.90it/s]Processing episodes metadata:  12%|█▏        | 13/112 [00:02<00:19,  5.04it/s]Processing episodes metadata:  12%|█▎        | 14/112 [00:02<00:19,  4.95it/s]Processing episodes metadata:  13%|█▎        | 15/112 [00:03<00:19,  4.94it/s]Processing episodes metadata:  14%|█▍        | 16/112 [00:03<00:19,  4.95it/s]Processing episodes metadata:  15%|█▌        | 17/112 [00:03<00:18,  5.02it/s]Processing episodes metadata:  16%|█▌        | 18/112 [00:03<00:18,  4.97it/s]Processing episodes metadata:  17%|█▋        | 19/112 [00:03<00:19,  4.88it/s]Processing episodes metadata:  18%|█▊        | 20/112 [00:04<00:19,  4.78it/s]Processing episodes metadata:  19%|█▉        | 21/112 [00:04<00:18,  4.92it/s]Processing episodes metadata:  20%|█▉        | 22/112 [00:04<00:17,  5.00it/s]Processing episodes metadata:  21%|██        | 23/112 [00:04<00:18,  4.91it/s]Processing episodes metadata:  21%|██▏       | 24/112 [00:04<00:17,  4.95it/s]Processing episodes metadata:  22%|██▏       | 25/112 [00:05<00:16,  5.13it/s]Processing episodes metadata:  23%|██▎       | 26/112 [00:05<00:16,  5.13it/s]Processing episodes metadata:  24%|██▍       | 27/112 [00:05<00:16,  5.12it/s]Processing episodes metadata:  25%|██▌       | 28/112 [00:05<00:16,  4.98it/s]Processing episodes metadata:  26%|██▌       | 29/112 [00:05<00:16,  5.04it/s]Processing episodes metadata:  27%|██▋       | 30/112 [00:06<00:16,  4.93it/s]Processing episodes metadata:  28%|██▊       | 31/112 [00:06<00:15,  5.08it/s]Processing episodes metadata:  29%|██▊       | 32/112 [00:06<00:15,  5.01it/s]Processing episodes metadata:  29%|██▉       | 33/112 [00:06<00:15,  5.06it/s]Processing episodes metadata:  30%|███       | 34/112 [00:06<00:15,  5.04it/s]Processing episodes metadata:  31%|███▏      | 35/112 [00:07<00:15,  5.02it/s]Processing episodes metadata:  32%|███▏      | 36/112 [00:07<00:15,  5.04it/s]Processing episodes metadata:  33%|███▎      | 37/112 [00:07<00:15,  5.00it/s]Processing episodes metadata:  34%|███▍      | 38/112 [00:07<00:14,  4.99it/s]Processing episodes metadata:  35%|███▍      | 39/112 [00:07<00:14,  4.92it/s]Processing episodes metadata:  36%|███▌      | 40/112 [00:08<00:15,  4.73it/s]Processing episodes metadata:  37%|███▋      | 41/112 [00:08<00:14,  4.89it/s]Processing episodes metadata:  38%|███▊      | 42/112 [00:08<00:14,  4.84it/s]Processing episodes metadata:  38%|███▊      | 43/112 [00:08<00:14,  4.87it/s]Processing episodes metadata:  39%|███▉      | 44/112 [00:08<00:14,  4.85it/s]Processing episodes metadata:  40%|████      | 45/112 [00:09<00:13,  4.80it/s]Processing episodes metadata:  41%|████      | 46/112 [00:09<00:13,  4.74it/s]Processing episodes metadata:  42%|████▏     | 47/112 [00:09<00:13,  4.78it/s]Processing episodes metadata:  43%|████▎     | 48/112 [00:09<00:13,  4.76it/s]Processing episodes metadata:  44%|████▍     | 49/112 [00:09<00:13,  4.72it/s]Processing episodes metadata:  45%|████▍     | 50/112 [00:10<00:13,  4.52it/s]Processing episodes metadata:  46%|████▌     | 51/112 [00:10<00:13,  4.56it/s]Processing episodes metadata:  46%|████▋     | 52/112 [00:10<00:12,  4.66it/s]Processing episodes metadata:  47%|████▋     | 53/112 [00:10<00:12,  4.65it/s]Processing episodes metadata:  48%|████▊     | 54/112 [00:11<00:12,  4.60it/s]Processing episodes metadata:  49%|████▉     | 55/112 [00:11<00:11,  4.76it/s]Processing episodes metadata:  50%|█████     | 56/112 [00:11<00:11,  4.72it/s]Processing episodes metadata:  51%|█████     | 57/112 [00:11<00:11,  4.87it/s]Processing episodes metadata:  52%|█████▏    | 58/112 [00:11<00:10,  4.98it/s]Processing episodes metadata:  53%|█████▎    | 59/112 [00:12<00:10,  5.23it/s]Processing episodes metadata:  54%|█████▎    | 60/112 [00:12<00:10,  5.19it/s]Processing episodes metadata:  54%|█████▍    | 61/112 [00:12<00:09,  5.33it/s]Processing episodes metadata:  55%|█████▌    | 62/112 [00:12<00:09,  5.54it/s]Processing episodes metadata:  56%|█████▋    | 63/112 [00:12<00:08,  5.48it/s]Processing episodes metadata:  57%|█████▋    | 64/112 [00:12<00:08,  5.39it/s]Processing episodes metadata:  58%|█████▊    | 65/112 [00:13<00:08,  5.53it/s]Processing episodes metadata:  59%|█████▉    | 66/112 [00:13<00:08,  5.42it/s]Processing episodes metadata:  60%|█████▉    | 67/112 [00:13<00:08,  5.42it/s]Processing episodes metadata:  61%|██████    | 68/112 [00:13<00:07,  5.50it/s]Processing episodes metadata:  62%|██████▏   | 69/112 [00:13<00:07,  5.46it/s]Processing episodes metadata:  62%|██████▎   | 70/112 [00:14<00:07,  5.30it/s]Processing episodes metadata:  63%|██████▎   | 71/112 [00:14<00:08,  5.11it/s]Processing episodes metadata:  64%|██████▍   | 72/112 [00:14<00:07,  5.30it/s]Processing episodes metadata:  65%|██████▌   | 73/112 [00:14<00:07,  5.53it/s]Processing episodes metadata:  66%|██████▌   | 74/112 [00:14<00:06,  5.52it/s]Processing episodes metadata:  67%|██████▋   | 75/112 [00:14<00:06,  5.41it/s]Processing episodes metadata:  68%|██████▊   | 76/112 [00:15<00:06,  5.45it/s]Processing episodes metadata:  69%|██████▉   | 77/112 [00:15<00:06,  5.47it/s]Processing episodes metadata:  70%|██████▉   | 78/112 [00:15<00:06,  5.47it/s]Processing episodes metadata:  71%|███████   | 79/112 [00:15<00:05,  5.61it/s]Processing episodes metadata:  71%|███████▏  | 80/112 [00:15<00:05,  5.57it/s]Processing episodes metadata:  72%|███████▏  | 81/112 [00:16<00:05,  5.70it/s]Processing episodes metadata:  73%|███████▎  | 82/112 [00:16<00:05,  5.76it/s]Processing episodes metadata:  74%|███████▍  | 83/112 [00:16<00:05,  5.75it/s]Processing episodes metadata:  75%|███████▌  | 84/112 [00:16<00:04,  5.61it/s]Processing episodes metadata:  76%|███████▌  | 85/112 [00:16<00:04,  5.56it/s]Processing episodes metadata:  77%|███████▋  | 86/112 [00:16<00:04,  5.55it/s]Processing episodes metadata:  78%|███████▊  | 87/112 [00:17<00:04,  5.59it/s]Processing episodes metadata:  79%|███████▊  | 88/112 [00:17<00:04,  5.64it/s]Processing episodes metadata:  79%|███████▉  | 89/112 [00:17<00:04,  5.58it/s]Processing episodes metadata:  80%|████████  | 90/112 [00:17<00:04,  5.38it/s]Processing episodes metadata:  81%|████████▏ | 91/112 [00:17<00:03,  5.36it/s]Processing episodes metadata:  82%|████████▏ | 92/112 [00:18<00:03,  5.43it/s]Processing episodes metadata:  83%|████████▎ | 93/112 [00:18<00:03,  5.38it/s]Processing episodes metadata:  84%|████████▍ | 94/112 [00:18<00:03,  5.40it/s]Processing episodes metadata:  85%|████████▍ | 95/112 [00:18<00:03,  5.41it/s]Processing episodes metadata:  86%|████████▌ | 96/112 [00:18<00:03,  5.32it/s]Processing episodes metadata:  87%|████████▋ | 97/112 [00:19<00:02,  5.18it/s]Processing episodes metadata:  88%|████████▊ | 98/112 [00:19<00:02,  5.14it/s]Processing episodes metadata:  88%|████████▊ | 99/112 [00:19<00:02,  5.12it/s]Processing episodes metadata:  89%|████████▉ | 100/112 [00:19<00:02,  4.90it/s]Processing episodes metadata:  90%|█████████ | 101/112 [00:19<00:02,  5.02it/s]Processing episodes metadata:  91%|█████████ | 102/112 [00:20<00:02,  5.00it/s]Processing episodes metadata:  92%|█████████▏| 103/112 [00:20<00:01,  5.02it/s]Processing episodes metadata:  93%|█████████▎| 104/112 [00:20<00:01,  4.92it/s]Processing episodes metadata:  94%|█████████▍| 105/112 [00:20<00:01,  5.05it/s]Processing episodes metadata:  95%|█████████▍| 106/112 [00:20<00:01,  5.09it/s]Processing episodes metadata:  96%|█████████▌| 107/112 [00:21<00:00,  5.13it/s]Processing episodes metadata:  96%|█████████▋| 108/112 [00:21<00:00,  5.14it/s]Processing episodes metadata:  97%|█████████▋| 109/112 [00:21<00:00,  5.04it/s]Processing episodes metadata:  98%|█████████▊| 110/112 [00:21<00:00,  5.01it/s]Processing episodes metadata:  99%|█████████▉| 111/112 [00:21<00:00,  5.09it/s]Processing episodes metadata: 100%|██████████| 112/112 [00:21<00:00,  5.16it/s]Processing episodes metadata: 100%|██████████| 112/112 [00:21<00:00,  5.09it/s]
  子数据集总帧数: 6753
  子数据集总 episode 数: 112
  ✓ index 连续且正确

============================================================
合并 3 个子数据集
============================================================
Validate all meta data:   0%|          | 0/3 [00:00<?, ?it/s]Validate all meta data: 100%|██████████| 3/3 [00:00<00:00, 23786.22it/s]
Copy data and videos:   0%|          | 0/3 [00:00<?, ?it/s]Copy data and videos:  33%|███▎      | 1/3 [00:00<00:00,  3.40it/s]Copy data and videos:  67%|██████▋   | 2/3 [00:00<00:00,  2.12it/s]Copy data and videos: 100%|██████████| 3/3 [00:01<00:00,  2.17it/s]Copy data and videos: 100%|██████████| 3/3 [00:01<00:00,  2.24it/s]
  合并后总帧数: 27170
  合并后总 episode 数: 336

============================================================
重新计算 stats
============================================================
Computing stats from data files:   0%|          | 0/3 [00:00<?, ?it/s]Computing stats from data files:  33%|███▎      | 1/3 [00:01<00:02,  1.25s/it]Computing stats from data files:  67%|██████▋   | 2/3 [00:02<00:01,  1.31s/it]Computing stats from data files: 100%|██████████| 3/3 [00:03<00:00,  1.25s/it]Computing stats from data files: 100%|██████████| 3/3 [00:03<00:00,  1.26s/it]
  ✓ stats 已重新计算

============================================================
验证合并后的数据集
============================================================
  ✓ 总帧数匹配: 27170
  ✓ index 连续: 0 到 27169
  ✓ episode_index 连续: 0 到 335
  ✓ 所有 episode 的 dataset_from_index/to_index 正确
  ✓ action 无 NaN/Inf
  ✓ stats 所有 mean/std 有限

============================================================
处理 episode_initial_states.json
============================================================
  ✓ 已保存 episode_initial_states.json (336 episodes)

============================================================
生成 subset_file.json
============================================================
  ✓ 已保存 subset_file.json

============================================================
处理完成！
============================================================

============================================================
清理临时目录
============================================================
  ✓ 已清理 /data/zhonglinye/jun/lerobot/personal/work2/our_v7/outputs/our_v7_online_pca_full_112x3_seed42/merged_dataset_subsets

============================================================
合并完成！
============================================================
输出目录: /data/zhonglinye/jun/lerobot/personal/work2/our_v7/outputs/our_v7_online_pca_full_112x3_seed42/merged_dataset
总 episode 数: 336
总帧数: 27170

=== Training SmolVLA on merged Our-V7 metaworld dataset ===
[DEBUG] All overrides: ['--device=cuda', '--push_to_hub=false', '--vlm_model_name=HuggingFaceTB/SmolVLM2-500M-Video-Instruct', '--freeze_vision_encoder=true', '--train_expert_only=true', '--train_state_proj=false', '--optimizer_lr=1e-4']
[DEBUG] policy_type to pass: None
[DEBUG] filtered_overrides: ['--device=cuda', '--push_to_hub=false', '--vlm_model_name=HuggingFaceTB/SmolVLM2-500M-Video-Instruct', '--freeze_vision_encoder=true', '--train_expert_only=true', '--train_state_proj=false', '--optimizer_lr=1e-4']
[DEBUG] Loaded config from: /data/zhonglinye/hfdata/hub/models--lerobot--smolvla_base/snapshots/c83c3163b8ca9b7e67c509fffd9121e66cb96205/config.json
[DEBUG] Config keys: ['type', 'n_obs_steps', 'input_features', 'output_features', 'device', 'use_amp', 'push_to_hub', 'repo_id', 'private', 'tags', 'license', 'chunk_size', 'n_action_steps', 'normalization_mapping', 'max_state_dim', 'max_action_dim', 'resize_imgs_with_padding', 'empty_cameras', 'adapt_to_pi_aloha', 'use_delta_joint_actions_aloha', 'tokenizer_max_length', 'num_steps', 'use_cache', 'freeze_vision_encoder', 'train_expert_only', 'train_state_proj', 'optimizer_lr', 'optimizer_betas', 'optimizer_eps', 'optimizer_weight_decay', 'optimizer_grad_clip_norm', 'scheduler_warmup_steps', 'scheduler_decay_steps', 'scheduler_decay_lr', 'vlm_model_name', 'load_vlm_weights', 'add_image_special_tokens', 'attention_mode', 'prefix_length', 'pad_language_to', 'num_expert_layers', 'num_vlm_layers', 'self_attn_every_n_layers', 'expert_width_multiplier', 'min_period', 'max_period']
[DEBUG] policy_type parameter: None
[DEBUG] Extracted policy_type from config: smolvla
[DEBUG] Filtered config keys: ['n_obs_steps', 'input_features', 'output_features', 'device', 'use_amp', 'push_to_hub', 'repo_id', 'private', 'tags', 'license', 'chunk_size', 'n_action_steps', 'normalization_mapping', 'max_state_dim', 'max_action_dim', 'resize_imgs_with_padding', 'empty_cameras', 'adapt_to_pi_aloha', 'use_delta_joint_actions_aloha', 'tokenizer_max_length', 'num_steps', 'use_cache', 'freeze_vision_encoder', 'train_expert_only', 'train_state_proj', 'optimizer_lr', 'optimizer_betas', 'optimizer_eps', 'optimizer_weight_decay', 'optimizer_grad_clip_norm', 'scheduler_warmup_steps', 'scheduler_decay_steps', 'scheduler_decay_lr', 'vlm_model_name', 'load_vlm_weights', 'add_image_special_tokens', 'attention_mode', 'prefix_length', 'pad_language_to', 'num_expert_layers', 'num_vlm_layers', 'self_attn_every_n_layers', 'expert_width_multiplier', 'min_period', 'max_period']
[DEBUG] Removed invalid keys: set()
INFO 2026-09-16 03:53:34 ot_train.py:274 {'batch_size': 64,
 'checkpoint_path': None,
 'cudnn_deterministic': False,
 'dataloader_multiprocessing_context': 'spawn',
 'dataset': {'depth_output_unit': 'mm',
             'episodes': None,
             'eval_split': 0.0,
             'image_transforms': {'enable': False,
                                  'max_num_transforms': 3,
                                  'random_order': False,
                                  'tfs': {'affine': {'kwargs': {'degrees': [-5.0,
                                                                            5.0],
                                                                'translate': [0.05,
                                                                              0.05]},
                                                     'type': 'RandomAffine',
                                                     'weight': 1.0},
                                          'brightness': {'kwargs': {'brightness': [0.8,
                                                                                   1.2]},
                                                         'type': 'ColorJitter',
                                                         'weight': 1.0},
                                          'contrast': {'kwargs': {'contrast': [0.8,
                                                                               1.2]},
                                                       'type': 'ColorJitter',
                                                       'weight': 1.0},
                                          'hue': {'kwargs': {'hue': [-0.05,
                                                                     0.05]},
                                                  'type': 'ColorJitter',
                                                  'weight': 1.0},
                                          'saturation': {'kwargs': {'saturation': [0.5,
                                                                                   1.5]},
                                                         'type': 'ColorJitter',
                                                         'weight': 1.0},
                                          'sharpness': {'kwargs': {'sharpness': [0.5,
                                                                                 1.5]},
                                                        'type': 'SharpnessJitter',
                                                        'weight': 1.0}}},
             'repo_id': 'lerobot/metaworld_three_tasks_our_v7',
             'return_uint8': False,
             'revision': None,
             'root': '/data/zhonglinye/jun/lerobot/personal/work2/our_v7/outputs/our_v7_online_pca_full_112x3_seed42/merged_dataset',
             'streaming': False,
             'use_imagenet_stats': True,
             'video_backend': 'torchcodec'},
 'env': {'camera_name': 'corner,gripperPOV',
         'disable_env_checker': True,
         'episode_length': 400,
         'features': {'action': {'shape': [4],
                                 'type': <FeatureType.ACTION: 'ACTION'>},
                      'observation.images.camera1': {'shape': [3, 480, 480],
                                                     'type': <FeatureType.VISUAL: 'VISUAL'>},
                      'observation.images.camera2': {'shape': [3, 480, 480],
                                                     'type': <FeatureType.VISUAL: 'VISUAL'>},
                      'observation.state': {'shape': [4],
                                            'type': <FeatureType.STATE: 'STATE'>}},
         'features_map': {'action': 'action',
                          'agent_pos': 'observation.state',
                          'observation.images.camera1': 'observation.images.camera1',
                          'observation.images.camera2': 'observation.images.camera2',
                          'observation.state': 'observation.state',
                          'pixels/top': 'observation.images.top',
                          'top': 'observation.image'},
         'fps': 80,
         'max_parallel_tasks': 1,
         'multitask_eval': True,
         'obs_type': 'pixels_agent_pos',
         'render_mode': 'rgb_array',
         'task': 'disassemble-v3',
         'type': 'metaworld',
         'use_self_mw': True},
 'env_eval_freq': 0,
 'eval': {'batch_size': 44,
          'n_episodes': 50,
          'recording': False,
          'recording_private': False,
          'recording_repo_id': None,
          'save_dataset': False,
          'use_async_envs': True},
 'eval_steps': 0,
 'half_img_resolu': False,
 'job': {'detach': False,
         'image': 'huggingface/lerobot-gpu:latest',
         'tags': [],
         'target': None,
         'timeout': '2d'},
 'job_name': 'smolvla_our_v7_online_pca_full_112x3_seed42',
 'log_freq': 200,
 'max_eval_samples': 0,
 'num_workers': 16,
 'optimizer': {'betas': [0.9, 0.95],
               'eps': 1e-08,
               'grad_clip_norm': 10.0,
               'lr': 0.0001,
               'type': 'adamw',
               'weight_decay': 1e-10},
 'output_dir': '/data/zhonglinye/jun/lerobot/personal/work2/our_v7/outputs/our_v7_online_pca_full_112x3_seed42/train',
 'peft': None,
 'persistent_workers': True,
 'policy': {'adapt_to_pi_aloha': False,
            'add_image_special_tokens': False,
            'attention_mode': 'cross_attn',
            'chunk_size': 50,
            'compile_mode': 'max-autotune',
            'compile_model': False,
            'device': 'cuda',
            'empty_cameras': 0,
            'expert_width_multiplier': 0.75,
            'freeze_vision_encoder': True,
            'input_features': {'observation.images.camera1': {'shape': [3,
                                                                        256,
                                                                        256],
                                                              'type': <FeatureType.VISUAL: 'VISUAL'>},
                               'observation.images.camera2': {'shape': [3,
                                                                        256,
                                                                        256],
                                                              'type': <FeatureType.VISUAL: 'VISUAL'>},
                               'observation.images.camera3': {'shape': [3,
                                                                        256,
                                                                        256],
                                                              'type': <FeatureType.VISUAL: 'VISUAL'>},
                               'observation.state': {'shape': [6],
                                                     'type': <FeatureType.STATE: 'STATE'>}},
            'license': None,
            'load_vlm_weights': True,
            'max_action_dim': 32,
            'max_period': 4.0,
            'max_state_dim': 32,
            'min_period': 0.004,
            'n_action_steps': 50,
            'n_obs_steps': 1,
            'normalization_mapping': {'ACTION': <NormalizationMode.MEAN_STD: 'MEAN_STD'>,
                                      'STATE': <NormalizationMode.MEAN_STD: 'MEAN_STD'>,
                                      'VISUAL': <NormalizationMode.IDENTITY: 'IDENTITY'>},
            'num_expert_layers': 0,
            'num_steps': 10,
            'num_vlm_layers': 16,
            'optimizer_betas': [0.9, 0.95],
            'optimizer_eps': 1e-08,
            'optimizer_grad_clip_norm': 10.0,
            'optimizer_lr': 0.0001,
            'optimizer_weight_decay': 1e-10,
            'output_features': {'action': {'shape': [6],
                                           'type': <FeatureType.ACTION: 'ACTION'>}},
            'pad_language_to': 'max_length',
            'prefix_length': 0,
            'pretrained_path': 'lerobot/smolvla_base',
            'pretrained_revision': None,
            'private': None,
            'push_to_hub': False,
            'repo_id': None,
            'resize_imgs_with_padding': [512, 512],
            'rtc_config': None,
            'scheduler_decay_lr': 2.5e-06,
            'scheduler_decay_steps': 30000,
            'scheduler_warmup_steps': 1000,
            'self_attn_every_n_layers': 2,
            'tags': None,
            'tokenizer_max_length': 48,
            'train_expert_only': True,
            'train_state_proj': False,
            'type': 'smolvla',
            'use_amp': False,
            'use_cache': True,
            'use_delta_joint_actions_aloha': False,
            'use_peft': False,
            'vlm_model_name': 'HuggingFaceTB/SmolVLM2-500M-Video-Instruct'},
 'prefetch_factor': 4,
 'remove_features': ['observation.environment_state'],
 'rename_map': {'observation.images.top': 'observation.images.camera1',
                'observation.images.wrist': 'observation.images.camera2'},
 'resume': False,
 'reward_model': None,
 'sample_weighting': None,
 'save_checkpoint': True,
 'save_checkpoint_to_hub': False,
 'save_freq': 2000,
 'scheduler': {'decay_lr': 2.5e-06,
               'num_decay_steps': 30000,
               'num_warmup_steps': 1000,
               'peak_lr': 0.0001,
               'type': 'cosine_decay_with_warmup'},
 'seed': 42,
 'steps': 12000,
 'tolerance_s': 0.0001,
 'use_policy_training_preset': True,
 'wandb': {'add_tags': True,
           'disable_artifact': False,
           'enable': True,
           'entity': None,
           'mode': None,
           'notes': None,
           'project': 'lerobot',
           'run_id': None}}
INFO 2026-09-16 03:53:36 db_utils.py:121 Logs will be synced with wandb.
INFO 2026-09-16 03:53:36 db_utils.py:122 Track this run --> https://wandb.ai/myfishwaken-self/lerobot/runs/pyococja
INFO 2026-09-16 03:53:36 ot_train.py:300 Creating dataset
INFO 2026-09-16 03:53:37 ot_train.py:326 Creating policy
[DEBUG factory] policy_cls: <class 'lerobot.policies.smolvla.modeling_smolvla.SmolVLAPolicy'>
[DEBUG factory] policy_cls.__init__ signature: <function SmolVLAPolicy.__init__ at 0x7048ba7ec7c0>
[DEBUG factory] kwargs keys: ['config', 'dataset_stats', 'dataset_meta', 'pretrained_name_or_path', 'revision']
Loading  HuggingFaceTB/SmolVLM2-500M-Video-Instruct weights ...
`torch_dtype` is deprecated! Use `dtype` instead!
Loading weights:   0%|          | 0/489 [00:00<?, ?it/s]Loading weights:   0%|          | 2/489 [00:00<00:32, 15.07it/s]Loading weights:   9%|▉         | 45/489 [00:00<00:02, 187.86it/s]Loading weights:  17%|█▋        | 82/489 [00:00<00:01, 250.55it/s]Loading weights:  22%|██▏       | 109/489 [00:00<00:01, 257.08it/s]Loading weights:  34%|███▎      | 164/489 [00:00<00:00, 345.86it/s]Loading weights:  48%|████▊     | 234/489 [00:00<00:00, 457.47it/s]Loading weights:  58%|█████▊    | 285/489 [00:00<00:00, 470.30it/s]Loading weights: 100%|██████████| 489/489 [00:00<00:00, 556.86it/s]
Reducing the number of VLM layers to 16 ...
INFO 2026-09-16 03:54:04 ot_train.py:410 Creating optimizer and scheduler
[Optimizer DEBUG] params type: <class 'generator'>
INFO 2026-09-16 03:54:04 hedulers.py:155 Auto-scaling LR scheduler: num_training_steps (12000) < num_decay_steps (30000). Scaling warmup: 1000 → 400, decay: 30000 → 12000 (scale factor: 0.400)
INFO 2026-09-16 03:54:04 ot_train.py:442 Output dir: /data/zhonglinye/jun/lerobot/personal/work2/our_v7/outputs/our_v7_online_pca_full_112x3_seed42/train
INFO 2026-09-16 03:54:04 ot_train.py:444 cfg.env.task='disassemble-v3'
INFO 2026-09-16 03:54:04 ot_train.py:445 Creating environment processors
INFO 2026-09-16 03:54:04 ot_train.py:449 cfg.steps=12000 (12K)
INFO 2026-09-16 03:54:04 ot_train.py:450 dataset.num_frames=27170 (27K)
INFO 2026-09-16 03:54:04 ot_train.py:451 dataset.num_episodes=336
INFO 2026-09-16 03:54:04 ot_train.py:454 Effective batch size: 64 x 1 = 64
INFO 2026-09-16 03:54:04 ot_train.py:455 num_learnable_params=99849312 (100M)
INFO 2026-09-16 03:54:04 ot_train.py:456 num_total_params=450046176 (450M)
Training:   0%|          | 0/12000 [00:00<?, ?step/s]INFO 2026-09-16 03:54:04 ot_train.py:624 Start offline training on a fixed dataset, with effective batch size: 64
Training:   0%|          | 1/12000 [00:20<69:43:13, 20.92s/step]Training:   0%|          | 2/12000 [00:22<32:43:18,  9.82s/step]Training:   0%|          | 3/12000 [00:25<21:08:18,  6.34s/step]Training:   0%|          | 4/12000 [00:26<14:30:29,  4.35s/step]Training:   0%|          | 5/12000 [00:27<10:43:12,  3.22s/step]Training:   0%|          | 6/12000 [00:28<8:24:31,  2.52s/step] Training:   0%|          | 7/12000 [00:30<6:59:46,  2.10s/step]Training:   0%|          | 8/12000 [00:31<6:00:34,  1.80s/step]Training:   0%|          | 9/12000 [00:32<5:20:35,  1.60s/step]Training:   0%|          | 10/12000 [00:33<4:52:59,  1.47s/step]Training:   0%|          | 11/12000 [00:35<4:50:36,  1.45s/step]Training:   0%|          | 12/12000 [00:36<4:33:35,  1.37s/step]Training:   0%|          | 13/12000 [00:37<4:23:34,  1.32s/step]Training:   0%|          | 14/12000 [00:38<4:14:44,  1.28s/step]Training:   0%|          | 15/12000 [00:39<4:08:19,  1.24s/step]Training:   0%|          | 16/12000 [00:40<4:03:35,  1.22s/step]Training:   0%|          | 17/12000 [00:42<4:01:45,  1.21s/step]Training:   0%|          | 18/12000 [00:43<3:59:10,  1.20s/step]Training:   0%|          | 19/12000 [00:45<5:10:00,  1.55s/step]Training:   0%|          | 20/12000 [00:47<5:02:48,  1.52s/step]Training:   0%|          | 21/12000 [00:48<5:01:01,  1.51s/step]Training:   0%|          | 22/12000 [00:50<5:01:17,  1.51s/step]Training:   0%|          | 23/12000 [00:51<5:09:46,  1.55s/step]Training:   0%|          | 24/12000 [00:53<5:06:33,  1.54s/step]Training:   0%|          | 25/12000 [00:54<5:00:04,  1.50s/step]Training:   0%|          | 26/12000 [00:56<5:01:44,  1.51s/step]Training:   0%|          | 27/12000 [00:57<4:58:20,  1.50s/step]Training:   0%|          | 28/12000 [00:59<5:04:14,  1.52s/step]Training:   0%|          | 29/12000 [01:00<5:00:45,  1.51s/step]Training:   0%|          | 30/12000 [01:02<4:54:59,  1.48s/step]Training:   0%|          | 31/12000 [01:03<5:03:25,  1.52s/step]Training:   0%|          | 32/12000 [01:05<4:58:06,  1.49s/step]Training:   0%|          | 33/12000 [01:06<5:06:53,  1.54s/step]Training:   0%|          | 34/12000 [01:08<5:01:25,  1.51s/step]Training:   0%|          | 35/12000 [01:09<4:59:12,  1.50s/step]Training:   0%|          | 36/12000 [01:11<4:58:25,  1.50s/step]Training:   0%|          | 37/12000 [01:12<4:58:05,  1.50s/step]Training:   0%|          | 38/12000 [01:14<4:51:37,  1.46s/step]Training:   0%|          | 39/12000 [01:15<4:54:27,  1.48s/step]Training:   0%|          | 40/12000 [01:17<4:50:23,  1.46s/step]Training:   0%|          | 41/12000 [01:18<5:01:43,  1.51s/step]Training:   0%|          | 42/12000 [01:20<4:58:53,  1.50s/step]Training:   0%|          | 43/12000 [01:21<4:59:39,  1.50s/step]Training:   0%|          | 44/12000 [01:23<4:58:30,  1.50s/step]Training:   0%|          | 45/12000 [01:24<4:56:26,  1.49s/step]Training:   0%|          | 46/12000 [01:26<5:05:08,  1.53s/step]Training:   0%|          | 47/12000 [01:27<5:03:17,  1.52s/step]Training:   0%|          | 48/12000 [01:29<5:07:59,  1.55s/step]Training:   0%|          | 49/12000 [01:30<5:04:40,  1.53s/step]Training:   0%|          | 50/12000 [01:32<5:02:52,  1.52s/step]Training:   0%|          | 51/12000 [01:33<5:01:41,  1.51s/step]Training:   0%|          | 52/12000 [01:35<5:02:26,  1.52s/step]Training:   0%|          | 53/12000 [01:36<5:08:52,  1.55s/step]Training:   0%|          | 54/12000 [01:38<5:04:15,  1.53s/step]Training:   0%|          | 55/12000 [01:40<5:10:16,  1.56s/step]Training:   0%|          | 56/12000 [01:41<4:58:30,  1.50s/step]Training:   0%|          | 57/12000 [01:42<4:58:48,  1.50s/step]Training:   0%|          | 58/12000 [01:44<5:08:08,  1.55s/step]Training:   0%|          | 59/12000 [01:46<5:01:16,  1.51s/step]Training:   0%|          | 60/12000 [01:47<5:02:17,  1.52s/step]Training:   1%|          | 61/12000 [01:49<5:00:44,  1.51s/step]Training:   1%|          | 62/12000 [01:50<4:57:58,  1.50s/step]Training:   1%|          | 63/12000 [01:52<5:06:02,  1.54s/step]Training:   1%|          | 64/12000 [01:53<4:59:53,  1.51s/step]Training:   1%|          | 65/12000 [01:54<4:54:12,  1.48s/step]Training:   1%|          | 66/12000 [01:56<5:09:33,  1.56s/step]Training:   1%|          | 67/12000 [01:58<5:03:56,  1.53s/step]Training:   1%|          | 68/12000 [01:59<4:57:55,  1.50s/step]Training:   1%|          | 69/12000 [02:01<5:00:24,  1.51s/step]Training:   1%|          | 70/12000 [02:02<4:55:19,  1.49s/step]Training:   1%|          | 71/12000 [02:04<5:04:00,  1.53s/step]Training:   1%|          | 72/12000 [02:05<4:57:25,  1.50s/step]Training:   1%|          | 73/12000 [02:07<4:55:46,  1.49s/step]Training:   1%|          | 74/12000 [02:08<4:58:11,  1.50s/step]Training:   1%|          | 75/12000 [02:10<4:55:33,  1.49s/step]Training:   1%|          | 76/12000 [02:11<5:02:07,  1.52s/step]Training:   1%|          | 77/12000 [02:13<5:00:39,  1.51s/step]Training:   1%|          | 78/12000 [02:14<5:11:13,  1.57s/step]Training:   1%|          | 79/12000 [02:16<5:07:27,  1.55s/step]Training:   1%|          | 80/12000 [02:17<5:10:55,  1.57s/step]Training:   1%|          | 81/12000 [02:19<5:03:11,  1.53s/step]Training:   1%|          | 82/12000 [02:20<4:57:08,  1.50s/step]Training:   1%|          | 83/12000 [02:22<5:04:26,  1.53s/step]Training:   1%|          | 84/12000 [02:23<5:00:25,  1.51s/step]Training:   1%|          | 85/12000 [02:25<4:56:14,  1.49s/step]Training:   1%|          | 86/12000 [02:27<5:05:07,  1.54s/step]Training:   1%|          | 87/12000 [02:28<5:00:55,  1.52s/step]Training:   1%|          | 88/12000 [02:30<5:04:47,  1.54s/step]Training:   1%|          | 89/12000 [02:31<5:03:01,  1.53s/step]Training:   1%|          | 90/12000 [02:33<5:03:15,  1.53s/step]Training:   1%|          | 91/12000 [02:34<5:04:45,  1.54s/step]Training:   1%|          | 92/12000 [02:36<4:59:48,  1.51s/step]Training:   1%|          | 93/12000 [02:37<5:08:52,  1.56s/step]Training:   1%|          | 94/12000 [02:39<5:03:35,  1.53s/step]Training:   1%|          | 95/12000 [02:40<5:02:48,  1.53s/step]Training:   1%|          | 96/12000 [02:42<5:00:40,  1.52s/step]Training:   1%|          | 97/12000 [02:43<5:01:29,  1.52s/step]Training:   1%|          | 98/12000 [02:45<5:09:47,  1.56s/step]Training:   1%|          | 99/12000 [02:46<5:04:05,  1.53s/step]Training:   1%|          | 100/12000 [02:48<5:08:05,  1.55s/step]Training:   1%|          | 101/12000 [02:49<5:03:34,  1.53s/step]Training:   1%|          | 102/12000 [02:51<5:01:43,  1.52s/step]Training:   1%|          | 103/12000 [02:53<5:13:01,  1.58s/step]Training:   1%|          | 104/12000 [02:54<5:07:44,  1.55s/step]Training:   1%|          | 105/12000 [02:56<5:12:06,  1.57s/step]Training:   1%|          | 106/12000 [02:57<5:06:37,  1.55s/step]Training:   1%|          | 107/12000 [02:59<5:14:16,  1.59s/step]Training:   1%|          | 108/12000 [03:00<5:07:16,  1.55s/step]Training:   1%|          | 109/12000 [03:02<5:00:32,  1.52s/step]Training:   1%|          | 110/12000 [03:04<5:09:23,  1.56s/step]Training:   1%|          | 111/12000 [03:05<5:07:59,  1.55s/step]Training:   1%|          | 112/12000 [03:07<5:10:24,  1.57s/step]Training:   1%|          | 113/12000 [03:08<5:08:34,  1.56s/step]Training:   1%|          | 114/12000 [03:10<5:05:29,  1.54s/step]Training:   1%|          | 115/12000 [03:11<5:13:25,  1.58s/step]Training:   1%|          | 116/12000 [03:13<5:07:13,  1.55s/step]Training:   1%|          | 117/12000 [03:15<5:15:48,  1.59s/step]Training:   1%|          | 118/12000 [03:16<5:12:50,  1.58s/step]Training:   1%|          | 119/12000 [03:18<5:14:26,  1.59s/step]Training:   1%|          | 120/12000 [03:19<5:10:04,  1.57s/step]Training:   1%|          | 121/12000 [03:21<5:07:01,  1.55s/step]Training:   1%|          | 122/12000 [03:22<5:04:57,  1.54s/step]Training:   1%|          | 123/12000 [03:24<5:08:21,  1.56s/step]Training:   1%|          | 124/12000 [03:26<5:13:44,  1.59s/step]Training:   1%|          | 125/12000 [03:27<5:09:35,  1.56s/step]Training:   1%|          | 126/12000 [03:29<5:12:01,  1.58s/step]Training:   1%|          | 127/12000 [03:30<5:04:54,  1.54s/step]Training:   1%|          | 128/12000 [03:32<5:00:38,  1.52s/step]Training:   1%|          | 129/12000 [03:33<5:06:27,  1.55s/step]Training:   1%|          | 130/12000 [03:35<5:03:58,  1.54s/step]Training:   1%|          | 131/12000 [03:36<5:05:53,  1.55s/step]Training:   1%|          | 132/12000 [03:38<4:59:43,  1.52s/step]Training:   1%|          | 133/12000 [03:39<4:58:44,  1.51s/step]Training:   1%|          | 134/12000 [03:41<5:02:36,  1.53s/step]Training:   1%|          | 135/12000 [03:42<5:02:32,  1.53s/step]Training:   1%|          | 136/12000 [03:44<4:58:48,  1.51s/step]Training:   1%|          | 137/12000 [03:45<4:58:41,  1.51s/step]Training:   1%|          | 138/12000 [03:47<4:59:31,  1.52s/step]Training:   1%|          | 139/12000 [03:48<5:06:39,  1.55s/step]Training:   1%|          | 140/12000 [03:50<5:03:35,  1.54s/step]Training:   1%|          | 141/12000 [03:52<5:09:48,  1.57s/step]Training:   1%|          | 142/12000 [03:53<5:05:03,  1.54s/step]Training:   1%|          | 143/12000 [03:55<5:01:16,  1.52s/step]Training:   1%|          | 144/12000 [03:56<5:00:27,  1.52s/step]Training:   1%|          | 145/12000 [03:58<4:56:55,  1.50s/step]Training:   1%|          | 146/12000 [03:59<5:05:20,  1.55s/step]Training:   1%|          | 147/12000 [04:01<5:03:02,  1.53s/step]Training:   1%|          | 148/12000 [04:02<5:12:28,  1.58s/step]Training:   1%|          | 149/12000 [04:04<5:06:58,  1.55s/step]Training:   1%|▏         | 150/12000 [04:05<5:05:37,  1.55s/step]Training:   1%|▏         | 151/12000 [04:07<5:05:49,  1.55s/step]Training:   1%|▏         | 152/12000 [04:08<5:01:25,  1.53s/step]Training:   1%|▏         | 153/12000 [04:10<5:08:28,  1.56s/step]Training:   1%|▏         | 154/12000 [04:12<5:05:31,  1.55s/step]Training:   1%|▏         | 155/12000 [04:13<5:11:04,  1.58s/step]Training:   1%|▏         | 156/12000 [04:15<5:09:58,  1.57s/step]Training:   1%|▏         | 157/12000 [04:16<5:01:21,  1.53s/step]Training:   1%|▏         | 158/12000 [04:18<4:59:45,  1.52s/step]Training:   1%|▏         | 159/12000 [04:19<4:56:19,  1.50s/step]Training:   1%|▏         | 160/12000 [04:21<5:01:30,  1.53s/step]Training:   1%|▏         | 161/12000 [04:22<4:55:47,  1.50s/step]Training:   1%|▏         | 162/12000 [04:24<4:57:50,  1.51s/step]Training:   1%|▏         | 163/12000 [04:25<4:52:54,  1.48s/step]Training:   1%|▏         | 164/12000 [04:27<4:53:25,  1.49s/step]Training:   1%|▏         | 165/12000 [04:28<5:04:04,  1.54s/step]Training:   1%|▏         | 166/12000 [04:30<4:56:43,  1.50s/step]Training:   1%|▏         | 167/12000 [04:31<5:04:33,  1.54s/step]Training:   1%|▏         | 168/12000 [04:33<4:58:56,  1.52s/step]Training:   1%|▏         | 169/12000 [04:34<4:57:17,  1.51s/step]Training:   1%|▏         | 170/12000 [04:36<5:02:49,  1.54s/step]Training:   1%|▏         | 171/12000 [04:37<4:57:25,  1.51s/step]Training:   1%|▏         | 172/12000 [04:39<4:55:43,  1.50s/step]Training:   1%|▏         | 173/12000 [04:40<4:56:43,  1.51s/step]Training:   1%|▏         | 174/12000 [04:42<4:53:16,  1.49s/step]Training:   1%|▏         | 175/12000 [04:43<5:03:00,  1.54s/step]Training:   1%|▏         | 176/12000 [04:45<5:04:00,  1.54s/step]Training:   1%|▏         | 177/12000 [04:47<5:02:01,  1.53s/step]Training:   1%|▏         | 178/12000 [04:48<5:01:05,  1.53s/step]Training:   1%|▏         | 179/12000 [04:50<5:03:19,  1.54s/step]Training:   2%|▏         | 180/12000 [04:51<5:08:51,  1.57s/step]Training:   2%|▏         | 181/12000 [04:53<5:04:45,  1.55s/step]Training:   2%|▏         | 182/12000 [04:54<5:07:47,  1.56s/step]Training:   2%|▏         | 183/12000 [04:56<5:05:09,  1.55s/step]Training:   2%|▏         | 184/12000 [04:57<5:03:14,  1.54s/step]Training:   2%|▏         | 185/12000 [04:59<5:05:04,  1.55s/step]Training:   2%|▏         | 186/12000 [05:00<5:02:28,  1.54s/step]Training:   2%|▏         | 187/12000 [05:02<5:07:24,  1.56s/step]Training:   2%|▏         | 188/12000 [05:03<4:58:59,  1.52s/step]Training:   2%|▏         | 189/12000 [05:05<4:53:24,  1.49s/step]Training:   2%|▏         | 190/12000 [05:06<4:54:15,  1.49s/step]Training:   2%|▏         | 191/12000 [05:08<4:51:35,  1.48s/step]Training:   2%|▏         | 192/12000 [05:10<5:01:30,  1.53s/step]Training:   2%|▏         | 193/12000 [05:11<5:00:32,  1.53s/step]Training:   2%|▏         | 194/12000 [05:13<4:58:57,  1.52s/step]Training:   2%|▏         | 195/12000 [05:14<5:00:01,  1.52s/step]Training:   2%|▏         | 196/12000 [05:16<5:00:07,  1.53s/step]Training:   2%|▏         | 197/12000 [05:17<5:07:04,  1.56s/step]Training:   2%|▏         | 198/12000 [05:19<5:01:11,  1.53s/step]Training:   2%|▏         | 199/12000 [05:20<5:04:34,  1.55s/step]Training:   2%|▏         | 200/12000 [05:22<5:00:56,  1.53s/step]INFO 2026-09-16 03:59:27 ot_train.py:670 step:200 smpl:13K ep:158 epch:0.47 loss:0.827 grdn:4.923 lr:2.5e-05 updt_s:1.278 data_s:0.133 smp/s:45 mem_gb:14.29 losses_after_forward:0.723 losses_after_in_ep_bound:0.580 losses_after_rm_padding:0.580
Training:   2%|▏         | 201/12000 [05:23<4:57:54,  1.51s/step]Training:   2%|▏         | 202/12000 [05:25<4:58:32,  1.52s/step]Training:   2%|▏         | 203/12000 [05:26<4:56:55,  1.51s/step]Training:   2%|▏         | 204/12000 [05:28<5:07:59,  1.57s/step]Training:   2%|▏         | 205/12000 [05:29<5:05:17,  1.55s/step]Training:   2%|▏         | 206/12000 [05:31<5:06:16,  1.56s/step]Training:   2%|▏         | 207/12000 [05:33<5:03:24,  1.54s/step]Training:   2%|▏         | 208/12000 [05:34<5:02:58,  1.54s/step]Training:   2%|▏         | 209/12000 [05:36<5:00:03,  1.53s/step]Training:   2%|▏         | 210/12000 [05:37<4:57:13,  1.51s/step]Training:   2%|▏         | 211/12000 [05:39<5:02:23,  1.54s/step]Training:   2%|▏         | 212/12000 [05:40<4:57:25,  1.51s/step]Training:   2%|▏         | 213/12000 [05:42<4:52:35,  1.49s/step]Training:   2%|▏         | 214/12000 [05:43<4:51:06,  1.48s/step]Training:   2%|▏         | 215/12000 [05:44<4:50:05,  1.48s/step]Training:   2%|▏         | 216/12000 [05:46<4:59:10,  1.52s/step]Training:   2%|▏         | 217/12000 [05:48<4:52:00,  1.49s/step]Training:   2%|▏         | 218/12000 [05:49<4:50:23,  1.48s/step]Training:   2%|▏         | 219/12000 [05:51<5:01:00,  1.53s/step]Training:   2%|▏         | 220/12000 [05:52<4:56:41,  1.51s/step]Training:   2%|▏         | 221/12000 [05:54<4:59:32,  1.53s/step]Training:   2%|▏         | 222/12000 [05:55<4:59:55,  1.53s/step]Training:   2%|▏         | 223/12000 [05:57<4:56:58,  1.51s/step]Training:   2%|▏         | 224/12000 [05:58<5:02:19,  1.54s/step]Training:   2%|▏         | 225/12000 [06:00<4:58:54,  1.52s/step]Training:   2%|▏         | 226/12000 [06:01<5:05:45,  1.56s/step]Training:   2%|▏         | 227/12000 [06:03<5:05:06,  1.55s/step]Training:   2%|▏         | 228/12000 [06:04<5:00:20,  1.53s/step]Training:   2%|▏         | 229/12000 [06:06<4:58:34,  1.52s/step]Training:   2%|▏         | 230/12000 [06:07<4:59:11,  1.53s/step]Training:   2%|▏         | 231/12000 [06:09<5:04:33,  1.55s/step]Training:   2%|▏         | 232/12000 [06:11<4:59:28,  1.53s/step]Training:   2%|▏         | 233/12000 [06:12<5:03:33,  1.55s/step]Training:   2%|▏         | 234/12000 [06:14<4:56:43,  1.51s/step]Training:   2%|▏         | 235/12000 [06:15<4:53:33,  1.50s/step]Training:   2%|▏         | 236/12000 [06:17<5:01:03,  1.54s/step]Training:   2%|▏         | 237/12000 [06:18<4:58:21,  1.52s/step]Training:   2%|▏         | 238/12000 [06:20<4:52:45,  1.49s/step]Training:   2%|▏         | 239/12000 [06:21<4:55:21,  1.51s/step]Training:   2%|▏         | 240/12000 [06:23<4:50:59,  1.48s/step]Training:   2%|▏         | 241/12000 [06:24<4:58:23,  1.52s/step]Training:   2%|▏         | 242/12000 [06:26<4:59:05,  1.53s/step]Training:   2%|▏         | 243/12000 [06:27<4:56:30,  1.51s/step]Training:   2%|▏         | 244/12000 [06:29<4:55:11,  1.51s/step]Training:   2%|▏         | 245/12000 [06:30<4:54:56,  1.51s/step]Training:   2%|▏         | 246/12000 [06:32<5:01:12,  1.54s/step]Training:   2%|▏         | 247/12000 [06:33<4:56:18,  1.51s/step]Training:   2%|▏         | 248/12000 [06:35<4:59:53,  1.53s/step]Training:   2%|▏         | 249/12000 [06:36<4:54:51,  1.51s/step]Training:   2%|▏         | 250/12000 [06:38<4:51:48,  1.49s/step]Training:   2%|▏         | 251/12000 [06:39<5:00:32,  1.53s/step]Training:   2%|▏         | 252/12000 [06:41<4:56:52,  1.52s/step]Training:   2%|▏         | 253/12000 [06:42<5:02:20,  1.54s/step]Training:   2%|▏         | 254/12000 [06:44<4:58:19,  1.52s/step]Training:   2%|▏         | 255/12000 [06:45<4:54:40,  1.51s/step]Training:   2%|▏         | 256/12000 [06:47<5:01:29,  1.54s/step]Training:   2%|▏         | 257/12000 [06:48<4:58:22,  1.52s/step]Training:   2%|▏         | 258/12000 [06:50<5:05:43,  1.56s/step]Training:   2%|▏         | 259/12000 [06:52<5:01:05,  1.54s/step]Training:   2%|▏         | 260/12000 [06:53<4:55:34,  1.51s/step]Training:   2%|▏         | 261/12000 [06:55<4:59:52,  1.53s/step]Training:   2%|▏         | 262/12000 [06:56<4:56:59,  1.52s/step]Training:   2%|▏         | 263/12000 [06:58<4:52:45,  1.50s/step]Training:   2%|▏         | 264/12000 [06:59<5:00:15,  1.54s/step]Training:   2%|▏         | 265/12000 [07:01<4:57:09,  1.52s/step]Training:   2%|▏         | 266/12000 [07:02<5:03:18,  1.55s/step]Training:   2%|▏         | 267/12000 [07:04<4:58:25,  1.53s/step]Training:   2%|▏         | 268/12000 [07:05<4:54:29,  1.51s/step]Training:   2%|▏         | 269/12000 [07:07<4:56:08,  1.51s/step]Training:   2%|▏         | 270/12000 [07:08<4:50:24,  1.49s/step]Training:   2%|▏         | 271/12000 [07:10<4:59:43,  1.53s/step]Training:   2%|▏         | 272/12000 [07:11<4:53:59,  1.50s/step]Training:   2%|▏         | 273/12000 [07:13<4:51:29,  1.49s/step]Training:   2%|▏         | 274/12000 [07:14<4:57:19,  1.52s/step]Training:   2%|▏         | 275/12000 [07:16<4:50:57,  1.49s/step]Training:   2%|▏         | 276/12000 [07:17<4:48:09,  1.47s/step]Training:   2%|▏         | 277/12000 [07:19<4:54:01,  1.50s/step]Training:   2%|▏         | 278/12000 [07:20<4:56:15,  1.52s/step]Training:   2%|▏         | 279/12000 [07:22<4:54:20,  1.51s/step]Training:   2%|▏         | 280/12000 [07:23<4:55:05,  1.51s/step]Training:   2%|▏         | 281/12000 [07:25<5:01:13,  1.54s/step]Training:   2%|▏         | 282/12000 [07:26<4:56:17,  1.52s/step]Training:   2%|▏         | 283/12000 [07:28<5:01:17,  1.54s/step]Training:   2%|▏         | 284/12000 [07:29<4:59:35,  1.53s/step]Training:   2%|▏         | 285/12000 [07:31<4:50:48,  1.49s/step]Training:   2%|▏         | 286/12000 [07:32<4:58:45,  1.53s/step]Training:   2%|▏         | 287/12000 [07:34<4:54:42,  1.51s/step]Training:   2%|▏         | 288/12000 [07:36<4:56:58,  1.52s/step]Training:   2%|▏         | 289/12000 [07:37<4:57:38,  1.52s/step]Training:   2%|▏         | 290/12000 [07:39<4:55:16,  1.51s/step]Training:   2%|▏         | 291/12000 [07:40<5:03:41,  1.56s/step]Training:   2%|▏         | 292/12000 [07:42<4:57:29,  1.52s/step]Training:   2%|▏         | 293/12000 [07:43<5:02:28,  1.55s/step]Training:   2%|▏         | 294/12000 [07:45<4:57:52,  1.53s/step]Training:   2%|▏         | 295/12000 [07:46<4:55:29,  1.51s/step]Training:   2%|▏         | 296/12000 [07:48<4:55:17,  1.51s/step]Training:   2%|▏         | 297/12000 [07:49<4:54:56,  1.51s/step]Training:   2%|▏         | 298/12000 [07:51<5:01:17,  1.54s/step]Training:   2%|▏         | 299/12000 [07:52<4:57:21,  1.52s/step]Training:   2%|▎         | 300/12000 [07:54<4:55:45,  1.52s/step]Training:   3%|▎         | 301/12000 [07:55<4:54:58,  1.51s/step]Training:   3%|▎         | 302/12000 [07:57<4:52:51,  1.50s/step]Training:   3%|▎         | 303/12000 [07:58<4:59:34,  1.54s/step]Training:   3%|▎         | 304/12000 [08:00<4:54:47,  1.51s/step]Training:   3%|▎         | 305/12000 [08:01<4:51:49,  1.50s/step]Training:   3%|▎         | 306/12000 [08:03<4:50:20,  1.49s/step]Training:   3%|▎         | 307/12000 [08:04<4:46:39,  1.47s/step]Training:   3%|▎         | 308/12000 [08:06<4:52:14,  1.50s/step]Training:   3%|▎         | 309/12000 [08:07<4:56:45,  1.52s/step]Training:   3%|▎         | 310/12000 [08:09<4:50:55,  1.49s/step]Training:   3%|▎         | 311/12000 [08:10<4:56:46,  1.52s/step]Training:   3%|▎         | 312/12000 [08:12<4:51:47,  1.50s/step]Training:   3%|▎         | 313/12000 [08:13<4:45:24,  1.47s/step]Training:   3%|▎         | 314/12000 [08:15<4:52:56,  1.50s/step]Training:   3%|▎         | 315/12000 [08:16<4:53:57,  1.51s/step]Training:   3%|▎         | 316/12000 [08:18<5:00:02,  1.54s/step]Training:   3%|▎         | 317/12000 [08:19<4:54:13,  1.51s/step]Training:   3%|▎         | 318/12000 [08:21<4:52:50,  1.50s/step]Training:   3%|▎         | 319/12000 [08:22<4:54:54,  1.51s/step]Training:   3%|▎         | 320/12000 [08:24<4:52:46,  1.50s/step]Training:   3%|▎         | 321/12000 [08:25<4:58:23,  1.53s/step]Training:   3%|▎         | 322/12000 [08:27<4:54:10,  1.51s/step]Training:   3%|▎         | 323/12000 [08:28<4:50:13,  1.49s/step]Training:   3%|▎         | 324/12000 [08:30<4:53:26,  1.51s/step]Training:   3%|▎         | 325/12000 [08:31<4:55:02,  1.52s/step]Training:   3%|▎         | 326/12000 [08:33<5:02:09,  1.55s/step]Training:   3%|▎         | 327/12000 [08:35<4:57:37,  1.53s/step]Training:   3%|▎         | 328/12000 [08:36<4:57:38,  1.53s/step]Training:   3%|▎         | 329/12000 [08:38<4:57:58,  1.53s/step]Training:   3%|▎         | 330/12000 [08:39<4:54:16,  1.51s/step]Training:   3%|▎         | 331/12000 [08:41<4:59:51,  1.54s/step]Training:   3%|▎         | 332/12000 [08:42<4:57:05,  1.53s/step]Training:   3%|▎         | 333/12000 [08:44<4:56:45,  1.53s/step]Training:   3%|▎         | 334/12000 [08:45<4:55:20,  1.52s/step]Training:   3%|▎         | 335/12000 [08:47<4:51:33,  1.50s/step]Training:   3%|▎         | 336/12000 [08:48<4:56:01,  1.52s/step]Training:   3%|▎         | 337/12000 [08:50<4:50:42,  1.50s/step]Training:   3%|▎         | 338/12000 [08:51<4:55:55,  1.52s/step]Training:   3%|▎         | 339/12000 [08:53<4:53:51,  1.51s/step]Training:   3%|▎         | 340/12000 [08:54<5:02:21,  1.56s/step]Training:   3%|▎         | 341/12000 [08:56<4:53:37,  1.51s/step]Training:   3%|▎         | 342/12000 [08:57<4:50:51,  1.50s/step]Training:   3%|▎         | 343/12000 [08:59<4:59:25,  1.54s/step]Training:   3%|▎         | 344/12000 [09:00<4:52:44,  1.51s/step]Training:   3%|▎         | 345/12000 [09:02<4:47:09,  1.48s/step]Training:   3%|▎         | 346/12000 [09:03<4:55:45,  1.52s/step]Training:   3%|▎         | 347/12000 [09:05<4:50:25,  1.50s/step]Training:   3%|▎         | 348/12000 [09:07<4:59:22,  1.54s/step]Training:   3%|▎         | 349/12000 [09:08<5:03:49,  1.56s/step]Training:   3%|▎         | 350/12000 [09:10<4:57:19,  1.53s/step]Training:   3%|▎         | 351/12000 [09:11<4:49:42,  1.49s/step]Training:   3%|▎         | 352/12000 [09:12<4:49:39,  1.49s/step]Training:   3%|▎         | 353/12000 [09:14<4:48:57,  1.49s/step]Training:   3%|▎         | 354/12000 [09:16<4:52:54,  1.51s/step]Training:   3%|▎         | 355/12000 [09:17<4:48:20,  1.49s/step]Training:   3%|▎         | 356/12000 [09:18<4:45:53,  1.47s/step]Training:   3%|▎         | 357/12000 [09:20<4:53:01,  1.51s/step]Training:   3%|▎         | 358/12000 [09:21<4:48:22,  1.49s/step]Training:   3%|▎         | 359/12000 [09:23<4:57:06,  1.53s/step]Training:   3%|▎         | 360/12000 [09:25<4:51:58,  1.50s/step]Training:   3%|▎         | 361/12000 [09:26<4:57:18,  1.53s/step]Training:   3%|▎         | 362/12000 [09:28<4:53:23,  1.51s/step]Training:   3%|▎         | 363/12000 [09:29<4:50:40,  1.50s/step]Training:   3%|▎         | 364/12000 [09:31<4:49:04,  1.49s/step]Training:   3%|▎         | 365/12000 [09:32<4:46:09,  1.48s/step]Training:   3%|▎         | 366/12000 [09:33<4:49:30,  1.49s/step]Training:   3%|▎         | 367/12000 [09:35<4:45:15,  1.47s/step]Training:   3%|▎         | 368/12000 [09:36<4:43:02,  1.46s/step]Training:   3%|▎         | 369/12000 [09:38<4:50:43,  1.50s/step]Training:   3%|▎         | 370/12000 [09:39<4:46:11,  1.48s/step]Training:   3%|▎         | 371/12000 [09:41<4:46:31,  1.48s/step]Training:   3%|▎         | 372/12000 [09:42<4:51:55,  1.51s/step]Training:   3%|▎         | 373/12000 [09:44<4:47:15,  1.48s/step]Training:   3%|▎         | 374/12000 [09:45<4:51:33,  1.50s/step]Training:   3%|▎         | 375/12000 [09:47<4:46:52,  1.48s/step]Training:   3%|▎         | 376/12000 [09:48<4:44:40,  1.47s/step]Training:   3%|▎         | 377/12000 [09:50<4:54:05,  1.52s/step]Training:   3%|▎         | 378/12000 [09:51<4:48:35,  1.49s/step]Training:   3%|▎         | 379/12000 [09:53<4:44:22,  1.47s/step]Training:   3%|▎         | 380/12000 [09:54<4:48:46,  1.49s/step]Training:   3%|▎         | 381/12000 [09:56<4:45:59,  1.48s/step]Training:   3%|▎         | 382/12000 [09:57<4:52:51,  1.51s/step]Training:   3%|▎         | 383/12000 [09:59<4:52:04,  1.51s/step]Training:   3%|▎         | 384/12000 [10:00<4:46:47,  1.48s/step]Training:   3%|▎         | 385/12000 [10:02<4:48:59,  1.49s/step]Training:   3%|▎         | 386/12000 [10:03<4:45:15,  1.47s/step]Training:   3%|▎         | 387/12000 [10:05<4:51:29,  1.51s/step]Training:   3%|▎         | 388/12000 [10:06<4:45:27,  1.47s/step]Training:   3%|▎         | 389/12000 [10:08<4:42:34,  1.46s/step]Training:   3%|▎         | 390/12000 [10:09<4:47:37,  1.49s/step]Training:   3%|▎         | 391/12000 [10:11<4:42:59,  1.46s/step]Training:   3%|▎         | 392/12000 [10:12<4:40:34,  1.45s/step]Training:   3%|▎         | 393/12000 [10:14<4:49:53,  1.50s/step]Training:   3%|▎         | 394/12000 [10:15<4:45:38,  1.48s/step]Training:   3%|▎         | 395/12000 [10:17<4:47:54,  1.49s/step]Training:   3%|▎         | 396/12000 [10:18<4:47:06,  1.48s/step]Training:   3%|▎         | 397/12000 [10:19<4:46:07,  1.48s/step]Training:   3%|▎         | 398/12000 [10:21<4:52:54,  1.51s/step]Training:   3%|▎         | 399/12000 [10:22<4:46:52,  1.48s/step]Training:   3%|▎         | 400/12000 [10:24<4:43:30,  1.47s/step]INFO 2026-09-16 04:04:29 ot_train.py:670 step:400 smpl:26K ep:317 epch:0.94 loss:0.316 grdn:2.599 lr:7.5e-05 updt_s:1.266 data_s:0.050 smp/s:49 mem_gb:14.29 losses_after_forward:0.269 losses_after_in_ep_bound:0.220 losses_after_rm_padding:0.220
Training:   3%|▎         | 401/12000 [10:25<4:51:11,  1.51s/step]Training:   3%|▎         | 402/12000 [10:27<4:44:00,  1.47s/step]Training:   3%|▎         | 403/12000 [10:28<4:40:32,  1.45s/step]Training:   3%|▎         | 404/12000 [10:30<4:41:10,  1.45s/step]Training:   3%|▎         | 405/12000 [10:31<4:39:25,  1.45s/step]Training:   3%|▎         | 406/12000 [10:33<4:41:44,  1.46s/step]Training:   3%|▎         | 407/12000 [10:34<4:43:35,  1.47s/step]Training:   3%|▎         | 408/12000 [10:36<4:43:46,  1.47s/step]Training:   3%|▎         | 409/12000 [10:37<4:53:10,  1.52s/step]Training:   3%|▎         | 410/12000 [10:39<4:48:29,  1.49s/step]Training:   3%|▎         | 411/12000 [10:40<4:49:45,  1.50s/step]Training:   3%|▎         | 412/12000 [10:42<4:48:59,  1.50s/step]Training:   3%|▎         | 413/12000 [10:43<4:48:35,  1.49s/step]Training:   3%|▎         | 414/12000 [10:45<4:54:34,  1.53s/step]Training:   3%|▎         | 415/12000 [10:46<4:50:37,  1.51s/step]Training:   3%|▎         | 416/12000 [10:48<4:55:23,  1.53s/step]Training:   3%|▎         | 417/12000 [10:49<4:49:48,  1.50s/step]Training:   3%|▎         | 418/12000 [10:51<4:46:29,  1.48s/step]Training:   3%|▎         | 419/12000 [10:52<4:53:10,  1.52s/step]Training:   4%|▎         | 420/12000 [10:54<4:48:48,  1.50s/step]Training:   4%|▎         | 421/12000 [10:55<4:44:19,  1.47s/step]Training:   4%|▎         | 422/12000 [10:57<4:45:49,  1.48s/step]Training:   4%|▎         | 423/12000 [10:58<4:44:22,  1.47s/step]Training:   4%|▎         | 424/12000 [11:00<4:51:19,  1.51s/step]Training:   4%|▎         | 425/12000 [11:01<4:24:40,  1.37s/step]Training:   4%|▎         | 426/12000 [11:05<6:49:24,  2.12s/step]Training:   4%|▎         | 427/12000 [11:06<6:23:23,  1.99s/step]Training:   4%|▎         | 428/12000 [11:08<6:02:43,  1.88s/step]Training:   4%|▎         | 429/12000 [11:09<5:41:01,  1.77s/step]Training:   4%|▎         | 430/12000 [11:11<5:32:34,  1.72s/step]Training:   4%|▎         | 431/12000 [11:13<5:21:18,  1.67s/step]Training:   4%|▎         | 432/12000 [11:14<5:08:47,  1.60s/step]Training:   4%|▎         | 433/12000 [11:16<5:01:41,  1.56s/step]Training:   4%|▎         | 434/12000 [11:17<5:01:57,  1.57s/step]Training:   4%|▎         | 435/12000 [11:19<5:05:34,  1.59s/step]Training:   4%|▎         | 436/12000 [11:20<4:57:58,  1.55s/step]Training:   4%|▎         | 437/12000 [11:22<4:57:56,  1.55s/step]Training:   4%|▎         | 438/12000 [11:23<4:52:34,  1.52s/step]Training:   4%|▎         | 439/12000 [11:25<4:49:13,  1.50s/step]Training:   4%|▎         | 440/12000 [11:26<4:55:25,  1.53s/step]Training:   4%|▎         | 441/12000 [11:28<4:52:25,  1.52s/step]Training:   4%|▎         | 442/12000 [11:29<4:48:46,  1.50s/step]Training:   4%|▎         | 443/12000 [11:31<4:55:21,  1.53s/step]Training:   4%|▎         | 444/12000 [11:32<4:50:36,  1.51s/step]Training:   4%|▎         | 445/12000 [11:34<4:48:15,  1.50s/step]Training:   4%|▎         | 446/12000 [11:35<4:49:09,  1.50s/step]Training:   4%|▎         | 447/12000 [11:37<4:47:58,  1.50s/step]Training:   4%|▎         | 448/12000 [11:38<4:56:04,  1.54s/step]Training:   4%|▎         | 449/12000 [11:40<4:51:49,  1.52s/step]Training:   4%|▍         | 450/12000 [11:41<4:54:00,  1.53s/step]Training:   4%|▍         | 451/12000 [11:43<4:51:16,  1.51s/step]Training:   4%|▍         | 452/12000 [11:44<4:47:37,  1.49s/step]Training:   4%|▍         | 453/12000 [11:46<4:50:50,  1.51s/step]Training:   4%|▍         | 454/12000 [11:47<4:45:43,  1.48s/step]Training:   4%|▍         | 455/12000 [11:49<4:48:29,  1.50s/step]Training:   4%|▍         | 456/12000 [11:50<4:32:00,  1.41s/step]Training:   4%|▍         | 457/12000 [11:51<4:20:17,  1.35s/step]Training:   4%|▍         | 458/12000 [11:52<4:09:16,  1.30s/step]Training:   4%|▍         | 459/12000 [11:54<4:01:48,  1.26s/step]Training:   4%|▍         | 460/12000 [11:55<3:57:09,  1.23s/step]Training:   4%|▍         | 461/12000 [11:56<3:52:53,  1.21s/step]Training:   4%|▍         | 462/12000 [11:57<3:50:08,  1.20s/step]Training:   4%|▍         | 463/12000 [11:58<3:48:25,  1.19s/step]Training:   4%|▍         | 464/12000 [11:59<3:48:00,  1.19s/step]Training:   4%|▍         | 465/12000 [12:01<3:46:31,  1.18s/step]Training:   4%|▍         | 466/12000 [12:02<3:45:28,  1.17s/step]Training:   4%|▍         | 467/12000 [12:03<3:44:41,  1.17s/step]Training:   4%|▍         | 468/12000 [12:04<3:44:09,  1.17s/step]Training:   4%|▍         | 469/12000 [12:05<3:44:36,  1.17s/step]Training:   4%|▍         | 470/12000 [12:06<3:44:01,  1.17s/step]Training:   4%|▍         | 471/12000 [12:08<3:43:44,  1.16s/step]Training:   4%|▍         | 472/12000 [12:09<3:43:20,  1.16s/step]Training:   4%|▍         | 473/12000 [12:10<3:43:13,  1.16s/step]Training:   4%|▍         | 474/12000 [12:11<3:43:06,  1.16s/step]Training:   4%|▍         | 475/12000 [12:12<3:44:19,  1.17s/step]Training:   4%|▍         | 476/12000 [12:13<3:46:08,  1.18s/step]Training:   4%|▍         | 477/12000 [12:15<3:47:18,  1.18s/step]Training:   4%|▍         | 478/12000 [12:16<3:47:03,  1.18s/step]Training:   4%|▍         | 479/12000 [12:17<3:46:11,  1.18s/step]Training:   4%|▍         | 480/12000 [12:18<3:45:01,  1.17s/step]Training:   4%|▍         | 481/12000 [12:19<3:44:16,  1.17s/step]Training:   4%|▍         | 482/12000 [12:20<3:43:47,  1.17s/step]Training:   4%|▍         | 483/12000 [12:22<3:43:27,  1.16s/step]Training:   4%|▍         | 484/12000 [12:23<3:43:11,  1.16s/step]Training:   4%|▍         | 485/12000 [12:24<3:43:00,  1.16s/step]Training:   4%|▍         | 486/12000 [12:25<3:42:45,  1.16s/step]Training:   4%|▍         | 487/12000 [12:26<3:42:41,  1.16s/step]Training:   4%|▍         | 488/12000 [12:27<3:42:33,  1.16s/step]Training:   4%|▍         | 489/12000 [12:29<3:42:44,  1.16s/step]Training:   4%|▍         | 490/12000 [12:30<3:44:39,  1.17s/step]Training:   4%|▍         | 491/12000 [12:31<3:45:51,  1.18s/step]Training:   4%|▍         | 492/12000 [12:32<3:46:16,  1.18s/step]Training:   4%|▍         | 493/12000 [12:33<3:45:54,  1.18s/step]Training:   4%|▍         | 494/12000 [12:34<3:44:58,  1.17s/step]Training:   4%|▍         | 495/12000 [12:36<3:46:24,  1.18s/step]Training:   4%|▍         | 496/12000 [12:37<3:46:49,  1.18s/step]Training:   4%|▍         | 497/12000 [12:38<3:48:09,  1.19s/step]Training:   4%|▍         | 498/12000 [12:39<3:46:25,  1.18s/step]Training:   4%|▍         | 499/12000 [12:40<3:45:24,  1.18s/step]Training:   4%|▍         | 500/12000 [12:42<3:44:28,  1.17s/step]Training:   4%|▍         | 501/12000 [12:43<3:43:49,  1.17s/step]Training:   4%|▍         | 502/12000 [12:44<3:43:17,  1.17s/step]Training:   4%|▍         | 503/12000 [12:45<3:43:07,  1.16s/step]Training:   4%|▍         | 504/12000 [12:46<3:42:48,  1.16s/step]Training:   4%|▍         | 505/12000 [12:47<3:42:50,  1.16s/step]Training:   4%|▍         | 506/12000 [12:49<3:42:30,  1.16s/step]Training:   4%|▍         | 507/12000 [12:50<3:42:17,  1.16s/step]Training:   4%|▍         | 508/12000 [12:51<3:42:22,  1.16s/step]Training:   4%|▍         | 509/12000 [12:52<3:42:18,  1.16s/step]Training:   4%|▍         | 510/12000 [12:53<3:42:12,  1.16s/step]Training:   4%|▍         | 511/12000 [12:54<3:42:08,  1.16s/step]Training:   4%|▍         | 512/12000 [12:55<3:43:15,  1.17s/step]Training:   4%|▍         | 513/12000 [12:57<3:43:10,  1.17s/step]Training:   4%|▍         | 514/12000 [12:58<3:42:43,  1.16s/step]Training:   4%|▍         | 515/12000 [12:59<3:42:25,  1.16s/step]Training:   4%|▍         | 516/12000 [13:00<3:42:27,  1.16s/step]Training:   4%|▍         | 517/12000 [13:01<3:44:13,  1.17s/step]Training:   4%|▍         | 518/12000 [13:03<3:45:03,  1.18s/step]Training:   4%|▍         | 519/12000 [13:04<3:46:26,  1.18s/step]Training:   4%|▍         | 520/12000 [13:05<3:45:19,  1.18s/step]Training:   4%|▍         | 521/12000 [13:06<3:44:16,  1.17s/step]Training:   4%|▍         | 522/12000 [13:07<3:44:13,  1.17s/step]Training:   4%|▍         | 523/12000 [13:08<3:43:33,  1.17s/step]Training:   4%|▍         | 524/12000 [13:10<3:42:58,  1.17s/step]Training:   4%|▍         | 525/12000 [13:11<3:42:50,  1.17s/step]Training:   4%|▍         | 526/12000 [13:12<3:43:15,  1.17s/step]Training:   4%|▍         | 527/12000 [13:13<3:43:36,  1.17s/step]Training:   4%|▍         | 528/12000 [13:14<3:43:18,  1.17s/step]Training:   4%|▍         | 529/12000 [13:15<3:43:14,  1.17s/step]Training:   4%|▍         | 530/12000 [13:17<3:42:42,  1.16s/step]Training:   4%|▍         | 531/12000 [13:18<3:42:23,  1.16s/step]Training:   4%|▍         | 532/12000 [13:19<3:42:00,  1.16s/step]Training:   4%|▍         | 533/12000 [13:20<3:41:48,  1.16s/step]Training:   4%|▍         | 534/12000 [13:21<3:41:39,  1.16s/step]Training:   4%|▍         | 535/12000 [13:22<3:41:30,  1.16s/step]Training:   4%|▍         | 536/12000 [13:23<3:41:31,  1.16s/step]Training:   4%|▍         | 537/12000 [13:25<3:41:30,  1.16s/step]Training:   4%|▍         | 538/12000 [13:26<3:41:33,  1.16s/step]Training:   4%|▍         | 539/12000 [13:27<3:42:55,  1.17s/step]Training:   4%|▍         | 540/12000 [13:28<3:43:52,  1.17s/step]Training:   5%|▍         | 541/12000 [13:29<3:44:59,  1.18s/step]Training:   5%|▍         | 542/12000 [13:31<3:44:50,  1.18s/step]Training:   5%|▍         | 543/12000 [13:32<3:45:12,  1.18s/step]Training:   5%|▍         | 544/12000 [13:33<3:44:56,  1.18s/step]Training:   5%|▍         | 545/12000 [13:34<3:45:43,  1.18s/step]Training:   5%|▍         | 546/12000 [13:35<3:45:48,  1.18s/step]Training:   5%|▍         | 547/12000 [13:36<3:44:38,  1.18s/step]Training:   5%|▍         | 548/12000 [13:38<3:44:35,  1.18s/step]Training:   5%|▍         | 549/12000 [13:39<3:43:38,  1.17s/step]Training:   5%|▍         | 550/12000 [13:40<3:42:56,  1.17s/step]Training:   5%|▍         | 551/12000 [13:41<3:42:26,  1.17s/step]Training:   5%|▍         | 552/12000 [13:42<3:42:01,  1.16s/step]Training:   5%|▍         | 553/12000 [13:43<3:41:48,  1.16s/step]Training:   5%|▍         | 554/12000 [13:45<3:41:33,  1.16s/step]Training:   5%|▍         | 555/12000 [13:46<3:42:09,  1.16s/step]Training:   5%|▍         | 556/12000 [13:47<3:41:46,  1.16s/step]Training:   5%|▍         | 557/12000 [13:48<3:41:44,  1.16s/step]Training:   5%|▍         | 558/12000 [13:49<3:41:57,  1.16s/step]Training:   5%|▍         | 559/12000 [13:50<3:42:29,  1.17s/step]Training:   5%|▍         | 560/12000 [13:52<3:42:54,  1.17s/step]Training:   5%|▍         | 561/12000 [13:53<3:44:05,  1.18s/step]Training:   5%|▍         | 562/12000 [13:54<3:45:13,  1.18s/step]Training:   5%|▍         | 563/12000 [13:55<3:44:36,  1.18s/step]Training:   5%|▍         | 564/12000 [13:56<3:44:11,  1.18s/step]Training:   5%|▍         | 565/12000 [13:57<3:43:14,  1.17s/step]Training:   5%|▍         | 566/12000 [13:59<3:42:40,  1.17s/step]Training:   5%|▍         | 567/12000 [14:00<3:43:56,  1.18s/step]Training:   5%|▍         | 568/12000 [14:01<3:43:11,  1.17s/step]Training:   5%|▍         | 569/12000 [14:02<3:42:28,  1.17s/step]Training:   5%|▍         | 570/12000 [14:03<3:42:45,  1.17s/step]Training:   5%|▍         | 571/12000 [14:04<3:42:26,  1.17s/step]Training:   5%|▍         | 572/12000 [14:06<3:42:58,  1.17s/step]Training:   5%|▍         | 573/12000 [14:07<3:42:20,  1.17s/step]Training:   5%|▍         | 574/12000 [14:08<3:42:22,  1.17s/step]Training:   5%|▍         | 575/12000 [14:09<3:42:05,  1.17s/step]Training:   5%|▍         | 576/12000 [14:10<3:41:43,  1.16s/step]Training:   5%|▍         | 577/12000 [14:11<3:42:18,  1.17s/step]Training:   5%|▍         | 578/12000 [14:13<3:41:48,  1.17s/step]Training:   5%|▍         | 579/12000 [14:14<3:41:35,  1.16s/step]Training:   5%|▍         | 580/12000 [14:15<3:41:17,  1.16s/step]Training:   5%|▍         | 581/12000 [14:16<3:41:08,  1.16s/step]Training:   5%|▍         | 582/12000 [14:17<3:41:08,  1.16s/step]Training:   5%|▍         | 583/12000 [14:18<3:42:27,  1.17s/step]Training:   5%|▍         | 584/12000 [14:20<3:42:51,  1.17s/step]Training:   5%|▍         | 585/12000 [14:21<3:44:15,  1.18s/step]Training:   5%|▍         | 586/12000 [14:22<3:43:31,  1.18s/step]Training:   5%|▍         | 587/12000 [14:23<3:43:15,  1.17s/step]Training:   5%|▍         | 588/12000 [14:24<3:43:22,  1.17s/step]Training:   5%|▍         | 589/12000 [14:26<3:42:40,  1.17s/step]Training:   5%|▍         | 590/12000 [14:27<3:42:01,  1.17s/step]Training:   5%|▍         | 591/12000 [14:28<3:41:51,  1.17s/step]Training:   5%|▍         | 592/12000 [14:29<3:42:13,  1.17s/step]Training:   5%|▍         | 593/12000 [14:30<3:42:12,  1.17s/step]Training:   5%|▍         | 594/12000 [14:31<3:41:51,  1.17s/step]Training:   5%|▍         | 595/12000 [14:33<3:42:36,  1.17s/step]Training:   5%|▍         | 596/12000 [14:34<3:42:03,  1.17s/step]Training:   5%|▍         | 597/12000 [14:35<3:44:47,  1.18s/step]Training:   5%|▍         | 598/12000 [14:36<3:44:10,  1.18s/step]Training:   5%|▍         | 599/12000 [14:37<3:43:58,  1.18s/step]Training:   5%|▌         | 600/12000 [14:38<3:45:08,  1.18s/step]INFO 2026-09-16 04:08:43 ot_train.py:670 step:600 smpl:38K ep:475 epch:1.41 loss:0.255 grdn:2.262 lr:1.0e-04 updt_s:1.046 data_s:0.054 smp/s:58 mem_gb:14.26 losses_after_forward:0.215 losses_after_in_ep_bound:0.178 losses_after_rm_padding:0.178
Training:   5%|▌         | 601/12000 [14:40<3:44:34,  1.18s/step]Training:   5%|▌         | 602/12000 [14:41<3:45:26,  1.19s/step]Training:   5%|▌         | 603/12000 [14:42<3:45:03,  1.18s/step]Training:   5%|▌         | 604/12000 [14:43<3:43:51,  1.18s/step]Training:   5%|▌         | 605/12000 [14:44<3:42:51,  1.17s/step]Training:   5%|▌         | 606/12000 [14:45<3:41:56,  1.17s/step]Training:   5%|▌         | 607/12000 [14:47<3:41:35,  1.17s/step]Training:   5%|▌         | 608/12000 [14:48<3:41:41,  1.17s/step]Training:   5%|▌         | 609/12000 [14:49<3:41:14,  1.17s/step]Training:   5%|▌         | 610/12000 [14:50<3:40:56,  1.16s/step]Training:   5%|▌         | 611/12000 [14:51<3:40:43,  1.16s/step]Training:   5%|▌         | 612/12000 [14:52<3:40:28,  1.16s/step]Training:   5%|▌         | 613/12000 [14:54<3:40:30,  1.16s/step]Training:   5%|▌         | 614/12000 [14:55<3:40:38,  1.16s/step]Training:   5%|▌         | 615/12000 [14:56<3:40:32,  1.16s/step]Training:   5%|▌         | 616/12000 [14:57<3:40:18,  1.16s/step]Training:   5%|▌         | 617/12000 [14:58<3:40:15,  1.16s/step]Training:   5%|▌         | 618/12000 [14:59<3:40:03,  1.16s/step]Training:   5%|▌         | 619/12000 [15:01<3:41:17,  1.17s/step]Training:   5%|▌         | 620/12000 [15:02<3:41:30,  1.17s/step]Training:   5%|▌         | 621/12000 [15:03<3:41:42,  1.17s/step]Training:   5%|▌         | 622/12000 [15:04<3:41:08,  1.17s/step]Training:   5%|▌         | 623/12000 [15:05<3:40:57,  1.17s/step]Training:   5%|▌         | 624/12000 [15:06<3:41:18,  1.17s/step]Training:   5%|▌         | 625/12000 [15:08<3:42:05,  1.17s/step]Training:   5%|▌         | 626/12000 [15:09<3:43:11,  1.18s/step]Training:   5%|▌         | 627/12000 [15:10<3:42:57,  1.18s/step]Training:   5%|▌         | 628/12000 [15:11<3:41:54,  1.17s/step]Training:   5%|▌         | 629/12000 [15:12<3:41:17,  1.17s/step]Training:   5%|▌         | 630/12000 [15:13<3:41:32,  1.17s/step]Training:   5%|▌         | 631/12000 [15:15<3:41:01,  1.17s/step]Training:   5%|▌         | 632/12000 [15:16<3:40:46,  1.17s/step]Training:   5%|▌         | 633/12000 [15:17<3:40:22,  1.16s/step]Training:   5%|▌         | 634/12000 [15:18<3:40:49,  1.17s/step]Training:   5%|▌         | 635/12000 [15:19<3:41:37,  1.17s/step]Training:   5%|▌         | 636/12000 [15:20<3:41:10,  1.17s/step]Training:   5%|▌         | 637/12000 [15:22<3:40:39,  1.17s/step]Training:   5%|▌         | 638/12000 [15:23<3:41:31,  1.17s/step]Training:   5%|▌         | 639/12000 [15:24<3:40:55,  1.17s/step]Training:   5%|▌         | 640/12000 [15:25<3:40:30,  1.16s/step]Training:   5%|▌         | 641/12000 [15:26<3:40:30,  1.16s/step]Training:   5%|▌         | 642/12000 [15:27<3:40:12,  1.16s/step]Training:   5%|▌         | 643/12000 [15:29<3:40:36,  1.17s/step]Training:   5%|▌         | 644/12000 [15:30<3:40:19,  1.16s/step]Training:   5%|▌         | 645/12000 [15:31<3:40:11,  1.16s/step]Training:   5%|▌         | 646/12000 [15:32<3:40:19,  1.16s/step]Training:   5%|▌         | 647/12000 [15:33<3:41:17,  1.17s/step]Training:   5%|▌         | 648/12000 [15:34<3:42:13,  1.17s/step]Training:   5%|▌         | 649/12000 [15:36<3:41:52,  1.17s/step]Training:   5%|▌         | 650/12000 [15:37<3:41:31,  1.17s/step]Training:   5%|▌         | 651/12000 [15:38<3:41:27,  1.17s/step]Training:   5%|▌         | 652/12000 [15:39<3:41:35,  1.17s/step]Training:   5%|▌         | 653/12000 [15:40<3:42:02,  1.17s/step]Training:   5%|▌         | 654/12000 [15:42<3:43:53,  1.18s/step]Training:   5%|▌         | 655/12000 [15:43<3:46:04,  1.20s/step]Training:   5%|▌         | 656/12000 [15:44<3:45:38,  1.19s/step]Training:   5%|▌         | 657/12000 [15:45<3:46:21,  1.20s/step]Training:   5%|▌         | 658/12000 [15:46<3:45:07,  1.19s/step]Training:   5%|▌         | 659/12000 [15:48<3:44:15,  1.19s/step]Training:   6%|▌         | 660/12000 [15:49<3:42:59,  1.18s/step]Training:   6%|▌         | 661/12000 [15:50<3:42:05,  1.18s/step]Training:   6%|▌         | 662/12000 [15:51<3:41:49,  1.17s/step]Training:   6%|▌         | 663/12000 [15:52<3:42:57,  1.18s/step]Training:   6%|▌         | 664/12000 [15:53<3:43:29,  1.18s/step]Training:   6%|▌         | 665/12000 [15:55<3:43:28,  1.18s/step]Training:   6%|▌         | 666/12000 [15:56<3:44:13,  1.19s/step]Training:   6%|▌         | 667/12000 [15:57<3:42:36,  1.18s/step]Training:   6%|▌         | 668/12000 [15:58<3:42:04,  1.18s/step]Training:   6%|▌         | 669/12000 [15:59<3:40:59,  1.17s/step]Training:   6%|▌         | 670/12000 [16:00<3:40:13,  1.17s/step]Training:   6%|▌         | 671/12000 [16:02<3:39:46,  1.16s/step]Training:   6%|▌         | 672/12000 [16:03<3:40:29,  1.17s/step]Training:   6%|▌         | 673/12000 [16:04<3:39:57,  1.17s/step]Training:   6%|▌         | 674/12000 [16:05<3:39:46,  1.16s/step]Training:   6%|▌         | 675/12000 [16:06<3:40:09,  1.17s/step]Training:   6%|▌         | 676/12000 [16:07<3:39:38,  1.16s/step]Training:   6%|▌         | 677/12000 [16:09<3:40:19,  1.17s/step]Training:   6%|▌         | 678/12000 [16:10<3:39:52,  1.17s/step]Training:   6%|▌         | 679/12000 [16:11<3:39:26,  1.16s/step]Training:   6%|▌         | 680/12000 [16:12<3:39:14,  1.16s/step]Training:   6%|▌         | 681/12000 [16:13<3:39:06,  1.16s/step]Training:   6%|▌         | 682/12000 [16:14<3:40:37,  1.17s/step]Training:   6%|▌         | 683/12000 [16:16<3:42:05,  1.18s/step]Training:   6%|▌         | 684/12000 [16:17<3:41:51,  1.18s/step]Training:   6%|▌         | 685/12000 [16:18<3:43:34,  1.19s/step]Training:   6%|▌         | 686/12000 [16:19<3:46:09,  1.20s/step]Training:   6%|▌         | 687/12000 [16:20<3:49:33,  1.22s/step]Training:   6%|▌         | 688/12000 [16:22<3:46:55,  1.20s/step]Training:   6%|▌         | 689/12000 [16:23<3:44:24,  1.19s/step]Training:   6%|▌         | 690/12000 [16:24<3:44:58,  1.19s/step]Training:   6%|▌         | 691/12000 [16:25<3:44:16,  1.19s/step]Training:   6%|▌         | 692/12000 [16:26<3:44:01,  1.19s/step]Training:   6%|▌         | 693/12000 [16:28<3:59:46,  1.27s/step]Training:   6%|▌         | 694/12000 [16:29<3:55:10,  1.25s/step]Training:   6%|▌         | 695/12000 [16:30<3:53:49,  1.24s/step]Training:   6%|▌         | 696/12000 [16:31<3:49:25,  1.22s/step]Training:   6%|▌         | 697/12000 [16:33<3:46:12,  1.20s/step]Training:   6%|▌         | 698/12000 [16:34<3:43:50,  1.19s/step]Training:   6%|▌         | 699/12000 [16:35<3:42:18,  1.18s/step]Training:   6%|▌         | 700/12000 [16:36<3:42:19,  1.18s/step]Training:   6%|▌         | 701/12000 [16:38<4:46:13,  1.52s/step]Training:   6%|▌         | 702/12000 [16:40<4:37:20,  1.47s/step]Training:   6%|▌         | 703/12000 [16:41<4:37:09,  1.47s/step]Training:   6%|▌         | 704/12000 [16:43<4:37:19,  1.47s/step]Training:   6%|▌         | 705/12000 [16:44<4:45:08,  1.51s/step]Training:   6%|▌         | 706/12000 [16:46<4:39:32,  1.49s/step]Training:   6%|▌         | 707/12000 [16:47<4:36:40,  1.47s/step]Training:   6%|▌         | 708/12000 [16:49<4:43:43,  1.51s/step]Training:   6%|▌         | 709/12000 [16:50<4:40:21,  1.49s/step]Training:   6%|▌         | 710/12000 [16:52<4:40:56,  1.49s/step]Training:   6%|▌         | 711/12000 [16:53<4:41:31,  1.50s/step]Training:   6%|▌         | 712/12000 [16:55<4:42:06,  1.50s/step]Training:   6%|▌         | 713/12000 [16:56<4:47:37,  1.53s/step]Training:   6%|▌         | 714/12000 [16:58<4:42:54,  1.50s/step]Training:   6%|▌         | 715/12000 [16:59<4:42:59,  1.50s/step]Training:   6%|▌         | 716/12000 [17:01<4:42:24,  1.50s/step]Training:   6%|▌         | 717/12000 [17:02<4:41:16,  1.50s/step]Training:   6%|▌         | 718/12000 [17:04<4:47:03,  1.53s/step]Training:   6%|▌         | 719/12000 [17:05<4:43:47,  1.51s/step]Training:   6%|▌         | 720/12000 [17:07<4:43:09,  1.51s/step]Training:   6%|▌         | 721/12000 [17:08<4:40:56,  1.49s/step]Training:   6%|▌         | 722/12000 [17:10<4:38:43,  1.48s/step]Training:   6%|▌         | 723/12000 [17:11<4:47:11,  1.53s/step]Training:   6%|▌         | 724/12000 [17:13<4:44:02,  1.51s/step]Training:   6%|▌         | 725/12000 [17:14<4:44:11,  1.51s/step]Training:   6%|▌         | 726/12000 [17:16<4:42:15,  1.50s/step]Training:   6%|▌         | 727/12000 [17:17<4:41:12,  1.50s/step]Training:   6%|▌         | 728/12000 [17:19<4:45:39,  1.52s/step]Training:   6%|▌         | 729/12000 [17:20<4:40:59,  1.50s/step]Training:   6%|▌         | 730/12000 [17:22<4:38:04,  1.48s/step]Training:   6%|▌         | 731/12000 [17:23<4:40:23,  1.49s/step]Training:   6%|▌         | 732/12000 [17:25<4:37:09,  1.48s/step]Training:   6%|▌         | 733/12000 [17:26<4:46:05,  1.52s/step]Training:   6%|▌         | 734/12000 [17:28<4:41:13,  1.50s/step]Training:   6%|▌         | 735/12000 [17:29<4:38:41,  1.48s/step]Training:   6%|▌         | 736/12000 [17:31<4:47:19,  1.53s/step]Training:   6%|▌         | 737/12000 [17:32<4:44:03,  1.51s/step]Training:   6%|▌         | 738/12000 [17:34<4:46:59,  1.53s/step]Training:   6%|▌         | 739/12000 [17:35<4:43:03,  1.51s/step]Training:   6%|▌         | 740/12000 [17:37<4:41:48,  1.50s/step]Training:   6%|▌         | 741/12000 [17:38<4:47:12,  1.53s/step]Training:   6%|▌         | 742/12000 [17:40<4:43:39,  1.51s/step]Training:   6%|▌         | 743/12000 [17:42<4:50:20,  1.55s/step]Training:   6%|▌         | 744/12000 [17:43<4:45:06,  1.52s/step]Training:   6%|▌         | 745/12000 [17:44<4:40:57,  1.50s/step]Training:   6%|▌         | 746/12000 [17:46<4:46:19,  1.53s/step]Training:   6%|▌         | 747/12000 [17:48<4:43:05,  1.51s/step]Training:   6%|▌         | 748/12000 [17:49<4:50:21,  1.55s/step]Training:   6%|▌         | 749/12000 [17:51<4:43:23,  1.51s/step]Training:   6%|▋         | 750/12000 [17:52<4:41:58,  1.50s/step]Training:   6%|▋         | 751/12000 [17:54<4:47:21,  1.53s/step]Training:   6%|▋         | 752/12000 [17:55<4:43:45,  1.51s/step]Training:   6%|▋         | 753/12000 [17:57<4:43:39,  1.51s/step]Training:   6%|▋         | 754/12000 [17:58<4:43:04,  1.51s/step]Training:   6%|▋         | 755/12000 [18:00<4:42:28,  1.51s/step]Training:   6%|▋         | 756/12000 [18:01<4:48:10,  1.54s/step]Training:   6%|▋         | 757/12000 [18:03<4:43:31,  1.51s/step]Training:   6%|▋         | 758/12000 [18:04<4:45:31,  1.52s/step]Training:   6%|▋         | 759/12000 [18:06<4:45:04,  1.52s/step]Training:   6%|▋         | 760/12000 [18:07<4:43:12,  1.51s/step]Training:   6%|▋         | 761/12000 [18:09<4:48:21,  1.54s/step]Training:   6%|▋         | 762/12000 [18:10<4:47:23,  1.53s/step]Training:   6%|▋         | 763/12000 [18:12<4:53:27,  1.57s/step]Training:   6%|▋         | 764/12000 [18:14<4:47:47,  1.54s/step]Training:   6%|▋         | 765/12000 [18:15<4:45:01,  1.52s/step]Training:   6%|▋         | 766/12000 [18:17<4:50:12,  1.55s/step]Training:   6%|▋         | 767/12000 [18:18<4:46:50,  1.53s/step]Training:   6%|▋         | 768/12000 [18:20<4:52:29,  1.56s/step]Training:   6%|▋         | 769/12000 [18:21<4:45:58,  1.53s/step]Training:   6%|▋         | 770/12000 [18:23<4:43:22,  1.51s/step]Training:   6%|▋         | 771/12000 [18:24<4:47:47,  1.54s/step]Training:   6%|▋         | 772/12000 [18:26<4:41:52,  1.51s/step]Training:   6%|▋         | 773/12000 [18:27<4:43:15,  1.51s/step]Training:   6%|▋         | 774/12000 [18:29<4:40:38,  1.50s/step]Training:   6%|▋         | 775/12000 [18:30<4:37:13,  1.48s/step]Training:   6%|▋         | 776/12000 [18:32<4:47:27,  1.54s/step]Training:   6%|▋         | 777/12000 [18:33<4:42:19,  1.51s/step]Training:   6%|▋         | 778/12000 [18:35<4:40:18,  1.50s/step]Training:   6%|▋         | 779/12000 [18:36<4:48:06,  1.54s/step]Training:   6%|▋         | 780/12000 [18:38<4:44:23,  1.52s/step]Training:   7%|▋         | 781/12000 [18:39<4:48:18,  1.54s/step]Training:   7%|▋         | 782/12000 [18:41<4:47:19,  1.54s/step]Training:   7%|▋         | 783/12000 [18:42<4:41:30,  1.51s/step]Training:   7%|▋         | 784/12000 [18:44<4:40:13,  1.50s/step]Training:   7%|▋         | 785/12000 [18:45<4:40:51,  1.50s/step]Training:   7%|▋         | 786/12000 [18:47<4:45:32,  1.53s/step]Training:   7%|▋         | 787/12000 [18:48<4:41:20,  1.51s/step]Training:   7%|▋         | 788/12000 [18:50<4:40:27,  1.50s/step]Training:   7%|▋         | 789/12000 [18:51<4:39:05,  1.49s/step]Training:   7%|▋         | 790/12000 [18:53<4:35:55,  1.48s/step]Training:   7%|▋         | 791/12000 [18:54<4:44:20,  1.52s/step]Training:   7%|▋         | 792/12000 [18:56<4:39:34,  1.50s/step]Training:   7%|▋         | 793/12000 [18:57<4:35:46,  1.48s/step]Training:   7%|▋         | 794/12000 [18:59<4:37:21,  1.49s/step]Training:   7%|▋         | 795/12000 [19:00<4:34:02,  1.47s/step]Training:   7%|▋         | 796/12000 [19:02<4:41:30,  1.51s/step]Training:   7%|▋         | 797/12000 [19:03<4:39:13,  1.50s/step]Training:   7%|▋         | 798/12000 [19:05<4:34:28,  1.47s/step]Training:   7%|▋         | 799/12000 [19:06<4:40:55,  1.50s/step]Training:   7%|▋         | 800/12000 [19:08<4:38:47,  1.49s/step]INFO 2026-09-16 04:13:13 ot_train.py:670 step:800 smpl:51K ep:633 epch:1.88 loss:0.225 grdn:1.987 lr:9.9e-05 updt_s:1.118 data_s:0.045 smp/s:55 mem_gb:14.29 losses_after_forward:0.187 losses_after_in_ep_bound:0.157 losses_after_rm_padding:0.157
Training:   7%|▋         | 801/12000 [19:09<4:40:28,  1.50s/step]Training:   7%|▋         | 802/12000 [19:11<4:37:33,  1.49s/step]Training:   7%|▋         | 803/12000 [19:12<4:36:50,  1.48s/step]Training:   7%|▋         | 804/12000 [19:14<4:42:40,  1.51s/step]Training:   7%|▋         | 805/12000 [19:15<4:38:41,  1.49s/step]Training:   7%|▋         | 806/12000 [19:17<4:34:37,  1.47s/step]Training:   7%|▋         | 807/12000 [19:18<4:36:33,  1.48s/step]Training:   7%|▋         | 808/12000 [19:20<4:33:33,  1.47s/step]Training:   7%|▋         | 809/12000 [19:21<4:40:29,  1.50s/step]Training:   7%|▋         | 810/12000 [19:23<4:36:56,  1.48s/step]Training:   7%|▋         | 811/12000 [19:24<4:34:54,  1.47s/step]Training:   7%|▋         | 812/12000 [19:26<4:41:58,  1.51s/step]Training:   7%|▋         | 813/12000 [19:27<4:37:47,  1.49s/step]Training:   7%|▋         | 814/12000 [19:29<4:41:51,  1.51s/step]Training:   7%|▋         | 815/12000 [19:30<4:37:34,  1.49s/step]Training:   7%|▋         | 816/12000 [19:32<4:37:20,  1.49s/step]Training:   7%|▋         | 817/12000 [19:33<4:42:45,  1.52s/step]Training:   7%|▋         | 818/12000 [19:35<4:38:26,  1.49s/step]Training:   7%|▋         | 819/12000 [19:36<4:41:10,  1.51s/step]Training:   7%|▋         | 820/12000 [19:38<4:37:50,  1.49s/step]Training:   7%|▋         | 821/12000 [19:39<4:33:58,  1.47s/step]Training:   7%|▋         | 822/12000 [19:41<4:42:38,  1.52s/step]Training:   7%|▋         | 823/12000 [19:42<4:38:14,  1.49s/step]Training:   7%|▋         | 824/12000 [19:44<4:34:17,  1.47s/step]Training:   7%|▋         | 825/12000 [19:45<4:35:21,  1.48s/step]Training:   7%|▋         | 826/12000 [19:47<4:32:41,  1.46s/step]Training:   7%|▋         | 827/12000 [19:48<4:41:49,  1.51s/step]Training:   7%|▋         | 828/12000 [19:50<4:38:45,  1.50s/step]Training:   7%|▋         | 829/12000 [19:51<4:35:07,  1.48s/step]Training:   7%|▋         | 830/12000 [19:53<4:42:47,  1.52s/step]Training:   7%|▋         | 831/12000 [19:54<4:39:21,  1.50s/step]Training:   7%|▋         | 832/12000 [19:56<4:44:19,  1.53s/step]Training:   7%|▋         | 833/12000 [19:57<4:36:59,  1.49s/step]Training:   7%|▋         | 834/12000 [19:59<4:33:42,  1.47s/step]Training:   7%|▋         | 835/12000 [20:00<4:40:52,  1.51s/step]Training:   7%|▋         | 836/12000 [20:02<4:38:37,  1.50s/step]Training:   7%|▋         | 837/12000 [20:03<4:39:51,  1.50s/step]Training:   7%|▋         | 838/12000 [20:05<4:38:46,  1.50s/step]Training:   7%|▋         | 839/12000 [20:06<4:37:21,  1.49s/step]Training:   7%|▋         | 840/12000 [20:08<4:45:28,  1.53s/step]Training:   7%|▋         | 841/12000 [20:09<4:40:21,  1.51s/step]Training:   7%|▋         | 842/12000 [20:11<4:39:24,  1.50s/step]Training:   7%|▋         | 843/12000 [20:12<4:39:00,  1.50s/step]Training:   7%|▋         | 844/12000 [20:14<4:36:50,  1.49s/step]Training:   7%|▋         | 845/12000 [20:15<4:44:03,  1.53s/step]Training:   7%|▋         | 846/12000 [20:17<4:44:01,  1.53s/step]Training:   7%|▋         | 847/12000 [20:18<4:43:38,  1.53s/step]Training:   7%|▋         | 848/12000 [20:20<4:40:13,  1.51s/step]Training:   7%|▋         | 849/12000 [20:21<4:37:05,  1.49s/step]Training:   7%|▋         | 850/12000 [20:22<4:06:31,  1.33s/step]Training:   7%|▋         | 851/12000 [20:26<6:24:51,  2.07s/step]Training:   7%|▋         | 852/12000 [20:28<5:58:09,  1.93s/step]Training:   7%|▋         | 853/12000 [20:29<5:32:41,  1.79s/step]Training:   7%|▋         | 854/12000 [20:31<5:22:31,  1.74s/step]Training:   7%|▋         | 855/12000 [20:32<5:08:22,  1.66s/step]Training:   7%|▋         | 856/12000 [20:34<4:59:56,  1.61s/step]Training:   7%|▋         | 857/12000 [20:35<4:51:18,  1.57s/step]Training:   7%|▋         | 858/12000 [20:36<4:44:14,  1.53s/step]Training:   7%|▋         | 859/12000 [20:38<4:51:27,  1.57s/step]Training:   7%|▋         | 860/12000 [20:40<4:44:44,  1.53s/step]Training:   7%|▋         | 861/12000 [20:41<4:41:55,  1.52s/step]Training:   7%|▋         | 862/12000 [20:43<4:39:16,  1.50s/step]Training:   7%|▋         | 863/12000 [20:44<4:37:19,  1.49s/step]Training:   7%|▋         | 864/12000 [20:46<4:46:57,  1.55s/step]Training:   7%|▋         | 865/12000 [20:47<4:41:43,  1.52s/step]Training:   7%|▋         | 866/12000 [20:49<4:38:33,  1.50s/step]Training:   7%|▋         | 867/12000 [20:50<4:43:55,  1.53s/step]Training:   7%|▋         | 868/12000 [20:52<4:38:10,  1.50s/step]Training:   7%|▋         | 869/12000 [20:53<4:44:59,  1.54s/step]Training:   7%|▋         | 870/12000 [20:55<4:39:53,  1.51s/step]Training:   7%|▋         | 871/12000 [20:56<4:38:54,  1.50s/step]Training:   7%|▋         | 872/12000 [20:58<4:43:37,  1.53s/step]Training:   7%|▋         | 873/12000 [20:59<4:39:47,  1.51s/step]Training:   7%|▋         | 874/12000 [21:01<4:46:07,  1.54s/step]Training:   7%|▋         | 875/12000 [21:02<4:40:09,  1.51s/step]Training:   7%|▋         | 876/12000 [21:04<4:38:09,  1.50s/step]Training:   7%|▋         | 877/12000 [21:05<4:44:03,  1.53s/step]Training:   7%|▋         | 878/12000 [21:07<4:38:11,  1.50s/step]Training:   7%|▋         | 879/12000 [21:08<4:33:02,  1.47s/step]Training:   7%|▋         | 880/12000 [21:10<4:43:30,  1.53s/step]Training:   7%|▋         | 881/12000 [21:11<4:37:29,  1.50s/step]Training:   7%|▋         | 882/12000 [21:13<4:33:08,  1.47s/step]Training:   7%|▋         | 883/12000 [21:14<4:30:52,  1.46s/step]Training:   7%|▋         | 884/12000 [21:16<4:29:35,  1.46s/step]Training:   7%|▋         | 885/12000 [21:17<4:36:30,  1.49s/step]Training:   7%|▋         | 886/12000 [21:19<4:32:45,  1.47s/step]Training:   7%|▋         | 887/12000 [21:20<4:33:22,  1.48s/step]Training:   7%|▋         | 888/12000 [21:22<4:40:28,  1.51s/step]Training:   7%|▋         | 889/12000 [21:23<4:39:54,  1.51s/step]Training:   7%|▋         | 890/12000 [21:25<4:36:53,  1.50s/step]Training:   7%|▋         | 891/12000 [21:26<4:42:46,  1.53s/step]Training:   7%|▋         | 892/12000 [21:28<4:40:05,  1.51s/step]Training:   7%|▋         | 893/12000 [21:29<4:42:40,  1.53s/step]Training:   7%|▋         | 894/12000 [21:31<4:37:01,  1.50s/step]Training:   7%|▋         | 895/12000 [21:32<4:32:12,  1.47s/step]Training:   7%|▋         | 896/12000 [21:34<4:41:56,  1.52s/step]Training:   7%|▋         | 897/12000 [21:35<4:35:32,  1.49s/step]Training:   7%|▋         | 898/12000 [21:37<4:31:38,  1.47s/step]Training:   7%|▋         | 899/12000 [21:38<4:40:19,  1.52s/step]Training:   8%|▊         | 900/12000 [21:40<4:33:44,  1.48s/step]Training:   8%|▊         | 901/12000 [21:41<4:31:34,  1.47s/step]Training:   8%|▊         | 902/12000 [21:43<4:38:39,  1.51s/step]Training:   8%|▊         | 903/12000 [21:44<4:35:55,  1.49s/step]Training:   8%|▊         | 904/12000 [21:46<4:35:11,  1.49s/step]Training:   8%|▊         | 905/12000 [21:47<4:33:21,  1.48s/step]Training:   8%|▊         | 906/12000 [21:49<4:31:08,  1.47s/step]Training:   8%|▊         | 907/12000 [21:50<4:39:05,  1.51s/step]Training:   8%|▊         | 908/12000 [21:52<4:37:37,  1.50s/step]Training:   8%|▊         | 909/12000 [21:53<4:32:16,  1.47s/step]Training:   8%|▊         | 910/12000 [21:55<4:39:19,  1.51s/step]Training:   8%|▊         | 911/12000 [21:56<4:37:07,  1.50s/step]Training:   8%|▊         | 912/12000 [21:58<4:34:40,  1.49s/step]Training:   8%|▊         | 913/12000 [21:59<4:34:40,  1.49s/step]Training:   8%|▊         | 914/12000 [22:00<4:31:27,  1.47s/step]Training:   8%|▊         | 915/12000 [22:02<4:39:48,  1.51s/step]Training:   8%|▊         | 916/12000 [22:04<4:38:16,  1.51s/step]Training:   8%|▊         | 917/12000 [22:05<4:35:05,  1.49s/step]Training:   8%|▊         | 918/12000 [22:07<4:42:36,  1.53s/step]Training:   8%|▊         | 919/12000 [22:08<4:38:35,  1.51s/step]Training:   8%|▊         | 920/12000 [22:10<4:44:35,  1.54s/step]Training:   8%|▊         | 921/12000 [22:11<4:39:46,  1.52s/step]Training:   8%|▊         | 922/12000 [22:13<4:37:21,  1.50s/step]Training:   8%|▊         | 923/12000 [22:14<4:44:55,  1.54s/step]Training:   8%|▊         | 924/12000 [22:16<4:37:53,  1.51s/step]Training:   8%|▊         | 925/12000 [22:17<4:36:20,  1.50s/step]Training:   8%|▊         | 926/12000 [22:19<4:34:50,  1.49s/step]Training:   8%|▊         | 927/12000 [22:20<4:33:41,  1.48s/step]Training:   8%|▊         | 928/12000 [22:22<4:43:32,  1.54s/step]Training:   8%|▊         | 929/12000 [22:23<4:38:46,  1.51s/step]Training:   8%|▊         | 930/12000 [22:25<4:35:05,  1.49s/step]Training:   8%|▊         | 931/12000 [22:26<4:42:49,  1.53s/step]Training:   8%|▊         | 932/12000 [22:28<4:37:30,  1.50s/step]Training:   8%|▊         | 933/12000 [22:29<4:40:49,  1.52s/step]Training:   8%|▊         | 934/12000 [22:31<4:38:14,  1.51s/step]Training:   8%|▊         | 935/12000 [22:32<4:36:33,  1.50s/step]Training:   8%|▊         | 936/12000 [22:34<4:41:36,  1.53s/step]Training:   8%|▊         | 937/12000 [22:35<4:39:59,  1.52s/step]Training:   8%|▊         | 938/12000 [22:37<4:36:03,  1.50s/step]Training:   8%|▊         | 939/12000 [22:38<4:41:15,  1.53s/step]Training:   8%|▊         | 940/12000 [22:40<4:40:23,  1.52s/step]Training:   8%|▊         | 941/12000 [22:41<4:41:02,  1.52s/step]Training:   8%|▊         | 942/12000 [22:43<4:40:13,  1.52s/step]Training:   8%|▊         | 943/12000 [22:44<4:35:04,  1.49s/step]Training:   8%|▊         | 944/12000 [22:46<4:41:35,  1.53s/step]Training:   8%|▊         | 945/12000 [22:47<4:38:52,  1.51s/step]Training:   8%|▊         | 946/12000 [22:49<4:36:58,  1.50s/step]Training:   8%|▊         | 947/12000 [22:50<4:36:45,  1.50s/step]Training:   8%|▊         | 948/12000 [22:52<4:34:39,  1.49s/step]Training:   8%|▊         | 949/12000 [22:54<4:41:21,  1.53s/step]Training:   8%|▊         | 950/12000 [22:55<4:39:35,  1.52s/step]Training:   8%|▊         | 951/12000 [22:57<4:41:44,  1.53s/step]Training:   8%|▊         | 952/12000 [22:58<4:38:14,  1.51s/step]Training:   8%|▊         | 953/12000 [22:59<4:34:05,  1.49s/step]Training:   8%|▊         | 954/12000 [23:01<4:43:03,  1.54s/step]Training:   8%|▊         | 955/12000 [23:03<4:38:24,  1.51s/step]Training:   8%|▊         | 956/12000 [23:04<4:37:57,  1.51s/step]Training:   8%|▊         | 957/12000 [23:06<4:38:32,  1.51s/step]Training:   8%|▊         | 958/12000 [23:07<4:35:34,  1.50s/step]Training:   8%|▊         | 959/12000 [23:09<4:42:23,  1.53s/step]Training:   8%|▊         | 960/12000 [23:10<4:41:48,  1.53s/step]Training:   8%|▊         | 961/12000 [23:12<4:37:51,  1.51s/step]Training:   8%|▊         | 962/12000 [23:13<4:37:55,  1.51s/step]Training:   8%|▊         | 963/12000 [23:15<4:37:36,  1.51s/step]Training:   8%|▊         | 964/12000 [23:16<4:43:06,  1.54s/step]Training:   8%|▊         | 965/12000 [23:18<4:38:54,  1.52s/step]Training:   8%|▊         | 966/12000 [23:19<4:38:38,  1.52s/step]Training:   8%|▊         | 967/12000 [23:21<4:44:42,  1.55s/step]Training:   8%|▊         | 968/12000 [23:22<4:39:54,  1.52s/step]Training:   8%|▊         | 969/12000 [23:24<4:44:06,  1.55s/step]Training:   8%|▊         | 970/12000 [23:25<4:38:14,  1.51s/step]Training:   8%|▊         | 971/12000 [23:27<4:36:36,  1.50s/step]Training:   8%|▊         | 972/12000 [23:29<4:43:40,  1.54s/step]Training:   8%|▊         | 973/12000 [23:30<4:38:18,  1.51s/step]Training:   8%|▊         | 974/12000 [23:32<4:41:57,  1.53s/step]Training:   8%|▊         | 975/12000 [23:33<4:38:37,  1.52s/step]Training:   8%|▊         | 976/12000 [23:34<4:35:10,  1.50s/step]Training:   8%|▊         | 977/12000 [23:36<4:41:53,  1.53s/step]Training:   8%|▊         | 978/12000 [23:38<4:37:41,  1.51s/step]Training:   8%|▊         | 979/12000 [23:39<4:33:52,  1.49s/step]Training:   8%|▊         | 980/12000 [23:41<4:36:30,  1.51s/step]Training:   8%|▊         | 981/12000 [23:42<4:32:30,  1.48s/step]Training:   8%|▊         | 982/12000 [23:44<4:39:12,  1.52s/step]Training:   8%|▊         | 983/12000 [23:45<4:34:13,  1.49s/step]Training:   8%|▊         | 984/12000 [23:46<4:31:13,  1.48s/step]Training:   8%|▊         | 985/12000 [23:48<4:39:06,  1.52s/step]Training:   8%|▊         | 986/12000 [23:50<4:37:59,  1.51s/step]Training:   8%|▊         | 987/12000 [23:51<4:35:57,  1.50s/step]Training:   8%|▊         | 988/12000 [23:53<4:39:32,  1.52s/step]Training:   8%|▊         | 989/12000 [23:54<4:38:30,  1.52s/step]Training:   8%|▊         | 990/12000 [23:56<4:35:18,  1.50s/step]Training:   8%|▊         | 991/12000 [23:57<4:37:49,  1.51s/step]Training:   8%|▊         | 992/12000 [23:59<4:34:18,  1.50s/step]Training:   8%|▊         | 993/12000 [24:00<4:41:47,  1.54s/step]Training:   8%|▊         | 994/12000 [24:02<4:36:10,  1.51s/step]Training:   8%|▊         | 995/12000 [24:03<4:33:19,  1.49s/step]Training:   8%|▊         | 996/12000 [24:05<4:36:53,  1.51s/step]Training:   8%|▊         | 997/12000 [24:06<4:34:24,  1.50s/step]Training:   8%|▊         | 998/12000 [24:08<4:43:17,  1.54s/step]Training:   8%|▊         | 999/12000 [24:09<4:41:19,  1.53s/step]Training:   8%|▊         | 1000/12000 [24:11<4:37:00,  1.51s/step]INFO 2026-09-16 04:18:16 ot_train.py:670 step:1K smpl:64K ep:791 epch:2.36 loss:0.202 grdn:1.870 lr:9.9e-05 updt_s:1.263 data_s:0.059 smp/s:48 mem_gb:14.26 losses_after_forward:0.169 losses_after_in_ep_bound:0.141 losses_after_rm_padding:0.141
Training:   8%|▊         | 1001/12000 [24:12<4:35:27,  1.50s/step]Training:   8%|▊         | 1002/12000 [24:14<4:36:35,  1.51s/step]Training:   8%|▊         | 1003/12000 [24:15<4:45:46,  1.56s/step]Training:   8%|▊         | 1004/12000 [24:17<4:41:18,  1.53s/step]Training:   8%|▊         | 1005/12000 [24:19<4:47:08,  1.57s/step]Training:   8%|▊         | 1006/12000 [24:20<4:40:51,  1.53s/step]Training:   8%|▊         | 1007/12000 [24:21<4:34:58,  1.50s/step]Training:   8%|▊         | 1008/12000 [24:23<4:41:27,  1.54s/step]Training:   8%|▊         | 1009/12000 [24:24<4:37:37,  1.52s/step]Training:   8%|▊         | 1010/12000 [24:26<4:33:41,  1.49s/step]Training:   8%|▊         | 1011/12000 [24:28<4:41:58,  1.54s/step]Training:   8%|▊         | 1012/12000 [24:29<4:38:07,  1.52s/step]Training:   8%|▊         | 1013/12000 [24:31<4:41:41,  1.54s/step]Training:   8%|▊         | 1014/12000 [24:32<4:36:42,  1.51s/step]Training:   8%|▊         | 1015/12000 [24:34<4:34:47,  1.50s/step]Training:   8%|▊         | 1016/12000 [24:35<4:43:14,  1.55s/step]Training:   8%|▊         | 1017/12000 [24:37<4:39:46,  1.53s/step]Training:   8%|▊         | 1018/12000 [24:38<4:42:17,  1.54s/step]Training:   8%|▊         | 1019/12000 [24:40<4:39:21,  1.53s/step]Training:   8%|▊         | 1020/12000 [24:41<4:37:51,  1.52s/step]Training:   9%|▊         | 1021/12000 [24:43<4:45:15,  1.56s/step]Training:   9%|▊         | 1022/12000 [24:44<4:38:50,  1.52s/step]Training:   9%|▊         | 1023/12000 [24:46<4:40:59,  1.54s/step]Training:   9%|▊         | 1024/12000 [24:47<4:37:56,  1.52s/step]Training:   9%|▊         | 1025/12000 [24:49<4:34:28,  1.50s/step]Training:   9%|▊         | 1026/12000 [24:51<4:42:08,  1.54s/step]Training:   9%|▊         | 1027/12000 [24:52<4:38:21,  1.52s/step]Training:   9%|▊         | 1028/12000 [24:53<4:32:02,  1.49s/step]Training:   9%|▊         | 1029/12000 [24:55<4:32:04,  1.49s/step]Training:   9%|▊         | 1030/12000 [24:56<4:30:35,  1.48s/step]Training:   9%|▊         | 1031/12000 [24:58<4:39:45,  1.53s/step]Training:   9%|▊         | 1032/12000 [24:59<4:34:18,  1.50s/step]Training:   9%|▊         | 1033/12000 [25:01<4:31:35,  1.49s/step]Training:   9%|▊         | 1034/12000 [25:03<4:40:45,  1.54s/step]Training:   9%|▊         | 1035/12000 [25:04<4:36:49,  1.51s/step]Training:   9%|▊         | 1036/12000 [25:05<4:33:09,  1.49s/step]Training:   9%|▊         | 1037/12000 [25:07<4:37:22,  1.52s/step]Training:   9%|▊         | 1038/12000 [25:08<4:35:39,  1.51s/step]Training:   9%|▊         | 1039/12000 [25:10<4:39:47,  1.53s/step]Training:   9%|▊         | 1040/12000 [25:12<4:37:25,  1.52s/step]Training:   9%|▊         | 1041/12000 [25:13<4:33:54,  1.50s/step]Training:   9%|▊         | 1042/12000 [25:15<4:42:23,  1.55s/step]Training:   9%|▊         | 1043/12000 [25:16<4:41:52,  1.54s/step]Training:   9%|▊         | 1044/12000 [25:18<4:46:26,  1.57s/step]Training:   9%|▊         | 1045/12000 [25:19<4:41:59,  1.54s/step]Training:   9%|▊         | 1046/12000 [25:21<4:37:05,  1.52s/step]Training:   9%|▊         | 1047/12000 [25:22<4:38:09,  1.52s/step]Training:   9%|▊         | 1048/12000 [25:24<4:33:47,  1.50s/step]Training:   9%|▊         | 1049/12000 [25:25<4:41:02,  1.54s/step]Training:   9%|▉         | 1050/12000 [25:27<4:38:13,  1.52s/step]Training:   9%|▉         | 1051/12000 [25:28<4:34:57,  1.51s/step]Training:   9%|▉         | 1052/12000 [25:30<4:36:10,  1.51s/step]Training:   9%|▉         | 1053/12000 [25:31<4:33:31,  1.50s/step]Training:   9%|▉         | 1054/12000 [25:33<4:43:36,  1.55s/step]Training:   9%|▉         | 1055/12000 [25:34<4:37:58,  1.52s/step]Training:   9%|▉         | 1056/12000 [25:36<4:34:00,  1.50s/step]Training:   9%|▉         | 1057/12000 [25:38<4:42:16,  1.55s/step]Training:   9%|▉         | 1058/12000 [25:39<4:41:28,  1.54s/step]Training:   9%|▉         | 1059/12000 [25:41<4:48:57,  1.58s/step]Training:   9%|▉         | 1060/12000 [25:42<4:41:56,  1.55s/step]Training:   9%|▉         | 1061/12000 [25:44<4:36:31,  1.52s/step]Training:   9%|▉         | 1062/12000 [25:45<4:42:37,  1.55s/step]Training:   9%|▉         | 1063/12000 [25:47<4:37:12,  1.52s/step]Training:   9%|▉         | 1064/12000 [25:48<4:41:34,  1.54s/step]Training:   9%|▉         | 1065/12000 [25:50<4:38:47,  1.53s/step]Training:   9%|▉         | 1066/12000 [25:51<4:33:01,  1.50s/step]Training:   9%|▉         | 1067/12000 [25:53<4:40:21,  1.54s/step]Training:   9%|▉         | 1068/12000 [25:54<4:34:39,  1.51s/step]Training:   9%|▉         | 1069/12000 [25:56<4:32:08,  1.49s/step]Training:   9%|▉         | 1070/12000 [25:57<4:37:42,  1.52s/step]Training:   9%|▉         | 1071/12000 [25:59<4:34:17,  1.51s/step]Training:   9%|▉         | 1072/12000 [26:01<4:42:35,  1.55s/step]Training:   9%|▉         | 1073/12000 [26:02<4:36:40,  1.52s/step]Training:   9%|▉         | 1074/12000 [26:03<4:31:46,  1.49s/step]Training:   9%|▉         | 1075/12000 [26:05<4:38:15,  1.53s/step]Training:   9%|▉         | 1076/12000 [26:07<4:35:07,  1.51s/step]Training:   9%|▉         | 1077/12000 [26:08<4:35:58,  1.52s/step]Training:   9%|▉         | 1078/12000 [26:10<4:40:16,  1.54s/step]Training:   9%|▉         | 1079/12000 [26:11<4:32:57,  1.50s/step]Training:   9%|▉         | 1080/12000 [26:12<4:28:27,  1.48s/step]Training:   9%|▉         | 1081/12000 [26:14<4:35:31,  1.51s/step]Training:   9%|▉         | 1082/12000 [26:16<4:36:15,  1.52s/step]Training:   9%|▉         | 1083/12000 [26:17<4:33:05,  1.50s/step]Training:   9%|▉         | 1084/12000 [26:19<4:41:26,  1.55s/step]Training:   9%|▉         | 1085/12000 [26:20<4:38:16,  1.53s/step]Training:   9%|▉         | 1086/12000 [26:22<4:46:57,  1.58s/step]Training:   9%|▉         | 1087/12000 [26:23<4:38:35,  1.53s/step]Training:   9%|▉         | 1088/12000 [26:25<4:37:05,  1.52s/step]Training:   9%|▉         | 1089/12000 [26:26<4:43:15,  1.56s/step]Training:   9%|▉         | 1090/12000 [26:28<4:37:48,  1.53s/step]Training:   9%|▉         | 1091/12000 [26:29<4:39:16,  1.54s/step]Training:   9%|▉         | 1092/12000 [26:31<4:36:55,  1.52s/step]Training:   9%|▉         | 1093/12000 [26:32<4:33:20,  1.50s/step]Training:   9%|▉         | 1094/12000 [26:34<4:40:14,  1.54s/step]Training:   9%|▉         | 1095/12000 [26:36<4:36:28,  1.52s/step]Training:   9%|▉         | 1096/12000 [26:37<4:34:14,  1.51s/step]Training:   9%|▉         | 1097/12000 [26:38<4:33:03,  1.50s/step]Training:   9%|▉         | 1098/12000 [26:40<4:32:50,  1.50s/step]Training:   9%|▉         | 1099/12000 [26:42<4:39:10,  1.54s/step]Training:   9%|▉         | 1100/12000 [26:43<4:34:37,  1.51s/step]Training:   9%|▉         | 1101/12000 [26:44<4:30:24,  1.49s/step]Training:   9%|▉         | 1102/12000 [26:46<4:33:26,  1.51s/step]Training:   9%|▉         | 1103/12000 [26:47<4:30:24,  1.49s/step]Training:   9%|▉         | 1104/12000 [26:49<4:39:49,  1.54s/step]Training:   9%|▉         | 1105/12000 [26:51<4:35:51,  1.52s/step]Training:   9%|▉         | 1106/12000 [26:52<4:33:24,  1.51s/step]Training:   9%|▉         | 1107/12000 [26:54<4:36:59,  1.53s/step]Training:   9%|▉         | 1108/12000 [26:55<4:34:56,  1.51s/step]Training:   9%|▉         | 1109/12000 [26:57<4:42:23,  1.56s/step]Training:   9%|▉         | 1110/12000 [26:58<4:36:48,  1.53s/step]Training:   9%|▉         | 1111/12000 [27:00<4:33:28,  1.51s/step]Training:   9%|▉         | 1112/12000 [27:01<4:33:21,  1.51s/step]Training:   9%|▉         | 1113/12000 [27:03<4:30:44,  1.49s/step]Training:   9%|▉         | 1114/12000 [27:04<4:38:19,  1.53s/step]Training:   9%|▉         | 1115/12000 [27:06<4:37:19,  1.53s/step]Training:   9%|▉         | 1116/12000 [27:07<4:34:14,  1.51s/step]Training:   9%|▉         | 1117/12000 [27:09<4:34:36,  1.51s/step]Training:   9%|▉         | 1118/12000 [27:10<4:32:01,  1.50s/step]Training:   9%|▉         | 1119/12000 [27:12<4:37:01,  1.53s/step]Training:   9%|▉         | 1120/12000 [27:13<4:35:22,  1.52s/step]Training:   9%|▉         | 1121/12000 [27:15<4:35:59,  1.52s/step]Training:   9%|▉         | 1122/12000 [27:17<4:40:00,  1.54s/step]Training:   9%|▉         | 1123/12000 [27:18<4:36:09,  1.52s/step]Training:   9%|▉         | 1124/12000 [27:20<4:37:57,  1.53s/step]Training:   9%|▉         | 1125/12000 [27:21<4:33:45,  1.51s/step]Training:   9%|▉         | 1126/12000 [27:22<4:32:09,  1.50s/step]Training:   9%|▉         | 1127/12000 [27:24<4:38:11,  1.54s/step]Training:   9%|▉         | 1128/12000 [27:26<4:35:25,  1.52s/step]Training:   9%|▉         | 1129/12000 [27:27<4:32:46,  1.51s/step]Training:   9%|▉         | 1130/12000 [27:29<4:36:01,  1.52s/step]Training:   9%|▉         | 1131/12000 [27:30<4:34:23,  1.51s/step]Training:   9%|▉         | 1132/12000 [27:32<4:39:56,  1.55s/step]Training:   9%|▉         | 1133/12000 [27:33<4:36:33,  1.53s/step]Training:   9%|▉         | 1134/12000 [27:35<4:32:51,  1.51s/step]Training:   9%|▉         | 1135/12000 [27:36<4:40:16,  1.55s/step]Training:   9%|▉         | 1136/12000 [27:38<4:36:12,  1.53s/step]Training:   9%|▉         | 1137/12000 [27:39<4:36:38,  1.53s/step]Training:   9%|▉         | 1138/12000 [27:41<4:36:20,  1.53s/step]Training:   9%|▉         | 1139/12000 [27:42<4:31:30,  1.50s/step]Training:  10%|▉         | 1140/12000 [27:44<4:38:16,  1.54s/step]Training:  10%|▉         | 1141/12000 [27:45<4:34:11,  1.51s/step]Training:  10%|▉         | 1142/12000 [27:47<4:33:20,  1.51s/step]Training:  10%|▉         | 1143/12000 [27:48<4:38:22,  1.54s/step]Training:  10%|▉         | 1144/12000 [27:50<4:36:30,  1.53s/step]Training:  10%|▉         | 1145/12000 [27:52<4:40:17,  1.55s/step]Training:  10%|▉         | 1146/12000 [27:53<4:34:54,  1.52s/step]Training:  10%|▉         | 1147/12000 [27:54<4:30:55,  1.50s/step]Training:  10%|▉         | 1148/12000 [27:56<4:39:01,  1.54s/step]Training:  10%|▉         | 1149/12000 [27:58<4:36:00,  1.53s/step]Training:  10%|▉         | 1150/12000 [27:59<4:37:20,  1.53s/step]Training:  10%|▉         | 1151/12000 [28:01<4:34:46,  1.52s/step]Training:  10%|▉         | 1152/12000 [28:02<4:33:33,  1.51s/step]Training:  10%|▉         | 1153/12000 [28:04<4:39:26,  1.55s/step]Training:  10%|▉         | 1154/12000 [28:05<4:36:03,  1.53s/step]Training:  10%|▉         | 1155/12000 [28:07<4:34:19,  1.52s/step]Training:  10%|▉         | 1156/12000 [28:08<4:33:01,  1.51s/step]Training:  10%|▉         | 1157/12000 [28:10<4:29:13,  1.49s/step]Training:  10%|▉         | 1158/12000 [28:11<4:36:11,  1.53s/step]Training:  10%|▉         | 1159/12000 [28:13<4:32:07,  1.51s/step]Training:  10%|▉         | 1160/12000 [28:14<4:31:41,  1.50s/step]Training:  10%|▉         | 1161/12000 [28:16<4:36:22,  1.53s/step]Training:  10%|▉         | 1162/12000 [28:17<4:33:54,  1.52s/step]Training:  10%|▉         | 1163/12000 [28:19<4:40:56,  1.56s/step]Training:  10%|▉         | 1164/12000 [28:20<4:34:17,  1.52s/step]Training:  10%|▉         | 1165/12000 [28:22<4:32:26,  1.51s/step]Training:  10%|▉         | 1166/12000 [28:24<4:39:34,  1.55s/step]Training:  10%|▉         | 1167/12000 [28:25<4:34:22,  1.52s/step]Training:  10%|▉         | 1168/12000 [28:27<4:39:10,  1.55s/step]Training:  10%|▉         | 1169/12000 [28:28<4:34:05,  1.52s/step]Training:  10%|▉         | 1170/12000 [28:29<4:29:01,  1.49s/step]Training:  10%|▉         | 1171/12000 [28:31<4:35:04,  1.52s/step]Training:  10%|▉         | 1172/12000 [28:33<4:34:10,  1.52s/step]Training:  10%|▉         | 1173/12000 [28:34<4:29:48,  1.50s/step]Training:  10%|▉         | 1174/12000 [28:36<4:37:54,  1.54s/step]Training:  10%|▉         | 1175/12000 [28:37<4:33:39,  1.52s/step]Training:  10%|▉         | 1176/12000 [28:39<4:36:42,  1.53s/step]Training:  10%|▉         | 1177/12000 [28:40<4:30:43,  1.50s/step]Training:  10%|▉         | 1178/12000 [28:42<4:30:46,  1.50s/step]Training:  10%|▉         | 1179/12000 [28:43<4:36:26,  1.53s/step]Training:  10%|▉         | 1180/12000 [28:45<4:35:33,  1.53s/step]Training:  10%|▉         | 1181/12000 [28:46<4:32:04,  1.51s/step]Training:  10%|▉         | 1182/12000 [28:48<4:38:09,  1.54s/step]Training:  10%|▉         | 1183/12000 [28:49<4:36:04,  1.53s/step]Training:  10%|▉         | 1184/12000 [28:51<4:35:33,  1.53s/step]Training:  10%|▉         | 1185/12000 [28:52<4:32:38,  1.51s/step]Training:  10%|▉         | 1186/12000 [28:54<4:31:09,  1.50s/step]Training:  10%|▉         | 1187/12000 [28:55<4:37:09,  1.54s/step]Training:  10%|▉         | 1188/12000 [28:57<4:31:48,  1.51s/step]Training:  10%|▉         | 1189/12000 [28:58<4:27:39,  1.49s/step]Training:  10%|▉         | 1190/12000 [29:00<4:34:33,  1.52s/step]Training:  10%|▉         | 1191/12000 [29:01<4:31:45,  1.51s/step]Training:  10%|▉         | 1192/12000 [29:03<4:35:04,  1.53s/step]Training:  10%|▉         | 1193/12000 [29:04<4:30:46,  1.50s/step]Training:  10%|▉         | 1194/12000 [29:06<4:25:25,  1.47s/step]Training:  10%|▉         | 1195/12000 [29:07<4:32:08,  1.51s/step]Training:  10%|▉         | 1196/12000 [29:09<4:26:41,  1.48s/step]Training:  10%|▉         | 1197/12000 [29:10<4:22:56,  1.46s/step]Training:  10%|▉         | 1198/12000 [29:12<4:32:20,  1.51s/step]Training:  10%|▉         | 1199/12000 [29:13<4:29:32,  1.50s/step]Training:  10%|█         | 1200/12000 [29:15<4:28:45,  1.49s/step]INFO 2026-09-16 04:23:20 ot_train.py:670 step:1K smpl:77K ep:950 epch:2.83 loss:0.189 grdn:1.681 lr:9.8e-05 updt_s:1.274 data_s:0.051 smp/s:48 mem_gb:14.29 losses_after_forward:0.157 losses_after_in_ep_bound:0.133 losses_after_rm_padding:0.133
Training:  10%|█         | 1201/12000 [29:16<4:37:36,  1.54s/step]Training:  10%|█         | 1202/12000 [29:18<4:31:40,  1.51s/step]Training:  10%|█         | 1203/12000 [29:19<4:32:19,  1.51s/step]Training:  10%|█         | 1204/12000 [29:21<4:33:19,  1.52s/step]Training:  10%|█         | 1205/12000 [29:22<4:27:23,  1.49s/step]Training:  10%|█         | 1206/12000 [29:24<4:35:25,  1.53s/step]Training:  10%|█         | 1207/12000 [29:26<4:33:53,  1.52s/step]Training:  10%|█         | 1208/12000 [29:27<4:31:30,  1.51s/step]Training:  10%|█         | 1209/12000 [29:29<4:32:12,  1.51s/step]Training:  10%|█         | 1210/12000 [29:30<4:29:16,  1.50s/step]Training:  10%|█         | 1211/12000 [29:32<4:33:35,  1.52s/step]Training:  10%|█         | 1212/12000 [29:33<4:28:10,  1.49s/step]Training:  10%|█         | 1213/12000 [29:34<4:25:52,  1.48s/step]Training:  10%|█         | 1214/12000 [29:36<4:31:30,  1.51s/step]Training:  10%|█         | 1215/12000 [29:37<4:26:41,  1.48s/step]Training:  10%|█         | 1216/12000 [29:39<4:23:28,  1.47s/step]Training:  10%|█         | 1217/12000 [29:40<4:30:04,  1.50s/step]Training:  10%|█         | 1218/12000 [29:42<4:24:25,  1.47s/step]Training:  10%|█         | 1219/12000 [29:43<4:21:56,  1.46s/step]Training:  10%|█         | 1220/12000 [29:45<4:29:13,  1.50s/step]Training:  10%|█         | 1221/12000 [29:46<4:27:09,  1.49s/step]Training:  10%|█         | 1222/12000 [29:48<4:23:39,  1.47s/step]Training:  10%|█         | 1223/12000 [29:49<4:26:42,  1.48s/step]Training:  10%|█         | 1224/12000 [29:51<4:23:37,  1.47s/step]Training:  10%|█         | 1225/12000 [29:52<4:19:53,  1.45s/step]Training:  10%|█         | 1226/12000 [29:54<4:22:07,  1.46s/step]Training:  10%|█         | 1227/12000 [29:55<4:20:32,  1.45s/step]Training:  10%|█         | 1228/12000 [29:57<4:24:43,  1.47s/step]Training:  10%|█         | 1229/12000 [29:58<4:26:34,  1.48s/step]Training:  10%|█         | 1230/12000 [29:59<4:21:22,  1.46s/step]Training:  10%|█         | 1231/12000 [30:01<4:20:40,  1.45s/step]Training:  10%|█         | 1232/12000 [30:03<4:30:00,  1.50s/step]Training:  10%|█         | 1233/12000 [30:04<4:27:27,  1.49s/step]Training:  10%|█         | 1234/12000 [30:06<4:30:00,  1.50s/step]Training:  10%|█         | 1235/12000 [30:07<4:25:30,  1.48s/step]Training:  10%|█         | 1236/12000 [30:08<4:24:31,  1.47s/step]Training:  10%|█         | 1237/12000 [30:10<4:31:32,  1.51s/step]Training:  10%|█         | 1238/12000 [30:11<4:26:02,  1.48s/step]Training:  10%|█         | 1239/12000 [30:13<4:24:14,  1.47s/step]Training:  10%|█         | 1240/12000 [30:14<4:25:21,  1.48s/step]Training:  10%|█         | 1241/12000 [30:16<4:21:47,  1.46s/step]Training:  10%|█         | 1242/12000 [30:17<4:23:53,  1.47s/step]Training:  10%|█         | 1243/12000 [30:19<4:23:19,  1.47s/step]Training:  10%|█         | 1244/12000 [30:20<4:20:15,  1.45s/step]Training:  10%|█         | 1245/12000 [30:22<4:27:50,  1.49s/step]Training:  10%|█         | 1246/12000 [30:23<4:24:51,  1.48s/step]Training:  10%|█         | 1247/12000 [30:25<4:21:32,  1.46s/step]Training:  10%|█         | 1248/12000 [30:26<4:28:06,  1.50s/step]Training:  10%|█         | 1249/12000 [30:28<4:25:07,  1.48s/step]Training:  10%|█         | 1250/12000 [30:29<4:22:02,  1.46s/step]Training:  10%|█         | 1251/12000 [30:30<4:20:47,  1.46s/step]Training:  10%|█         | 1252/12000 [30:32<4:20:45,  1.46s/step]Training:  10%|█         | 1253/12000 [30:33<4:23:55,  1.47s/step]Training:  10%|█         | 1254/12000 [30:35<4:21:47,  1.46s/step]Training:  10%|█         | 1255/12000 [30:36<4:21:46,  1.46s/step]Training:  10%|█         | 1256/12000 [30:38<4:28:04,  1.50s/step]Training:  10%|█         | 1257/12000 [30:39<4:25:05,  1.48s/step]Training:  10%|█         | 1258/12000 [30:41<4:22:21,  1.47s/step]Training:  10%|█         | 1259/12000 [30:42<4:27:45,  1.50s/step]Training:  10%|█         | 1260/12000 [30:44<4:23:25,  1.47s/step]Training:  11%|█         | 1261/12000 [30:45<4:25:51,  1.49s/step]Training:  11%|█         | 1262/12000 [30:47<4:24:52,  1.48s/step]Training:  11%|█         | 1263/12000 [30:48<4:23:27,  1.47s/step]Training:  11%|█         | 1264/12000 [30:50<4:28:45,  1.50s/step]Training:  11%|█         | 1265/12000 [30:51<4:25:28,  1.48s/step]Training:  11%|█         | 1266/12000 [30:53<4:21:05,  1.46s/step]Training:  11%|█         | 1267/12000 [30:54<4:27:30,  1.50s/step]Training:  11%|█         | 1268/12000 [30:56<4:24:57,  1.48s/step]Training:  11%|█         | 1269/12000 [30:57<4:20:26,  1.46s/step]Training:  11%|█         | 1270/12000 [30:59<4:19:51,  1.45s/step]Training:  11%|█         | 1271/12000 [31:00<4:18:45,  1.45s/step]Training:  11%|█         | 1272/12000 [31:02<4:26:16,  1.49s/step]Training:  11%|█         | 1273/12000 [31:03<4:22:41,  1.47s/step]Training:  11%|█         | 1274/12000 [31:04<4:19:37,  1.45s/step]Training:  11%|█         | 1275/12000 [31:05<3:50:48,  1.29s/step]Training:  11%|█         | 1276/12000 [31:09<6:23:16,  2.14s/step]Training:  11%|█         | 1277/12000 [31:11<5:48:40,  1.95s/step]Training:  11%|█         | 1278/12000 [31:12<5:22:38,  1.81s/step]Training:  11%|█         | 1279/12000 [31:14<5:16:02,  1.77s/step]Training:  11%|█         | 1280/12000 [31:16<4:59:36,  1.68s/step]Training:  11%|█         | 1281/12000 [31:17<4:47:45,  1.61s/step]Training:  11%|█         | 1282/12000 [31:19<4:48:54,  1.62s/step]Training:  11%|█         | 1283/12000 [31:20<4:40:02,  1.57s/step]Training:  11%|█         | 1284/12000 [31:22<4:44:19,  1.59s/step]Training:  11%|█         | 1285/12000 [31:23<4:35:52,  1.54s/step]Training:  11%|█         | 1286/12000 [31:25<4:29:26,  1.51s/step]Training:  11%|█         | 1287/12000 [31:26<4:29:34,  1.51s/step]Training:  11%|█         | 1288/12000 [31:28<4:28:25,  1.50s/step]Training:  11%|█         | 1289/12000 [31:29<4:32:53,  1.53s/step]Training:  11%|█         | 1290/12000 [31:31<4:28:18,  1.50s/step]Training:  11%|█         | 1291/12000 [31:32<4:26:39,  1.49s/step]Training:  11%|█         | 1292/12000 [31:34<4:32:25,  1.53s/step]Training:  11%|█         | 1293/12000 [31:35<4:25:30,  1.49s/step]Training:  11%|█         | 1294/12000 [31:37<4:26:57,  1.50s/step]Training:  11%|█         | 1295/12000 [31:38<4:25:11,  1.49s/step]Training:  11%|█         | 1296/12000 [31:40<4:22:57,  1.47s/step]Training:  11%|█         | 1297/12000 [31:41<4:29:13,  1.51s/step]Training:  11%|█         | 1298/12000 [31:43<4:24:23,  1.48s/step]Training:  11%|█         | 1299/12000 [31:44<4:23:45,  1.48s/step]Training:  11%|█         | 1300/12000 [31:46<4:29:50,  1.51s/step]Training:  11%|█         | 1301/12000 [31:47<4:25:40,  1.49s/step]Training:  11%|█         | 1302/12000 [31:49<4:27:34,  1.50s/step]Training:  11%|█         | 1303/12000 [31:50<4:25:09,  1.49s/step]Training:  11%|█         | 1304/12000 [31:51<4:23:07,  1.48s/step]Training:  11%|█         | 1305/12000 [31:53<4:30:17,  1.52s/step]Training:  11%|█         | 1306/12000 [31:55<4:27:24,  1.50s/step]Training:  11%|█         | 1307/12000 [31:56<4:22:40,  1.47s/step]Training:  11%|█         | 1308/12000 [31:58<4:29:16,  1.51s/step]Training:  11%|█         | 1309/12000 [31:59<4:28:32,  1.51s/step]Training:  11%|█         | 1310/12000 [32:01<4:29:53,  1.51s/step]Training:  11%|█         | 1311/12000 [32:02<4:27:56,  1.50s/step]Training:  11%|█         | 1312/12000 [32:04<4:25:40,  1.49s/step]Training:  11%|█         | 1313/12000 [32:05<4:30:22,  1.52s/step]Training:  11%|█         | 1314/12000 [32:07<4:26:15,  1.50s/step]Training:  11%|█         | 1315/12000 [32:08<4:25:27,  1.49s/step]Training:  11%|█         | 1316/12000 [32:10<4:28:06,  1.51s/step]Training:  11%|█         | 1317/12000 [32:11<4:23:54,  1.48s/step]Training:  11%|█         | 1318/12000 [32:13<4:30:14,  1.52s/step]Training:  11%|█         | 1319/12000 [32:14<4:25:37,  1.49s/step]Training:  11%|█         | 1320/12000 [32:15<4:24:19,  1.48s/step]Training:  11%|█         | 1321/12000 [32:17<4:29:29,  1.51s/step]Training:  11%|█         | 1322/12000 [32:18<4:24:01,  1.48s/step]Training:  11%|█         | 1323/12000 [32:20<4:23:41,  1.48s/step]Training:  11%|█         | 1324/12000 [32:22<4:28:19,  1.51s/step]Training:  11%|█         | 1325/12000 [32:23<4:25:40,  1.49s/step]Training:  11%|█         | 1326/12000 [32:25<4:31:57,  1.53s/step]Training:  11%|█         | 1327/12000 [32:26<4:28:45,  1.51s/step]Training:  11%|█         | 1328/12000 [32:27<4:24:58,  1.49s/step]Training:  11%|█         | 1329/12000 [32:29<4:41:50,  1.58s/step]Training:  11%|█         | 1330/12000 [32:31<4:33:01,  1.54s/step]Training:  11%|█         | 1331/12000 [32:32<4:36:15,  1.55s/step]Training:  11%|█         | 1332/12000 [32:34<4:29:18,  1.51s/step]Training:  11%|█         | 1333/12000 [32:35<4:23:59,  1.48s/step]Training:  11%|█         | 1334/12000 [32:37<4:40:13,  1.58s/step]Training:  11%|█         | 1335/12000 [32:38<4:34:29,  1.54s/step]Training:  11%|█         | 1336/12000 [32:40<4:38:28,  1.57s/step]Training:  11%|█         | 1337/12000 [32:41<4:31:49,  1.53s/step]Training:  11%|█         | 1338/12000 [32:43<4:26:55,  1.50s/step]Training:  11%|█         | 1339/12000 [32:44<4:29:45,  1.52s/step]Training:  11%|█         | 1340/12000 [32:46<4:26:12,  1.50s/step]Training:  11%|█         | 1341/12000 [32:48<4:30:56,  1.53s/step]Training:  11%|█         | 1342/12000 [32:49<4:29:30,  1.52s/step]Training:  11%|█         | 1343/12000 [32:50<4:27:05,  1.50s/step]Training:  11%|█         | 1344/12000 [32:52<4:27:10,  1.50s/step]Training:  11%|█         | 1345/12000 [32:53<4:25:22,  1.49s/step]Training:  11%|█         | 1346/12000 [32:55<4:31:32,  1.53s/step]Training:  11%|█         | 1347/12000 [32:57<4:28:04,  1.51s/step]Training:  11%|█         | 1348/12000 [32:58<4:27:47,  1.51s/step]Training:  11%|█         | 1349/12000 [33:00<4:27:18,  1.51s/step]Training:  11%|█▏        | 1350/12000 [33:01<4:26:49,  1.50s/step]Training:  11%|█▏        | 1351/12000 [33:03<4:35:29,  1.55s/step]Training:  11%|█▏        | 1352/12000 [33:04<4:17:33,  1.45s/step]Training:  11%|█▏        | 1353/12000 [33:05<4:04:16,  1.38s/step]Training:  11%|█▏        | 1354/12000 [33:06<3:54:20,  1.32s/step]Training:  11%|█▏        | 1355/12000 [33:07<3:46:14,  1.28s/step]Training:  11%|█▏        | 1356/12000 [33:09<3:40:13,  1.24s/step]Training:  11%|█▏        | 1357/12000 [33:10<3:36:13,  1.22s/step]Training:  11%|█▏        | 1358/12000 [33:11<3:33:47,  1.21s/step]Training:  11%|█▏        | 1359/12000 [33:12<3:31:45,  1.19s/step]Training:  11%|█▏        | 1360/12000 [33:13<3:30:35,  1.19s/step]Training:  11%|█▏        | 1361/12000 [33:15<3:30:05,  1.18s/step]Training:  11%|█▏        | 1362/12000 [33:16<3:29:30,  1.18s/step]Training:  11%|█▏        | 1363/12000 [33:17<3:29:49,  1.18s/step]Training:  11%|█▏        | 1364/12000 [33:18<3:30:01,  1.18s/step]Training:  11%|█▏        | 1365/12000 [33:19<3:29:02,  1.18s/step]Training:  11%|█▏        | 1366/12000 [33:20<3:28:13,  1.17s/step]Training:  11%|█▏        | 1367/12000 [33:22<3:27:30,  1.17s/step]Training:  11%|█▏        | 1368/12000 [33:23<3:28:00,  1.17s/step]Training:  11%|█▏        | 1369/12000 [33:24<3:27:59,  1.17s/step]Training:  11%|█▏        | 1370/12000 [33:25<3:27:41,  1.17s/step]Training:  11%|█▏        | 1371/12000 [33:26<3:28:05,  1.17s/step]Training:  11%|█▏        | 1372/12000 [33:27<3:27:32,  1.17s/step]Training:  11%|█▏        | 1373/12000 [33:29<3:27:07,  1.17s/step]Training:  11%|█▏        | 1374/12000 [33:30<3:27:43,  1.17s/step]Training:  11%|█▏        | 1375/12000 [33:31<3:28:52,  1.18s/step]Training:  11%|█▏        | 1376/12000 [33:32<3:30:10,  1.19s/step]Training:  11%|█▏        | 1377/12000 [33:33<3:28:55,  1.18s/step]Training:  11%|█▏        | 1378/12000 [33:34<3:28:04,  1.18s/step]Training:  11%|█▏        | 1379/12000 [33:36<3:27:54,  1.17s/step]Training:  12%|█▏        | 1380/12000 [33:37<3:27:21,  1.17s/step]Training:  12%|█▏        | 1381/12000 [33:38<3:27:33,  1.17s/step]Training:  12%|█▏        | 1382/12000 [33:39<3:27:36,  1.17s/step]Training:  12%|█▏        | 1383/12000 [33:40<3:27:13,  1.17s/step]Training:  12%|█▏        | 1384/12000 [33:42<3:27:47,  1.17s/step]Training:  12%|█▏        | 1385/12000 [33:43<3:28:29,  1.18s/step]Training:  12%|█▏        | 1386/12000 [33:44<3:28:11,  1.18s/step]Training:  12%|█▏        | 1387/12000 [33:45<3:28:24,  1.18s/step]Training:  12%|█▏        | 1388/12000 [33:46<3:29:02,  1.18s/step]Training:  12%|█▏        | 1389/12000 [33:47<3:30:21,  1.19s/step]Training:  12%|█▏        | 1390/12000 [33:49<3:30:39,  1.19s/step]Training:  12%|█▏        | 1391/12000 [33:50<3:30:25,  1.19s/step]Training:  12%|█▏        | 1392/12000 [33:51<3:29:01,  1.18s/step]Training:  12%|█▏        | 1393/12000 [33:52<3:27:49,  1.18s/step]Training:  12%|█▏        | 1394/12000 [33:53<3:27:13,  1.17s/step]Training:  12%|█▏        | 1395/12000 [33:55<3:28:51,  1.18s/step]Training:  12%|█▏        | 1396/12000 [33:56<3:28:55,  1.18s/step]Training:  12%|█▏        | 1397/12000 [33:57<3:29:52,  1.19s/step]Training:  12%|█▏        | 1398/12000 [33:58<3:28:26,  1.18s/step]Training:  12%|█▏        | 1399/12000 [33:59<3:28:17,  1.18s/step]Training:  12%|█▏        | 1400/12000 [34:00<3:27:22,  1.17s/step]INFO 2026-09-16 04:28:05 ot_train.py:670 step:1K smpl:90K ep:1K epch:3.30 loss:0.174 grdn:1.608 lr:9.7e-05 updt_s:1.183 data_s:0.058 smp/s:52 mem_gb:14.26 losses_after_forward:0.144 losses_after_in_ep_bound:0.122 losses_after_rm_padding:0.122
Training:  12%|█▏        | 1401/12000 [34:02<3:27:02,  1.17s/step]Training:  12%|█▏        | 1402/12000 [34:03<3:26:51,  1.17s/step]Training:  12%|█▏        | 1403/12000 [34:04<3:26:45,  1.17s/step]Training:  12%|█▏        | 1404/12000 [34:05<3:26:36,  1.17s/step]Training:  12%|█▏        | 1405/12000 [34:06<3:28:14,  1.18s/step]Training:  12%|█▏        | 1406/12000 [34:07<3:27:51,  1.18s/step]Training:  12%|█▏        | 1407/12000 [34:09<3:27:05,  1.17s/step]Training:  12%|█▏        | 1408/12000 [34:10<3:26:46,  1.17s/step]Training:  12%|█▏        | 1409/12000 [34:11<3:26:18,  1.17s/step]Training:  12%|█▏        | 1410/12000 [34:12<3:25:50,  1.17s/step]Training:  12%|█▏        | 1411/12000 [34:13<3:26:36,  1.17s/step]Training:  12%|█▏        | 1412/12000 [34:14<3:26:59,  1.17s/step]Training:  12%|█▏        | 1413/12000 [34:16<3:26:47,  1.17s/step]Training:  12%|█▏        | 1414/12000 [34:17<3:27:03,  1.17s/step]Training:  12%|█▏        | 1415/12000 [34:18<3:26:35,  1.17s/step]Training:  12%|█▏        | 1416/12000 [34:19<3:27:24,  1.18s/step]Training:  12%|█▏        | 1417/12000 [34:20<3:28:12,  1.18s/step]Training:  12%|█▏        | 1418/12000 [34:22<3:29:11,  1.19s/step]Training:  12%|█▏        | 1419/12000 [34:23<3:28:58,  1.18s/step]Training:  12%|█▏        | 1420/12000 [34:24<3:28:10,  1.18s/step]Training:  12%|█▏        | 1421/12000 [34:25<3:27:45,  1.18s/step]Training:  12%|█▏        | 1422/12000 [34:26<3:27:23,  1.18s/step]Training:  12%|█▏        | 1423/12000 [34:27<3:27:27,  1.18s/step]Training:  12%|█▏        | 1424/12000 [34:29<3:27:24,  1.18s/step]Training:  12%|█▏        | 1425/12000 [34:30<3:26:59,  1.17s/step]Training:  12%|█▏        | 1426/12000 [34:31<3:27:04,  1.17s/step]Training:  12%|█▏        | 1427/12000 [34:32<3:26:29,  1.17s/step]Training:  12%|█▏        | 1428/12000 [34:33<3:26:03,  1.17s/step]Training:  12%|█▏        | 1429/12000 [34:34<3:26:32,  1.17s/step]Training:  12%|█▏        | 1430/12000 [34:36<3:26:33,  1.17s/step]Training:  12%|█▏        | 1431/12000 [34:37<3:26:17,  1.17s/step]Training:  12%|█▏        | 1432/12000 [34:38<3:26:16,  1.17s/step]Training:  12%|█▏        | 1433/12000 [34:39<3:26:09,  1.17s/step]Training:  12%|█▏        | 1434/12000 [34:40<3:26:11,  1.17s/step]Training:  12%|█▏        | 1435/12000 [34:41<3:25:35,  1.17s/step]Training:  12%|█▏        | 1436/12000 [34:43<3:25:13,  1.17s/step]Training:  12%|█▏        | 1437/12000 [34:44<3:25:16,  1.17s/step]Training:  12%|█▏        | 1438/12000 [34:45<3:25:18,  1.17s/step]Training:  12%|█▏        | 1439/12000 [34:46<3:27:12,  1.18s/step]Training:  12%|█▏        | 1440/12000 [34:47<3:27:47,  1.18s/step]Training:  12%|█▏        | 1441/12000 [34:49<3:29:43,  1.19s/step]Training:  12%|█▏        | 1442/12000 [34:50<3:28:45,  1.19s/step]Training:  12%|█▏        | 1443/12000 [34:51<3:28:03,  1.18s/step]Training:  12%|█▏        | 1444/12000 [34:52<3:27:06,  1.18s/step]Training:  12%|█▏        | 1445/12000 [34:53<3:26:54,  1.18s/step]Training:  12%|█▏        | 1446/12000 [34:54<3:26:15,  1.17s/step]Training:  12%|█▏        | 1447/12000 [34:56<3:25:54,  1.17s/step]Training:  12%|█▏        | 1448/12000 [34:57<3:26:21,  1.17s/step]Training:  12%|█▏        | 1449/12000 [34:58<3:26:20,  1.17s/step]Training:  12%|█▏        | 1450/12000 [34:59<3:26:08,  1.17s/step]Training:  12%|█▏        | 1451/12000 [35:00<3:25:54,  1.17s/step]Training:  12%|█▏        | 1452/12000 [35:01<3:25:48,  1.17s/step]Training:  12%|█▏        | 1453/12000 [35:03<3:25:52,  1.17s/step]Training:  12%|█▏        | 1454/12000 [35:04<3:27:04,  1.18s/step]Training:  12%|█▏        | 1455/12000 [35:05<3:26:40,  1.18s/step]Training:  12%|█▏        | 1456/12000 [35:06<3:25:53,  1.17s/step]Training:  12%|█▏        | 1457/12000 [35:07<3:25:40,  1.17s/step]Training:  12%|█▏        | 1458/12000 [35:09<3:26:13,  1.17s/step]Training:  12%|█▏        | 1459/12000 [35:10<3:25:45,  1.17s/step]Training:  12%|█▏        | 1460/12000 [35:11<3:28:00,  1.18s/step]Training:  12%|█▏        | 1461/12000 [35:12<3:29:52,  1.19s/step]Training:  12%|█▏        | 1462/12000 [35:13<3:30:40,  1.20s/step]Training:  12%|█▏        | 1463/12000 [35:14<3:28:59,  1.19s/step]Training:  12%|█▏        | 1464/12000 [35:16<3:27:50,  1.18s/step]Training:  12%|█▏        | 1465/12000 [35:17<3:26:32,  1.18s/step]Training:  12%|█▏        | 1466/12000 [35:18<3:25:59,  1.17s/step]Training:  12%|█▏        | 1467/12000 [35:19<3:25:33,  1.17s/step]Training:  12%|█▏        | 1468/12000 [35:20<3:25:02,  1.17s/step]Training:  12%|█▏        | 1469/12000 [35:21<3:24:43,  1.17s/step]Training:  12%|█▏        | 1470/12000 [35:23<3:24:38,  1.17s/step]Training:  12%|█▏        | 1471/12000 [35:24<3:25:17,  1.17s/step]Training:  12%|█▏        | 1472/12000 [35:25<3:25:51,  1.17s/step]Training:  12%|█▏        | 1473/12000 [35:26<3:25:35,  1.17s/step]Training:  12%|█▏        | 1474/12000 [35:27<3:25:12,  1.17s/step]Training:  12%|█▏        | 1475/12000 [35:28<3:24:45,  1.17s/step]Training:  12%|█▏        | 1476/12000 [35:30<3:24:27,  1.17s/step]Training:  12%|█▏        | 1477/12000 [35:31<3:24:23,  1.17s/step]Training:  12%|█▏        | 1478/12000 [35:32<3:24:20,  1.17s/step]Training:  12%|█▏        | 1479/12000 [35:33<3:24:23,  1.17s/step]Training:  12%|█▏        | 1480/12000 [35:34<3:24:06,  1.16s/step]Training:  12%|█▏        | 1481/12000 [35:35<3:23:52,  1.16s/step]Training:  12%|█▏        | 1482/12000 [35:37<3:24:33,  1.17s/step]Training:  12%|█▏        | 1483/12000 [35:38<3:24:41,  1.17s/step]Training:  12%|█▏        | 1484/12000 [35:39<3:26:04,  1.18s/step]Training:  12%|█▏        | 1485/12000 [35:40<3:28:06,  1.19s/step]Training:  12%|█▏        | 1486/12000 [35:41<3:29:40,  1.20s/step]Training:  12%|█▏        | 1487/12000 [35:43<3:30:10,  1.20s/step]Training:  12%|█▏        | 1488/12000 [35:44<3:28:27,  1.19s/step]Training:  12%|█▏        | 1489/12000 [35:45<3:27:34,  1.18s/step]Training:  12%|█▏        | 1490/12000 [35:46<3:26:28,  1.18s/step]Training:  12%|█▏        | 1491/12000 [35:47<3:25:39,  1.17s/step]Training:  12%|█▏        | 1492/12000 [35:49<3:25:36,  1.17s/step]Training:  12%|█▏        | 1493/12000 [35:50<3:25:22,  1.17s/step]Training:  12%|█▏        | 1494/12000 [35:51<3:24:59,  1.17s/step]Training:  12%|█▏        | 1495/12000 [35:52<3:25:24,  1.17s/step]Training:  12%|█▏        | 1496/12000 [35:53<3:24:57,  1.17s/step]Training:  12%|█▏        | 1497/12000 [35:54<3:25:15,  1.17s/step]Training:  12%|█▏        | 1498/12000 [35:56<3:24:52,  1.17s/step]Training:  12%|█▏        | 1499/12000 [35:57<3:24:40,  1.17s/step]Training:  12%|█▎        | 1500/12000 [35:58<3:24:10,  1.17s/step]Training:  13%|█▎        | 1501/12000 [35:59<3:23:52,  1.17s/step]Training:  13%|█▎        | 1502/12000 [36:00<3:23:39,  1.16s/step]Training:  13%|█▎        | 1503/12000 [36:01<3:23:40,  1.16s/step]Training:  13%|█▎        | 1504/12000 [36:03<3:23:35,  1.16s/step]Training:  13%|█▎        | 1505/12000 [36:04<3:23:34,  1.16s/step]Training:  13%|█▎        | 1506/12000 [36:05<3:24:08,  1.17s/step]Training:  13%|█▎        | 1507/12000 [36:06<3:26:22,  1.18s/step]Training:  13%|█▎        | 1508/12000 [36:07<3:27:36,  1.19s/step]Training:  13%|█▎        | 1509/12000 [36:08<3:27:54,  1.19s/step]Training:  13%|█▎        | 1510/12000 [36:10<3:26:26,  1.18s/step]Training:  13%|█▎        | 1511/12000 [36:11<3:25:25,  1.18s/step]Training:  13%|█▎        | 1512/12000 [36:12<3:24:52,  1.17s/step]Training:  13%|█▎        | 1513/12000 [36:13<3:24:29,  1.17s/step]Training:  13%|█▎        | 1514/12000 [36:14<3:25:01,  1.17s/step]Training:  13%|█▎        | 1515/12000 [36:15<3:25:12,  1.17s/step]Training:  13%|█▎        | 1516/12000 [36:17<3:25:13,  1.17s/step]Training:  13%|█▎        | 1517/12000 [36:18<3:26:14,  1.18s/step]Training:  13%|█▎        | 1518/12000 [36:19<3:26:56,  1.18s/step]Training:  13%|█▎        | 1519/12000 [36:20<3:25:51,  1.18s/step]Training:  13%|█▎        | 1520/12000 [36:21<3:24:56,  1.17s/step]Training:  13%|█▎        | 1521/12000 [36:23<3:24:13,  1.17s/step]Training:  13%|█▎        | 1522/12000 [36:24<3:24:02,  1.17s/step]Training:  13%|█▎        | 1523/12000 [36:25<3:23:37,  1.17s/step]Training:  13%|█▎        | 1524/12000 [36:26<3:23:13,  1.16s/step]Training:  13%|█▎        | 1525/12000 [36:27<3:22:55,  1.16s/step]Training:  13%|█▎        | 1526/12000 [36:28<3:23:50,  1.17s/step]Training:  13%|█▎        | 1527/12000 [36:29<3:23:21,  1.17s/step]Training:  13%|█▎        | 1528/12000 [36:31<3:23:45,  1.17s/step]Training:  13%|█▎        | 1529/12000 [36:32<3:24:45,  1.17s/step]Training:  13%|█▎        | 1530/12000 [36:33<3:26:10,  1.18s/step]Training:  13%|█▎        | 1531/12000 [36:34<3:25:59,  1.18s/step]Training:  13%|█▎        | 1532/12000 [36:35<3:26:42,  1.18s/step]Training:  13%|█▎        | 1533/12000 [36:37<3:26:26,  1.18s/step]Training:  13%|█▎        | 1534/12000 [36:38<3:27:04,  1.19s/step]Training:  13%|█▎        | 1535/12000 [36:39<3:28:44,  1.20s/step]Training:  13%|█▎        | 1536/12000 [36:40<3:28:48,  1.20s/step]Training:  13%|█▎        | 1537/12000 [36:41<3:29:14,  1.20s/step]Training:  13%|█▎        | 1538/12000 [36:43<3:28:36,  1.20s/step]Training:  13%|█▎        | 1539/12000 [36:44<3:28:43,  1.20s/step]Training:  13%|█▎        | 1540/12000 [36:45<3:29:55,  1.20s/step]Training:  13%|█▎        | 1541/12000 [36:46<3:28:16,  1.19s/step]Training:  13%|█▎        | 1542/12000 [36:47<3:28:29,  1.20s/step]Training:  13%|█▎        | 1543/12000 [36:49<3:27:26,  1.19s/step]Training:  13%|█▎        | 1544/12000 [36:50<3:28:46,  1.20s/step]Training:  13%|█▎        | 1545/12000 [36:51<3:29:57,  1.20s/step]Training:  13%|█▎        | 1546/12000 [36:52<3:32:48,  1.22s/step]Training:  13%|█▎        | 1547/12000 [36:53<3:30:58,  1.21s/step]Training:  13%|█▎        | 1548/12000 [36:55<3:29:37,  1.20s/step]Training:  13%|█▎        | 1549/12000 [36:56<3:29:39,  1.20s/step]Training:  13%|█▎        | 1550/12000 [36:57<3:29:34,  1.20s/step]Training:  13%|█▎        | 1551/12000 [36:58<3:30:41,  1.21s/step]Training:  13%|█▎        | 1552/12000 [36:59<3:30:34,  1.21s/step]Training:  13%|█▎        | 1553/12000 [37:01<3:30:44,  1.21s/step]Training:  13%|█▎        | 1554/12000 [37:02<3:29:46,  1.20s/step]Training:  13%|█▎        | 1555/12000 [37:03<3:28:19,  1.20s/step]Training:  13%|█▎        | 1556/12000 [37:04<3:28:47,  1.20s/step]Training:  13%|█▎        | 1557/12000 [37:05<3:28:35,  1.20s/step]Training:  13%|█▎        | 1558/12000 [37:07<3:28:47,  1.20s/step]Training:  13%|█▎        | 1559/12000 [37:08<3:32:14,  1.22s/step]Training:  13%|█▎        | 1560/12000 [37:09<3:32:26,  1.22s/step]Training:  13%|█▎        | 1561/12000 [37:10<3:30:36,  1.21s/step]Training:  13%|█▎        | 1562/12000 [37:12<3:29:41,  1.21s/step]Training:  13%|█▎        | 1563/12000 [37:13<3:28:10,  1.20s/step]Training:  13%|█▎        | 1564/12000 [37:14<3:28:34,  1.20s/step]Training:  13%|█▎        | 1565/12000 [37:15<3:27:56,  1.20s/step]Training:  13%|█▎        | 1566/12000 [37:16<3:27:16,  1.19s/step]Training:  13%|█▎        | 1567/12000 [37:17<3:26:40,  1.19s/step]Training:  13%|█▎        | 1568/12000 [37:19<3:28:44,  1.20s/step]Training:  13%|█▎        | 1569/12000 [37:20<3:27:33,  1.19s/step]Training:  13%|█▎        | 1570/12000 [37:21<3:27:00,  1.19s/step]Training:  13%|█▎        | 1571/12000 [37:22<3:26:32,  1.19s/step]Training:  13%|█▎        | 1572/12000 [37:23<3:26:37,  1.19s/step]Training:  13%|█▎        | 1573/12000 [37:25<3:26:52,  1.19s/step]Training:  13%|█▎        | 1574/12000 [37:26<3:27:02,  1.19s/step]Training:  13%|█▎        | 1575/12000 [37:27<3:26:48,  1.19s/step]Training:  13%|█▎        | 1576/12000 [37:28<3:30:44,  1.21s/step]Training:  13%|█▎        | 1577/12000 [37:30<3:33:33,  1.23s/step]Training:  13%|█▎        | 1578/12000 [37:31<3:31:29,  1.22s/step]Training:  13%|█▎        | 1579/12000 [37:32<3:30:15,  1.21s/step]Training:  13%|█▎        | 1580/12000 [37:33<3:29:53,  1.21s/step]Training:  13%|█▎        | 1581/12000 [37:34<3:33:47,  1.23s/step]Training:  13%|█▎        | 1582/12000 [37:36<3:38:15,  1.26s/step]Training:  13%|█▎        | 1583/12000 [37:37<3:38:05,  1.26s/step]Training:  13%|█▎        | 1584/12000 [37:38<3:36:07,  1.24s/step]Training:  13%|█▎        | 1585/12000 [37:39<3:33:30,  1.23s/step]Training:  13%|█▎        | 1586/12000 [37:41<3:33:07,  1.23s/step]Training:  13%|█▎        | 1587/12000 [37:42<3:30:41,  1.21s/step]Training:  13%|█▎        | 1588/12000 [37:43<3:28:39,  1.20s/step]Training:  13%|█▎        | 1589/12000 [37:44<3:31:21,  1.22s/step]Training:  13%|█▎        | 1590/12000 [37:45<3:32:33,  1.23s/step]Training:  13%|█▎        | 1591/12000 [37:47<3:30:48,  1.22s/step]Training:  13%|█▎        | 1592/12000 [37:48<3:28:32,  1.20s/step]Training:  13%|█▎        | 1593/12000 [37:49<3:28:10,  1.20s/step]Training:  13%|█▎        | 1594/12000 [37:50<3:27:21,  1.20s/step]Training:  13%|█▎        | 1595/12000 [37:51<3:28:09,  1.20s/step]Training:  13%|█▎        | 1596/12000 [37:53<3:29:04,  1.21s/step]Training:  13%|█▎        | 1597/12000 [37:54<3:28:17,  1.20s/step]Training:  13%|█▎        | 1598/12000 [37:55<3:28:01,  1.20s/step]Training:  13%|█▎        | 1599/12000 [37:56<3:27:56,  1.20s/step]Training:  13%|█▎        | 1600/12000 [37:57<3:26:53,  1.19s/step]INFO 2026-09-16 04:32:02 ot_train.py:670 step:2K smpl:102K ep:1K epch:3.77 loss:0.167 grdn:1.651 lr:9.6e-05 updt_s:0.975 data_s:0.042 smp/s:63 mem_gb:14.29 losses_after_forward:0.139 losses_after_in_ep_bound:0.117 losses_after_rm_padding:0.117
Training:  13%|█▎        | 1601/12000 [37:59<3:27:11,  1.20s/step]Training:  13%|█▎        | 1602/12000 [38:00<3:26:21,  1.19s/step]Training:  13%|█▎        | 1603/12000 [38:01<3:26:03,  1.19s/step]Training:  13%|█▎        | 1604/12000 [38:02<3:25:03,  1.18s/step]Training:  13%|█▎        | 1605/12000 [38:03<3:29:56,  1.21s/step]Training:  13%|█▎        | 1606/12000 [38:05<3:31:11,  1.22s/step]Training:  13%|█▎        | 1607/12000 [38:06<3:29:14,  1.21s/step]Training:  13%|█▎        | 1608/12000 [38:07<3:28:00,  1.20s/step]Training:  13%|█▎        | 1609/12000 [38:08<3:26:57,  1.19s/step]Training:  13%|█▎        | 1610/12000 [38:09<3:26:54,  1.19s/step]Training:  13%|█▎        | 1611/12000 [38:11<3:28:34,  1.20s/step]Training:  13%|█▎        | 1612/12000 [38:12<3:29:14,  1.21s/step]Training:  13%|█▎        | 1613/12000 [38:13<3:27:58,  1.20s/step]Training:  13%|█▎        | 1614/12000 [38:14<3:27:36,  1.20s/step]Training:  13%|█▎        | 1615/12000 [38:15<3:26:54,  1.20s/step]Training:  13%|█▎        | 1616/12000 [38:17<3:26:33,  1.19s/step]Training:  13%|█▎        | 1617/12000 [38:18<3:28:10,  1.20s/step]Training:  13%|█▎        | 1618/12000 [38:19<3:27:11,  1.20s/step]Training:  13%|█▎        | 1619/12000 [38:20<3:26:56,  1.20s/step]Training:  14%|█▎        | 1620/12000 [38:21<3:26:31,  1.19s/step]Training:  14%|█▎        | 1621/12000 [38:23<3:29:08,  1.21s/step]Training:  14%|█▎        | 1622/12000 [38:24<3:31:45,  1.22s/step]Training:  14%|█▎        | 1623/12000 [38:25<3:30:02,  1.21s/step]Training:  14%|█▎        | 1624/12000 [38:26<3:29:12,  1.21s/step]Training:  14%|█▎        | 1625/12000 [38:27<3:27:52,  1.20s/step]Training:  14%|█▎        | 1626/12000 [38:29<3:26:45,  1.20s/step]Training:  14%|█▎        | 1627/12000 [38:30<3:26:44,  1.20s/step]Training:  14%|█▎        | 1628/12000 [38:31<3:26:06,  1.19s/step]Training:  14%|█▎        | 1629/12000 [38:32<3:25:26,  1.19s/step]Training:  14%|█▎        | 1630/12000 [38:33<3:25:16,  1.19s/step]Training:  14%|█▎        | 1631/12000 [38:35<3:26:03,  1.19s/step]Training:  14%|█▎        | 1632/12000 [38:36<3:26:23,  1.19s/step]Training:  14%|█▎        | 1633/12000 [38:37<3:25:29,  1.19s/step]Training:  14%|█▎        | 1634/12000 [38:38<3:25:56,  1.19s/step]Training:  14%|█▎        | 1635/12000 [38:39<3:25:14,  1.19s/step]Training:  14%|█▎        | 1636/12000 [38:41<3:24:44,  1.19s/step]Training:  14%|█▎        | 1637/12000 [38:42<3:24:46,  1.19s/step]Training:  14%|█▎        | 1638/12000 [38:43<3:24:59,  1.19s/step]Training:  14%|█▎        | 1639/12000 [38:44<3:24:01,  1.18s/step]Training:  14%|█▎        | 1640/12000 [38:45<3:26:15,  1.19s/step]Training:  14%|█▎        | 1641/12000 [38:47<3:27:36,  1.20s/step]Training:  14%|█▎        | 1642/12000 [38:48<3:27:36,  1.20s/step]Training:  14%|█▎        | 1643/12000 [38:49<3:26:06,  1.19s/step]Training:  14%|█▎        | 1644/12000 [38:50<3:25:04,  1.19s/step]Training:  14%|█▎        | 1645/12000 [38:51<3:24:56,  1.19s/step]Training:  14%|█▎        | 1646/12000 [38:52<3:25:41,  1.19s/step]Training:  14%|█▎        | 1647/12000 [38:54<3:27:27,  1.20s/step]Training:  14%|█▎        | 1648/12000 [38:55<3:28:08,  1.21s/step]Training:  14%|█▎        | 1649/12000 [38:56<3:27:37,  1.20s/step]Training:  14%|█▍        | 1650/12000 [38:57<3:27:03,  1.20s/step]Training:  14%|█▍        | 1651/12000 [38:59<3:26:37,  1.20s/step]Training:  14%|█▍        | 1652/12000 [39:00<3:26:22,  1.20s/step]Training:  14%|█▍        | 1653/12000 [39:01<3:25:10,  1.19s/step]Training:  14%|█▍        | 1654/12000 [39:02<3:25:35,  1.19s/step]Training:  14%|█▍        | 1655/12000 [39:03<3:24:29,  1.19s/step]Training:  14%|█▍        | 1656/12000 [39:04<3:24:19,  1.19s/step]Training:  14%|█▍        | 1657/12000 [39:06<3:24:37,  1.19s/step]Training:  14%|█▍        | 1658/12000 [39:07<3:27:08,  1.20s/step]Training:  14%|█▍        | 1659/12000 [39:08<3:28:02,  1.21s/step]Training:  14%|█▍        | 1660/12000 [39:09<3:26:09,  1.20s/step]Training:  14%|█▍        | 1661/12000 [39:10<3:24:55,  1.19s/step]Training:  14%|█▍        | 1662/12000 [39:12<3:24:33,  1.19s/step]Training:  14%|█▍        | 1663/12000 [39:13<3:24:33,  1.19s/step]Training:  14%|█▍        | 1664/12000 [39:14<3:24:00,  1.18s/step]Training:  14%|█▍        | 1665/12000 [39:15<3:24:10,  1.19s/step]Training:  14%|█▍        | 1666/12000 [39:16<3:25:38,  1.19s/step]Training:  14%|█▍        | 1667/12000 [39:18<3:26:27,  1.20s/step]Training:  14%|█▍        | 1668/12000 [39:19<3:25:56,  1.20s/step]Training:  14%|█▍        | 1669/12000 [39:20<3:24:38,  1.19s/step]Training:  14%|█▍        | 1670/12000 [39:21<3:23:23,  1.18s/step]Training:  14%|█▍        | 1671/12000 [39:22<3:22:58,  1.18s/step]Training:  14%|█▍        | 1672/12000 [39:23<3:23:09,  1.18s/step]Training:  14%|█▍        | 1673/12000 [39:25<3:23:31,  1.18s/step]Training:  14%|█▍        | 1674/12000 [39:26<3:22:47,  1.18s/step]Training:  14%|█▍        | 1675/12000 [39:27<3:22:23,  1.18s/step]Training:  14%|█▍        | 1676/12000 [39:28<3:23:15,  1.18s/step]Training:  14%|█▍        | 1677/12000 [39:29<3:24:54,  1.19s/step]Training:  14%|█▍        | 1678/12000 [39:31<3:25:52,  1.20s/step]Training:  14%|█▍        | 1679/12000 [39:32<3:27:16,  1.21s/step]Training:  14%|█▍        | 1680/12000 [39:33<3:25:58,  1.20s/step]Training:  14%|█▍        | 1681/12000 [39:34<3:25:32,  1.20s/step]Training:  14%|█▍        | 1682/12000 [39:35<3:23:54,  1.19s/step]Training:  14%|█▍        | 1683/12000 [39:37<3:23:47,  1.19s/step]Training:  14%|█▍        | 1684/12000 [39:38<3:23:39,  1.18s/step]Training:  14%|█▍        | 1685/12000 [39:39<3:22:42,  1.18s/step]Training:  14%|█▍        | 1686/12000 [39:40<3:23:09,  1.18s/step]Training:  14%|█▍        | 1687/12000 [39:41<3:23:06,  1.18s/step]Training:  14%|█▍        | 1688/12000 [39:42<3:22:53,  1.18s/step]Training:  14%|█▍        | 1689/12000 [39:44<3:23:17,  1.18s/step]Training:  14%|█▍        | 1690/12000 [39:45<3:23:03,  1.18s/step]Training:  14%|█▍        | 1691/12000 [39:46<3:22:50,  1.18s/step]Training:  14%|█▍        | 1692/12000 [39:47<3:22:12,  1.18s/step]Training:  14%|█▍        | 1693/12000 [39:48<3:23:00,  1.18s/step]Training:  14%|█▍        | 1694/12000 [39:50<3:22:25,  1.18s/step]Training:  14%|█▍        | 1695/12000 [39:51<3:22:03,  1.18s/step]Training:  14%|█▍        | 1696/12000 [39:52<3:22:26,  1.18s/step]Training:  14%|█▍        | 1697/12000 [39:53<3:24:35,  1.19s/step]Training:  14%|█▍        | 1698/12000 [39:54<3:26:14,  1.20s/step]Training:  14%|█▍        | 1699/12000 [39:56<3:25:41,  1.20s/step]Training:  14%|█▍        | 1700/12000 [39:56<3:01:05,  1.05s/step]Training:  14%|█▍        | 1701/12000 [40:00<4:55:57,  1.72s/step]Training:  14%|█▍        | 1702/12000 [40:01<4:33:18,  1.59s/step]Training:  14%|█▍        | 1703/12000 [40:02<4:16:22,  1.49s/step]Training:  14%|█▍        | 1704/12000 [40:03<4:08:18,  1.45s/step]Training:  14%|█▍        | 1705/12000 [40:05<3:58:44,  1.39s/step]Training:  14%|█▍        | 1706/12000 [40:06<3:47:59,  1.33s/step]Training:  14%|█▍        | 1707/12000 [40:07<3:40:27,  1.29s/step]Training:  14%|█▍        | 1708/12000 [40:08<3:35:03,  1.25s/step]Training:  14%|█▍        | 1709/12000 [40:09<3:31:23,  1.23s/step]Training:  14%|█▍        | 1710/12000 [40:11<3:29:21,  1.22s/step]Training:  14%|█▍        | 1711/12000 [40:12<3:29:26,  1.22s/step]Training:  14%|█▍        | 1712/12000 [40:13<3:29:00,  1.22s/step]Training:  14%|█▍        | 1713/12000 [40:14<3:28:42,  1.22s/step]Training:  14%|█▍        | 1714/12000 [40:15<3:27:49,  1.21s/step]Training:  14%|█▍        | 1715/12000 [40:17<3:27:12,  1.21s/step]Training:  14%|█▍        | 1716/12000 [40:18<3:26:15,  1.20s/step]Training:  14%|█▍        | 1717/12000 [40:19<3:26:22,  1.20s/step]Training:  14%|█▍        | 1718/12000 [40:20<3:25:14,  1.20s/step]Training:  14%|█▍        | 1719/12000 [40:21<3:27:15,  1.21s/step]Training:  14%|█▍        | 1720/12000 [40:23<3:28:38,  1.22s/step]Training:  14%|█▍        | 1721/12000 [40:24<3:27:12,  1.21s/step]Training:  14%|█▍        | 1722/12000 [40:25<3:26:46,  1.21s/step]Training:  14%|█▍        | 1723/12000 [40:26<3:27:15,  1.21s/step]Training:  14%|█▍        | 1724/12000 [40:28<3:26:49,  1.21s/step]Training:  14%|█▍        | 1725/12000 [40:29<3:26:34,  1.21s/step]Training:  14%|█▍        | 1726/12000 [40:30<3:26:07,  1.20s/step]Training:  14%|█▍        | 1727/12000 [40:31<3:26:02,  1.20s/step]Training:  14%|█▍        | 1728/12000 [40:32<3:25:53,  1.20s/step]Training:  14%|█▍        | 1729/12000 [40:33<3:23:48,  1.19s/step]Training:  14%|█▍        | 1730/12000 [40:35<3:23:32,  1.19s/step]Training:  14%|█▍        | 1731/12000 [40:36<3:23:20,  1.19s/step]Training:  14%|█▍        | 1732/12000 [40:37<3:24:00,  1.19s/step]Training:  14%|█▍        | 1733/12000 [40:38<3:23:13,  1.19s/step]Training:  14%|█▍        | 1734/12000 [40:39<3:22:40,  1.18s/step]Training:  14%|█▍        | 1735/12000 [40:41<3:27:36,  1.21s/step]Training:  14%|█▍        | 1736/12000 [40:42<3:28:30,  1.22s/step]Training:  14%|█▍        | 1737/12000 [40:43<3:26:33,  1.21s/step]Training:  14%|█▍        | 1738/12000 [40:44<3:25:15,  1.20s/step]Training:  14%|█▍        | 1739/12000 [40:45<3:25:21,  1.20s/step]Training:  14%|█▍        | 1740/12000 [40:47<3:28:40,  1.22s/step]Training:  15%|█▍        | 1741/12000 [40:48<3:28:08,  1.22s/step]Training:  15%|█▍        | 1742/12000 [40:49<3:27:26,  1.21s/step]Training:  15%|█▍        | 1743/12000 [40:50<3:27:33,  1.21s/step]Training:  15%|█▍        | 1744/12000 [40:52<3:28:01,  1.22s/step]Training:  15%|█▍        | 1745/12000 [40:53<3:26:53,  1.21s/step]Training:  15%|█▍        | 1746/12000 [40:54<3:25:24,  1.20s/step]Training:  15%|█▍        | 1747/12000 [40:55<3:24:00,  1.19s/step]Training:  15%|█▍        | 1748/12000 [40:56<3:23:10,  1.19s/step]Training:  15%|█▍        | 1749/12000 [40:58<3:24:34,  1.20s/step]Training:  15%|█▍        | 1750/12000 [40:59<3:26:55,  1.21s/step]Training:  15%|█▍        | 1751/12000 [41:00<3:26:48,  1.21s/step]Training:  15%|█▍        | 1752/12000 [41:01<3:25:48,  1.20s/step]Training:  15%|█▍        | 1753/12000 [41:02<3:25:43,  1.20s/step]Training:  15%|█▍        | 1754/12000 [41:04<3:25:29,  1.20s/step]Training:  15%|█▍        | 1755/12000 [41:05<3:24:19,  1.20s/step]Training:  15%|█▍        | 1756/12000 [41:06<3:24:37,  1.20s/step]Training:  15%|█▍        | 1757/12000 [41:07<3:24:37,  1.20s/step]Training:  15%|█▍        | 1758/12000 [41:08<3:24:05,  1.20s/step]Training:  15%|█▍        | 1759/12000 [41:10<3:23:15,  1.19s/step]Training:  15%|█▍        | 1760/12000 [41:11<3:23:13,  1.19s/step]Training:  15%|█▍        | 1761/12000 [41:12<3:23:26,  1.19s/step]Training:  15%|█▍        | 1762/12000 [41:13<3:23:30,  1.19s/step]Training:  15%|█▍        | 1763/12000 [41:14<3:23:08,  1.19s/step]Training:  15%|█▍        | 1764/12000 [41:15<3:23:06,  1.19s/step]Training:  15%|█▍        | 1765/12000 [41:17<3:25:08,  1.20s/step]Training:  15%|█▍        | 1766/12000 [41:18<3:28:08,  1.22s/step]Training:  15%|█▍        | 1767/12000 [41:19<3:28:50,  1.22s/step]Training:  15%|█▍        | 1768/12000 [41:20<3:26:23,  1.21s/step]Training:  15%|█▍        | 1769/12000 [41:22<3:25:39,  1.21s/step]Training:  15%|█▍        | 1770/12000 [41:23<3:26:27,  1.21s/step]Training:  15%|█▍        | 1771/12000 [41:24<3:26:35,  1.21s/step]Training:  15%|█▍        | 1772/12000 [41:25<3:31:27,  1.24s/step]Training:  15%|█▍        | 1773/12000 [41:27<3:30:33,  1.24s/step]Training:  15%|█▍        | 1774/12000 [41:28<3:28:41,  1.22s/step]Training:  15%|█▍        | 1775/12000 [41:29<3:26:12,  1.21s/step]Training:  15%|█▍        | 1776/12000 [41:30<3:24:58,  1.20s/step]Training:  15%|█▍        | 1777/12000 [41:31<3:23:23,  1.19s/step]Training:  15%|█▍        | 1778/12000 [41:32<3:22:29,  1.19s/step]Training:  15%|█▍        | 1779/12000 [41:34<3:23:16,  1.19s/step]Training:  15%|█▍        | 1780/12000 [41:35<3:24:34,  1.20s/step]Training:  15%|█▍        | 1781/12000 [41:36<3:26:51,  1.21s/step]Training:  15%|█▍        | 1782/12000 [41:37<3:26:55,  1.22s/step]Training:  15%|█▍        | 1783/12000 [41:39<3:25:03,  1.20s/step]Training:  15%|█▍        | 1784/12000 [41:40<3:24:00,  1.20s/step]Training:  15%|█▍        | 1785/12000 [41:41<3:22:35,  1.19s/step]Training:  15%|█▍        | 1786/12000 [41:42<3:23:14,  1.19s/step]Training:  15%|█▍        | 1787/12000 [41:43<3:25:09,  1.21s/step]Training:  15%|█▍        | 1788/12000 [41:45<3:24:12,  1.20s/step]Training:  15%|█▍        | 1789/12000 [41:46<3:23:26,  1.20s/step]Training:  15%|█▍        | 1790/12000 [41:47<3:23:21,  1.20s/step]Training:  15%|█▍        | 1791/12000 [41:48<3:22:57,  1.19s/step]Training:  15%|█▍        | 1792/12000 [41:49<3:22:47,  1.19s/step]Training:  15%|█▍        | 1793/12000 [41:50<3:22:30,  1.19s/step]Training:  15%|█▍        | 1794/12000 [41:52<3:22:04,  1.19s/step]Training:  15%|█▍        | 1795/12000 [41:53<3:23:53,  1.20s/step]Training:  15%|█▍        | 1796/12000 [41:54<3:22:34,  1.19s/step]Training:  15%|█▍        | 1797/12000 [41:55<3:23:38,  1.20s/step]Training:  15%|█▍        | 1798/12000 [41:56<3:25:58,  1.21s/step]Training:  15%|█▍        | 1799/12000 [41:58<3:25:00,  1.21s/step]Training:  15%|█▌        | 1800/12000 [41:59<3:23:57,  1.20s/step]INFO 2026-09-16 04:36:04 ot_train.py:670 step:2K smpl:115K ep:1K epch:4.24 loss:0.155 grdn:1.455 lr:9.5e-05 updt_s:0.981 data_s:0.055 smp/s:62 mem_gb:14.26 losses_after_forward:0.128 losses_after_in_ep_bound:0.109 losses_after_rm_padding:0.109
Training:  15%|█▌        | 1801/12000 [42:00<3:24:15,  1.20s/step]Training:  15%|█▌        | 1802/12000 [42:01<3:24:52,  1.21s/step]Training:  15%|█▌        | 1803/12000 [42:03<3:26:30,  1.22s/step]Training:  15%|█▌        | 1804/12000 [42:04<3:27:35,  1.22s/step]Training:  15%|█▌        | 1805/12000 [42:05<3:26:37,  1.22s/step]Training:  15%|█▌        | 1806/12000 [42:06<3:25:49,  1.21s/step]Training:  15%|█▌        | 1807/12000 [42:07<3:25:13,  1.21s/step]Training:  15%|█▌        | 1808/12000 [42:09<3:23:19,  1.20s/step]Training:  15%|█▌        | 1809/12000 [42:10<3:22:05,  1.19s/step]Training:  15%|█▌        | 1810/12000 [42:11<3:23:17,  1.20s/step]Training:  15%|█▌        | 1811/12000 [42:12<3:23:45,  1.20s/step]Training:  15%|█▌        | 1812/12000 [42:13<3:24:49,  1.21s/step]Training:  15%|█▌        | 1813/12000 [42:15<3:27:04,  1.22s/step]Training:  15%|█▌        | 1814/12000 [42:16<3:25:16,  1.21s/step]Training:  15%|█▌        | 1815/12000 [42:17<3:25:00,  1.21s/step]Training:  15%|█▌        | 1816/12000 [42:18<3:23:53,  1.20s/step]Training:  15%|█▌        | 1817/12000 [42:19<3:23:22,  1.20s/step]Training:  15%|█▌        | 1818/12000 [42:21<3:22:45,  1.19s/step]Training:  15%|█▌        | 1819/12000 [42:22<3:23:07,  1.20s/step]Training:  15%|█▌        | 1820/12000 [42:23<3:23:29,  1.20s/step]Training:  15%|█▌        | 1821/12000 [42:24<3:21:50,  1.19s/step]Training:  15%|█▌        | 1822/12000 [42:25<3:21:43,  1.19s/step]Training:  15%|█▌        | 1823/12000 [42:27<3:22:18,  1.19s/step]Training:  15%|█▌        | 1824/12000 [42:28<3:21:49,  1.19s/step]Training:  15%|█▌        | 1825/12000 [42:29<3:23:14,  1.20s/step]Training:  15%|█▌        | 1826/12000 [42:30<3:22:04,  1.19s/step]Training:  15%|█▌        | 1827/12000 [42:31<3:22:29,  1.19s/step]Training:  15%|█▌        | 1828/12000 [42:32<3:22:05,  1.19s/step]Training:  15%|█▌        | 1829/12000 [42:34<3:22:19,  1.19s/step]Training:  15%|█▌        | 1830/12000 [42:35<3:26:35,  1.22s/step]Training:  15%|█▌        | 1831/12000 [42:36<3:27:35,  1.22s/step]Training:  15%|█▌        | 1832/12000 [42:37<3:25:33,  1.21s/step]Training:  15%|█▌        | 1833/12000 [42:39<3:24:17,  1.21s/step]Training:  15%|█▌        | 1834/12000 [42:40<3:23:38,  1.20s/step]Training:  15%|█▌        | 1835/12000 [42:41<3:23:29,  1.20s/step]Training:  15%|█▌        | 1836/12000 [42:42<3:26:14,  1.22s/step]Training:  15%|█▌        | 1837/12000 [42:43<3:25:25,  1.21s/step]Training:  15%|█▌        | 1838/12000 [42:45<3:26:06,  1.22s/step]Training:  15%|█▌        | 1839/12000 [42:46<3:25:26,  1.21s/step]Training:  15%|█▌        | 1840/12000 [42:47<3:24:56,  1.21s/step]Training:  15%|█▌        | 1841/12000 [42:48<3:24:29,  1.21s/step]Training:  15%|█▌        | 1842/12000 [42:49<3:23:53,  1.20s/step]Training:  15%|█▌        | 1843/12000 [42:51<3:25:30,  1.21s/step]Training:  15%|█▌        | 1844/12000 [42:52<3:28:36,  1.23s/step]Training:  15%|█▌        | 1845/12000 [42:53<3:27:20,  1.23s/step]Training:  15%|█▌        | 1846/12000 [42:54<3:25:57,  1.22s/step]Training:  15%|█▌        | 1847/12000 [42:56<3:24:47,  1.21s/step]Training:  15%|█▌        | 1848/12000 [42:57<3:23:29,  1.20s/step]Training:  15%|█▌        | 1849/12000 [42:58<3:23:05,  1.20s/step]Training:  15%|█▌        | 1850/12000 [42:59<3:22:38,  1.20s/step]Training:  15%|█▌        | 1851/12000 [43:00<3:21:40,  1.19s/step]Training:  15%|█▌        | 1852/12000 [43:02<3:22:37,  1.20s/step]Training:  15%|█▌        | 1853/12000 [43:03<3:22:13,  1.20s/step]Training:  15%|█▌        | 1854/12000 [43:04<3:23:16,  1.20s/step]Training:  15%|█▌        | 1855/12000 [43:05<3:22:00,  1.19s/step]Training:  15%|█▌        | 1856/12000 [43:06<3:20:49,  1.19s/step]Training:  15%|█▌        | 1857/12000 [43:07<3:20:41,  1.19s/step]Training:  15%|█▌        | 1858/12000 [43:09<3:21:37,  1.19s/step]Training:  15%|█▌        | 1859/12000 [43:10<3:21:56,  1.19s/step]Training:  16%|█▌        | 1860/12000 [43:11<3:24:29,  1.21s/step]Training:  16%|█▌        | 1861/12000 [43:12<3:27:28,  1.23s/step]Training:  16%|█▌        | 1862/12000 [43:14<3:25:55,  1.22s/step]Training:  16%|█▌        | 1863/12000 [43:15<3:25:00,  1.21s/step]Training:  16%|█▌        | 1864/12000 [43:16<3:23:50,  1.21s/step]Training:  16%|█▌        | 1865/12000 [43:17<3:21:49,  1.19s/step]Training:  16%|█▌        | 1866/12000 [43:18<3:22:03,  1.20s/step]Training:  16%|█▌        | 1867/12000 [43:20<3:24:36,  1.21s/step]Training:  16%|█▌        | 1868/12000 [43:21<3:24:49,  1.21s/step]Training:  16%|█▌        | 1869/12000 [43:22<3:24:04,  1.21s/step]Training:  16%|█▌        | 1870/12000 [43:23<3:24:08,  1.21s/step]Training:  16%|█▌        | 1871/12000 [43:24<3:23:48,  1.21s/step]Training:  16%|█▌        | 1872/12000 [43:26<3:23:17,  1.20s/step]Training:  16%|█▌        | 1873/12000 [43:27<3:24:42,  1.21s/step]Training:  16%|█▌        | 1874/12000 [43:28<3:27:19,  1.23s/step]Training:  16%|█▌        | 1875/12000 [43:29<3:26:10,  1.22s/step]Training:  16%|█▌        | 1876/12000 [43:31<3:25:30,  1.22s/step]Training:  16%|█▌        | 1877/12000 [43:32<3:24:34,  1.21s/step]Training:  16%|█▌        | 1878/12000 [43:33<3:24:57,  1.21s/step]Training:  16%|█▌        | 1879/12000 [43:34<3:23:33,  1.21s/step]Training:  16%|█▌        | 1880/12000 [43:35<3:24:22,  1.21s/step]Training:  16%|█▌        | 1881/12000 [43:37<3:23:34,  1.21s/step]Training:  16%|█▌        | 1882/12000 [43:38<3:23:25,  1.21s/step]Training:  16%|█▌        | 1883/12000 [43:39<3:22:26,  1.20s/step]Training:  16%|█▌        | 1884/12000 [43:40<3:22:40,  1.20s/step]Training:  16%|█▌        | 1885/12000 [43:41<3:22:17,  1.20s/step]Training:  16%|█▌        | 1886/12000 [43:43<3:21:49,  1.20s/step]Training:  16%|█▌        | 1887/12000 [43:44<3:22:14,  1.20s/step]Training:  16%|█▌        | 1888/12000 [43:45<3:24:22,  1.21s/step]Training:  16%|█▌        | 1889/12000 [43:46<3:26:49,  1.23s/step]Training:  16%|█▌        | 1890/12000 [43:47<3:25:33,  1.22s/step]Training:  16%|█▌        | 1891/12000 [43:49<3:23:08,  1.21s/step]Training:  16%|█▌        | 1892/12000 [43:50<3:21:57,  1.20s/step]Training:  16%|█▌        | 1893/12000 [43:51<3:22:42,  1.20s/step]Training:  16%|█▌        | 1894/12000 [43:52<3:21:53,  1.20s/step]Training:  16%|█▌        | 1895/12000 [43:53<3:22:52,  1.20s/step]Training:  16%|█▌        | 1896/12000 [43:55<3:23:23,  1.21s/step]Training:  16%|█▌        | 1897/12000 [43:56<3:22:50,  1.20s/step]Training:  16%|█▌        | 1898/12000 [43:57<3:22:48,  1.20s/step]Training:  16%|█▌        | 1899/12000 [43:58<3:23:09,  1.21s/step]Training:  16%|█▌        | 1900/12000 [43:59<3:22:32,  1.20s/step]Training:  16%|█▌        | 1901/12000 [44:01<3:21:50,  1.20s/step]Training:  16%|█▌        | 1902/12000 [44:02<3:21:43,  1.20s/step]Training:  16%|█▌        | 1903/12000 [44:03<3:22:06,  1.20s/step]Training:  16%|█▌        | 1904/12000 [44:04<3:23:26,  1.21s/step]Training:  16%|█▌        | 1905/12000 [44:06<3:25:19,  1.22s/step]Training:  16%|█▌        | 1906/12000 [44:07<3:23:25,  1.21s/step]Training:  16%|█▌        | 1907/12000 [44:08<3:22:51,  1.21s/step]Training:  16%|█▌        | 1908/12000 [44:09<3:22:23,  1.20s/step]Training:  16%|█▌        | 1909/12000 [44:10<3:21:59,  1.20s/step]Training:  16%|█▌        | 1910/12000 [44:12<3:25:51,  1.22s/step]Training:  16%|█▌        | 1911/12000 [44:13<3:23:35,  1.21s/step]Training:  16%|█▌        | 1912/12000 [44:14<3:23:47,  1.21s/step]Training:  16%|█▌        | 1913/12000 [44:15<3:22:38,  1.21s/step]Training:  16%|█▌        | 1914/12000 [44:16<3:21:34,  1.20s/step]Training:  16%|█▌        | 1915/12000 [44:18<3:21:30,  1.20s/step]Training:  16%|█▌        | 1916/12000 [44:19<3:21:22,  1.20s/step]Training:  16%|█▌        | 1917/12000 [44:20<3:22:20,  1.20s/step]Training:  16%|█▌        | 1918/12000 [44:21<3:24:31,  1.22s/step]Training:  16%|█▌        | 1919/12000 [44:22<3:27:33,  1.24s/step]Training:  16%|█▌        | 1920/12000 [44:24<3:25:33,  1.22s/step]Training:  16%|█▌        | 1921/12000 [44:25<3:24:31,  1.22s/step]Training:  16%|█▌        | 1922/12000 [44:26<3:23:45,  1.21s/step]Training:  16%|█▌        | 1923/12000 [44:27<3:23:45,  1.21s/step]Training:  16%|█▌        | 1924/12000 [44:28<3:22:42,  1.21s/step]Training:  16%|█▌        | 1925/12000 [44:30<3:22:26,  1.21s/step]Training:  16%|█▌        | 1926/12000 [44:31<3:21:50,  1.20s/step]Training:  16%|█▌        | 1927/12000 [44:32<3:23:06,  1.21s/step]Training:  16%|█▌        | 1928/12000 [44:33<3:22:55,  1.21s/step]Training:  16%|█▌        | 1929/12000 [44:35<3:23:06,  1.21s/step]Training:  16%|█▌        | 1930/12000 [44:36<3:24:06,  1.22s/step]Training:  16%|█▌        | 1931/12000 [44:37<3:27:13,  1.23s/step]Training:  16%|█▌        | 1932/12000 [44:38<3:26:40,  1.23s/step]Training:  16%|█▌        | 1933/12000 [44:39<3:25:09,  1.22s/step]Training:  16%|█▌        | 1934/12000 [44:41<3:24:57,  1.22s/step]Training:  16%|█▌        | 1935/12000 [44:42<3:23:21,  1.21s/step]Training:  16%|█▌        | 1936/12000 [44:43<3:22:55,  1.21s/step]Training:  16%|█▌        | 1937/12000 [44:44<3:24:13,  1.22s/step]Training:  16%|█▌        | 1938/12000 [44:46<3:21:57,  1.20s/step]Training:  16%|█▌        | 1939/12000 [44:47<3:21:24,  1.20s/step]Training:  16%|█▌        | 1940/12000 [44:48<3:21:24,  1.20s/step]Training:  16%|█▌        | 1941/12000 [44:49<3:20:53,  1.20s/step]Training:  16%|█▌        | 1942/12000 [44:50<3:20:59,  1.20s/step]Training:  16%|█▌        | 1943/12000 [44:52<3:21:47,  1.20s/step]Training:  16%|█▌        | 1944/12000 [44:53<3:21:18,  1.20s/step]Training:  16%|█▌        | 1945/12000 [44:54<3:24:46,  1.22s/step]Training:  16%|█▌        | 1946/12000 [44:55<3:24:58,  1.22s/step]Training:  16%|█▌        | 1947/12000 [44:56<3:23:08,  1.21s/step]Training:  16%|█▌        | 1948/12000 [44:58<3:22:38,  1.21s/step]Training:  16%|█▌        | 1949/12000 [44:59<3:22:49,  1.21s/step]Training:  16%|█▋        | 1950/12000 [45:00<3:23:48,  1.22s/step]Training:  16%|█▋        | 1951/12000 [45:01<3:22:59,  1.21s/step]Training:  16%|█▋        | 1952/12000 [45:02<3:23:11,  1.21s/step]Training:  16%|█▋        | 1953/12000 [45:04<3:23:17,  1.21s/step]Training:  16%|█▋        | 1954/12000 [45:05<3:22:43,  1.21s/step]Training:  16%|█▋        | 1955/12000 [45:06<3:22:32,  1.21s/step]Training:  16%|█▋        | 1956/12000 [45:07<3:22:23,  1.21s/step]Training:  16%|█▋        | 1957/12000 [45:08<3:21:48,  1.21s/step]Training:  16%|█▋        | 1958/12000 [45:10<3:23:49,  1.22s/step]Training:  16%|█▋        | 1959/12000 [45:11<3:25:33,  1.23s/step]Training:  16%|█▋        | 1960/12000 [45:12<3:23:29,  1.22s/step]Training:  16%|█▋        | 1961/12000 [45:13<3:28:07,  1.24s/step]Training:  16%|█▋        | 1962/12000 [45:15<3:31:24,  1.26s/step]Training:  16%|█▋        | 1963/12000 [45:16<3:29:54,  1.25s/step]Training:  16%|█▋        | 1964/12000 [45:17<3:27:54,  1.24s/step]Training:  16%|█▋        | 1965/12000 [45:18<3:26:00,  1.23s/step]Training:  16%|█▋        | 1966/12000 [45:20<3:25:08,  1.23s/step]Training:  16%|█▋        | 1967/12000 [45:21<3:23:45,  1.22s/step]Training:  16%|█▋        | 1968/12000 [45:22<3:23:22,  1.22s/step]Training:  16%|█▋        | 1969/12000 [45:23<3:27:49,  1.24s/step]Training:  16%|█▋        | 1970/12000 [45:25<3:28:16,  1.25s/step]Training:  16%|█▋        | 1971/12000 [45:26<3:25:08,  1.23s/step]Training:  16%|█▋        | 1972/12000 [45:27<3:23:38,  1.22s/step]Training:  16%|█▋        | 1973/12000 [45:28<3:21:48,  1.21s/step]Training:  16%|█▋        | 1974/12000 [45:29<3:21:46,  1.21s/step]Training:  16%|█▋        | 1975/12000 [45:31<3:21:16,  1.20s/step]Training:  16%|█▋        | 1976/12000 [45:32<3:22:12,  1.21s/step]Training:  16%|█▋        | 1977/12000 [45:33<3:21:06,  1.20s/step]Training:  16%|█▋        | 1978/12000 [45:34<3:20:28,  1.20s/step]Training:  16%|█▋        | 1979/12000 [45:35<3:22:08,  1.21s/step]Training:  16%|█▋        | 1980/12000 [45:37<3:22:16,  1.21s/step]Training:  17%|█▋        | 1981/12000 [45:38<3:22:18,  1.21s/step]Training:  17%|█▋        | 1982/12000 [45:39<3:21:55,  1.21s/step]Training:  17%|█▋        | 1983/12000 [45:40<3:25:26,  1.23s/step]Training:  17%|█▋        | 1984/12000 [45:42<3:24:14,  1.22s/step]Training:  17%|█▋        | 1985/12000 [45:43<3:23:01,  1.22s/step]Training:  17%|█▋        | 1986/12000 [45:44<3:22:07,  1.21s/step]Training:  17%|█▋        | 1987/12000 [45:45<3:21:38,  1.21s/step]Training:  17%|█▋        | 1988/12000 [45:46<3:20:49,  1.20s/step]Training:  17%|█▋        | 1989/12000 [45:48<3:21:51,  1.21s/step]Training:  17%|█▋        | 1990/12000 [45:49<3:20:49,  1.20s/step]Training:  17%|█▋        | 1991/12000 [45:50<3:20:22,  1.20s/step]Training:  17%|█▋        | 1992/12000 [45:51<3:20:45,  1.20s/step]Training:  17%|█▋        | 1993/12000 [45:52<3:20:43,  1.20s/step]Training:  17%|█▋        | 1994/12000 [45:54<3:21:02,  1.21s/step]Training:  17%|█▋        | 1995/12000 [45:55<3:22:39,  1.22s/step]Training:  17%|█▋        | 1996/12000 [45:56<3:22:45,  1.22s/step]Training:  17%|█▋        | 1997/12000 [45:57<3:25:11,  1.23s/step]Training:  17%|█▋        | 1998/12000 [45:58<3:23:28,  1.22s/step]Training:  17%|█▋        | 1999/12000 [46:00<3:23:18,  1.22s/step]Training:  17%|█▋        | 2000/12000 [46:01<3:22:52,  1.22s/step]INFO 2026-09-16 04:40:06 ot_train.py:670 step:2K smpl:128K ep:2K epch:4.71 loss:0.151 grdn:1.501 lr:9.4e-05 updt_s:0.991 data_s:0.046 smp/s:62 mem_gb:14.29 losses_after_forward:0.125 losses_after_in_ep_bound:0.105 losses_after_rm_padding:0.105
INFO 2026-09-16 04:40:06 ot_train.py:716 Checkpoint policy after step 2000
Training:  17%|█▋        | 2001/12000 [46:11<10:34:54,  3.81s/step]Training:  17%|█▋        | 2002/12000 [46:12<8:25:48,  3.04s/step] Training:  17%|█▋        | 2003/12000 [46:13<6:53:56,  2.48s/step]Training:  17%|█▋        | 2004/12000 [46:14<5:48:52,  2.09s/step]Training:  17%|█▋        | 2005/12000 [46:16<5:04:50,  1.83s/step]Training:  17%|█▋        | 2006/12000 [46:17<4:35:23,  1.65s/step]Training:  17%|█▋        | 2007/12000 [46:18<4:14:53,  1.53s/step]Training:  17%|█▋        | 2008/12000 [46:19<3:57:25,  1.43s/step]Training:  17%|█▋        | 2009/12000 [46:20<3:46:12,  1.36s/step]Training:  17%|█▋        | 2010/12000 [46:22<3:37:52,  1.31s/step]Training:  17%|█▋        | 2011/12000 [46:23<3:32:59,  1.28s/step]Training:  17%|█▋        | 2012/12000 [46:24<3:28:22,  1.25s/step]Training:  17%|█▋        | 2013/12000 [46:25<3:25:40,  1.24s/step]Training:  17%|█▋        | 2014/12000 [46:26<3:24:42,  1.23s/step]Training:  17%|█▋        | 2015/12000 [46:28<3:27:58,  1.25s/step]Training:  17%|█▋        | 2016/12000 [46:29<3:28:32,  1.25s/step]Training:  17%|█▋        | 2017/12000 [46:30<3:25:02,  1.23s/step]Training:  17%|█▋        | 2018/12000 [46:31<3:23:34,  1.22s/step]Training:  17%|█▋        | 2019/12000 [46:33<3:23:44,  1.22s/step]Training:  17%|█▋        | 2020/12000 [46:34<3:21:30,  1.21s/step]Training:  17%|█▋        | 2021/12000 [46:35<3:19:57,  1.20s/step]Training:  17%|█▋        | 2022/12000 [46:36<3:20:40,  1.21s/step]Training:  17%|█▋        | 2023/12000 [46:37<3:20:41,  1.21s/step]Training:  17%|█▋        | 2024/12000 [46:39<3:19:27,  1.20s/step]Training:  17%|█▋        | 2025/12000 [46:40<3:19:41,  1.20s/step]Training:  17%|█▋        | 2026/12000 [46:41<3:19:38,  1.20s/step]Training:  17%|█▋        | 2027/12000 [46:42<3:18:55,  1.20s/step]Training:  17%|█▋        | 2028/12000 [46:43<3:19:34,  1.20s/step]Training:  17%|█▋        | 2029/12000 [46:45<3:19:40,  1.20s/step]Training:  17%|█▋        | 2030/12000 [46:46<3:22:55,  1.22s/step]Training:  17%|█▋        | 2031/12000 [46:47<3:23:41,  1.23s/step]Training:  17%|█▋        | 2032/12000 [46:48<3:22:59,  1.22s/step]Training:  17%|█▋        | 2033/12000 [46:50<3:21:24,  1.21s/step]Training:  17%|█▋        | 2034/12000 [46:51<3:20:04,  1.20s/step]Training:  17%|█▋        | 2035/12000 [46:52<3:18:25,  1.19s/step]Training:  17%|█▋        | 2036/12000 [46:53<3:19:04,  1.20s/step]Training:  17%|█▋        | 2037/12000 [46:54<3:20:24,  1.21s/step]Training:  17%|█▋        | 2038/12000 [46:56<3:20:33,  1.21s/step]Training:  17%|█▋        | 2039/12000 [46:57<3:20:44,  1.21s/step]Training:  17%|█▋        | 2040/12000 [46:58<3:19:15,  1.20s/step]Training:  17%|█▋        | 2041/12000 [46:59<3:19:11,  1.20s/step]Training:  17%|█▋        | 2042/12000 [47:00<3:18:30,  1.20s/step]Training:  17%|█▋        | 2043/12000 [47:02<3:18:21,  1.20s/step]Training:  17%|█▋        | 2044/12000 [47:03<3:18:23,  1.20s/step]Training:  17%|█▋        | 2045/12000 [47:04<3:22:46,  1.22s/step]Training:  17%|█▋        | 2046/12000 [47:05<3:24:04,  1.23s/step]Training:  17%|█▋        | 2047/12000 [47:06<3:23:31,  1.23s/step]Training:  17%|█▋        | 2048/12000 [47:08<3:22:42,  1.22s/step]Training:  17%|█▋        | 2049/12000 [47:09<3:21:27,  1.21s/step]Training:  17%|█▋        | 2050/12000 [47:10<3:22:21,  1.22s/step]Training:  17%|█▋        | 2051/12000 [47:11<3:21:26,  1.21s/step]Training:  17%|█▋        | 2052/12000 [47:12<3:20:32,  1.21s/step]Training:  17%|█▋        | 2053/12000 [47:14<3:18:52,  1.20s/step]Training:  17%|█▋        | 2054/12000 [47:15<3:19:58,  1.21s/step]Training:  17%|█▋        | 2055/12000 [47:16<3:20:45,  1.21s/step]Training:  17%|█▋        | 2056/12000 [47:17<3:20:30,  1.21s/step]Training:  17%|█▋        | 2057/12000 [47:19<3:23:27,  1.23s/step]Training:  17%|█▋        | 2058/12000 [47:20<3:24:50,  1.24s/step]Training:  17%|█▋        | 2059/12000 [47:21<3:24:05,  1.23s/step]Training:  17%|█▋        | 2060/12000 [47:22<3:23:09,  1.23s/step]Training:  17%|█▋        | 2061/12000 [47:23<3:21:53,  1.22s/step]Training:  17%|█▋        | 2062/12000 [47:25<3:21:51,  1.22s/step]Training:  17%|█▋        | 2063/12000 [47:26<3:20:35,  1.21s/step]Training:  17%|█▋        | 2064/12000 [47:27<3:20:16,  1.21s/step]Training:  17%|█▋        | 2065/12000 [47:28<3:18:50,  1.20s/step]Training:  17%|█▋        | 2066/12000 [47:29<3:18:02,  1.20s/step]Training:  17%|█▋        | 2067/12000 [47:31<3:17:30,  1.19s/step]Training:  17%|█▋        | 2068/12000 [47:32<3:19:18,  1.20s/step]Training:  17%|█▋        | 2069/12000 [47:33<3:18:42,  1.20s/step]Training:  17%|█▋        | 2070/12000 [47:34<3:19:38,  1.21s/step]Training:  17%|█▋        | 2071/12000 [47:36<3:21:28,  1.22s/step]Training:  17%|█▋        | 2072/12000 [47:37<3:22:49,  1.23s/step]Training:  17%|█▋        | 2073/12000 [47:38<3:21:15,  1.22s/step]Training:  17%|█▋        | 2074/12000 [47:39<3:20:04,  1.21s/step]Training:  17%|█▋        | 2075/12000 [47:40<3:18:47,  1.20s/step]Training:  17%|█▋        | 2076/12000 [47:42<3:18:48,  1.20s/step]Training:  17%|█▋        | 2077/12000 [47:43<3:17:54,  1.20s/step]Training:  17%|█▋        | 2078/12000 [47:44<3:17:31,  1.19s/step]Training:  17%|█▋        | 2079/12000 [47:45<3:17:51,  1.20s/step]Training:  17%|█▋        | 2080/12000 [47:46<3:18:31,  1.20s/step]Training:  17%|█▋        | 2081/12000 [47:48<3:18:15,  1.20s/step]Training:  17%|█▋        | 2082/12000 [47:49<3:17:28,  1.19s/step]Training:  17%|█▋        | 2083/12000 [47:50<3:17:19,  1.19s/step]Training:  17%|█▋        | 2084/12000 [47:51<3:17:19,  1.19s/step]Training:  17%|█▋        | 2085/12000 [47:52<3:18:05,  1.20s/step]Training:  17%|█▋        | 2086/12000 [47:54<3:18:37,  1.20s/step]Training:  17%|█▋        | 2087/12000 [47:55<3:22:34,  1.23s/step]Training:  17%|█▋        | 2088/12000 [47:56<3:22:17,  1.22s/step]Training:  17%|█▋        | 2089/12000 [47:57<3:21:20,  1.22s/step]Training:  17%|█▋        | 2090/12000 [47:58<3:20:29,  1.21s/step]Training:  17%|█▋        | 2091/12000 [48:00<3:19:38,  1.21s/step]Training:  17%|█▋        | 2092/12000 [48:01<3:18:22,  1.20s/step]Training:  17%|█▋        | 2093/12000 [48:02<3:17:55,  1.20s/step]Training:  17%|█▋        | 2094/12000 [48:03<3:19:57,  1.21s/step]Training:  17%|█▋        | 2095/12000 [48:04<3:19:29,  1.21s/step]Training:  17%|█▋        | 2096/12000 [48:06<3:19:00,  1.21s/step]Training:  17%|█▋        | 2097/12000 [48:07<3:17:37,  1.20s/step]Training:  17%|█▋        | 2098/12000 [48:08<3:17:50,  1.20s/step]Training:  17%|█▋        | 2099/12000 [48:09<3:18:10,  1.20s/step]Training:  18%|█▊        | 2100/12000 [48:10<3:18:08,  1.20s/step]Training:  18%|█▊        | 2101/12000 [48:12<3:18:45,  1.20s/step]Training:  18%|█▊        | 2102/12000 [48:13<3:20:42,  1.22s/step]Training:  18%|█▊        | 2103/12000 [48:14<3:20:22,  1.21s/step]Training:  18%|█▊        | 2104/12000 [48:15<3:19:16,  1.21s/step]Training:  18%|█▊        | 2105/12000 [48:16<3:18:05,  1.20s/step]Training:  18%|█▊        | 2106/12000 [48:18<3:17:55,  1.20s/step]Training:  18%|█▊        | 2107/12000 [48:19<3:17:32,  1.20s/step]Training:  18%|█▊        | 2108/12000 [48:20<3:17:49,  1.20s/step]Training:  18%|█▊        | 2109/12000 [48:21<3:18:14,  1.20s/step]Training:  18%|█▊        | 2110/12000 [48:22<3:17:24,  1.20s/step]Training:  18%|█▊        | 2111/12000 [48:24<3:16:59,  1.20s/step]Training:  18%|█▊        | 2112/12000 [48:25<3:16:36,  1.19s/step]Training:  18%|█▊        | 2113/12000 [48:26<3:16:12,  1.19s/step]Training:  18%|█▊        | 2114/12000 [48:27<3:15:59,  1.19s/step]Training:  18%|█▊        | 2115/12000 [48:28<3:15:37,  1.19s/step]Training:  18%|█▊        | 2116/12000 [48:30<3:15:40,  1.19s/step]Training:  18%|█▊        | 2117/12000 [48:31<3:16:24,  1.19s/step]Training:  18%|█▊        | 2118/12000 [48:32<3:19:21,  1.21s/step]Training:  18%|█▊        | 2119/12000 [48:33<3:18:49,  1.21s/step]Training:  18%|█▊        | 2120/12000 [48:34<3:17:43,  1.20s/step]Training:  18%|█▊        | 2121/12000 [48:36<3:16:42,  1.19s/step]Training:  18%|█▊        | 2122/12000 [48:37<3:16:15,  1.19s/step]Training:  18%|█▊        | 2123/12000 [48:38<3:15:35,  1.19s/step]Training:  18%|█▊        | 2124/12000 [48:39<3:15:35,  1.19s/step]Training:  18%|█▊        | 2125/12000 [48:40<2:54:59,  1.06s/step]Training:  18%|█▊        | 2126/12000 [48:44<4:58:31,  1.81s/step]Training:  18%|█▊        | 2127/12000 [48:45<4:31:21,  1.65s/step]Training:  18%|█▊        | 2128/12000 [48:46<4:12:45,  1.54s/step]Training:  18%|█▊        | 2129/12000 [48:47<4:00:39,  1.46s/step]Training:  18%|█▊        | 2130/12000 [48:49<3:46:52,  1.38s/step]Training:  18%|█▊        | 2131/12000 [48:50<3:37:01,  1.32s/step]Training:  18%|█▊        | 2132/12000 [48:51<3:30:52,  1.28s/step]Training:  18%|█▊        | 2133/12000 [48:52<3:25:49,  1.25s/step]Training:  18%|█▊        | 2134/12000 [48:53<3:24:03,  1.24s/step]Training:  18%|█▊        | 2135/12000 [48:55<3:23:34,  1.24s/step]Training:  18%|█▊        | 2136/12000 [48:56<3:23:15,  1.24s/step]Training:  18%|█▊        | 2137/12000 [48:57<3:23:14,  1.24s/step]Training:  18%|█▊        | 2138/12000 [48:58<3:21:25,  1.23s/step]Training:  18%|█▊        | 2139/12000 [48:59<3:20:22,  1.22s/step]Training:  18%|█▊        | 2140/12000 [49:01<3:20:07,  1.22s/step]Training:  18%|█▊        | 2141/12000 [49:02<3:19:57,  1.22s/step]Training:  18%|█▊        | 2142/12000 [49:03<3:21:16,  1.23s/step]Training:  18%|█▊        | 2143/12000 [49:04<3:21:13,  1.22s/step]Training:  18%|█▊        | 2144/12000 [49:06<3:20:32,  1.22s/step]Training:  18%|█▊        | 2145/12000 [49:07<3:20:51,  1.22s/step]Training:  18%|█▊        | 2146/12000 [49:08<3:21:26,  1.23s/step]Training:  18%|█▊        | 2147/12000 [49:09<3:21:17,  1.23s/step]Training:  18%|█▊        | 2148/12000 [49:10<3:18:50,  1.21s/step]Training:  18%|█▊        | 2149/12000 [49:12<3:18:27,  1.21s/step]Training:  18%|█▊        | 2150/12000 [49:13<3:20:29,  1.22s/step]Training:  18%|█▊        | 2151/12000 [49:14<3:21:56,  1.23s/step]Training:  18%|█▊        | 2152/12000 [49:15<3:19:17,  1.21s/step]Training:  18%|█▊        | 2153/12000 [49:16<3:18:22,  1.21s/step]Training:  18%|█▊        | 2154/12000 [49:18<3:17:32,  1.20s/step]Training:  18%|█▊        | 2155/12000 [49:19<3:18:43,  1.21s/step]Training:  18%|█▊        | 2156/12000 [49:20<3:18:17,  1.21s/step]Training:  18%|█▊        | 2157/12000 [49:21<3:19:10,  1.21s/step]Training:  18%|█▊        | 2158/12000 [49:22<3:18:11,  1.21s/step]Training:  18%|█▊        | 2159/12000 [49:24<3:18:39,  1.21s/step]Training:  18%|█▊        | 2160/12000 [49:25<3:17:54,  1.21s/step]Training:  18%|█▊        | 2161/12000 [49:26<3:18:26,  1.21s/step]Training:  18%|█▊        | 2162/12000 [49:27<3:18:00,  1.21s/step]Training:  18%|█▊        | 2163/12000 [49:29<3:22:15,  1.23s/step]Training:  18%|█▊        | 2164/12000 [49:30<3:23:20,  1.24s/step]Training:  18%|█▊        | 2165/12000 [49:31<3:20:57,  1.23s/step]Training:  18%|█▊        | 2166/12000 [49:32<3:19:25,  1.22s/step]Training:  18%|█▊        | 2167/12000 [49:33<3:18:03,  1.21s/step]Training:  18%|█▊        | 2168/12000 [49:35<3:17:23,  1.20s/step]Training:  18%|█▊        | 2169/12000 [49:36<3:16:22,  1.20s/step]Training:  18%|█▊        | 2170/12000 [49:37<3:15:23,  1.19s/step]Training:  18%|█▊        | 2171/12000 [49:38<3:16:48,  1.20s/step]Training:  18%|█▊        | 2172/12000 [49:39<3:17:02,  1.20s/step]Training:  18%|█▊        | 2173/12000 [49:41<3:17:36,  1.21s/step]Training:  18%|█▊        | 2174/12000 [49:42<3:17:33,  1.21s/step]Training:  18%|█▊        | 2175/12000 [49:43<3:19:00,  1.22s/step]Training:  18%|█▊        | 2176/12000 [49:44<3:18:25,  1.21s/step]Training:  18%|█▊        | 2177/12000 [49:46<3:21:18,  1.23s/step]Training:  18%|█▊        | 2178/12000 [49:47<3:22:33,  1.24s/step]Training:  18%|█▊        | 2179/12000 [49:48<3:19:42,  1.22s/step]Training:  18%|█▊        | 2180/12000 [49:49<3:19:35,  1.22s/step]Training:  18%|█▊        | 2181/12000 [49:50<3:18:09,  1.21s/step]Training:  18%|█▊        | 2182/12000 [49:52<3:17:32,  1.21s/step]Training:  18%|█▊        | 2183/12000 [49:53<3:20:26,  1.23s/step]Training:  18%|█▊        | 2184/12000 [49:54<3:18:40,  1.21s/step]Training:  18%|█▊        | 2185/12000 [49:55<3:17:51,  1.21s/step]Training:  18%|█▊        | 2186/12000 [49:56<3:17:17,  1.21s/step]Training:  18%|█▊        | 2187/12000 [49:58<3:18:52,  1.22s/step]Training:  18%|█▊        | 2188/12000 [49:59<3:18:02,  1.21s/step]Training:  18%|█▊        | 2189/12000 [50:00<3:18:51,  1.22s/step]Training:  18%|█▊        | 2190/12000 [50:01<3:21:18,  1.23s/step]Training:  18%|█▊        | 2191/12000 [50:03<3:21:51,  1.23s/step]Training:  18%|█▊        | 2192/12000 [50:04<3:19:53,  1.22s/step]Training:  18%|█▊        | 2193/12000 [50:05<3:18:55,  1.22s/step]Training:  18%|█▊        | 2194/12000 [50:06<3:19:41,  1.22s/step]Training:  18%|█▊        | 2195/12000 [50:08<3:20:46,  1.23s/step]Training:  18%|█▊        | 2196/12000 [50:09<3:20:14,  1.23s/step]Training:  18%|█▊        | 2197/12000 [50:10<3:19:59,  1.22s/step]Training:  18%|█▊        | 2198/12000 [50:11<3:20:29,  1.23s/step]Training:  18%|█▊        | 2199/12000 [50:12<3:18:46,  1.22s/step]Training:  18%|█▊        | 2200/12000 [50:14<3:19:00,  1.22s/step]INFO 2026-09-16 04:44:19 ot_train.py:670 step:2K smpl:141K ep:2K epch:5.18 loss:0.148 grdn:1.416 lr:9.3e-05 updt_s:0.991 data_s:0.056 smp/s:61 mem_gb:14.26 losses_after_forward:0.122 losses_after_in_ep_bound:0.104 losses_after_rm_padding:0.104
Training:  18%|█▊        | 2201/12000 [50:15<3:18:12,  1.21s/step]Training:  18%|█▊        | 2202/12000 [50:16<3:20:57,  1.23s/step]Training:  18%|█▊        | 2203/12000 [50:17<3:22:44,  1.24s/step]Training:  18%|█▊        | 2204/12000 [50:19<3:21:21,  1.23s/step]Training:  18%|█▊        | 2205/12000 [50:20<3:20:26,  1.23s/step]Training:  18%|█▊        | 2206/12000 [50:21<3:21:25,  1.23s/step]Training:  18%|█▊        | 2207/12000 [50:22<3:20:23,  1.23s/step]Training:  18%|█▊        | 2208/12000 [50:23<3:19:30,  1.22s/step]Training:  18%|█▊        | 2209/12000 [50:25<3:18:50,  1.22s/step]Training:  18%|█▊        | 2210/12000 [50:26<3:18:24,  1.22s/step]Training:  18%|█▊        | 2211/12000 [50:27<3:18:33,  1.22s/step]Training:  18%|█▊        | 2212/12000 [50:28<3:16:55,  1.21s/step]Training:  18%|█▊        | 2213/12000 [50:29<3:17:04,  1.21s/step]Training:  18%|█▊        | 2214/12000 [50:31<3:17:03,  1.21s/step]Training:  18%|█▊        | 2215/12000 [50:32<3:20:31,  1.23s/step]Training:  18%|█▊        | 2216/12000 [50:33<3:19:43,  1.22s/step]Training:  18%|█▊        | 2217/12000 [50:34<3:19:55,  1.23s/step]Training:  18%|█▊        | 2218/12000 [50:36<3:18:36,  1.22s/step]Training:  18%|█▊        | 2219/12000 [50:37<3:19:21,  1.22s/step]Training:  18%|█▊        | 2220/12000 [50:38<3:20:34,  1.23s/step]Training:  19%|█▊        | 2221/12000 [50:39<3:19:39,  1.23s/step]Training:  19%|█▊        | 2222/12000 [50:41<3:19:35,  1.22s/step]Training:  19%|█▊        | 2223/12000 [50:42<3:18:47,  1.22s/step]Training:  19%|█▊        | 2224/12000 [50:43<3:18:18,  1.22s/step]Training:  19%|█▊        | 2225/12000 [50:44<3:17:44,  1.21s/step]Training:  19%|█▊        | 2226/12000 [50:45<3:18:45,  1.22s/step]Training:  19%|█▊        | 2227/12000 [50:47<3:21:05,  1.23s/step]Training:  19%|█▊        | 2228/12000 [50:48<3:20:30,  1.23s/step]Training:  19%|█▊        | 2229/12000 [50:49<3:19:19,  1.22s/step]Training:  19%|█▊        | 2230/12000 [50:50<3:17:24,  1.21s/step]Training:  19%|█▊        | 2231/12000 [50:51<3:17:19,  1.21s/step]Training:  19%|█▊        | 2232/12000 [50:53<3:21:05,  1.24s/step]Training:  19%|█▊        | 2233/12000 [50:54<3:20:06,  1.23s/step]Training:  19%|█▊        | 2234/12000 [50:55<3:20:38,  1.23s/step]Training:  19%|█▊        | 2235/12000 [50:56<3:20:11,  1.23s/step]Training:  19%|█▊        | 2236/12000 [50:58<3:20:42,  1.23s/step]Training:  19%|█▊        | 2237/12000 [50:59<3:20:07,  1.23s/step]Training:  19%|█▊        | 2238/12000 [51:00<3:22:37,  1.25s/step]Training:  19%|█▊        | 2239/12000 [51:01<3:22:03,  1.24s/step]Training:  19%|█▊        | 2240/12000 [51:03<3:19:56,  1.23s/step]Training:  19%|█▊        | 2241/12000 [51:04<3:18:34,  1.22s/step]Training:  19%|█▊        | 2242/12000 [51:05<3:17:36,  1.22s/step]Training:  19%|█▊        | 2243/12000 [51:06<3:18:29,  1.22s/step]Training:  19%|█▊        | 2244/12000 [51:07<3:17:33,  1.22s/step]Training:  19%|█▊        | 2245/12000 [51:09<3:17:01,  1.21s/step]Training:  19%|█▊        | 2246/12000 [51:10<3:16:34,  1.21s/step]Training:  19%|█▊        | 2247/12000 [51:11<3:16:45,  1.21s/step]Training:  19%|█▊        | 2248/12000 [51:12<3:16:23,  1.21s/step]Training:  19%|█▊        | 2249/12000 [51:14<3:17:38,  1.22s/step]Training:  19%|█▉        | 2250/12000 [51:15<3:18:56,  1.22s/step]Training:  19%|█▉        | 2251/12000 [51:16<3:20:49,  1.24s/step]Training:  19%|█▉        | 2252/12000 [51:17<3:19:07,  1.23s/step]Training:  19%|█▉        | 2253/12000 [51:18<3:18:23,  1.22s/step]Training:  19%|█▉        | 2254/12000 [51:20<3:18:04,  1.22s/step]Training:  19%|█▉        | 2255/12000 [51:21<3:18:29,  1.22s/step]Training:  19%|█▉        | 2256/12000 [51:22<3:17:05,  1.21s/step]Training:  19%|█▉        | 2257/12000 [51:23<3:17:14,  1.21s/step]Training:  19%|█▉        | 2258/12000 [51:25<3:17:10,  1.21s/step]Training:  19%|█▉        | 2259/12000 [51:26<3:16:43,  1.21s/step]Training:  19%|█▉        | 2260/12000 [51:27<3:15:45,  1.21s/step]Training:  19%|█▉        | 2261/12000 [51:28<3:16:32,  1.21s/step]Training:  19%|█▉        | 2262/12000 [51:29<3:16:29,  1.21s/step]Training:  19%|█▉        | 2263/12000 [51:31<3:16:01,  1.21s/step]Training:  19%|█▉        | 2264/12000 [51:32<3:19:33,  1.23s/step]Training:  19%|█▉        | 2265/12000 [51:33<3:20:49,  1.24s/step]Training:  19%|█▉        | 2266/12000 [51:34<3:19:06,  1.23s/step]Training:  19%|█▉        | 2267/12000 [51:36<3:19:40,  1.23s/step]Training:  19%|█▉        | 2268/12000 [51:37<3:20:00,  1.23s/step]Training:  19%|█▉        | 2269/12000 [51:38<3:21:11,  1.24s/step]Training:  19%|█▉        | 2270/12000 [51:39<3:19:03,  1.23s/step]Training:  19%|█▉        | 2271/12000 [51:40<3:17:32,  1.22s/step]Training:  19%|█▉        | 2272/12000 [51:42<3:17:45,  1.22s/step]Training:  19%|█▉        | 2273/12000 [51:43<3:16:35,  1.21s/step]Training:  19%|█▉        | 2274/12000 [51:44<3:15:56,  1.21s/step]Training:  19%|█▉        | 2275/12000 [51:45<3:16:22,  1.21s/step]Training:  19%|█▉        | 2276/12000 [51:47<3:19:28,  1.23s/step]Training:  19%|█▉        | 2277/12000 [51:48<3:19:36,  1.23s/step]Training:  19%|█▉        | 2278/12000 [51:49<3:16:52,  1.22s/step]Training:  19%|█▉        | 2279/12000 [51:50<3:17:27,  1.22s/step]Training:  19%|█▉        | 2280/12000 [51:51<3:16:21,  1.21s/step]Training:  19%|█▉        | 2281/12000 [51:53<3:15:08,  1.20s/step]Training:  19%|█▉        | 2282/12000 [51:54<3:16:32,  1.21s/step]Training:  19%|█▉        | 2283/12000 [51:55<3:15:43,  1.21s/step]Training:  19%|█▉        | 2284/12000 [51:56<3:14:28,  1.20s/step]Training:  19%|█▉        | 2285/12000 [51:57<3:15:11,  1.21s/step]Training:  19%|█▉        | 2286/12000 [51:59<3:15:08,  1.21s/step]Training:  19%|█▉        | 2287/12000 [52:00<3:15:32,  1.21s/step]Training:  19%|█▉        | 2288/12000 [52:01<3:15:27,  1.21s/step]Training:  19%|█▉        | 2289/12000 [52:02<3:15:24,  1.21s/step]Training:  19%|█▉        | 2290/12000 [52:03<3:18:44,  1.23s/step]Training:  19%|█▉        | 2291/12000 [52:05<3:18:59,  1.23s/step]Training:  19%|█▉        | 2292/12000 [52:06<3:17:15,  1.22s/step]Training:  19%|█▉        | 2293/12000 [52:07<3:17:04,  1.22s/step]Training:  19%|█▉        | 2294/12000 [52:08<3:15:35,  1.21s/step]Training:  19%|█▉        | 2295/12000 [52:10<3:16:48,  1.22s/step]Training:  19%|█▉        | 2296/12000 [52:11<3:16:56,  1.22s/step]Training:  19%|█▉        | 2297/12000 [52:12<3:16:32,  1.22s/step]Training:  19%|█▉        | 2298/12000 [52:13<3:16:43,  1.22s/step]Training:  19%|█▉        | 2299/12000 [52:14<3:17:54,  1.22s/step]Training:  19%|█▉        | 2300/12000 [52:16<3:18:43,  1.23s/step]Training:  19%|█▉        | 2301/12000 [52:17<3:18:28,  1.23s/step]Training:  19%|█▉        | 2302/12000 [52:18<3:18:50,  1.23s/step]Training:  19%|█▉        | 2303/12000 [52:19<3:18:50,  1.23s/step]Training:  19%|█▉        | 2304/12000 [52:21<3:16:10,  1.21s/step]Training:  19%|█▉        | 2305/12000 [52:22<3:17:10,  1.22s/step]Training:  19%|█▉        | 2306/12000 [52:23<3:16:23,  1.22s/step]Training:  19%|█▉        | 2307/12000 [52:24<3:14:42,  1.21s/step]Training:  19%|█▉        | 2308/12000 [52:25<3:14:25,  1.20s/step]Training:  19%|█▉        | 2309/12000 [52:27<3:15:31,  1.21s/step]Training:  19%|█▉        | 2310/12000 [52:28<3:14:57,  1.21s/step]Training:  19%|█▉        | 2311/12000 [52:29<3:14:50,  1.21s/step]Training:  19%|█▉        | 2312/12000 [52:30<3:14:38,  1.21s/step]Training:  19%|█▉        | 2313/12000 [52:31<3:14:50,  1.21s/step]Training:  19%|█▉        | 2314/12000 [52:33<3:14:20,  1.20s/step]Training:  19%|█▉        | 2315/12000 [52:34<3:16:57,  1.22s/step]Training:  19%|█▉        | 2316/12000 [52:35<3:19:28,  1.24s/step]Training:  19%|█▉        | 2317/12000 [52:36<3:18:33,  1.23s/step]Training:  19%|█▉        | 2318/12000 [52:38<3:15:48,  1.21s/step]Training:  19%|█▉        | 2319/12000 [52:39<3:16:22,  1.22s/step]Training:  19%|█▉        | 2320/12000 [52:40<3:15:43,  1.21s/step]Training:  19%|█▉        | 2321/12000 [52:41<3:16:22,  1.22s/step]Training:  19%|█▉        | 2322/12000 [52:42<3:16:05,  1.22s/step]Training:  19%|█▉        | 2323/12000 [52:44<3:14:53,  1.21s/step]Training:  19%|█▉        | 2324/12000 [52:45<3:15:09,  1.21s/step]Training:  19%|█▉        | 2325/12000 [52:46<3:16:03,  1.22s/step]Training:  19%|█▉        | 2326/12000 [52:47<3:16:52,  1.22s/step]Training:  19%|█▉        | 2327/12000 [52:48<3:15:47,  1.21s/step]Training:  19%|█▉        | 2328/12000 [52:50<3:19:00,  1.23s/step]Training:  19%|█▉        | 2329/12000 [52:51<3:18:39,  1.23s/step]Training:  19%|█▉        | 2330/12000 [52:52<3:18:53,  1.23s/step]Training:  19%|█▉        | 2331/12000 [52:53<3:17:56,  1.23s/step]Training:  19%|█▉        | 2332/12000 [52:55<3:16:48,  1.22s/step]Training:  19%|█▉        | 2333/12000 [52:56<3:16:31,  1.22s/step]Training:  19%|█▉        | 2334/12000 [52:57<3:15:46,  1.22s/step]Training:  19%|█▉        | 2335/12000 [52:58<3:15:02,  1.21s/step]Training:  19%|█▉        | 2336/12000 [53:00<3:16:11,  1.22s/step]Training:  19%|█▉        | 2337/12000 [53:01<3:15:50,  1.22s/step]Training:  19%|█▉        | 2338/12000 [53:02<3:16:13,  1.22s/step]Training:  19%|█▉        | 2339/12000 [53:03<3:15:08,  1.21s/step]Training:  20%|█▉        | 2340/12000 [53:04<3:14:44,  1.21s/step]Training:  20%|█▉        | 2341/12000 [53:06<3:18:10,  1.23s/step]Training:  20%|█▉        | 2342/12000 [53:07<3:17:52,  1.23s/step]Training:  20%|█▉        | 2343/12000 [53:08<3:16:33,  1.22s/step]Training:  20%|█▉        | 2344/12000 [53:09<3:15:06,  1.21s/step]Training:  20%|█▉        | 2345/12000 [53:10<3:14:13,  1.21s/step]Training:  20%|█▉        | 2346/12000 [53:12<3:13:36,  1.20s/step]Training:  20%|█▉        | 2347/12000 [53:13<3:14:31,  1.21s/step]Training:  20%|█▉        | 2348/12000 [53:14<3:13:39,  1.20s/step]Training:  20%|█▉        | 2349/12000 [53:15<3:12:58,  1.20s/step]Training:  20%|█▉        | 2350/12000 [53:16<3:12:06,  1.19s/step]Training:  20%|█▉        | 2351/12000 [53:18<3:12:34,  1.20s/step]Training:  20%|█▉        | 2352/12000 [53:19<3:12:55,  1.20s/step]Training:  20%|█▉        | 2353/12000 [53:20<3:12:56,  1.20s/step]Training:  20%|█▉        | 2354/12000 [53:21<3:12:51,  1.20s/step]Training:  20%|█▉        | 2355/12000 [53:22<3:13:52,  1.21s/step]Training:  20%|█▉        | 2356/12000 [53:24<3:17:11,  1.23s/step]Training:  20%|█▉        | 2357/12000 [53:25<3:16:24,  1.22s/step]Training:  20%|█▉        | 2358/12000 [53:26<3:15:55,  1.22s/step]Training:  20%|█▉        | 2359/12000 [53:27<3:15:05,  1.21s/step]Training:  20%|█▉        | 2360/12000 [53:29<3:15:31,  1.22s/step]Training:  20%|█▉        | 2361/12000 [53:30<3:17:37,  1.23s/step]Training:  20%|█▉        | 2362/12000 [53:31<3:17:38,  1.23s/step]Training:  20%|█▉        | 2363/12000 [53:32<3:16:25,  1.22s/step]Training:  20%|█▉        | 2364/12000 [53:33<3:16:28,  1.22s/step]Training:  20%|█▉        | 2365/12000 [53:35<3:15:29,  1.22s/step]Training:  20%|█▉        | 2366/12000 [53:36<3:16:34,  1.22s/step]Training:  20%|█▉        | 2367/12000 [53:37<3:15:53,  1.22s/step]Training:  20%|█▉        | 2368/12000 [53:38<3:16:52,  1.23s/step]Training:  20%|█▉        | 2369/12000 [53:40<3:18:57,  1.24s/step]Training:  20%|█▉        | 2370/12000 [53:41<3:17:08,  1.23s/step]Training:  20%|█▉        | 2371/12000 [53:42<3:16:09,  1.22s/step]Training:  20%|█▉        | 2372/12000 [53:43<3:16:03,  1.22s/step]Training:  20%|█▉        | 2373/12000 [53:45<3:18:18,  1.24s/step]Training:  20%|█▉        | 2374/12000 [53:46<3:16:13,  1.22s/step]Training:  20%|█▉        | 2375/12000 [53:47<3:15:43,  1.22s/step]Training:  20%|█▉        | 2376/12000 [53:48<3:14:52,  1.21s/step]Training:  20%|█▉        | 2377/12000 [53:49<3:13:45,  1.21s/step]Training:  20%|█▉        | 2378/12000 [53:51<3:13:36,  1.21s/step]Training:  20%|█▉        | 2379/12000 [53:52<3:13:29,  1.21s/step]Training:  20%|█▉        | 2380/12000 [53:53<3:15:28,  1.22s/step]Training:  20%|█▉        | 2381/12000 [53:54<3:17:39,  1.23s/step]Training:  20%|█▉        | 2382/12000 [53:55<3:15:24,  1.22s/step]Training:  20%|█▉        | 2383/12000 [53:57<3:15:06,  1.22s/step]Training:  20%|█▉        | 2384/12000 [53:58<3:14:18,  1.21s/step]Training:  20%|█▉        | 2385/12000 [53:59<3:14:06,  1.21s/step]Training:  20%|█▉        | 2386/12000 [54:00<3:15:09,  1.22s/step]Training:  20%|█▉        | 2387/12000 [54:02<3:16:17,  1.23s/step]Training:  20%|█▉        | 2388/12000 [54:03<3:14:55,  1.22s/step]Training:  20%|█▉        | 2389/12000 [54:04<3:13:25,  1.21s/step]Training:  20%|█▉        | 2390/12000 [54:05<3:11:44,  1.20s/step]Training:  20%|█▉        | 2391/12000 [54:06<3:11:31,  1.20s/step]Training:  20%|█▉        | 2392/12000 [54:07<3:10:47,  1.19s/step]Training:  20%|█▉        | 2393/12000 [54:09<3:10:13,  1.19s/step]Training:  20%|█▉        | 2394/12000 [54:10<3:10:53,  1.19s/step]Training:  20%|█▉        | 2395/12000 [54:11<3:09:50,  1.19s/step]Training:  20%|█▉        | 2396/12000 [54:12<3:09:54,  1.19s/step]Training:  20%|█▉        | 2397/12000 [54:14<3:19:24,  1.25s/step]Training:  20%|█▉        | 2398/12000 [54:15<3:17:02,  1.23s/step]Training:  20%|█▉        | 2399/12000 [54:16<3:13:53,  1.21s/step]Training:  20%|██        | 2400/12000 [54:17<3:11:45,  1.20s/step]INFO 2026-09-16 04:48:22 ot_train.py:670 step:2K smpl:154K ep:2K epch:5.65 loss:0.137 grdn:1.393 lr:9.1e-05 updt_s:0.997 data_s:0.046 smp/s:61 mem_gb:14.29 losses_after_forward:0.113 losses_after_in_ep_bound:0.095 losses_after_rm_padding:0.095
Training:  20%|██        | 2401/12000 [54:18<3:10:22,  1.19s/step]Training:  20%|██        | 2402/12000 [54:19<3:09:30,  1.18s/step]Training:  20%|██        | 2403/12000 [54:21<3:09:05,  1.18s/step]Training:  20%|██        | 2404/12000 [54:22<3:08:22,  1.18s/step]Training:  20%|██        | 2405/12000 [54:23<3:07:51,  1.17s/step]Training:  20%|██        | 2406/12000 [54:24<3:07:38,  1.17s/step]Training:  20%|██        | 2407/12000 [54:25<3:07:15,  1.17s/step]Training:  20%|██        | 2408/12000 [54:27<3:07:22,  1.17s/step]Training:  20%|██        | 2409/12000 [54:28<3:07:22,  1.17s/step]Training:  20%|██        | 2410/12000 [54:29<3:07:07,  1.17s/step]Training:  20%|██        | 2411/12000 [54:30<3:07:12,  1.17s/step]Training:  20%|██        | 2412/12000 [54:31<3:07:00,  1.17s/step]Training:  20%|██        | 2413/12000 [54:32<3:07:35,  1.17s/step]Training:  20%|██        | 2414/12000 [54:34<3:09:40,  1.19s/step]Training:  20%|██        | 2415/12000 [54:35<3:11:05,  1.20s/step]Training:  20%|██        | 2416/12000 [54:36<3:09:40,  1.19s/step]Training:  20%|██        | 2417/12000 [54:37<3:08:47,  1.18s/step]Training:  20%|██        | 2418/12000 [54:38<3:08:06,  1.18s/step]Training:  20%|██        | 2419/12000 [54:39<3:08:02,  1.18s/step]Training:  20%|██        | 2420/12000 [54:41<3:07:36,  1.17s/step]Training:  20%|██        | 2421/12000 [54:42<3:09:08,  1.18s/step]Training:  20%|██        | 2422/12000 [54:43<3:08:41,  1.18s/step]Training:  20%|██        | 2423/12000 [54:44<3:08:18,  1.18s/step]Training:  20%|██        | 2424/12000 [54:45<3:08:27,  1.18s/step]Training:  20%|██        | 2425/12000 [54:47<3:10:45,  1.20s/step]Training:  20%|██        | 2426/12000 [54:48<3:09:24,  1.19s/step]Training:  20%|██        | 2427/12000 [54:49<3:08:51,  1.18s/step]Training:  20%|██        | 2428/12000 [54:50<3:08:15,  1.18s/step]Training:  20%|██        | 2429/12000 [54:51<3:07:54,  1.18s/step]Training:  20%|██        | 2430/12000 [54:53<3:09:05,  1.19s/step]Training:  20%|██        | 2431/12000 [54:54<3:09:43,  1.19s/step]Training:  20%|██        | 2432/12000 [54:55<3:09:13,  1.19s/step]Training:  20%|██        | 2433/12000 [54:56<3:08:14,  1.18s/step]Training:  20%|██        | 2434/12000 [54:57<3:07:38,  1.18s/step]Training:  20%|██        | 2435/12000 [54:58<3:07:13,  1.17s/step]Training:  20%|██        | 2436/12000 [55:00<3:06:44,  1.17s/step]Training:  20%|██        | 2437/12000 [55:01<3:06:27,  1.17s/step]Training:  20%|██        | 2438/12000 [55:02<3:06:12,  1.17s/step]Training:  20%|██        | 2439/12000 [55:03<3:06:02,  1.17s/step]Training:  20%|██        | 2440/12000 [55:04<3:06:16,  1.17s/step]Training:  20%|██        | 2441/12000 [55:05<3:06:23,  1.17s/step]Training:  20%|██        | 2442/12000 [55:07<3:06:22,  1.17s/step]Training:  20%|██        | 2443/12000 [55:08<3:06:33,  1.17s/step]Training:  20%|██        | 2444/12000 [55:09<3:06:18,  1.17s/step]Training:  20%|██        | 2445/12000 [55:10<3:06:07,  1.17s/step]Training:  20%|██        | 2446/12000 [55:11<3:06:26,  1.17s/step]Training:  20%|██        | 2447/12000 [55:12<3:06:18,  1.17s/step]Training:  20%|██        | 2448/12000 [55:14<3:06:39,  1.17s/step]Training:  20%|██        | 2449/12000 [55:15<3:06:26,  1.17s/step]Training:  20%|██        | 2450/12000 [55:16<3:08:57,  1.19s/step]Training:  20%|██        | 2451/12000 [55:17<3:09:47,  1.19s/step]Training:  20%|██        | 2452/12000 [55:18<3:09:47,  1.19s/step]Training:  20%|██        | 2453/12000 [55:20<3:08:45,  1.19s/step]Training:  20%|██        | 2454/12000 [55:21<3:10:01,  1.19s/step]Training:  20%|██        | 2455/12000 [55:22<3:09:23,  1.19s/step]Training:  20%|██        | 2456/12000 [55:23<3:08:55,  1.19s/step]Training:  20%|██        | 2457/12000 [55:24<3:09:13,  1.19s/step]Training:  20%|██        | 2458/12000 [55:26<3:08:12,  1.18s/step]Training:  20%|██        | 2459/12000 [55:27<3:07:23,  1.18s/step]Training:  20%|██        | 2460/12000 [55:28<3:07:02,  1.18s/step]Training:  21%|██        | 2461/12000 [55:29<3:06:36,  1.17s/step]Training:  21%|██        | 2462/12000 [55:30<3:06:17,  1.17s/step]Training:  21%|██        | 2463/12000 [55:31<3:06:02,  1.17s/step]Training:  21%|██        | 2464/12000 [55:33<3:05:45,  1.17s/step]Training:  21%|██        | 2465/12000 [55:34<3:05:34,  1.17s/step]Training:  21%|██        | 2466/12000 [55:35<3:05:29,  1.17s/step]Training:  21%|██        | 2467/12000 [55:36<3:05:53,  1.17s/step]Training:  21%|██        | 2468/12000 [55:37<3:06:28,  1.17s/step]Training:  21%|██        | 2469/12000 [55:38<3:07:25,  1.18s/step]Training:  21%|██        | 2470/12000 [55:40<3:07:35,  1.18s/step]Training:  21%|██        | 2471/12000 [55:41<3:07:57,  1.18s/step]Training:  21%|██        | 2472/12000 [55:42<3:08:07,  1.18s/step]Training:  21%|██        | 2473/12000 [55:43<3:07:12,  1.18s/step]Training:  21%|██        | 2474/12000 [55:44<3:06:26,  1.17s/step]Training:  21%|██        | 2475/12000 [55:45<3:06:00,  1.17s/step]Training:  21%|██        | 2476/12000 [55:47<3:06:55,  1.18s/step]Training:  21%|██        | 2477/12000 [55:48<3:06:50,  1.18s/step]Training:  21%|██        | 2478/12000 [55:49<3:06:10,  1.17s/step]Training:  21%|██        | 2479/12000 [55:50<3:05:55,  1.17s/step]Training:  21%|██        | 2480/12000 [55:51<3:05:52,  1.17s/step]Training:  21%|██        | 2481/12000 [55:52<3:05:36,  1.17s/step]Training:  21%|██        | 2482/12000 [55:54<3:05:20,  1.17s/step]Training:  21%|██        | 2483/12000 [55:55<3:05:11,  1.17s/step]Training:  21%|██        | 2484/12000 [55:56<3:04:54,  1.17s/step]Training:  21%|██        | 2485/12000 [55:57<3:04:53,  1.17s/step]Training:  21%|██        | 2486/12000 [55:58<3:04:48,  1.17s/step]Training:  21%|██        | 2487/12000 [55:59<3:04:47,  1.17s/step]Training:  21%|██        | 2488/12000 [56:01<3:04:59,  1.17s/step]Training:  21%|██        | 2489/12000 [56:02<3:04:59,  1.17s/step]Training:  21%|██        | 2490/12000 [56:03<3:05:05,  1.17s/step]Training:  21%|██        | 2491/12000 [56:04<3:06:04,  1.17s/step]Training:  21%|██        | 2492/12000 [56:05<3:06:58,  1.18s/step]Training:  21%|██        | 2493/12000 [56:07<3:06:38,  1.18s/step]Training:  21%|██        | 2494/12000 [56:08<3:05:47,  1.17s/step]Training:  21%|██        | 2495/12000 [56:09<3:05:17,  1.17s/step]Training:  21%|██        | 2496/12000 [56:10<3:04:54,  1.17s/step]Training:  21%|██        | 2497/12000 [56:11<3:04:39,  1.17s/step]Training:  21%|██        | 2498/12000 [56:12<3:04:23,  1.16s/step]Training:  21%|██        | 2499/12000 [56:14<3:04:13,  1.16s/step]Training:  21%|██        | 2500/12000 [56:15<3:04:02,  1.16s/step]Training:  21%|██        | 2501/12000 [56:16<3:03:57,  1.16s/step]Training:  21%|██        | 2502/12000 [56:17<3:03:55,  1.16s/step]Training:  21%|██        | 2503/12000 [56:18<3:03:56,  1.16s/step]Training:  21%|██        | 2504/12000 [56:19<3:03:51,  1.16s/step]Training:  21%|██        | 2505/12000 [56:20<3:03:50,  1.16s/step]Training:  21%|██        | 2506/12000 [56:22<3:03:49,  1.16s/step]Training:  21%|██        | 2507/12000 [56:23<3:03:50,  1.16s/step]Training:  21%|██        | 2508/12000 [56:24<3:03:51,  1.16s/step]Training:  21%|██        | 2509/12000 [56:25<3:03:48,  1.16s/step]Training:  21%|██        | 2510/12000 [56:26<3:03:43,  1.16s/step]Training:  21%|██        | 2511/12000 [56:27<3:03:42,  1.16s/step]Training:  21%|██        | 2512/12000 [56:29<3:03:36,  1.16s/step]Training:  21%|██        | 2513/12000 [56:30<3:05:17,  1.17s/step]Training:  21%|██        | 2514/12000 [56:31<3:05:55,  1.18s/step]Training:  21%|██        | 2515/12000 [56:32<3:06:17,  1.18s/step]Training:  21%|██        | 2516/12000 [56:33<3:05:16,  1.17s/step]Training:  21%|██        | 2517/12000 [56:35<3:04:46,  1.17s/step]Training:  21%|██        | 2518/12000 [56:36<3:04:41,  1.17s/step]Training:  21%|██        | 2519/12000 [56:37<3:04:37,  1.17s/step]Training:  21%|██        | 2520/12000 [56:38<3:04:37,  1.17s/step]Training:  21%|██        | 2521/12000 [56:39<3:04:39,  1.17s/step]Training:  21%|██        | 2522/12000 [56:40<3:04:13,  1.17s/step]Training:  21%|██        | 2523/12000 [56:41<3:03:56,  1.16s/step]Training:  21%|██        | 2524/12000 [56:43<3:03:43,  1.16s/step]Training:  21%|██        | 2525/12000 [56:44<3:04:18,  1.17s/step]Training:  21%|██        | 2526/12000 [56:45<3:03:59,  1.17s/step]Training:  21%|██        | 2527/12000 [56:46<3:03:55,  1.16s/step]Training:  21%|██        | 2528/12000 [56:47<3:03:39,  1.16s/step]Training:  21%|██        | 2529/12000 [56:48<3:03:42,  1.16s/step]Training:  21%|██        | 2530/12000 [56:50<3:04:03,  1.17s/step]Training:  21%|██        | 2531/12000 [56:51<3:03:40,  1.16s/step]Training:  21%|██        | 2532/12000 [56:52<3:03:18,  1.16s/step]Training:  21%|██        | 2533/12000 [56:53<3:03:05,  1.16s/step]Training:  21%|██        | 2534/12000 [56:54<3:02:59,  1.16s/step]Training:  21%|██        | 2535/12000 [56:55<3:03:26,  1.16s/step]Training:  21%|██        | 2536/12000 [56:57<3:04:10,  1.17s/step]Training:  21%|██        | 2537/12000 [56:58<3:05:18,  1.17s/step]Training:  21%|██        | 2538/12000 [56:59<3:05:36,  1.18s/step]Training:  21%|██        | 2539/12000 [57:00<3:04:52,  1.17s/step]Training:  21%|██        | 2540/12000 [57:01<3:04:19,  1.17s/step]Training:  21%|██        | 2541/12000 [57:02<3:03:55,  1.17s/step]Training:  21%|██        | 2542/12000 [57:04<3:03:43,  1.17s/step]Training:  21%|██        | 2543/12000 [57:05<3:03:33,  1.16s/step]Training:  21%|██        | 2544/12000 [57:06<3:03:24,  1.16s/step]Training:  21%|██        | 2545/12000 [57:07<3:03:16,  1.16s/step]Training:  21%|██        | 2546/12000 [57:08<3:03:06,  1.16s/step]Training:  21%|██        | 2547/12000 [57:09<3:04:36,  1.17s/step]Training:  21%|██        | 2548/12000 [57:11<3:05:13,  1.18s/step]Training:  21%|██        | 2549/12000 [57:12<3:05:44,  1.18s/step]Training:  21%|██▏       | 2550/12000 [57:13<2:45:42,  1.05s/step]Training:  21%|██▏       | 2551/12000 [57:16<4:55:02,  1.87s/step]Training:  21%|██▏       | 2552/12000 [57:18<4:27:27,  1.70s/step]Training:  21%|██▏       | 2553/12000 [57:19<4:04:20,  1.55s/step]Training:  21%|██▏       | 2554/12000 [57:20<3:47:14,  1.44s/step]Training:  21%|██▏       | 2555/12000 [57:21<3:34:02,  1.36s/step]Training:  21%|██▏       | 2556/12000 [57:22<3:25:16,  1.30s/step]Training:  21%|██▏       | 2557/12000 [57:24<3:19:26,  1.27s/step]Training:  21%|██▏       | 2558/12000 [57:25<3:15:59,  1.25s/step]Training:  21%|██▏       | 2559/12000 [57:26<3:12:31,  1.22s/step]Training:  21%|██▏       | 2560/12000 [57:27<3:09:38,  1.21s/step]Training:  21%|██▏       | 2561/12000 [57:28<3:07:30,  1.19s/step]Training:  21%|██▏       | 2562/12000 [57:29<3:06:00,  1.18s/step]Training:  21%|██▏       | 2563/12000 [57:31<3:05:00,  1.18s/step]Training:  21%|██▏       | 2564/12000 [57:32<3:05:02,  1.18s/step]Training:  21%|██▏       | 2565/12000 [57:33<3:04:24,  1.17s/step]Training:  21%|██▏       | 2566/12000 [57:34<3:04:40,  1.17s/step]Training:  21%|██▏       | 2567/12000 [57:35<3:03:53,  1.17s/step]Training:  21%|██▏       | 2568/12000 [57:36<3:04:08,  1.17s/step]Training:  21%|██▏       | 2569/12000 [57:38<3:03:30,  1.17s/step]Training:  21%|██▏       | 2570/12000 [57:39<3:03:12,  1.17s/step]Training:  21%|██▏       | 2571/12000 [57:40<3:02:53,  1.16s/step]Training:  21%|██▏       | 2572/12000 [57:41<3:02:42,  1.16s/step]Training:  21%|██▏       | 2573/12000 [57:42<3:02:33,  1.16s/step]Training:  21%|██▏       | 2574/12000 [57:43<3:02:26,  1.16s/step]Training:  21%|██▏       | 2575/12000 [57:45<3:02:25,  1.16s/step]Training:  21%|██▏       | 2576/12000 [57:46<3:02:33,  1.16s/step]Training:  21%|██▏       | 2577/12000 [57:47<3:02:25,  1.16s/step]Training:  21%|██▏       | 2578/12000 [57:48<3:02:27,  1.16s/step]Training:  21%|██▏       | 2579/12000 [57:49<3:02:43,  1.16s/step]Training:  22%|██▏       | 2580/12000 [57:50<3:04:57,  1.18s/step]Training:  22%|██▏       | 2581/12000 [57:52<3:05:55,  1.18s/step]Training:  22%|██▏       | 2582/12000 [57:53<3:04:58,  1.18s/step]Training:  22%|██▏       | 2583/12000 [57:54<3:04:32,  1.18s/step]Training:  22%|██▏       | 2584/12000 [57:55<3:05:01,  1.18s/step]Training:  22%|██▏       | 2585/12000 [57:56<3:05:08,  1.18s/step]Training:  22%|██▏       | 2586/12000 [57:58<3:04:20,  1.17s/step]Training:  22%|██▏       | 2587/12000 [57:59<3:03:39,  1.17s/step]Training:  22%|██▏       | 2588/12000 [58:00<3:03:09,  1.17s/step]Training:  22%|██▏       | 2589/12000 [58:01<3:02:52,  1.17s/step]Training:  22%|██▏       | 2590/12000 [58:02<3:02:33,  1.16s/step]Training:  22%|██▏       | 2591/12000 [58:03<3:02:22,  1.16s/step]Training:  22%|██▏       | 2592/12000 [58:05<3:02:13,  1.16s/step]Training:  22%|██▏       | 2593/12000 [58:06<3:01:59,  1.16s/step]Training:  22%|██▏       | 2594/12000 [58:07<3:02:39,  1.17s/step]Training:  22%|██▏       | 2595/12000 [58:08<3:02:25,  1.16s/step]Training:  22%|██▏       | 2596/12000 [58:09<3:02:20,  1.16s/step]Training:  22%|██▏       | 2597/12000 [58:10<3:02:08,  1.16s/step]Training:  22%|██▏       | 2598/12000 [58:11<3:02:00,  1.16s/step]Training:  22%|██▏       | 2599/12000 [58:13<3:01:54,  1.16s/step]Training:  22%|██▏       | 2600/12000 [58:14<3:01:53,  1.16s/step]INFO 2026-09-16 04:52:19 ot_train.py:670 step:3K smpl:166K ep:2K epch:6.12 loss:0.132 grdn:1.313 lr:9.0e-05 updt_s:0.969 data_s:0.050 smp/s:63 mem_gb:14.26 losses_after_forward:0.110 losses_after_in_ep_bound:0.093 losses_after_rm_padding:0.093
Training:  22%|██▏       | 2601/12000 [58:15<3:02:07,  1.16s/step]Training:  22%|██▏       | 2602/12000 [58:16<3:02:16,  1.16s/step]Training:  22%|██▏       | 2603/12000 [58:17<3:03:24,  1.17s/step]Training:  22%|██▏       | 2604/12000 [58:19<3:04:29,  1.18s/step]Training:  22%|██▏       | 2605/12000 [58:20<3:04:25,  1.18s/step]Training:  22%|██▏       | 2606/12000 [58:21<3:03:37,  1.17s/step]Training:  22%|██▏       | 2607/12000 [58:22<3:03:09,  1.17s/step]Training:  22%|██▏       | 2608/12000 [58:23<3:02:47,  1.17s/step]Training:  22%|██▏       | 2609/12000 [58:24<3:02:26,  1.17s/step]Training:  22%|██▏       | 2610/12000 [58:26<3:02:05,  1.16s/step]Training:  22%|██▏       | 2611/12000 [58:27<3:02:12,  1.16s/step]Training:  22%|██▏       | 2612/12000 [58:28<3:02:03,  1.16s/step]Training:  22%|██▏       | 2613/12000 [58:29<3:01:53,  1.16s/step]Training:  22%|██▏       | 2614/12000 [58:30<3:02:00,  1.16s/step]Training:  22%|██▏       | 2615/12000 [58:31<3:02:06,  1.16s/step]Training:  22%|██▏       | 2616/12000 [58:32<3:02:10,  1.16s/step]Training:  22%|██▏       | 2617/12000 [58:34<3:02:16,  1.17s/step]Training:  22%|██▏       | 2618/12000 [58:35<3:01:58,  1.16s/step]Training:  22%|██▏       | 2619/12000 [58:36<3:01:49,  1.16s/step]Training:  22%|██▏       | 2620/12000 [58:37<3:02:02,  1.16s/step]Training:  22%|██▏       | 2621/12000 [58:38<3:01:45,  1.16s/step]Training:  22%|██▏       | 2622/12000 [58:39<3:01:35,  1.16s/step]Training:  22%|██▏       | 2623/12000 [58:41<3:01:26,  1.16s/step]Training:  22%|██▏       | 2624/12000 [58:42<3:01:21,  1.16s/step]Training:  22%|██▏       | 2625/12000 [58:43<3:02:12,  1.17s/step]Training:  22%|██▏       | 2626/12000 [58:44<3:02:48,  1.17s/step]Training:  22%|██▏       | 2627/12000 [58:45<3:04:17,  1.18s/step]Training:  22%|██▏       | 2628/12000 [58:47<3:05:50,  1.19s/step]Training:  22%|██▏       | 2629/12000 [58:48<3:05:18,  1.19s/step]Training:  22%|██▏       | 2630/12000 [58:49<3:04:02,  1.18s/step]Training:  22%|██▏       | 2631/12000 [58:50<3:03:06,  1.17s/step]Training:  22%|██▏       | 2632/12000 [58:51<3:02:44,  1.17s/step]Training:  22%|██▏       | 2633/12000 [58:52<3:02:16,  1.17s/step]Training:  22%|██▏       | 2634/12000 [58:54<3:02:08,  1.17s/step]Training:  22%|██▏       | 2635/12000 [58:55<3:01:54,  1.17s/step]Training:  22%|██▏       | 2636/12000 [58:56<3:01:45,  1.16s/step]Training:  22%|██▏       | 2637/12000 [58:57<3:01:37,  1.16s/step]Training:  22%|██▏       | 2638/12000 [58:58<3:01:31,  1.16s/step]Training:  22%|██▏       | 2639/12000 [58:59<3:01:19,  1.16s/step]Training:  22%|██▏       | 2640/12000 [59:01<3:01:08,  1.16s/step]Training:  22%|██▏       | 2641/12000 [59:02<3:01:01,  1.16s/step]Training:  22%|██▏       | 2642/12000 [59:03<3:01:14,  1.16s/step]Training:  22%|██▏       | 2643/12000 [59:04<3:01:09,  1.16s/step]Training:  22%|██▏       | 2644/12000 [59:05<3:01:12,  1.16s/step]Training:  22%|██▏       | 2645/12000 [59:06<3:01:10,  1.16s/step]Training:  22%|██▏       | 2646/12000 [59:07<3:01:17,  1.16s/step]Training:  22%|██▏       | 2647/12000 [59:09<3:01:15,  1.16s/step]Training:  22%|██▏       | 2648/12000 [59:10<3:01:16,  1.16s/step]Training:  22%|██▏       | 2649/12000 [59:11<3:01:40,  1.17s/step]Training:  22%|██▏       | 2650/12000 [59:12<3:02:59,  1.17s/step]Training:  22%|██▏       | 2651/12000 [59:13<3:03:35,  1.18s/step]Training:  22%|██▏       | 2652/12000 [59:15<3:04:33,  1.18s/step]Training:  22%|██▏       | 2653/12000 [59:16<3:03:38,  1.18s/step]Training:  22%|██▏       | 2654/12000 [59:17<3:02:44,  1.17s/step]Training:  22%|██▏       | 2655/12000 [59:18<3:02:32,  1.17s/step]Training:  22%|██▏       | 2656/12000 [59:19<3:01:59,  1.17s/step]Training:  22%|██▏       | 2657/12000 [59:20<3:02:05,  1.17s/step]Training:  22%|██▏       | 2658/12000 [59:22<3:01:49,  1.17s/step]Training:  22%|██▏       | 2659/12000 [59:23<3:01:32,  1.17s/step]Training:  22%|██▏       | 2660/12000 [59:24<3:02:16,  1.17s/step]Training:  22%|██▏       | 2661/12000 [59:25<3:02:22,  1.17s/step]Training:  22%|██▏       | 2662/12000 [59:26<3:02:34,  1.17s/step]Training:  22%|██▏       | 2663/12000 [59:27<3:01:52,  1.17s/step]Training:  22%|██▏       | 2664/12000 [59:29<3:01:33,  1.17s/step]Training:  22%|██▏       | 2665/12000 [59:30<3:02:18,  1.17s/step]Training:  22%|██▏       | 2666/12000 [59:31<3:01:50,  1.17s/step]Training:  22%|██▏       | 2667/12000 [59:32<3:01:20,  1.17s/step]Training:  22%|██▏       | 2668/12000 [59:33<3:01:06,  1.16s/step]Training:  22%|██▏       | 2669/12000 [59:34<3:00:47,  1.16s/step]Training:  22%|██▏       | 2670/12000 [59:36<3:00:42,  1.16s/step]Training:  22%|██▏       | 2671/12000 [59:37<3:00:57,  1.16s/step]Training:  22%|██▏       | 2672/12000 [59:38<3:02:14,  1.17s/step]Training:  22%|██▏       | 2673/12000 [59:39<3:03:02,  1.18s/step]Training:  22%|██▏       | 2674/12000 [59:40<3:03:35,  1.18s/step]Training:  22%|██▏       | 2675/12000 [59:41<3:02:32,  1.17s/step]Training:  22%|██▏       | 2676/12000 [59:43<3:02:38,  1.18s/step]Training:  22%|██▏       | 2677/12000 [59:44<3:02:00,  1.17s/step]Training:  22%|██▏       | 2678/12000 [59:45<3:01:29,  1.17s/step]Training:  22%|██▏       | 2679/12000 [59:46<3:01:12,  1.17s/step]Training:  22%|██▏       | 2680/12000 [59:47<3:01:06,  1.17s/step]Training:  22%|██▏       | 2681/12000 [59:48<3:01:22,  1.17s/step]Training:  22%|██▏       | 2682/12000 [59:50<3:00:56,  1.17s/step]Training:  22%|██▏       | 2683/12000 [59:51<3:00:47,  1.16s/step]Training:  22%|██▏       | 2684/12000 [59:52<3:00:36,  1.16s/step]Training:  22%|██▏       | 2685/12000 [59:53<3:00:16,  1.16s/step]Training:  22%|██▏       | 2686/12000 [59:54<3:00:25,  1.16s/step]Training:  22%|██▏       | 2687/12000 [59:55<3:00:32,  1.16s/step]Training:  22%|██▏       | 2688/12000 [59:57<3:00:28,  1.16s/step]Training:  22%|██▏       | 2689/12000 [59:58<3:00:58,  1.17s/step]Training:  22%|██▏       | 2690/12000 [59:59<3:00:39,  1.16s/step]Training:  22%|██▏       | 2691/12000 [1:00:00<3:00:31,  1.16s/step]Training:  22%|██▏       | 2692/12000 [1:00:01<3:00:52,  1.17s/step]Training:  22%|██▏       | 2693/12000 [1:00:02<3:00:30,  1.16s/step]Training:  22%|██▏       | 2694/12000 [1:00:04<3:01:45,  1.17s/step]Training:  22%|██▏       | 2695/12000 [1:00:05<3:02:18,  1.18s/step]Training:  22%|██▏       | 2696/12000 [1:00:06<3:03:34,  1.18s/step]Training:  22%|██▏       | 2697/12000 [1:00:07<3:03:35,  1.18s/step]Training:  22%|██▏       | 2698/12000 [1:00:08<3:02:21,  1.18s/step]Training:  22%|██▏       | 2699/12000 [1:00:09<3:01:43,  1.17s/step]Training:  22%|██▎       | 2700/12000 [1:00:11<3:01:12,  1.17s/step]Training:  23%|██▎       | 2701/12000 [1:00:12<3:01:31,  1.17s/step]Training:  23%|██▎       | 2702/12000 [1:00:13<3:00:59,  1.17s/step]Training:  23%|██▎       | 2703/12000 [1:00:14<3:00:30,  1.16s/step]Training:  23%|██▎       | 2704/12000 [1:00:15<3:00:11,  1.16s/step]Training:  23%|██▎       | 2705/12000 [1:00:16<3:00:03,  1.16s/step]Training:  23%|██▎       | 2706/12000 [1:00:18<2:59:57,  1.16s/step]Training:  23%|██▎       | 2707/12000 [1:00:19<2:59:47,  1.16s/step]Training:  23%|██▎       | 2708/12000 [1:00:20<2:59:46,  1.16s/step]Training:  23%|██▎       | 2709/12000 [1:00:21<2:59:47,  1.16s/step]Training:  23%|██▎       | 2710/12000 [1:00:22<2:59:50,  1.16s/step]Training:  23%|██▎       | 2711/12000 [1:00:23<2:59:54,  1.16s/step]Training:  23%|██▎       | 2712/12000 [1:00:25<3:00:00,  1.16s/step]Training:  23%|██▎       | 2713/12000 [1:00:26<3:00:02,  1.16s/step]Training:  23%|██▎       | 2714/12000 [1:00:27<2:59:53,  1.16s/step]Training:  23%|██▎       | 2715/12000 [1:00:28<2:59:38,  1.16s/step]Training:  23%|██▎       | 2716/12000 [1:00:29<2:59:27,  1.16s/step]Training:  23%|██▎       | 2717/12000 [1:00:30<2:59:19,  1.16s/step]Training:  23%|██▎       | 2718/12000 [1:00:32<2:59:42,  1.16s/step]Training:  23%|██▎       | 2719/12000 [1:00:33<3:00:43,  1.17s/step]Training:  23%|██▎       | 2720/12000 [1:00:34<3:02:05,  1.18s/step]Training:  23%|██▎       | 2721/12000 [1:00:35<3:01:48,  1.18s/step]Training:  23%|██▎       | 2722/12000 [1:00:36<3:01:41,  1.17s/step]Training:  23%|██▎       | 2723/12000 [1:00:37<3:00:58,  1.17s/step]Training:  23%|██▎       | 2724/12000 [1:00:39<3:00:50,  1.17s/step]Training:  23%|██▎       | 2725/12000 [1:00:40<3:00:31,  1.17s/step]Training:  23%|██▎       | 2726/12000 [1:00:41<3:00:19,  1.17s/step]Training:  23%|██▎       | 2727/12000 [1:00:42<3:00:10,  1.17s/step]Training:  23%|██▎       | 2728/12000 [1:00:43<2:59:50,  1.16s/step]Training:  23%|██▎       | 2729/12000 [1:00:44<2:59:44,  1.16s/step]Training:  23%|██▎       | 2730/12000 [1:00:46<3:00:06,  1.17s/step]Training:  23%|██▎       | 2731/12000 [1:00:47<3:01:05,  1.17s/step]Training:  23%|██▎       | 2732/12000 [1:00:48<3:00:36,  1.17s/step]Training:  23%|██▎       | 2733/12000 [1:00:49<3:00:11,  1.17s/step]Training:  23%|██▎       | 2734/12000 [1:00:50<2:59:47,  1.16s/step]Training:  23%|██▎       | 2735/12000 [1:00:51<2:59:36,  1.16s/step]Training:  23%|██▎       | 2736/12000 [1:00:53<2:59:21,  1.16s/step]Training:  23%|██▎       | 2737/12000 [1:00:54<2:59:29,  1.16s/step]Training:  23%|██▎       | 2738/12000 [1:00:55<2:59:39,  1.16s/step]Training:  23%|██▎       | 2739/12000 [1:00:56<3:00:03,  1.17s/step]Training:  23%|██▎       | 2740/12000 [1:00:57<3:00:24,  1.17s/step]Training:  23%|██▎       | 2741/12000 [1:00:58<3:01:13,  1.17s/step]Training:  23%|██▎       | 2742/12000 [1:01:00<3:02:22,  1.18s/step]Training:  23%|██▎       | 2743/12000 [1:01:01<3:03:35,  1.19s/step]Training:  23%|██▎       | 2744/12000 [1:01:02<3:02:32,  1.18s/step]Training:  23%|██▎       | 2745/12000 [1:01:03<3:02:28,  1.18s/step]Training:  23%|██▎       | 2746/12000 [1:01:04<3:01:25,  1.18s/step]Training:  23%|██▎       | 2747/12000 [1:01:06<3:00:38,  1.17s/step]Training:  23%|██▎       | 2748/12000 [1:01:07<3:00:59,  1.17s/step]Training:  23%|██▎       | 2749/12000 [1:01:08<3:00:24,  1.17s/step]Training:  23%|██▎       | 2750/12000 [1:01:09<3:00:47,  1.17s/step]Training:  23%|██▎       | 2751/12000 [1:01:10<3:00:41,  1.17s/step]Training:  23%|██▎       | 2752/12000 [1:01:11<3:00:21,  1.17s/step]Training:  23%|██▎       | 2753/12000 [1:01:13<2:59:49,  1.17s/step]Training:  23%|██▎       | 2754/12000 [1:01:14<2:59:32,  1.17s/step]Training:  23%|██▎       | 2755/12000 [1:01:15<2:59:30,  1.17s/step]Training:  23%|██▎       | 2756/12000 [1:01:16<2:59:32,  1.17s/step]Training:  23%|██▎       | 2757/12000 [1:01:17<2:59:19,  1.16s/step]Training:  23%|██▎       | 2758/12000 [1:01:18<2:59:10,  1.16s/step]Training:  23%|██▎       | 2759/12000 [1:01:20<2:59:00,  1.16s/step]Training:  23%|██▎       | 2760/12000 [1:01:21<2:58:53,  1.16s/step]Training:  23%|██▎       | 2761/12000 [1:01:22<2:58:55,  1.16s/step]Training:  23%|██▎       | 2762/12000 [1:01:23<2:59:01,  1.16s/step]Training:  23%|██▎       | 2763/12000 [1:01:24<2:58:55,  1.16s/step]Training:  23%|██▎       | 2764/12000 [1:01:25<2:59:06,  1.16s/step]Training:  23%|██▎       | 2765/12000 [1:01:27<3:00:50,  1.17s/step]Training:  23%|██▎       | 2766/12000 [1:01:28<3:01:38,  1.18s/step]Training:  23%|██▎       | 2767/12000 [1:01:29<3:01:05,  1.18s/step]Training:  23%|██▎       | 2768/12000 [1:01:30<3:01:11,  1.18s/step]Training:  23%|██▎       | 2769/12000 [1:01:31<3:00:30,  1.17s/step]Training:  23%|██▎       | 2770/12000 [1:01:32<2:59:57,  1.17s/step]Training:  23%|██▎       | 2771/12000 [1:01:34<2:59:22,  1.17s/step]Training:  23%|██▎       | 2772/12000 [1:01:35<2:59:16,  1.17s/step]Training:  23%|██▎       | 2773/12000 [1:01:36<2:59:08,  1.16s/step]Training:  23%|██▎       | 2774/12000 [1:01:37<3:00:08,  1.17s/step]Training:  23%|██▎       | 2775/12000 [1:01:38<3:00:32,  1.17s/step]Training:  23%|██▎       | 2776/12000 [1:01:39<3:00:33,  1.17s/step]Training:  23%|██▎       | 2777/12000 [1:01:41<3:00:23,  1.17s/step]Training:  23%|██▎       | 2778/12000 [1:01:42<2:59:58,  1.17s/step]Training:  23%|██▎       | 2779/12000 [1:01:43<2:59:26,  1.17s/step]Training:  23%|██▎       | 2780/12000 [1:01:44<2:59:04,  1.17s/step]Training:  23%|██▎       | 2781/12000 [1:01:45<2:59:42,  1.17s/step]Training:  23%|██▎       | 2782/12000 [1:01:46<2:59:30,  1.17s/step]Training:  23%|██▎       | 2783/12000 [1:01:48<2:59:05,  1.17s/step]Training:  23%|██▎       | 2784/12000 [1:01:49<2:58:49,  1.16s/step]Training:  23%|██▎       | 2785/12000 [1:01:50<2:58:45,  1.16s/step]Training:  23%|██▎       | 2786/12000 [1:01:51<2:59:49,  1.17s/step]Training:  23%|██▎       | 2787/12000 [1:01:52<3:00:43,  1.18s/step]Training:  23%|██▎       | 2788/12000 [1:01:53<3:00:55,  1.18s/step]Training:  23%|██▎       | 2789/12000 [1:01:55<3:01:57,  1.19s/step]Training:  23%|██▎       | 2790/12000 [1:01:56<3:00:49,  1.18s/step]Training:  23%|██▎       | 2791/12000 [1:01:57<2:59:57,  1.17s/step]Training:  23%|██▎       | 2792/12000 [1:01:58<2:59:31,  1.17s/step]Training:  23%|██▎       | 2793/12000 [1:01:59<2:59:06,  1.17s/step]Training:  23%|██▎       | 2794/12000 [1:02:00<2:58:51,  1.17s/step]Training:  23%|██▎       | 2795/12000 [1:02:02<2:58:38,  1.16s/step]Training:  23%|██▎       | 2796/12000 [1:02:03<2:58:24,  1.16s/step]Training:  23%|██▎       | 2797/12000 [1:02:04<2:58:16,  1.16s/step]Training:  23%|██▎       | 2798/12000 [1:02:05<2:58:12,  1.16s/step]Training:  23%|██▎       | 2799/12000 [1:02:06<2:58:34,  1.16s/step]Training:  23%|██▎       | 2800/12000 [1:02:07<2:58:35,  1.16s/step]INFO 2026-09-16 04:56:12 ot_train.py:670 step:3K smpl:179K ep:2K epch:6.60 loss:0.128 grdn:1.265 lr:8.8e-05 updt_s:0.966 data_s:0.038 smp/s:64 mem_gb:14.29 losses_after_forward:0.107 losses_after_in_ep_bound:0.089 losses_after_rm_padding:0.089
Training:  23%|██▎       | 2801/12000 [1:02:09<2:58:27,  1.16s/step]Training:  23%|██▎       | 2802/12000 [1:02:10<2:58:10,  1.16s/step]Training:  23%|██▎       | 2803/12000 [1:02:11<2:58:02,  1.16s/step]Training:  23%|██▎       | 2804/12000 [1:02:12<2:57:51,  1.16s/step]Training:  23%|██▎       | 2805/12000 [1:02:13<2:58:01,  1.16s/step]Training:  23%|██▎       | 2806/12000 [1:02:14<2:58:00,  1.16s/step]Training:  23%|██▎       | 2807/12000 [1:02:16<2:57:56,  1.16s/step]Training:  23%|██▎       | 2808/12000 [1:02:17<2:58:04,  1.16s/step]Training:  23%|██▎       | 2809/12000 [1:02:18<2:58:31,  1.17s/step]Training:  23%|██▎       | 2810/12000 [1:02:19<3:00:37,  1.18s/step]Training:  23%|██▎       | 2811/12000 [1:02:20<3:01:35,  1.19s/step]Training:  23%|██▎       | 2812/12000 [1:02:22<3:01:15,  1.18s/step]Training:  23%|██▎       | 2813/12000 [1:02:23<3:01:15,  1.18s/step]Training:  23%|██▎       | 2814/12000 [1:02:24<3:00:27,  1.18s/step]Training:  23%|██▎       | 2815/12000 [1:02:25<2:59:28,  1.17s/step]Training:  23%|██▎       | 2816/12000 [1:02:26<2:58:54,  1.17s/step]Training:  23%|██▎       | 2817/12000 [1:02:27<2:58:29,  1.17s/step]Training:  23%|██▎       | 2818/12000 [1:02:29<2:58:11,  1.16s/step]Training:  23%|██▎       | 2819/12000 [1:02:30<2:57:54,  1.16s/step]Training:  24%|██▎       | 2820/12000 [1:02:31<2:57:49,  1.16s/step]Training:  24%|██▎       | 2821/12000 [1:02:32<2:57:42,  1.16s/step]Training:  24%|██▎       | 2822/12000 [1:02:33<2:57:33,  1.16s/step]Training:  24%|██▎       | 2823/12000 [1:02:34<2:57:29,  1.16s/step]Training:  24%|██▎       | 2824/12000 [1:02:35<2:57:31,  1.16s/step]Training:  24%|██▎       | 2825/12000 [1:02:37<2:57:29,  1.16s/step]Training:  24%|██▎       | 2826/12000 [1:02:38<2:58:26,  1.17s/step]Training:  24%|██▎       | 2827/12000 [1:02:39<2:58:41,  1.17s/step]Training:  24%|██▎       | 2828/12000 [1:02:40<2:58:13,  1.17s/step]Training:  24%|██▎       | 2829/12000 [1:02:41<2:57:55,  1.16s/step]Training:  24%|██▎       | 2830/12000 [1:02:42<2:57:44,  1.16s/step]Training:  24%|██▎       | 2831/12000 [1:02:44<2:57:38,  1.16s/step]Training:  24%|██▎       | 2832/12000 [1:02:45<2:57:45,  1.16s/step]Training:  24%|██▎       | 2833/12000 [1:02:46<2:59:22,  1.17s/step]Training:  24%|██▎       | 2834/12000 [1:02:47<2:59:49,  1.18s/step]Training:  24%|██▎       | 2835/12000 [1:02:48<3:00:35,  1.18s/step]Training:  24%|██▎       | 2836/12000 [1:02:50<2:59:33,  1.18s/step]Training:  24%|██▎       | 2837/12000 [1:02:51<2:58:44,  1.17s/step]Training:  24%|██▎       | 2838/12000 [1:02:52<2:58:15,  1.17s/step]Training:  24%|██▎       | 2839/12000 [1:02:53<2:58:33,  1.17s/step]Training:  24%|██▎       | 2840/12000 [1:02:54<2:58:09,  1.17s/step]Training:  24%|██▎       | 2841/12000 [1:02:55<2:58:01,  1.17s/step]Training:  24%|██▎       | 2842/12000 [1:02:57<2:59:01,  1.17s/step]Training:  24%|██▎       | 2843/12000 [1:02:58<3:00:08,  1.18s/step]Training:  24%|██▎       | 2844/12000 [1:02:59<2:59:47,  1.18s/step]Training:  24%|██▎       | 2845/12000 [1:03:00<2:58:52,  1.17s/step]Training:  24%|██▎       | 2846/12000 [1:03:01<2:58:17,  1.17s/step]Training:  24%|██▎       | 2847/12000 [1:03:02<2:57:56,  1.17s/step]Training:  24%|██▎       | 2848/12000 [1:03:04<2:57:41,  1.16s/step]Training:  24%|██▎       | 2849/12000 [1:03:05<2:58:06,  1.17s/step]Training:  24%|██▍       | 2850/12000 [1:03:06<2:58:25,  1.17s/step]Training:  24%|██▍       | 2851/12000 [1:03:07<2:57:58,  1.17s/step]Training:  24%|██▍       | 2852/12000 [1:03:08<2:57:37,  1.16s/step]Training:  24%|██▍       | 2853/12000 [1:03:09<2:57:22,  1.16s/step]Training:  24%|██▍       | 2854/12000 [1:03:11<2:57:13,  1.16s/step]Training:  24%|██▍       | 2855/12000 [1:03:12<2:58:34,  1.17s/step]Training:  24%|██▍       | 2856/12000 [1:03:13<2:59:21,  1.18s/step]Training:  24%|██▍       | 2857/12000 [1:03:14<3:00:08,  1.18s/step]Training:  24%|██▍       | 2858/12000 [1:03:15<2:58:57,  1.17s/step]Training:  24%|██▍       | 2859/12000 [1:03:16<2:58:17,  1.17s/step]Training:  24%|██▍       | 2860/12000 [1:03:18<2:58:58,  1.17s/step]Training:  24%|██▍       | 2861/12000 [1:03:19<2:58:21,  1.17s/step]Training:  24%|██▍       | 2862/12000 [1:03:20<2:57:52,  1.17s/step]Training:  24%|██▍       | 2863/12000 [1:03:21<2:57:26,  1.17s/step]Training:  24%|██▍       | 2864/12000 [1:03:22<2:57:13,  1.16s/step]Training:  24%|██▍       | 2865/12000 [1:03:23<2:57:21,  1.16s/step]Training:  24%|██▍       | 2866/12000 [1:03:25<2:58:04,  1.17s/step]Training:  24%|██▍       | 2867/12000 [1:03:26<2:57:35,  1.17s/step]Training:  24%|██▍       | 2868/12000 [1:03:27<2:57:11,  1.16s/step]Training:  24%|██▍       | 2869/12000 [1:03:28<2:56:54,  1.16s/step]Training:  24%|██▍       | 2870/12000 [1:03:29<2:56:46,  1.16s/step]Training:  24%|██▍       | 2871/12000 [1:03:30<2:56:32,  1.16s/step]Training:  24%|██▍       | 2872/12000 [1:03:32<2:56:25,  1.16s/step]Training:  24%|██▍       | 2873/12000 [1:03:33<2:56:24,  1.16s/step]Training:  24%|██▍       | 2874/12000 [1:03:34<2:56:45,  1.16s/step]Training:  24%|██▍       | 2875/12000 [1:03:35<2:57:35,  1.17s/step]Training:  24%|██▍       | 2876/12000 [1:03:36<2:57:34,  1.17s/step]Training:  24%|██▍       | 2877/12000 [1:03:37<2:57:28,  1.17s/step]Training:  24%|██▍       | 2878/12000 [1:03:39<2:57:43,  1.17s/step]Training:  24%|██▍       | 2879/12000 [1:03:40<2:58:14,  1.17s/step]Training:  24%|██▍       | 2880/12000 [1:03:41<2:59:33,  1.18s/step]Training:  24%|██▍       | 2881/12000 [1:03:42<2:58:40,  1.18s/step]Training:  24%|██▍       | 2882/12000 [1:03:43<2:57:47,  1.17s/step]Training:  24%|██▍       | 2883/12000 [1:03:44<2:57:11,  1.17s/step]Training:  24%|██▍       | 2884/12000 [1:03:46<2:56:49,  1.16s/step]Training:  24%|██▍       | 2885/12000 [1:03:47<2:56:29,  1.16s/step]Training:  24%|██▍       | 2886/12000 [1:03:48<2:57:13,  1.17s/step]Training:  24%|██▍       | 2887/12000 [1:03:49<2:56:52,  1.16s/step]Training:  24%|██▍       | 2888/12000 [1:03:50<2:56:47,  1.16s/step]Training:  24%|██▍       | 2889/12000 [1:03:51<2:56:29,  1.16s/step]Training:  24%|██▍       | 2890/12000 [1:03:53<2:57:12,  1.17s/step]Training:  24%|██▍       | 2891/12000 [1:03:54<2:56:46,  1.16s/step]Training:  24%|██▍       | 2892/12000 [1:03:55<2:56:30,  1.16s/step]Training:  24%|██▍       | 2893/12000 [1:03:56<2:56:15,  1.16s/step]Training:  24%|██▍       | 2894/12000 [1:03:57<2:56:09,  1.16s/step]Training:  24%|██▍       | 2895/12000 [1:03:58<2:55:56,  1.16s/step]Training:  24%|██▍       | 2896/12000 [1:04:00<2:55:51,  1.16s/step]Training:  24%|██▍       | 2897/12000 [1:04:01<2:55:46,  1.16s/step]Training:  24%|██▍       | 2898/12000 [1:04:02<2:55:49,  1.16s/step]Training:  24%|██▍       | 2899/12000 [1:04:03<2:55:42,  1.16s/step]Training:  24%|██▍       | 2900/12000 [1:04:04<2:55:43,  1.16s/step]Training:  24%|██▍       | 2901/12000 [1:04:05<2:55:34,  1.16s/step]Training:  24%|██▍       | 2902/12000 [1:04:06<2:55:39,  1.16s/step]Training:  24%|██▍       | 2903/12000 [1:04:08<2:55:55,  1.16s/step]Training:  24%|██▍       | 2904/12000 [1:04:09<2:57:27,  1.17s/step]Training:  24%|██▍       | 2905/12000 [1:04:10<2:57:34,  1.17s/step]Training:  24%|██▍       | 2906/12000 [1:04:11<2:58:36,  1.18s/step]Training:  24%|██▍       | 2907/12000 [1:04:12<2:57:57,  1.17s/step]Training:  24%|██▍       | 2908/12000 [1:04:14<2:58:24,  1.18s/step]Training:  24%|██▍       | 2909/12000 [1:04:15<2:58:33,  1.18s/step]Training:  24%|██▍       | 2910/12000 [1:04:16<2:58:02,  1.18s/step]Training:  24%|██▍       | 2911/12000 [1:04:17<2:57:08,  1.17s/step]Training:  24%|██▍       | 2912/12000 [1:04:18<2:56:31,  1.17s/step]Training:  24%|██▍       | 2913/12000 [1:04:19<2:56:03,  1.16s/step]Training:  24%|██▍       | 2914/12000 [1:04:21<2:56:05,  1.16s/step]Training:  24%|██▍       | 2915/12000 [1:04:22<2:55:47,  1.16s/step]Training:  24%|██▍       | 2916/12000 [1:04:23<2:55:41,  1.16s/step]Training:  24%|██▍       | 2917/12000 [1:04:24<2:55:31,  1.16s/step]Training:  24%|██▍       | 2918/12000 [1:04:25<2:55:22,  1.16s/step]Training:  24%|██▍       | 2919/12000 [1:04:26<2:55:12,  1.16s/step]Training:  24%|██▍       | 2920/12000 [1:04:27<2:55:07,  1.16s/step]Training:  24%|██▍       | 2921/12000 [1:04:29<2:55:02,  1.16s/step]Training:  24%|██▍       | 2922/12000 [1:04:30<2:55:11,  1.16s/step]Training:  24%|██▍       | 2923/12000 [1:04:31<2:55:16,  1.16s/step]Training:  24%|██▍       | 2924/12000 [1:04:32<2:55:15,  1.16s/step]Training:  24%|██▍       | 2925/12000 [1:04:33<2:55:09,  1.16s/step]Training:  24%|██▍       | 2926/12000 [1:04:34<2:55:05,  1.16s/step]Training:  24%|██▍       | 2927/12000 [1:04:36<2:55:29,  1.16s/step]Training:  24%|██▍       | 2928/12000 [1:04:37<2:57:06,  1.17s/step]Training:  24%|██▍       | 2929/12000 [1:04:38<2:58:53,  1.18s/step]Training:  24%|██▍       | 2930/12000 [1:04:39<2:58:34,  1.18s/step]Training:  24%|██▍       | 2931/12000 [1:04:40<2:57:42,  1.18s/step]Training:  24%|██▍       | 2932/12000 [1:04:42<2:57:06,  1.17s/step]Training:  24%|██▍       | 2933/12000 [1:04:43<2:56:35,  1.17s/step]Training:  24%|██▍       | 2934/12000 [1:04:44<2:56:10,  1.17s/step]Training:  24%|██▍       | 2935/12000 [1:04:45<2:55:47,  1.16s/step]Training:  24%|██▍       | 2936/12000 [1:04:46<2:55:44,  1.16s/step]Training:  24%|██▍       | 2937/12000 [1:04:47<2:55:30,  1.16s/step]Training:  24%|██▍       | 2938/12000 [1:04:48<2:55:14,  1.16s/step]Training:  24%|██▍       | 2939/12000 [1:04:50<2:55:22,  1.16s/step]Training:  24%|██▍       | 2940/12000 [1:04:51<2:55:30,  1.16s/step]Training:  25%|██▍       | 2941/12000 [1:04:52<2:55:36,  1.16s/step]Training:  25%|██▍       | 2942/12000 [1:04:53<2:55:52,  1.17s/step]Training:  25%|██▍       | 2943/12000 [1:04:54<2:56:02,  1.17s/step]Training:  25%|██▍       | 2944/12000 [1:04:55<2:55:43,  1.16s/step]Training:  25%|██▍       | 2945/12000 [1:04:57<2:55:24,  1.16s/step]Training:  25%|██▍       | 2946/12000 [1:04:58<2:55:13,  1.16s/step]Training:  25%|██▍       | 2947/12000 [1:04:59<2:55:03,  1.16s/step]Training:  25%|██▍       | 2948/12000 [1:05:00<2:55:01,  1.16s/step]Training:  25%|██▍       | 2949/12000 [1:05:01<2:54:55,  1.16s/step]Training:  25%|██▍       | 2950/12000 [1:05:02<2:54:55,  1.16s/step]Training:  25%|██▍       | 2951/12000 [1:05:04<2:55:42,  1.17s/step]Training:  25%|██▍       | 2952/12000 [1:05:05<2:56:37,  1.17s/step]Training:  25%|██▍       | 2953/12000 [1:05:06<2:57:42,  1.18s/step]Training:  25%|██▍       | 2954/12000 [1:05:07<2:57:02,  1.17s/step]Training:  25%|██▍       | 2955/12000 [1:05:08<2:56:19,  1.17s/step]Training:  25%|██▍       | 2956/12000 [1:05:09<2:55:44,  1.17s/step]Training:  25%|██▍       | 2957/12000 [1:05:11<2:55:19,  1.16s/step]Training:  25%|██▍       | 2958/12000 [1:05:12<2:55:01,  1.16s/step]Training:  25%|██▍       | 2959/12000 [1:05:13<2:54:46,  1.16s/step]Training:  25%|██▍       | 2960/12000 [1:05:14<2:54:36,  1.16s/step]Training:  25%|██▍       | 2961/12000 [1:05:15<2:54:33,  1.16s/step]Training:  25%|██▍       | 2962/12000 [1:05:16<2:54:24,  1.16s/step]Training:  25%|██▍       | 2963/12000 [1:05:18<2:54:18,  1.16s/step]Training:  25%|██▍       | 2964/12000 [1:05:19<2:54:14,  1.16s/step]Training:  25%|██▍       | 2965/12000 [1:05:20<2:54:14,  1.16s/step]Training:  25%|██▍       | 2966/12000 [1:05:21<2:54:26,  1.16s/step]Training:  25%|██▍       | 2967/12000 [1:05:22<2:54:23,  1.16s/step]Training:  25%|██▍       | 2968/12000 [1:05:23<2:54:32,  1.16s/step]Training:  25%|██▍       | 2969/12000 [1:05:25<2:54:28,  1.16s/step]Training:  25%|██▍       | 2970/12000 [1:05:26<2:54:30,  1.16s/step]Training:  25%|██▍       | 2971/12000 [1:05:27<2:54:32,  1.16s/step]Training:  25%|██▍       | 2972/12000 [1:05:28<2:54:38,  1.16s/step]Training:  25%|██▍       | 2973/12000 [1:05:29<2:54:47,  1.16s/step]Training:  25%|██▍       | 2974/12000 [1:05:30<2:55:00,  1.16s/step]Training:  25%|██▍       | 2975/12000 [1:05:31<2:35:33,  1.03s/step]Training:  25%|██▍       | 2976/12000 [1:05:34<3:58:12,  1.58s/step]Training:  25%|██▍       | 2977/12000 [1:05:35<3:42:03,  1.48s/step]Training:  25%|██▍       | 2978/12000 [1:05:36<3:29:00,  1.39s/step]Training:  25%|██▍       | 2979/12000 [1:05:38<3:20:45,  1.34s/step]Training:  25%|██▍       | 2980/12000 [1:05:39<3:12:52,  1.28s/step]Training:  25%|██▍       | 2981/12000 [1:05:40<3:07:14,  1.25s/step]Training:  25%|██▍       | 2982/12000 [1:05:41<3:03:20,  1.22s/step]Training:  25%|██▍       | 2983/12000 [1:05:42<3:00:58,  1.20s/step]Training:  25%|██▍       | 2984/12000 [1:05:43<2:58:55,  1.19s/step]Training:  25%|██▍       | 2985/12000 [1:05:45<2:57:35,  1.18s/step]Training:  25%|██▍       | 2986/12000 [1:05:46<2:56:42,  1.18s/step]Training:  25%|██▍       | 2987/12000 [1:05:47<2:55:53,  1.17s/step]Training:  25%|██▍       | 2988/12000 [1:05:48<2:55:20,  1.17s/step]Training:  25%|██▍       | 2989/12000 [1:05:49<2:54:59,  1.17s/step]Training:  25%|██▍       | 2990/12000 [1:05:50<2:55:07,  1.17s/step]Training:  25%|██▍       | 2991/12000 [1:05:51<2:54:46,  1.16s/step]Training:  25%|██▍       | 2992/12000 [1:05:53<2:54:30,  1.16s/step]Training:  25%|██▍       | 2993/12000 [1:05:54<2:54:25,  1.16s/step]Training:  25%|██▍       | 2994/12000 [1:05:55<2:54:17,  1.16s/step]Training:  25%|██▍       | 2995/12000 [1:05:56<2:54:26,  1.16s/step]Training:  25%|██▍       | 2996/12000 [1:05:57<2:54:53,  1.17s/step]Training:  25%|██▍       | 2997/12000 [1:05:58<2:55:55,  1.17s/step]Training:  25%|██▍       | 2998/12000 [1:06:00<2:56:57,  1.18s/step]Training:  25%|██▍       | 2999/12000 [1:06:01<2:56:03,  1.17s/step]Training:  25%|██▌       | 3000/12000 [1:06:02<2:55:25,  1.17s/step]INFO 2026-09-16 05:00:07 ot_train.py:670 step:3K smpl:192K ep:2K epch:7.07 loss:0.123 grdn:1.295 lr:8.7e-05 updt_s:0.962 data_s:0.046 smp/s:64 mem_gb:14.26 losses_after_forward:0.103 losses_after_in_ep_bound:0.086 losses_after_rm_padding:0.086
Training:  25%|██▌       | 3001/12000 [1:06:03<2:55:01,  1.17s/step]Training:  25%|██▌       | 3002/12000 [1:06:04<2:55:16,  1.17s/step]Training:  25%|██▌       | 3003/12000 [1:06:05<2:54:55,  1.17s/step]Training:  25%|██▌       | 3004/12000 [1:06:07<2:54:34,  1.16s/step]Training:  25%|██▌       | 3005/12000 [1:06:08<2:54:43,  1.17s/step]Training:  25%|██▌       | 3006/12000 [1:06:09<2:54:45,  1.17s/step]Training:  25%|██▌       | 3007/12000 [1:06:10<2:55:54,  1.17s/step]Training:  25%|██▌       | 3008/12000 [1:06:11<2:55:33,  1.17s/step]Training:  25%|██▌       | 3009/12000 [1:06:13<2:55:06,  1.17s/step]Training:  25%|██▌       | 3010/12000 [1:06:14<2:54:41,  1.17s/step]Training:  25%|██▌       | 3011/12000 [1:06:15<2:54:46,  1.17s/step]Training:  25%|██▌       | 3012/12000 [1:06:16<2:54:48,  1.17s/step]Training:  25%|██▌       | 3013/12000 [1:06:17<2:54:47,  1.17s/step]Training:  25%|██▌       | 3014/12000 [1:06:18<2:54:29,  1.17s/step]Training:  25%|██▌       | 3015/12000 [1:06:19<2:54:19,  1.16s/step]Training:  25%|██▌       | 3016/12000 [1:06:21<2:54:00,  1.16s/step]Training:  25%|██▌       | 3017/12000 [1:06:22<2:53:57,  1.16s/step]Training:  25%|██▌       | 3018/12000 [1:06:23<2:53:52,  1.16s/step]Training:  25%|██▌       | 3019/12000 [1:06:24<2:54:35,  1.17s/step]Training:  25%|██▌       | 3020/12000 [1:06:25<2:55:13,  1.17s/step]Training:  25%|██▌       | 3021/12000 [1:06:27<2:57:03,  1.18s/step]Training:  25%|██▌       | 3022/12000 [1:06:28<2:55:57,  1.18s/step]Training:  25%|██▌       | 3023/12000 [1:06:29<2:55:20,  1.17s/step]Training:  25%|██▌       | 3024/12000 [1:06:30<2:54:47,  1.17s/step]Training:  25%|██▌       | 3025/12000 [1:06:31<2:54:26,  1.17s/step]Training:  25%|██▌       | 3026/12000 [1:06:32<2:54:12,  1.16s/step]Training:  25%|██▌       | 3027/12000 [1:06:34<2:53:59,  1.16s/step]Training:  25%|██▌       | 3028/12000 [1:06:35<2:53:49,  1.16s/step]Training:  25%|██▌       | 3029/12000 [1:06:36<2:54:16,  1.17s/step]Training:  25%|██▌       | 3030/12000 [1:06:37<2:54:07,  1.16s/step]Training:  25%|██▌       | 3031/12000 [1:06:38<2:53:59,  1.16s/step]Training:  25%|██▌       | 3032/12000 [1:06:39<2:53:50,  1.16s/step]Training:  25%|██▌       | 3033/12000 [1:06:40<2:53:44,  1.16s/step]Training:  25%|██▌       | 3034/12000 [1:06:42<2:53:32,  1.16s/step]Training:  25%|██▌       | 3035/12000 [1:06:43<2:53:34,  1.16s/step]Training:  25%|██▌       | 3036/12000 [1:06:44<2:53:26,  1.16s/step]Training:  25%|██▌       | 3037/12000 [1:06:45<2:53:53,  1.16s/step]Training:  25%|██▌       | 3038/12000 [1:06:46<2:54:04,  1.17s/step]Training:  25%|██▌       | 3039/12000 [1:06:47<2:54:27,  1.17s/step]Training:  25%|██▌       | 3040/12000 [1:06:49<2:55:46,  1.18s/step]Training:  25%|██▌       | 3041/12000 [1:06:50<2:57:07,  1.19s/step]Training:  25%|██▌       | 3042/12000 [1:06:51<2:57:28,  1.19s/step]Training:  25%|██▌       | 3043/12000 [1:06:52<2:57:51,  1.19s/step]Training:  25%|██▌       | 3044/12000 [1:06:53<2:56:37,  1.18s/step]Training:  25%|██▌       | 3045/12000 [1:06:55<2:56:19,  1.18s/step]Training:  25%|██▌       | 3046/12000 [1:06:56<2:55:24,  1.18s/step]Training:  25%|██▌       | 3047/12000 [1:06:57<2:54:45,  1.17s/step]Training:  25%|██▌       | 3048/12000 [1:06:58<2:54:16,  1.17s/step]Training:  25%|██▌       | 3049/12000 [1:06:59<2:53:54,  1.17s/step]Training:  25%|██▌       | 3050/12000 [1:07:00<2:53:30,  1.16s/step]Training:  25%|██▌       | 3051/12000 [1:07:02<2:54:09,  1.17s/step]Training:  25%|██▌       | 3052/12000 [1:07:03<2:54:58,  1.17s/step]Training:  25%|██▌       | 3053/12000 [1:07:04<2:54:20,  1.17s/step]Training:  25%|██▌       | 3054/12000 [1:07:05<2:54:52,  1.17s/step]Training:  25%|██▌       | 3055/12000 [1:07:06<2:54:22,  1.17s/step]Training:  25%|██▌       | 3056/12000 [1:07:07<2:53:52,  1.17s/step]Training:  25%|██▌       | 3057/12000 [1:07:09<2:53:35,  1.16s/step]Training:  25%|██▌       | 3058/12000 [1:07:10<2:53:20,  1.16s/step]Training:  25%|██▌       | 3059/12000 [1:07:11<2:53:12,  1.16s/step]Training:  26%|██▌       | 3060/12000 [1:07:12<2:54:08,  1.17s/step]Training:  26%|██▌       | 3061/12000 [1:07:13<2:54:01,  1.17s/step]Training:  26%|██▌       | 3062/12000 [1:07:14<2:54:42,  1.17s/step]Training:  26%|██▌       | 3063/12000 [1:07:16<2:55:39,  1.18s/step]Training:  26%|██▌       | 3064/12000 [1:07:17<2:56:49,  1.19s/step]Training:  26%|██▌       | 3065/12000 [1:07:18<2:55:35,  1.18s/step]Training:  26%|██▌       | 3066/12000 [1:07:19<2:54:39,  1.17s/step]Training:  26%|██▌       | 3067/12000 [1:07:20<2:54:05,  1.17s/step]Training:  26%|██▌       | 3068/12000 [1:07:22<2:53:38,  1.17s/step]Training:  26%|██▌       | 3069/12000 [1:07:23<2:54:33,  1.17s/step]Training:  26%|██▌       | 3070/12000 [1:07:24<2:54:12,  1.17s/step]Training:  26%|██▌       | 3071/12000 [1:07:25<2:54:06,  1.17s/step]Training:  26%|██▌       | 3072/12000 [1:07:26<2:56:03,  1.18s/step]Training:  26%|██▌       | 3073/12000 [1:07:27<2:56:17,  1.18s/step]Training:  26%|██▌       | 3074/12000 [1:07:29<2:55:28,  1.18s/step]Training:  26%|██▌       | 3075/12000 [1:07:30<2:54:36,  1.17s/step]Training:  26%|██▌       | 3076/12000 [1:07:31<2:53:56,  1.17s/step]Training:  26%|██▌       | 3077/12000 [1:07:32<2:54:05,  1.17s/step]Training:  26%|██▌       | 3078/12000 [1:07:33<2:53:40,  1.17s/step]Training:  26%|██▌       | 3079/12000 [1:07:34<2:53:21,  1.17s/step]Training:  26%|██▌       | 3080/12000 [1:07:36<2:53:07,  1.16s/step]Training:  26%|██▌       | 3081/12000 [1:07:37<2:52:54,  1.16s/step]Training:  26%|██▌       | 3082/12000 [1:07:38<2:52:50,  1.16s/step]Training:  26%|██▌       | 3083/12000 [1:07:39<2:54:07,  1.17s/step]Training:  26%|██▌       | 3084/12000 [1:07:40<2:55:04,  1.18s/step]Training:  26%|██▌       | 3085/12000 [1:07:41<2:55:26,  1.18s/step]Training:  26%|██▌       | 3086/12000 [1:07:43<2:54:35,  1.18s/step]Training:  26%|██▌       | 3087/12000 [1:07:44<2:54:07,  1.17s/step]Training:  26%|██▌       | 3088/12000 [1:07:45<2:53:43,  1.17s/step]Training:  26%|██▌       | 3089/12000 [1:07:46<2:53:30,  1.17s/step]Training:  26%|██▌       | 3090/12000 [1:07:47<2:53:15,  1.17s/step]Training:  26%|██▌       | 3091/12000 [1:07:48<2:53:29,  1.17s/step]Training:  26%|██▌       | 3092/12000 [1:07:50<2:53:49,  1.17s/step]Training:  26%|██▌       | 3093/12000 [1:07:51<2:53:25,  1.17s/step]Training:  26%|██▌       | 3094/12000 [1:07:52<2:53:16,  1.17s/step]Training:  26%|██▌       | 3095/12000 [1:07:53<2:53:08,  1.17s/step]Training:  26%|██▌       | 3096/12000 [1:07:54<2:52:58,  1.17s/step]Training:  26%|██▌       | 3097/12000 [1:07:55<2:52:50,  1.16s/step]Training:  26%|██▌       | 3098/12000 [1:07:57<2:53:32,  1.17s/step]Training:  26%|██▌       | 3099/12000 [1:07:58<2:53:14,  1.17s/step]Training:  26%|██▌       | 3100/12000 [1:07:59<2:53:01,  1.17s/step]Training:  26%|██▌       | 3101/12000 [1:08:00<2:52:57,  1.17s/step]Training:  26%|██▌       | 3102/12000 [1:08:01<2:53:17,  1.17s/step]Training:  26%|██▌       | 3103/12000 [1:08:02<2:53:10,  1.17s/step]Training:  26%|██▌       | 3104/12000 [1:08:04<2:53:38,  1.17s/step]Training:  26%|██▌       | 3105/12000 [1:08:05<2:55:14,  1.18s/step]Training:  26%|██▌       | 3106/12000 [1:08:06<2:56:24,  1.19s/step]Training:  26%|██▌       | 3107/12000 [1:08:07<2:55:30,  1.18s/step]Training:  26%|██▌       | 3108/12000 [1:08:08<2:54:38,  1.18s/step]Training:  26%|██▌       | 3109/12000 [1:08:10<2:54:04,  1.17s/step]Training:  26%|██▌       | 3110/12000 [1:08:11<2:54:13,  1.18s/step]Training:  26%|██▌       | 3111/12000 [1:08:12<2:54:02,  1.17s/step]Training:  26%|██▌       | 3112/12000 [1:08:13<2:53:39,  1.17s/step]Training:  26%|██▌       | 3113/12000 [1:08:14<2:53:47,  1.17s/step]Training:  26%|██▌       | 3114/12000 [1:08:15<2:53:50,  1.17s/step]Training:  26%|██▌       | 3115/12000 [1:08:17<2:53:28,  1.17s/step]Training:  26%|██▌       | 3116/12000 [1:08:18<2:53:29,  1.17s/step]Training:  26%|██▌       | 3117/12000 [1:08:19<2:53:14,  1.17s/step]Training:  26%|██▌       | 3118/12000 [1:08:20<2:52:59,  1.17s/step]Training:  26%|██▌       | 3119/12000 [1:08:21<2:53:34,  1.17s/step]Training:  26%|██▌       | 3120/12000 [1:08:22<2:53:24,  1.17s/step]Training:  26%|██▌       | 3121/12000 [1:08:24<2:53:22,  1.17s/step]Training:  26%|██▌       | 3122/12000 [1:08:25<2:53:20,  1.17s/step]Training:  26%|██▌       | 3123/12000 [1:08:26<2:53:29,  1.17s/step]Training:  26%|██▌       | 3124/12000 [1:08:27<2:53:38,  1.17s/step]Training:  26%|██▌       | 3125/12000 [1:08:28<2:54:33,  1.18s/step]Training:  26%|██▌       | 3126/12000 [1:08:30<2:56:08,  1.19s/step]Training:  26%|██▌       | 3127/12000 [1:08:31<2:54:59,  1.18s/step]Training:  26%|██▌       | 3128/12000 [1:08:32<2:54:12,  1.18s/step]Training:  26%|██▌       | 3129/12000 [1:08:33<2:54:40,  1.18s/step]Training:  26%|██▌       | 3130/12000 [1:08:34<2:53:54,  1.18s/step]Training:  26%|██▌       | 3131/12000 [1:08:35<2:53:31,  1.17s/step]Training:  26%|██▌       | 3132/12000 [1:08:37<2:53:15,  1.17s/step]Training:  26%|██▌       | 3133/12000 [1:08:38<2:53:00,  1.17s/step]Training:  26%|██▌       | 3134/12000 [1:08:39<2:52:48,  1.17s/step]Training:  26%|██▌       | 3135/12000 [1:08:40<2:52:48,  1.17s/step]Training:  26%|██▌       | 3136/12000 [1:08:41<2:53:24,  1.17s/step]Training:  26%|██▌       | 3137/12000 [1:08:42<2:53:33,  1.17s/step]Training:  26%|██▌       | 3138/12000 [1:08:44<2:53:38,  1.18s/step]Training:  26%|██▌       | 3139/12000 [1:08:45<2:53:53,  1.18s/step]Training:  26%|██▌       | 3140/12000 [1:08:46<2:54:28,  1.18s/step]Training:  26%|██▌       | 3141/12000 [1:08:47<2:54:17,  1.18s/step]Training:  26%|██▌       | 3142/12000 [1:08:48<2:53:46,  1.18s/step]Training:  26%|██▌       | 3143/12000 [1:08:50<2:53:25,  1.17s/step]Training:  26%|██▌       | 3144/12000 [1:08:51<2:53:26,  1.18s/step]Training:  26%|██▌       | 3145/12000 [1:08:52<2:54:36,  1.18s/step]Training:  26%|██▌       | 3146/12000 [1:08:53<2:55:48,  1.19s/step]Training:  26%|██▌       | 3147/12000 [1:08:54<2:54:51,  1.19s/step]Training:  26%|██▌       | 3148/12000 [1:08:55<2:53:58,  1.18s/step]Training:  26%|██▌       | 3149/12000 [1:08:57<2:53:24,  1.18s/step]Training:  26%|██▋       | 3150/12000 [1:08:58<2:53:01,  1.17s/step]Training:  26%|██▋       | 3151/12000 [1:08:59<2:52:40,  1.17s/step]Training:  26%|██▋       | 3152/12000 [1:09:00<2:53:03,  1.17s/step]Training:  26%|██▋       | 3153/12000 [1:09:01<2:52:43,  1.17s/step]Training:  26%|██▋       | 3154/12000 [1:09:02<2:52:41,  1.17s/step]Training:  26%|██▋       | 3155/12000 [1:09:04<2:52:38,  1.17s/step]Training:  26%|██▋       | 3156/12000 [1:09:05<2:52:29,  1.17s/step]Training:  26%|██▋       | 3157/12000 [1:09:06<2:52:23,  1.17s/step]Training:  26%|██▋       | 3158/12000 [1:09:07<2:52:19,  1.17s/step]Training:  26%|██▋       | 3159/12000 [1:09:08<2:52:07,  1.17s/step]Training:  26%|██▋       | 3160/12000 [1:09:09<2:52:07,  1.17s/step]Training:  26%|██▋       | 3161/12000 [1:09:11<2:52:07,  1.17s/step]Training:  26%|██▋       | 3162/12000 [1:09:12<2:52:09,  1.17s/step]Training:  26%|██▋       | 3163/12000 [1:09:13<2:52:12,  1.17s/step]Training:  26%|██▋       | 3164/12000 [1:09:14<2:52:27,  1.17s/step]Training:  26%|██▋       | 3165/12000 [1:09:15<2:52:54,  1.17s/step]Training:  26%|██▋       | 3166/12000 [1:09:17<2:53:55,  1.18s/step]Training:  26%|██▋       | 3167/12000 [1:09:18<2:54:38,  1.19s/step]Training:  26%|██▋       | 3168/12000 [1:09:19<2:53:49,  1.18s/step]Training:  26%|██▋       | 3169/12000 [1:09:20<2:53:26,  1.18s/step]Training:  26%|██▋       | 3170/12000 [1:09:21<2:53:16,  1.18s/step]Training:  26%|██▋       | 3171/12000 [1:09:22<2:53:42,  1.18s/step]Training:  26%|██▋       | 3172/12000 [1:09:24<2:53:34,  1.18s/step]Training:  26%|██▋       | 3173/12000 [1:09:25<2:53:08,  1.18s/step]Training:  26%|██▋       | 3174/12000 [1:09:26<2:52:42,  1.17s/step]Training:  26%|██▋       | 3175/12000 [1:09:27<2:52:23,  1.17s/step]Training:  26%|██▋       | 3176/12000 [1:09:28<2:52:51,  1.18s/step]Training:  26%|██▋       | 3177/12000 [1:09:29<2:52:33,  1.17s/step]Training:  26%|██▋       | 3178/12000 [1:09:31<2:52:10,  1.17s/step]Training:  26%|██▋       | 3179/12000 [1:09:32<2:52:08,  1.17s/step]Training:  26%|██▋       | 3180/12000 [1:09:33<2:51:59,  1.17s/step]Training:  27%|██▋       | 3181/12000 [1:09:34<2:52:35,  1.17s/step]Training:  27%|██▋       | 3182/12000 [1:09:35<2:52:18,  1.17s/step]Training:  27%|██▋       | 3183/12000 [1:09:36<2:52:08,  1.17s/step]Training:  27%|██▋       | 3184/12000 [1:09:38<2:52:54,  1.18s/step]Training:  27%|██▋       | 3185/12000 [1:09:39<2:53:24,  1.18s/step]Training:  27%|██▋       | 3186/12000 [1:09:40<2:54:28,  1.19s/step]Training:  27%|██▋       | 3187/12000 [1:09:41<2:54:44,  1.19s/step]Training:  27%|██▋       | 3188/12000 [1:09:42<2:53:49,  1.18s/step]Training:  27%|██▋       | 3189/12000 [1:09:44<2:53:59,  1.18s/step]Training:  27%|██▋       | 3190/12000 [1:09:45<2:53:27,  1.18s/step]Training:  27%|██▋       | 3191/12000 [1:09:46<2:52:49,  1.18s/step]Training:  27%|██▋       | 3192/12000 [1:09:47<2:52:42,  1.18s/step]Training:  27%|██▋       | 3193/12000 [1:09:48<2:52:25,  1.17s/step]Training:  27%|██▋       | 3194/12000 [1:09:49<2:52:34,  1.18s/step]Training:  27%|██▋       | 3195/12000 [1:09:51<2:52:21,  1.17s/step]Training:  27%|██▋       | 3196/12000 [1:09:52<2:52:04,  1.17s/step]Training:  27%|██▋       | 3197/12000 [1:09:53<2:51:55,  1.17s/step]Training:  27%|██▋       | 3198/12000 [1:09:54<2:51:50,  1.17s/step]Training:  27%|██▋       | 3199/12000 [1:09:55<2:52:01,  1.17s/step]Training:  27%|██▋       | 3200/12000 [1:09:57<2:52:15,  1.17s/step]INFO 2026-09-16 05:04:01 ot_train.py:670 step:3K smpl:205K ep:3K epch:7.54 loss:0.118 grdn:1.226 lr:8.5e-05 updt_s:0.969 data_s:0.038 smp/s:64 mem_gb:14.29 losses_after_forward:0.100 losses_after_in_ep_bound:0.082 losses_after_rm_padding:0.082
Training:  27%|██▋       | 3201/12000 [1:09:58<2:52:22,  1.18s/step]Training:  27%|██▋       | 3202/12000 [1:09:59<2:52:25,  1.18s/step]Training:  27%|██▋       | 3203/12000 [1:10:00<2:52:28,  1.18s/step]Training:  27%|██▋       | 3204/12000 [1:10:01<2:54:39,  1.19s/step]Training:  27%|██▋       | 3205/12000 [1:10:02<2:55:58,  1.20s/step]Training:  27%|██▋       | 3206/12000 [1:10:04<2:55:00,  1.19s/step]Training:  27%|██▋       | 3207/12000 [1:10:05<2:53:58,  1.19s/step]Training:  27%|██▋       | 3208/12000 [1:10:06<2:53:16,  1.18s/step]Training:  27%|██▋       | 3209/12000 [1:10:07<2:52:40,  1.18s/step]Training:  27%|██▋       | 3210/12000 [1:10:08<2:52:09,  1.18s/step]Training:  27%|██▋       | 3211/12000 [1:10:10<2:51:52,  1.17s/step]Training:  27%|██▋       | 3212/12000 [1:10:11<2:51:34,  1.17s/step]Training:  27%|██▋       | 3213/12000 [1:10:12<2:51:28,  1.17s/step]Training:  27%|██▋       | 3214/12000 [1:10:13<2:51:23,  1.17s/step]Training:  27%|██▋       | 3215/12000 [1:10:14<2:52:02,  1.17s/step]Training:  27%|██▋       | 3216/12000 [1:10:15<2:52:33,  1.18s/step]Training:  27%|██▋       | 3217/12000 [1:10:17<2:52:06,  1.18s/step]Training:  27%|██▋       | 3218/12000 [1:10:18<2:51:43,  1.17s/step]Training:  27%|██▋       | 3219/12000 [1:10:19<2:51:35,  1.17s/step]Training:  27%|██▋       | 3220/12000 [1:10:20<2:51:38,  1.17s/step]Training:  27%|██▋       | 3221/12000 [1:10:21<2:51:43,  1.17s/step]Training:  27%|██▋       | 3222/12000 [1:10:22<2:51:42,  1.17s/step]Training:  27%|██▋       | 3223/12000 [1:10:24<2:51:53,  1.18s/step]Training:  27%|██▋       | 3224/12000 [1:10:25<2:52:43,  1.18s/step]Training:  27%|██▋       | 3225/12000 [1:10:26<2:54:06,  1.19s/step]Training:  27%|██▋       | 3226/12000 [1:10:27<2:53:25,  1.19s/step]Training:  27%|██▋       | 3227/12000 [1:10:28<2:52:40,  1.18s/step]Training:  27%|██▋       | 3228/12000 [1:10:30<2:52:06,  1.18s/step]Training:  27%|██▋       | 3229/12000 [1:10:31<2:51:48,  1.18s/step]Training:  27%|██▋       | 3230/12000 [1:10:32<2:51:56,  1.18s/step]Training:  27%|██▋       | 3231/12000 [1:10:33<2:51:36,  1.17s/step]Training:  27%|██▋       | 3232/12000 [1:10:34<2:52:04,  1.18s/step]Training:  27%|██▋       | 3233/12000 [1:10:35<2:51:58,  1.18s/step]Training:  27%|██▋       | 3234/12000 [1:10:37<2:52:11,  1.18s/step]Training:  27%|██▋       | 3235/12000 [1:10:38<2:52:07,  1.18s/step]Training:  27%|██▋       | 3236/12000 [1:10:39<2:52:13,  1.18s/step]Training:  27%|██▋       | 3237/12000 [1:10:40<2:52:43,  1.18s/step]Training:  27%|██▋       | 3238/12000 [1:10:41<2:52:24,  1.18s/step]Training:  27%|██▋       | 3239/12000 [1:10:42<2:51:58,  1.18s/step]Training:  27%|██▋       | 3240/12000 [1:10:44<2:51:58,  1.18s/step]Training:  27%|██▋       | 3241/12000 [1:10:45<2:51:37,  1.18s/step]Training:  27%|██▋       | 3242/12000 [1:10:46<2:51:54,  1.18s/step]Training:  27%|██▋       | 3243/12000 [1:10:47<2:52:29,  1.18s/step]Training:  27%|██▋       | 3244/12000 [1:10:48<2:53:51,  1.19s/step]Training:  27%|██▋       | 3245/12000 [1:10:50<2:54:03,  1.19s/step]Training:  27%|██▋       | 3246/12000 [1:10:51<2:52:55,  1.19s/step]Training:  27%|██▋       | 3247/12000 [1:10:52<2:52:12,  1.18s/step]Training:  27%|██▋       | 3248/12000 [1:10:53<2:51:42,  1.18s/step]Training:  27%|██▋       | 3249/12000 [1:10:54<2:51:19,  1.17s/step]Training:  27%|██▋       | 3250/12000 [1:10:55<2:51:06,  1.17s/step]Training:  27%|██▋       | 3251/12000 [1:10:57<2:51:11,  1.17s/step]Training:  27%|██▋       | 3252/12000 [1:10:58<2:50:56,  1.17s/step]Training:  27%|██▋       | 3253/12000 [1:10:59<2:51:18,  1.18s/step]Training:  27%|██▋       | 3254/12000 [1:11:00<2:51:09,  1.17s/step]Training:  27%|██▋       | 3255/12000 [1:11:01<2:51:08,  1.17s/step]Training:  27%|██▋       | 3256/12000 [1:11:03<2:50:55,  1.17s/step]Training:  27%|██▋       | 3257/12000 [1:11:04<2:50:43,  1.17s/step]Training:  27%|██▋       | 3258/12000 [1:11:05<2:50:36,  1.17s/step]Training:  27%|██▋       | 3259/12000 [1:11:06<2:50:29,  1.17s/step]Training:  27%|██▋       | 3260/12000 [1:11:07<2:50:26,  1.17s/step]Training:  27%|██▋       | 3261/12000 [1:11:08<2:50:34,  1.17s/step]Training:  27%|██▋       | 3262/12000 [1:11:10<2:52:40,  1.19s/step]Training:  27%|██▋       | 3263/12000 [1:11:11<2:53:48,  1.19s/step]Training:  27%|██▋       | 3264/12000 [1:11:12<2:52:48,  1.19s/step]Training:  27%|██▋       | 3265/12000 [1:11:13<2:51:56,  1.18s/step]Training:  27%|██▋       | 3266/12000 [1:11:14<2:51:27,  1.18s/step]Training:  27%|██▋       | 3267/12000 [1:11:15<2:51:11,  1.18s/step]Training:  27%|██▋       | 3268/12000 [1:11:17<2:51:13,  1.18s/step]Training:  27%|██▋       | 3269/12000 [1:11:18<2:51:49,  1.18s/step]Training:  27%|██▋       | 3270/12000 [1:11:19<2:52:40,  1.19s/step]Training:  27%|██▋       | 3271/12000 [1:11:20<2:52:02,  1.18s/step]Training:  27%|██▋       | 3272/12000 [1:11:21<2:51:24,  1.18s/step]Training:  27%|██▋       | 3273/12000 [1:11:23<2:51:10,  1.18s/step]Training:  27%|██▋       | 3274/12000 [1:11:24<2:51:28,  1.18s/step]Training:  27%|██▋       | 3275/12000 [1:11:25<2:51:02,  1.18s/step]Training:  27%|██▋       | 3276/12000 [1:11:26<2:50:42,  1.17s/step]Training:  27%|██▋       | 3277/12000 [1:11:27<2:50:25,  1.17s/step]Training:  27%|██▋       | 3278/12000 [1:11:28<2:50:30,  1.17s/step]Training:  27%|██▋       | 3279/12000 [1:11:30<2:50:16,  1.17s/step]Training:  27%|██▋       | 3280/12000 [1:11:31<2:50:49,  1.18s/step]Training:  27%|██▋       | 3281/12000 [1:11:32<2:51:18,  1.18s/step]Training:  27%|██▋       | 3282/12000 [1:11:33<2:52:58,  1.19s/step]Training:  27%|██▋       | 3283/12000 [1:11:34<2:52:02,  1.18s/step]Training:  27%|██▋       | 3284/12000 [1:11:36<2:51:20,  1.18s/step]Training:  27%|██▋       | 3285/12000 [1:11:37<2:50:50,  1.18s/step]Training:  27%|██▋       | 3286/12000 [1:11:38<2:50:32,  1.17s/step]Training:  27%|██▋       | 3287/12000 [1:11:39<2:50:15,  1.17s/step]Training:  27%|██▋       | 3288/12000 [1:11:40<2:50:02,  1.17s/step]Training:  27%|██▋       | 3289/12000 [1:11:41<2:49:55,  1.17s/step]Training:  27%|██▋       | 3290/12000 [1:11:43<2:49:48,  1.17s/step]Training:  27%|██▋       | 3291/12000 [1:11:44<2:49:59,  1.17s/step]Training:  27%|██▋       | 3292/12000 [1:11:45<2:49:52,  1.17s/step]Training:  27%|██▋       | 3293/12000 [1:11:46<2:49:54,  1.17s/step]Training:  27%|██▋       | 3294/12000 [1:11:47<2:49:47,  1.17s/step]Training:  27%|██▋       | 3295/12000 [1:11:48<2:49:55,  1.17s/step]Training:  27%|██▋       | 3296/12000 [1:11:50<2:49:50,  1.17s/step]Training:  27%|██▋       | 3297/12000 [1:11:51<2:49:52,  1.17s/step]Training:  27%|██▋       | 3298/12000 [1:11:52<2:49:50,  1.17s/step]Training:  27%|██▋       | 3299/12000 [1:11:53<2:49:51,  1.17s/step]Training:  28%|██▊       | 3300/12000 [1:11:54<2:51:06,  1.18s/step]Training:  28%|██▊       | 3301/12000 [1:11:55<2:52:30,  1.19s/step]Training:  28%|██▊       | 3302/12000 [1:11:57<2:54:02,  1.20s/step]Training:  28%|██▊       | 3303/12000 [1:11:58<2:53:06,  1.19s/step]Training:  28%|██▊       | 3304/12000 [1:11:59<2:51:54,  1.19s/step]Training:  28%|██▊       | 3305/12000 [1:12:00<2:51:09,  1.18s/step]Training:  28%|██▊       | 3306/12000 [1:12:01<2:50:36,  1.18s/step]Training:  28%|██▊       | 3307/12000 [1:12:03<2:50:12,  1.17s/step]Training:  28%|██▊       | 3308/12000 [1:12:04<2:49:59,  1.17s/step]Training:  28%|██▊       | 3309/12000 [1:12:05<2:51:06,  1.18s/step]Training:  28%|██▊       | 3310/12000 [1:12:06<2:51:59,  1.19s/step]Training:  28%|██▊       | 3311/12000 [1:12:07<2:51:50,  1.19s/step]Training:  28%|██▊       | 3312/12000 [1:12:08<2:51:26,  1.18s/step]Training:  28%|██▊       | 3313/12000 [1:12:10<2:50:54,  1.18s/step]Training:  28%|██▊       | 3314/12000 [1:12:11<2:50:23,  1.18s/step]Training:  28%|██▊       | 3315/12000 [1:12:12<2:50:08,  1.18s/step]Training:  28%|██▊       | 3316/12000 [1:12:13<2:50:50,  1.18s/step]Training:  28%|██▊       | 3317/12000 [1:12:14<2:50:23,  1.18s/step]Training:  28%|██▊       | 3318/12000 [1:12:16<2:50:40,  1.18s/step]Training:  28%|██▊       | 3319/12000 [1:12:17<2:52:35,  1.19s/step]Training:  28%|██▊       | 3320/12000 [1:12:18<2:53:39,  1.20s/step]Training:  28%|██▊       | 3321/12000 [1:12:19<2:52:17,  1.19s/step]Training:  28%|██▊       | 3322/12000 [1:12:20<2:51:36,  1.19s/step]Training:  28%|██▊       | 3323/12000 [1:12:22<2:50:58,  1.18s/step]Training:  28%|██▊       | 3324/12000 [1:12:23<2:50:24,  1.18s/step]Training:  28%|██▊       | 3325/12000 [1:12:24<2:50:42,  1.18s/step]Training:  28%|██▊       | 3326/12000 [1:12:25<2:50:34,  1.18s/step]Training:  28%|██▊       | 3327/12000 [1:12:26<2:50:12,  1.18s/step]Training:  28%|██▊       | 3328/12000 [1:12:27<2:50:52,  1.18s/step]Training:  28%|██▊       | 3329/12000 [1:12:29<2:51:01,  1.18s/step]Training:  28%|██▊       | 3330/12000 [1:12:30<2:50:36,  1.18s/step]Training:  28%|██▊       | 3331/12000 [1:12:31<2:50:19,  1.18s/step]Training:  28%|██▊       | 3332/12000 [1:12:32<2:50:15,  1.18s/step]Training:  28%|██▊       | 3333/12000 [1:12:33<2:50:54,  1.18s/step]Training:  28%|██▊       | 3334/12000 [1:12:35<2:51:11,  1.19s/step]Training:  28%|██▊       | 3335/12000 [1:12:36<2:53:32,  1.20s/step]Training:  28%|██▊       | 3336/12000 [1:12:37<2:53:46,  1.20s/step]Training:  28%|██▊       | 3337/12000 [1:12:38<2:52:54,  1.20s/step]Training:  28%|██▊       | 3338/12000 [1:12:39<2:51:45,  1.19s/step]Training:  28%|██▊       | 3339/12000 [1:12:40<2:51:03,  1.19s/step]Training:  28%|██▊       | 3340/12000 [1:12:42<2:50:31,  1.18s/step]Training:  28%|██▊       | 3341/12000 [1:12:43<2:50:03,  1.18s/step]Training:  28%|██▊       | 3342/12000 [1:12:44<2:49:48,  1.18s/step]Training:  28%|██▊       | 3343/12000 [1:12:45<2:49:45,  1.18s/step]Training:  28%|██▊       | 3344/12000 [1:12:46<2:49:27,  1.17s/step]Training:  28%|██▊       | 3345/12000 [1:12:48<2:49:21,  1.17s/step]Training:  28%|██▊       | 3346/12000 [1:12:49<2:49:16,  1.17s/step]Training:  28%|██▊       | 3347/12000 [1:12:50<2:49:17,  1.17s/step]Training:  28%|██▊       | 3348/12000 [1:12:51<2:49:15,  1.17s/step]Training:  28%|██▊       | 3349/12000 [1:12:52<2:49:16,  1.17s/step]Training:  28%|██▊       | 3350/12000 [1:12:53<2:49:09,  1.17s/step]Training:  28%|██▊       | 3351/12000 [1:12:55<2:49:07,  1.17s/step]Training:  28%|██▊       | 3352/12000 [1:12:56<2:49:05,  1.17s/step]Training:  28%|██▊       | 3353/12000 [1:12:57<2:49:31,  1.18s/step]Training:  28%|██▊       | 3354/12000 [1:12:58<2:50:13,  1.18s/step]Training:  28%|██▊       | 3355/12000 [1:12:59<2:50:47,  1.19s/step]Training:  28%|██▊       | 3356/12000 [1:13:01<2:51:28,  1.19s/step]Training:  28%|██▊       | 3357/12000 [1:13:02<2:50:35,  1.18s/step]Training:  28%|██▊       | 3358/12000 [1:13:03<2:50:03,  1.18s/step]Training:  28%|██▊       | 3359/12000 [1:13:04<2:49:41,  1.18s/step]Training:  28%|██▊       | 3360/12000 [1:13:05<2:49:26,  1.18s/step]Training:  28%|██▊       | 3361/12000 [1:13:06<2:49:18,  1.18s/step]Training:  28%|██▊       | 3362/12000 [1:13:08<2:49:12,  1.18s/step]Training:  28%|██▊       | 3363/12000 [1:13:09<2:49:04,  1.17s/step]Training:  28%|██▊       | 3364/12000 [1:13:10<2:49:07,  1.17s/step]Training:  28%|██▊       | 3365/12000 [1:13:11<2:49:09,  1.18s/step]Training:  28%|██▊       | 3366/12000 [1:13:12<2:49:24,  1.18s/step]Training:  28%|██▊       | 3367/12000 [1:13:13<2:49:39,  1.18s/step]Training:  28%|██▊       | 3368/12000 [1:13:15<2:49:40,  1.18s/step]Training:  28%|██▊       | 3369/12000 [1:13:16<2:49:27,  1.18s/step]Training:  28%|██▊       | 3370/12000 [1:13:17<2:49:14,  1.18s/step]Training:  28%|██▊       | 3371/12000 [1:13:18<2:49:16,  1.18s/step]Training:  28%|██▊       | 3372/12000 [1:13:19<2:49:05,  1.18s/step]Training:  28%|██▊       | 3373/12000 [1:13:21<2:49:31,  1.18s/step]Training:  28%|██▊       | 3374/12000 [1:13:22<2:49:51,  1.18s/step]Training:  28%|██▊       | 3375/12000 [1:13:23<2:50:52,  1.19s/step]Training:  28%|██▊       | 3376/12000 [1:13:24<2:50:07,  1.18s/step]Training:  28%|██▊       | 3377/12000 [1:13:25<2:49:56,  1.18s/step]Training:  28%|██▊       | 3378/12000 [1:13:26<2:49:30,  1.18s/step]Training:  28%|██▊       | 3379/12000 [1:13:28<2:49:13,  1.18s/step]Training:  28%|██▊       | 3380/12000 [1:13:29<2:49:00,  1.18s/step]Training:  28%|██▊       | 3381/12000 [1:13:30<2:48:52,  1.18s/step]Training:  28%|██▊       | 3382/12000 [1:13:31<2:48:41,  1.17s/step]Training:  28%|██▊       | 3383/12000 [1:13:32<2:48:39,  1.17s/step]Training:  28%|██▊       | 3384/12000 [1:13:33<2:48:35,  1.17s/step]Training:  28%|██▊       | 3385/12000 [1:13:35<2:48:33,  1.17s/step]Training:  28%|██▊       | 3386/12000 [1:13:36<2:48:28,  1.17s/step]Training:  28%|██▊       | 3387/12000 [1:13:37<2:48:28,  1.17s/step]Training:  28%|██▊       | 3388/12000 [1:13:38<2:48:27,  1.17s/step]Training:  28%|██▊       | 3389/12000 [1:13:39<2:48:27,  1.17s/step]Training:  28%|██▊       | 3390/12000 [1:13:41<2:48:28,  1.17s/step]Training:  28%|██▊       | 3391/12000 [1:13:42<2:48:27,  1.17s/step]Training:  28%|██▊       | 3392/12000 [1:13:43<2:49:51,  1.18s/step]Training:  28%|██▊       | 3393/12000 [1:13:44<2:50:39,  1.19s/step]Training:  28%|██▊       | 3394/12000 [1:13:45<2:51:19,  1.19s/step]Training:  28%|██▊       | 3395/12000 [1:13:46<2:50:24,  1.19s/step]Training:  28%|██▊       | 3396/12000 [1:13:48<2:49:55,  1.18s/step]Training:  28%|██▊       | 3397/12000 [1:13:49<2:49:31,  1.18s/step]Training:  28%|██▊       | 3398/12000 [1:13:50<2:49:33,  1.18s/step]Training:  28%|██▊       | 3399/12000 [1:13:51<2:49:37,  1.18s/step]Training:  28%|██▊       | 3400/12000 [1:13:52<2:32:07,  1.06s/step]INFO 2026-09-16 05:07:57 ot_train.py:670 step:3K smpl:218K ep:3K epch:8.01 loss:0.115 grdn:1.164 lr:8.3e-05 updt_s:0.974 data_s:0.038 smp/s:63 mem_gb:14.26 losses_after_forward:0.096 losses_after_in_ep_bound:0.080 losses_after_rm_padding:0.080
Training:  28%|██▊       | 3401/12000 [1:13:55<3:47:06,  1.58s/step]Training:  28%|██▊       | 3402/12000 [1:13:56<3:31:33,  1.48s/step]Training:  28%|██▊       | 3403/12000 [1:13:57<3:19:29,  1.39s/step]Training:  28%|██▊       | 3404/12000 [1:13:58<3:11:22,  1.34s/step]Training:  28%|██▊       | 3405/12000 [1:14:00<3:05:18,  1.29s/step]Training:  28%|██▊       | 3406/12000 [1:14:01<2:59:59,  1.26s/step]Training:  28%|██▊       | 3407/12000 [1:14:02<2:57:55,  1.24s/step]Training:  28%|██▊       | 3408/12000 [1:14:03<2:56:34,  1.23s/step]Training:  28%|██▊       | 3409/12000 [1:14:04<2:54:21,  1.22s/step]Training:  28%|██▊       | 3410/12000 [1:14:06<2:52:19,  1.20s/step]Training:  28%|██▊       | 3411/12000 [1:14:07<2:50:47,  1.19s/step]Training:  28%|██▊       | 3412/12000 [1:14:08<2:50:41,  1.19s/step]Training:  28%|██▊       | 3413/12000 [1:14:09<2:49:52,  1.19s/step]Training:  28%|██▊       | 3414/12000 [1:14:10<2:49:06,  1.18s/step]Training:  28%|██▊       | 3415/12000 [1:14:11<2:48:36,  1.18s/step]Training:  28%|██▊       | 3416/12000 [1:14:13<2:48:16,  1.18s/step]Training:  28%|██▊       | 3417/12000 [1:14:14<2:48:04,  1.17s/step]Training:  28%|██▊       | 3418/12000 [1:14:15<2:48:06,  1.18s/step]Training:  28%|██▊       | 3419/12000 [1:14:16<2:47:48,  1.17s/step]Training:  28%|██▊       | 3420/12000 [1:14:17<2:47:43,  1.17s/step]Training:  29%|██▊       | 3421/12000 [1:14:18<2:47:29,  1.17s/step]Training:  29%|██▊       | 3422/12000 [1:14:20<2:47:24,  1.17s/step]Training:  29%|██▊       | 3423/12000 [1:14:21<2:48:10,  1.18s/step]Training:  29%|██▊       | 3424/12000 [1:14:22<2:48:48,  1.18s/step]Training:  29%|██▊       | 3425/12000 [1:14:23<2:49:38,  1.19s/step]Training:  29%|██▊       | 3426/12000 [1:14:24<2:49:45,  1.19s/step]Training:  29%|██▊       | 3427/12000 [1:14:26<2:50:34,  1.19s/step]Training:  29%|██▊       | 3428/12000 [1:14:27<2:50:20,  1.19s/step]Training:  29%|██▊       | 3429/12000 [1:14:28<2:50:09,  1.19s/step]Training:  29%|██▊       | 3430/12000 [1:14:29<2:49:47,  1.19s/step]Training:  29%|██▊       | 3431/12000 [1:14:30<2:49:28,  1.19s/step]Training:  29%|██▊       | 3432/12000 [1:14:32<2:49:05,  1.18s/step]Training:  29%|██▊       | 3433/12000 [1:14:33<2:48:21,  1.18s/step]Training:  29%|██▊       | 3434/12000 [1:14:34<2:48:10,  1.18s/step]Training:  29%|██▊       | 3435/12000 [1:14:35<2:47:40,  1.17s/step]Training:  29%|██▊       | 3436/12000 [1:14:36<2:47:27,  1.17s/step]Training:  29%|██▊       | 3437/12000 [1:14:37<2:47:14,  1.17s/step]Training:  29%|██▊       | 3438/12000 [1:14:39<2:47:42,  1.18s/step]Training:  29%|██▊       | 3439/12000 [1:14:40<2:47:28,  1.17s/step]Training:  29%|██▊       | 3440/12000 [1:14:41<2:47:49,  1.18s/step]Training:  29%|██▊       | 3441/12000 [1:14:42<2:47:30,  1.17s/step]Training:  29%|██▊       | 3442/12000 [1:14:43<2:47:13,  1.17s/step]Training:  29%|██▊       | 3443/12000 [1:14:44<2:47:03,  1.17s/step]Training:  29%|██▊       | 3444/12000 [1:14:46<2:47:12,  1.17s/step]Training:  29%|██▊       | 3445/12000 [1:14:47<2:48:10,  1.18s/step]Training:  29%|██▊       | 3446/12000 [1:14:48<2:49:26,  1.19s/step]Training:  29%|██▊       | 3447/12000 [1:14:49<2:48:33,  1.18s/step]Training:  29%|██▊       | 3448/12000 [1:14:50<2:48:07,  1.18s/step]Training:  29%|██▊       | 3449/12000 [1:14:51<2:47:49,  1.18s/step]Training:  29%|██▉       | 3450/12000 [1:14:53<2:47:34,  1.18s/step]Training:  29%|██▉       | 3451/12000 [1:14:54<2:47:23,  1.17s/step]Training:  29%|██▉       | 3452/12000 [1:14:55<2:47:12,  1.17s/step]Training:  29%|██▉       | 3453/12000 [1:14:56<2:47:02,  1.17s/step]Training:  29%|██▉       | 3454/12000 [1:14:57<2:47:00,  1.17s/step]Training:  29%|██▉       | 3455/12000 [1:14:59<2:46:56,  1.17s/step]Training:  29%|██▉       | 3456/12000 [1:15:00<2:46:53,  1.17s/step]Training:  29%|██▉       | 3457/12000 [1:15:01<2:46:45,  1.17s/step]Training:  29%|██▉       | 3458/12000 [1:15:02<2:46:47,  1.17s/step]Training:  29%|██▉       | 3459/12000 [1:15:03<2:46:44,  1.17s/step]Training:  29%|██▉       | 3460/12000 [1:15:04<2:46:50,  1.17s/step]Training:  29%|██▉       | 3461/12000 [1:15:06<2:47:50,  1.18s/step]Training:  29%|██▉       | 3462/12000 [1:15:07<2:47:49,  1.18s/step]Training:  29%|██▉       | 3463/12000 [1:15:08<2:48:12,  1.18s/step]Training:  29%|██▉       | 3464/12000 [1:15:09<2:48:52,  1.19s/step]Training:  29%|██▉       | 3465/12000 [1:15:10<2:49:59,  1.19s/step]Training:  29%|██▉       | 3466/12000 [1:15:12<2:49:03,  1.19s/step]Training:  29%|██▉       | 3467/12000 [1:15:13<2:49:14,  1.19s/step]Training:  29%|██▉       | 3468/12000 [1:15:14<2:48:34,  1.19s/step]Training:  29%|██▉       | 3469/12000 [1:15:15<2:48:08,  1.18s/step]Training:  29%|██▉       | 3470/12000 [1:15:16<2:47:38,  1.18s/step]Training:  29%|██▉       | 3471/12000 [1:15:17<2:48:15,  1.18s/step]Training:  29%|██▉       | 3472/12000 [1:15:19<2:48:37,  1.19s/step]Training:  29%|██▉       | 3473/12000 [1:15:20<2:47:57,  1.18s/step]Training:  29%|██▉       | 3474/12000 [1:15:21<2:48:16,  1.18s/step]Training:  29%|██▉       | 3475/12000 [1:15:22<2:47:45,  1.18s/step]Training:  29%|██▉       | 3476/12000 [1:15:23<2:47:25,  1.18s/step]Training:  29%|██▉       | 3477/12000 [1:15:25<2:47:15,  1.18s/step]Training:  29%|██▉       | 3478/12000 [1:15:26<2:47:58,  1.18s/step]Training:  29%|██▉       | 3479/12000 [1:15:27<2:48:47,  1.19s/step]Training:  29%|██▉       | 3480/12000 [1:15:28<2:49:09,  1.19s/step]Training:  29%|██▉       | 3481/12000 [1:15:29<2:50:17,  1.20s/step]Training:  29%|██▉       | 3482/12000 [1:15:31<2:50:02,  1.20s/step]Training:  29%|██▉       | 3483/12000 [1:15:32<2:49:01,  1.19s/step]Training:  29%|██▉       | 3484/12000 [1:15:33<2:48:25,  1.19s/step]Training:  29%|██▉       | 3485/12000 [1:15:34<2:48:00,  1.18s/step]Training:  29%|██▉       | 3486/12000 [1:15:35<2:47:36,  1.18s/step]Training:  29%|██▉       | 3487/12000 [1:15:36<2:47:13,  1.18s/step]Training:  29%|██▉       | 3488/12000 [1:15:38<2:47:03,  1.18s/step]Training:  29%|██▉       | 3489/12000 [1:15:39<2:46:53,  1.18s/step]Training:  29%|██▉       | 3490/12000 [1:15:40<2:46:45,  1.18s/step]Training:  29%|██▉       | 3491/12000 [1:15:41<2:47:37,  1.18s/step]Training:  29%|██▉       | 3492/12000 [1:15:42<2:47:43,  1.18s/step]Training:  29%|██▉       | 3493/12000 [1:15:43<2:47:28,  1.18s/step]Training:  29%|██▉       | 3494/12000 [1:15:45<2:47:44,  1.18s/step]Training:  29%|██▉       | 3495/12000 [1:15:46<2:47:46,  1.18s/step]Training:  29%|██▉       | 3496/12000 [1:15:47<2:47:55,  1.18s/step]Training:  29%|██▉       | 3497/12000 [1:15:48<2:47:58,  1.19s/step]Training:  29%|██▉       | 3498/12000 [1:15:49<2:49:52,  1.20s/step]Training:  29%|██▉       | 3499/12000 [1:15:51<2:50:41,  1.20s/step]Training:  29%|██▉       | 3500/12000 [1:15:52<2:50:33,  1.20s/step]Training:  29%|██▉       | 3501/12000 [1:15:53<2:49:40,  1.20s/step]Training:  29%|██▉       | 3502/12000 [1:15:54<2:48:49,  1.19s/step]Training:  29%|██▉       | 3503/12000 [1:15:55<2:48:22,  1.19s/step]Training:  29%|██▉       | 3504/12000 [1:15:57<2:47:47,  1.18s/step]Training:  29%|██▉       | 3505/12000 [1:15:58<2:47:31,  1.18s/step]Training:  29%|██▉       | 3506/12000 [1:15:59<2:47:38,  1.18s/step]Training:  29%|██▉       | 3507/12000 [1:16:00<2:47:21,  1.18s/step]Training:  29%|██▉       | 3508/12000 [1:16:01<2:47:06,  1.18s/step]Training:  29%|██▉       | 3509/12000 [1:16:02<2:46:48,  1.18s/step]Training:  29%|██▉       | 3510/12000 [1:16:04<2:46:48,  1.18s/step]Training:  29%|██▉       | 3511/12000 [1:16:05<2:46:42,  1.18s/step]Training:  29%|██▉       | 3512/12000 [1:16:06<2:46:37,  1.18s/step]Training:  29%|██▉       | 3513/12000 [1:16:07<2:46:33,  1.18s/step]Training:  29%|██▉       | 3514/12000 [1:16:08<2:46:39,  1.18s/step]Training:  29%|██▉       | 3515/12000 [1:16:10<2:47:34,  1.18s/step]Training:  29%|██▉       | 3516/12000 [1:16:11<2:48:38,  1.19s/step]Training:  29%|██▉       | 3517/12000 [1:16:12<2:48:45,  1.19s/step]Training:  29%|██▉       | 3518/12000 [1:16:13<2:48:03,  1.19s/step]Training:  29%|██▉       | 3519/12000 [1:16:14<2:47:27,  1.18s/step]Training:  29%|██▉       | 3520/12000 [1:16:16<2:47:17,  1.18s/step]Training:  29%|██▉       | 3521/12000 [1:16:17<2:47:45,  1.19s/step]Training:  29%|██▉       | 3522/12000 [1:16:18<2:47:23,  1.18s/step]Training:  29%|██▉       | 3523/12000 [1:16:19<2:47:02,  1.18s/step]Training:  29%|██▉       | 3524/12000 [1:16:20<2:46:41,  1.18s/step]Training:  29%|██▉       | 3525/12000 [1:16:21<2:46:32,  1.18s/step]Training:  29%|██▉       | 3526/12000 [1:16:23<2:46:38,  1.18s/step]Training:  29%|██▉       | 3527/12000 [1:16:24<2:46:50,  1.18s/step]Training:  29%|██▉       | 3528/12000 [1:16:25<2:47:07,  1.18s/step]Training:  29%|██▉       | 3529/12000 [1:16:26<2:47:15,  1.18s/step]Training:  29%|██▉       | 3530/12000 [1:16:27<2:46:54,  1.18s/step]Training:  29%|██▉       | 3531/12000 [1:16:29<2:46:53,  1.18s/step]Training:  29%|██▉       | 3532/12000 [1:16:30<2:47:47,  1.19s/step]Training:  29%|██▉       | 3533/12000 [1:16:31<2:48:38,  1.20s/step]Training:  29%|██▉       | 3534/12000 [1:16:32<2:48:06,  1.19s/step]Training:  29%|██▉       | 3535/12000 [1:16:33<2:47:27,  1.19s/step]Training:  29%|██▉       | 3536/12000 [1:16:34<2:47:14,  1.19s/step]Training:  29%|██▉       | 3537/12000 [1:16:36<2:46:50,  1.18s/step]Training:  29%|██▉       | 3538/12000 [1:16:37<2:46:32,  1.18s/step]Training:  29%|██▉       | 3539/12000 [1:16:38<2:46:43,  1.18s/step]Training:  30%|██▉       | 3540/12000 [1:16:39<2:46:46,  1.18s/step]Training:  30%|██▉       | 3541/12000 [1:16:40<2:46:25,  1.18s/step]Training:  30%|██▉       | 3542/12000 [1:16:42<2:46:47,  1.18s/step]Training:  30%|██▉       | 3543/12000 [1:16:43<2:46:26,  1.18s/step]Training:  30%|██▉       | 3544/12000 [1:16:44<2:46:07,  1.18s/step]Training:  30%|██▉       | 3545/12000 [1:16:45<2:45:54,  1.18s/step]Training:  30%|██▉       | 3546/12000 [1:16:46<2:45:49,  1.18s/step]Training:  30%|██▉       | 3547/12000 [1:16:47<2:45:43,  1.18s/step]Training:  30%|██▉       | 3548/12000 [1:16:49<2:45:38,  1.18s/step]Training:  30%|██▉       | 3549/12000 [1:16:50<2:46:12,  1.18s/step]Training:  30%|██▉       | 3550/12000 [1:16:51<2:47:04,  1.19s/step]Training:  30%|██▉       | 3551/12000 [1:16:52<2:47:55,  1.19s/step]Training:  30%|██▉       | 3552/12000 [1:16:53<2:47:06,  1.19s/step]Training:  30%|██▉       | 3553/12000 [1:16:55<2:46:27,  1.18s/step]Training:  30%|██▉       | 3554/12000 [1:16:56<2:46:08,  1.18s/step]Training:  30%|██▉       | 3555/12000 [1:16:57<2:45:56,  1.18s/step]Training:  30%|██▉       | 3556/12000 [1:16:58<2:45:43,  1.18s/step]Training:  30%|██▉       | 3557/12000 [1:16:59<2:45:36,  1.18s/step]Training:  30%|██▉       | 3558/12000 [1:17:00<2:45:44,  1.18s/step]Training:  30%|██▉       | 3559/12000 [1:17:02<2:46:27,  1.18s/step]Training:  30%|██▉       | 3560/12000 [1:17:03<2:46:34,  1.18s/step]Training:  30%|██▉       | 3561/12000 [1:17:04<2:46:46,  1.19s/step]Training:  30%|██▉       | 3562/12000 [1:17:05<2:46:35,  1.18s/step]Training:  30%|██▉       | 3563/12000 [1:17:06<2:46:35,  1.18s/step]Training:  30%|██▉       | 3564/12000 [1:17:08<2:46:09,  1.18s/step]Training:  30%|██▉       | 3565/12000 [1:17:09<2:45:46,  1.18s/step]Training:  30%|██▉       | 3566/12000 [1:17:10<2:45:38,  1.18s/step]Training:  30%|██▉       | 3567/12000 [1:17:11<2:45:31,  1.18s/step]Training:  30%|██▉       | 3568/12000 [1:17:12<2:45:57,  1.18s/step]Training:  30%|██▉       | 3569/12000 [1:17:13<2:46:03,  1.18s/step]Training:  30%|██▉       | 3570/12000 [1:17:15<2:47:14,  1.19s/step]Training:  30%|██▉       | 3571/12000 [1:17:16<2:46:24,  1.18s/step]Training:  30%|██▉       | 3572/12000 [1:17:17<2:45:42,  1.18s/step]Training:  30%|██▉       | 3573/12000 [1:17:18<2:45:28,  1.18s/step]Training:  30%|██▉       | 3574/12000 [1:17:19<2:45:02,  1.18s/step]Training:  30%|██▉       | 3575/12000 [1:17:21<2:44:47,  1.17s/step]Training:  30%|██▉       | 3576/12000 [1:17:22<2:44:33,  1.17s/step]Training:  30%|██▉       | 3577/12000 [1:17:23<2:44:27,  1.17s/step]Training:  30%|██▉       | 3578/12000 [1:17:24<2:44:31,  1.17s/step]Training:  30%|██▉       | 3579/12000 [1:17:25<2:44:29,  1.17s/step]Training:  30%|██▉       | 3580/12000 [1:17:26<2:44:47,  1.17s/step]Training:  30%|██▉       | 3581/12000 [1:17:28<2:44:45,  1.17s/step]Training:  30%|██▉       | 3582/12000 [1:17:29<2:44:38,  1.17s/step]Training:  30%|██▉       | 3583/12000 [1:17:30<2:44:23,  1.17s/step]Training:  30%|██▉       | 3584/12000 [1:17:31<2:44:17,  1.17s/step]Training:  30%|██▉       | 3585/12000 [1:17:32<2:44:06,  1.17s/step]Training:  30%|██▉       | 3586/12000 [1:17:33<2:44:37,  1.17s/step]Training:  30%|██▉       | 3587/12000 [1:17:35<2:44:28,  1.17s/step]Training:  30%|██▉       | 3588/12000 [1:17:36<2:46:03,  1.18s/step]Training:  30%|██▉       | 3589/12000 [1:17:37<2:47:06,  1.19s/step]Training:  30%|██▉       | 3590/12000 [1:17:38<2:46:33,  1.19s/step]Training:  30%|██▉       | 3591/12000 [1:17:39<2:45:54,  1.18s/step]Training:  30%|██▉       | 3592/12000 [1:17:41<2:45:29,  1.18s/step]Training:  30%|██▉       | 3593/12000 [1:17:42<2:45:16,  1.18s/step]Training:  30%|██▉       | 3594/12000 [1:17:43<2:45:06,  1.18s/step]Training:  30%|██▉       | 3595/12000 [1:17:44<2:45:43,  1.18s/step]Training:  30%|██▉       | 3596/12000 [1:17:45<2:45:35,  1.18s/step]Training:  30%|██▉       | 3597/12000 [1:17:46<2:45:06,  1.18s/step]Training:  30%|██▉       | 3598/12000 [1:17:48<2:44:36,  1.18s/step]Training:  30%|██▉       | 3599/12000 [1:17:49<2:44:14,  1.17s/step]Training:  30%|███       | 3600/12000 [1:17:50<2:43:58,  1.17s/step]INFO 2026-09-16 05:11:55 ot_train.py:670 step:4K smpl:230K ep:3K epch:8.48 loss:0.105 grdn:1.170 lr:8.1e-05 updt_s:0.978 data_s:0.047 smp/s:62 mem_gb:14.29 losses_after_forward:0.089 losses_after_in_ep_bound:0.074 losses_after_rm_padding:0.074
Training:  30%|███       | 3601/12000 [1:17:51<2:43:54,  1.17s/step]Training:  30%|███       | 3602/12000 [1:17:52<2:44:04,  1.17s/step]Training:  30%|███       | 3603/12000 [1:17:53<2:43:50,  1.17s/step]Training:  30%|███       | 3604/12000 [1:17:55<2:43:43,  1.17s/step]Training:  30%|███       | 3605/12000 [1:17:56<2:43:48,  1.17s/step]Training:  30%|███       | 3606/12000 [1:17:57<2:44:40,  1.18s/step]Training:  30%|███       | 3607/12000 [1:17:58<2:45:49,  1.19s/step]Training:  30%|███       | 3608/12000 [1:17:59<2:46:40,  1.19s/step]Training:  30%|███       | 3609/12000 [1:18:01<2:45:40,  1.18s/step]Training:  30%|███       | 3610/12000 [1:18:02<2:45:08,  1.18s/step]Training:  30%|███       | 3611/12000 [1:18:03<2:45:00,  1.18s/step]Training:  30%|███       | 3612/12000 [1:18:04<2:44:26,  1.18s/step]Training:  30%|███       | 3613/12000 [1:18:05<2:44:07,  1.17s/step]Training:  30%|███       | 3614/12000 [1:18:06<2:43:45,  1.17s/step]Training:  30%|███       | 3615/12000 [1:18:08<2:44:10,  1.17s/step]Training:  30%|███       | 3616/12000 [1:18:09<2:43:54,  1.17s/step]Training:  30%|███       | 3617/12000 [1:18:10<2:43:32,  1.17s/step]Training:  30%|███       | 3618/12000 [1:18:11<2:43:23,  1.17s/step]Training:  30%|███       | 3619/12000 [1:18:12<2:43:14,  1.17s/step]Training:  30%|███       | 3620/12000 [1:18:13<2:44:02,  1.17s/step]Training:  30%|███       | 3621/12000 [1:18:15<2:44:17,  1.18s/step]Training:  30%|███       | 3622/12000 [1:18:16<2:43:57,  1.17s/step]Training:  30%|███       | 3623/12000 [1:18:17<2:43:34,  1.17s/step]Training:  30%|███       | 3624/12000 [1:18:18<2:44:09,  1.18s/step]Training:  30%|███       | 3625/12000 [1:18:19<2:44:14,  1.18s/step]Training:  30%|███       | 3626/12000 [1:18:21<2:44:40,  1.18s/step]Training:  30%|███       | 3627/12000 [1:18:22<2:45:07,  1.18s/step]Training:  30%|███       | 3628/12000 [1:18:23<2:46:18,  1.19s/step]Training:  30%|███       | 3629/12000 [1:18:24<2:45:15,  1.18s/step]Training:  30%|███       | 3630/12000 [1:18:25<2:44:33,  1.18s/step]Training:  30%|███       | 3631/12000 [1:18:26<2:43:55,  1.18s/step]Training:  30%|███       | 3632/12000 [1:18:28<2:43:29,  1.17s/step]Training:  30%|███       | 3633/12000 [1:18:29<2:43:19,  1.17s/step]Training:  30%|███       | 3634/12000 [1:18:30<2:43:07,  1.17s/step]Training:  30%|███       | 3635/12000 [1:18:31<2:43:07,  1.17s/step]Training:  30%|███       | 3636/12000 [1:18:32<2:43:01,  1.17s/step]Training:  30%|███       | 3637/12000 [1:18:33<2:42:58,  1.17s/step]Training:  30%|███       | 3638/12000 [1:18:35<2:43:07,  1.17s/step]Training:  30%|███       | 3639/12000 [1:18:36<2:43:44,  1.18s/step]Training:  30%|███       | 3640/12000 [1:18:37<2:43:27,  1.17s/step]Training:  30%|███       | 3641/12000 [1:18:38<2:43:13,  1.17s/step]Training:  30%|███       | 3642/12000 [1:18:39<2:43:05,  1.17s/step]Training:  30%|███       | 3643/12000 [1:18:40<2:43:22,  1.17s/step]Training:  30%|███       | 3644/12000 [1:18:42<2:43:41,  1.18s/step]Training:  30%|███       | 3645/12000 [1:18:43<2:43:51,  1.18s/step]Training:  30%|███       | 3646/12000 [1:18:44<2:43:54,  1.18s/step]Training:  30%|███       | 3647/12000 [1:18:45<2:44:09,  1.18s/step]Training:  30%|███       | 3648/12000 [1:18:46<2:45:17,  1.19s/step]Training:  30%|███       | 3649/12000 [1:18:48<2:44:56,  1.19s/step]Training:  30%|███       | 3650/12000 [1:18:49<2:44:19,  1.18s/step]Training:  30%|███       | 3651/12000 [1:18:50<2:43:45,  1.18s/step]Training:  30%|███       | 3652/12000 [1:18:51<2:43:37,  1.18s/step]Training:  30%|███       | 3653/12000 [1:18:52<2:44:06,  1.18s/step]Training:  30%|███       | 3654/12000 [1:18:53<2:43:43,  1.18s/step]Training:  30%|███       | 3655/12000 [1:18:55<2:43:57,  1.18s/step]Training:  30%|███       | 3656/12000 [1:18:56<2:45:00,  1.19s/step]Training:  30%|███       | 3657/12000 [1:18:57<2:45:00,  1.19s/step]Training:  30%|███       | 3658/12000 [1:18:58<2:44:29,  1.18s/step]Training:  30%|███       | 3659/12000 [1:18:59<2:43:56,  1.18s/step]Training:  30%|███       | 3660/12000 [1:19:01<2:43:39,  1.18s/step]Training:  31%|███       | 3661/12000 [1:19:02<2:43:14,  1.17s/step]Training:  31%|███       | 3662/12000 [1:19:03<2:43:52,  1.18s/step]Training:  31%|███       | 3663/12000 [1:19:04<2:43:20,  1.18s/step]Training:  31%|███       | 3664/12000 [1:19:05<2:43:09,  1.17s/step]Training:  31%|███       | 3665/12000 [1:19:06<2:43:20,  1.18s/step]Training:  31%|███       | 3666/12000 [1:19:08<2:43:48,  1.18s/step]Training:  31%|███       | 3667/12000 [1:19:09<2:44:56,  1.19s/step]Training:  31%|███       | 3668/12000 [1:19:10<2:44:15,  1.18s/step]Training:  31%|███       | 3669/12000 [1:19:11<2:43:52,  1.18s/step]Training:  31%|███       | 3670/12000 [1:19:12<2:43:24,  1.18s/step]Training:  31%|███       | 3671/12000 [1:19:13<2:43:05,  1.17s/step]Training:  31%|███       | 3672/12000 [1:19:15<2:42:49,  1.17s/step]Training:  31%|███       | 3673/12000 [1:19:16<2:43:32,  1.18s/step]Training:  31%|███       | 3674/12000 [1:19:17<2:43:15,  1.18s/step]Training:  31%|███       | 3675/12000 [1:19:18<2:42:59,  1.17s/step]Training:  31%|███       | 3676/12000 [1:19:19<2:42:44,  1.17s/step]Training:  31%|███       | 3677/12000 [1:19:21<2:43:01,  1.18s/step]Training:  31%|███       | 3678/12000 [1:19:22<2:42:47,  1.17s/step]Training:  31%|███       | 3679/12000 [1:19:23<2:42:31,  1.17s/step]Training:  31%|███       | 3680/12000 [1:19:24<2:42:30,  1.17s/step]Training:  31%|███       | 3681/12000 [1:19:25<2:42:25,  1.17s/step]Training:  31%|███       | 3682/12000 [1:19:26<2:42:22,  1.17s/step]Training:  31%|███       | 3683/12000 [1:19:28<2:42:25,  1.17s/step]Training:  31%|███       | 3684/12000 [1:19:29<2:42:23,  1.17s/step]Training:  31%|███       | 3685/12000 [1:19:30<2:43:05,  1.18s/step]Training:  31%|███       | 3686/12000 [1:19:31<2:44:00,  1.18s/step]Training:  31%|███       | 3687/12000 [1:19:32<2:45:18,  1.19s/step]Training:  31%|███       | 3688/12000 [1:19:34<2:44:43,  1.19s/step]Training:  31%|███       | 3689/12000 [1:19:35<2:44:55,  1.19s/step]Training:  31%|███       | 3690/12000 [1:19:36<2:45:32,  1.20s/step]Training:  31%|███       | 3691/12000 [1:19:37<2:46:01,  1.20s/step]Training:  31%|███       | 3692/12000 [1:19:38<2:46:27,  1.20s/step]Training:  31%|███       | 3693/12000 [1:19:40<2:45:16,  1.19s/step]Training:  31%|███       | 3694/12000 [1:19:41<2:44:32,  1.19s/step]Training:  31%|███       | 3695/12000 [1:19:42<2:43:46,  1.18s/step]Training:  31%|███       | 3696/12000 [1:19:43<2:43:13,  1.18s/step]Training:  31%|███       | 3697/12000 [1:19:44<2:43:42,  1.18s/step]Training:  31%|███       | 3698/12000 [1:19:45<2:43:10,  1.18s/step]Training:  31%|███       | 3699/12000 [1:19:47<2:42:59,  1.18s/step]Training:  31%|███       | 3700/12000 [1:19:48<2:42:51,  1.18s/step]Training:  31%|███       | 3701/12000 [1:19:49<2:42:40,  1.18s/step]Training:  31%|███       | 3702/12000 [1:19:50<2:43:29,  1.18s/step]Training:  31%|███       | 3703/12000 [1:19:51<2:44:00,  1.19s/step]Training:  31%|███       | 3704/12000 [1:19:53<2:44:42,  1.19s/step]Training:  31%|███       | 3705/12000 [1:19:54<2:43:50,  1.19s/step]Training:  31%|███       | 3706/12000 [1:19:55<2:43:19,  1.18s/step]Training:  31%|███       | 3707/12000 [1:19:56<2:42:53,  1.18s/step]Training:  31%|███       | 3708/12000 [1:19:57<2:42:37,  1.18s/step]Training:  31%|███       | 3709/12000 [1:19:58<2:42:18,  1.17s/step]Training:  31%|███       | 3710/12000 [1:20:00<2:42:11,  1.17s/step]Training:  31%|███       | 3711/12000 [1:20:01<2:41:55,  1.17s/step]Training:  31%|███       | 3712/12000 [1:20:02<2:42:21,  1.18s/step]Training:  31%|███       | 3713/12000 [1:20:03<2:42:48,  1.18s/step]Training:  31%|███       | 3714/12000 [1:20:04<2:43:06,  1.18s/step]Training:  31%|███       | 3715/12000 [1:20:05<2:42:56,  1.18s/step]Training:  31%|███       | 3716/12000 [1:20:07<2:42:43,  1.18s/step]Training:  31%|███       | 3717/12000 [1:20:08<2:42:28,  1.18s/step]Training:  31%|███       | 3718/12000 [1:20:09<2:42:24,  1.18s/step]Training:  31%|███       | 3719/12000 [1:20:10<2:42:18,  1.18s/step]Training:  31%|███       | 3720/12000 [1:20:11<2:42:28,  1.18s/step]Training:  31%|███       | 3721/12000 [1:20:13<2:44:01,  1.19s/step]Training:  31%|███       | 3722/12000 [1:20:14<2:45:35,  1.20s/step]Training:  31%|███       | 3723/12000 [1:20:15<2:44:23,  1.19s/step]Training:  31%|███       | 3724/12000 [1:20:16<2:43:38,  1.19s/step]Training:  31%|███       | 3725/12000 [1:20:17<2:43:00,  1.18s/step]Training:  31%|███       | 3726/12000 [1:20:18<2:42:40,  1.18s/step]Training:  31%|███       | 3727/12000 [1:20:20<2:42:29,  1.18s/step]Training:  31%|███       | 3728/12000 [1:20:21<2:42:21,  1.18s/step]Training:  31%|███       | 3729/12000 [1:20:22<2:42:45,  1.18s/step]Training:  31%|███       | 3730/12000 [1:20:23<2:42:29,  1.18s/step]Training:  31%|███       | 3731/12000 [1:20:24<2:43:16,  1.18s/step]Training:  31%|███       | 3732/12000 [1:20:26<2:43:22,  1.19s/step]Training:  31%|███       | 3733/12000 [1:20:27<2:44:11,  1.19s/step]Training:  31%|███       | 3734/12000 [1:20:28<2:43:34,  1.19s/step]Training:  31%|███       | 3735/12000 [1:20:29<2:43:06,  1.18s/step]Training:  31%|███       | 3736/12000 [1:20:30<2:42:59,  1.18s/step]Training:  31%|███       | 3737/12000 [1:20:31<2:42:54,  1.18s/step]Training:  31%|███       | 3738/12000 [1:20:33<2:43:56,  1.19s/step]Training:  31%|███       | 3739/12000 [1:20:34<2:44:57,  1.20s/step]Training:  31%|███       | 3740/12000 [1:20:35<2:44:27,  1.19s/step]Training:  31%|███       | 3741/12000 [1:20:36<2:43:42,  1.19s/step]Training:  31%|███       | 3742/12000 [1:20:37<2:43:03,  1.18s/step]Training:  31%|███       | 3743/12000 [1:20:39<2:42:37,  1.18s/step]Training:  31%|███       | 3744/12000 [1:20:40<2:42:21,  1.18s/step]Training:  31%|███       | 3745/12000 [1:20:41<2:42:16,  1.18s/step]Training:  31%|███       | 3746/12000 [1:20:42<2:42:26,  1.18s/step]Training:  31%|███       | 3747/12000 [1:20:43<2:42:25,  1.18s/step]Training:  31%|███       | 3748/12000 [1:20:45<2:43:06,  1.19s/step]Training:  31%|███       | 3749/12000 [1:20:46<2:42:39,  1.18s/step]Training:  31%|███▏      | 3750/12000 [1:20:47<2:42:28,  1.18s/step]Training:  31%|███▏      | 3751/12000 [1:20:48<2:42:25,  1.18s/step]Training:  31%|███▏      | 3752/12000 [1:20:49<2:42:46,  1.18s/step]Training:  31%|███▏      | 3753/12000 [1:20:50<2:42:38,  1.18s/step]Training:  31%|███▏      | 3754/12000 [1:20:52<2:42:57,  1.19s/step]Training:  31%|███▏      | 3755/12000 [1:20:53<2:43:42,  1.19s/step]Training:  31%|███▏      | 3756/12000 [1:20:54<2:44:57,  1.20s/step]Training:  31%|███▏      | 3757/12000 [1:20:55<2:44:20,  1.20s/step]Training:  31%|███▏      | 3758/12000 [1:20:56<2:43:33,  1.19s/step]Training:  31%|███▏      | 3759/12000 [1:20:58<2:42:57,  1.19s/step]Training:  31%|███▏      | 3760/12000 [1:20:59<2:42:23,  1.18s/step]Training:  31%|███▏      | 3761/12000 [1:21:00<2:42:00,  1.18s/step]Training:  31%|███▏      | 3762/12000 [1:21:01<2:41:44,  1.18s/step]Training:  31%|███▏      | 3763/12000 [1:21:02<2:41:28,  1.18s/step]Training:  31%|███▏      | 3764/12000 [1:21:03<2:41:18,  1.18s/step]Training:  31%|███▏      | 3765/12000 [1:21:05<2:41:10,  1.17s/step]Training:  31%|███▏      | 3766/12000 [1:21:06<2:41:03,  1.17s/step]Training:  31%|███▏      | 3767/12000 [1:21:07<2:41:18,  1.18s/step]Training:  31%|███▏      | 3768/12000 [1:21:08<2:41:11,  1.17s/step]Training:  31%|███▏      | 3769/12000 [1:21:09<2:41:03,  1.17s/step]Training:  31%|███▏      | 3770/12000 [1:21:11<2:41:03,  1.17s/step]Training:  31%|███▏      | 3771/12000 [1:21:12<2:41:03,  1.17s/step]Training:  31%|███▏      | 3772/12000 [1:21:13<2:41:06,  1.17s/step]Training:  31%|███▏      | 3773/12000 [1:21:14<2:41:53,  1.18s/step]Training:  31%|███▏      | 3774/12000 [1:21:15<2:42:30,  1.19s/step]Training:  31%|███▏      | 3775/12000 [1:21:16<2:43:34,  1.19s/step]Training:  31%|███▏      | 3776/12000 [1:21:18<2:42:40,  1.19s/step]Training:  31%|███▏      | 3777/12000 [1:21:19<2:42:03,  1.18s/step]Training:  31%|███▏      | 3778/12000 [1:21:20<2:41:36,  1.18s/step]Training:  31%|███▏      | 3779/12000 [1:21:21<2:41:24,  1.18s/step]Training:  32%|███▏      | 3780/12000 [1:21:22<2:41:04,  1.18s/step]Training:  32%|███▏      | 3781/12000 [1:21:24<2:40:55,  1.17s/step]Training:  32%|███▏      | 3782/12000 [1:21:25<2:40:49,  1.17s/step]Training:  32%|███▏      | 3783/12000 [1:21:26<2:40:53,  1.17s/step]Training:  32%|███▏      | 3784/12000 [1:21:27<2:40:52,  1.17s/step]Training:  32%|███▏      | 3785/12000 [1:21:28<2:40:58,  1.18s/step]Training:  32%|███▏      | 3786/12000 [1:21:29<2:40:50,  1.17s/step]Training:  32%|███▏      | 3787/12000 [1:21:31<2:40:42,  1.17s/step]Training:  32%|███▏      | 3788/12000 [1:21:32<2:40:35,  1.17s/step]Training:  32%|███▏      | 3789/12000 [1:21:33<2:40:25,  1.17s/step]Training:  32%|███▏      | 3790/12000 [1:21:34<2:40:23,  1.17s/step]Training:  32%|███▏      | 3791/12000 [1:21:35<2:40:21,  1.17s/step]Training:  32%|███▏      | 3792/12000 [1:21:36<2:40:35,  1.17s/step]Training:  32%|███▏      | 3793/12000 [1:21:38<2:42:20,  1.19s/step]Training:  32%|███▏      | 3794/12000 [1:21:39<2:43:12,  1.19s/step]Training:  32%|███▏      | 3795/12000 [1:21:40<2:42:10,  1.19s/step]Training:  32%|███▏      | 3796/12000 [1:21:41<2:41:39,  1.18s/step]Training:  32%|███▏      | 3797/12000 [1:21:42<2:41:10,  1.18s/step]Training:  32%|███▏      | 3798/12000 [1:21:44<2:41:05,  1.18s/step]Training:  32%|███▏      | 3799/12000 [1:21:45<2:40:43,  1.18s/step]Training:  32%|███▏      | 3800/12000 [1:21:46<2:40:28,  1.17s/step]INFO 2026-09-16 05:15:51 ot_train.py:670 step:4K smpl:243K ep:3K epch:8.95 loss:0.106 grdn:1.137 lr:7.9e-05 updt_s:0.977 data_s:0.038 smp/s:63 mem_gb:14.29 losses_after_forward:0.091 losses_after_in_ep_bound:0.074 losses_after_rm_padding:0.074
Training:  32%|███▏      | 3801/12000 [1:21:47<2:40:29,  1.17s/step]Training:  32%|███▏      | 3802/12000 [1:21:48<2:40:20,  1.17s/step]Training:  32%|███▏      | 3803/12000 [1:21:49<2:40:15,  1.17s/step]Training:  32%|███▏      | 3804/12000 [1:21:51<2:40:11,  1.17s/step]Training:  32%|███▏      | 3805/12000 [1:21:52<2:40:09,  1.17s/step]Training:  32%|███▏      | 3806/12000 [1:21:53<2:40:00,  1.17s/step]Training:  32%|███▏      | 3807/12000 [1:21:54<2:39:55,  1.17s/step]Training:  32%|███▏      | 3808/12000 [1:21:55<2:39:45,  1.17s/step]Training:  32%|███▏      | 3809/12000 [1:21:56<2:39:41,  1.17s/step]Training:  32%|███▏      | 3810/12000 [1:21:58<2:39:36,  1.17s/step]Training:  32%|███▏      | 3811/12000 [1:21:59<2:39:40,  1.17s/step]Training:  32%|███▏      | 3812/12000 [1:22:00<2:40:16,  1.17s/step]Training:  32%|███▏      | 3813/12000 [1:22:01<2:41:35,  1.18s/step]Training:  32%|███▏      | 3814/12000 [1:22:02<2:42:42,  1.19s/step]Training:  32%|███▏      | 3815/12000 [1:22:04<2:42:00,  1.19s/step]Training:  32%|███▏      | 3816/12000 [1:22:05<2:41:22,  1.18s/step]Training:  32%|███▏      | 3817/12000 [1:22:06<2:40:52,  1.18s/step]Training:  32%|███▏      | 3818/12000 [1:22:07<2:40:22,  1.18s/step]Training:  32%|███▏      | 3819/12000 [1:22:08<2:39:57,  1.17s/step]Training:  32%|███▏      | 3820/12000 [1:22:09<2:39:39,  1.17s/step]Training:  32%|███▏      | 3821/12000 [1:22:11<2:39:34,  1.17s/step]Training:  32%|███▏      | 3822/12000 [1:22:12<2:39:33,  1.17s/step]Training:  32%|███▏      | 3823/12000 [1:22:13<2:39:18,  1.17s/step]Training:  32%|███▏      | 3824/12000 [1:22:14<2:39:13,  1.17s/step]Training:  32%|███▏      | 3825/12000 [1:22:15<2:19:48,  1.03s/step]Training:  32%|███▏      | 3826/12000 [1:22:18<3:45:36,  1.66s/step]Training:  32%|███▏      | 3827/12000 [1:22:19<3:29:47,  1.54s/step]Training:  32%|███▏      | 3828/12000 [1:22:20<3:18:12,  1.46s/step]Training:  32%|███▏      | 3829/12000 [1:22:22<3:07:14,  1.37s/step]Training:  32%|███▏      | 3830/12000 [1:22:23<2:58:58,  1.31s/step]Training:  32%|███▏      | 3831/12000 [1:22:24<2:53:08,  1.27s/step]Training:  32%|███▏      | 3832/12000 [1:22:25<2:48:37,  1.24s/step]Training:  32%|███▏      | 3833/12000 [1:22:26<2:46:39,  1.22s/step]Training:  32%|███▏      | 3834/12000 [1:22:27<2:44:08,  1.21s/step]Training:  32%|███▏      | 3835/12000 [1:22:29<2:42:25,  1.19s/step]Training:  32%|███▏      | 3836/12000 [1:22:30<2:41:26,  1.19s/step]Training:  32%|███▏      | 3837/12000 [1:22:31<2:40:28,  1.18s/step]Training:  32%|███▏      | 3838/12000 [1:22:32<2:39:47,  1.17s/step]Training:  32%|███▏      | 3839/12000 [1:22:33<2:39:23,  1.17s/step]Training:  32%|███▏      | 3840/12000 [1:22:34<2:39:03,  1.17s/step]Training:  32%|███▏      | 3841/12000 [1:22:36<2:38:48,  1.17s/step]Training:  32%|███▏      | 3842/12000 [1:22:37<2:38:34,  1.17s/step]Training:  32%|███▏      | 3843/12000 [1:22:38<2:38:36,  1.17s/step]Training:  32%|███▏      | 3844/12000 [1:22:39<2:39:09,  1.17s/step]Training:  32%|███▏      | 3845/12000 [1:22:40<2:39:57,  1.18s/step]Training:  32%|███▏      | 3846/12000 [1:22:41<2:40:47,  1.18s/step]Training:  32%|███▏      | 3847/12000 [1:22:43<2:41:57,  1.19s/step]Training:  32%|███▏      | 3848/12000 [1:22:44<2:41:23,  1.19s/step]Training:  32%|███▏      | 3849/12000 [1:22:45<2:40:23,  1.18s/step]Training:  32%|███▏      | 3850/12000 [1:22:46<2:39:39,  1.18s/step]Training:  32%|███▏      | 3851/12000 [1:22:47<2:39:13,  1.17s/step]Training:  32%|███▏      | 3852/12000 [1:22:49<2:38:59,  1.17s/step]Training:  32%|███▏      | 3853/12000 [1:22:50<2:39:11,  1.17s/step]Training:  32%|███▏      | 3854/12000 [1:22:51<2:38:54,  1.17s/step]Training:  32%|███▏      | 3855/12000 [1:22:52<2:38:44,  1.17s/step]Training:  32%|███▏      | 3856/12000 [1:22:53<2:39:10,  1.17s/step]Training:  32%|███▏      | 3857/12000 [1:22:54<2:38:55,  1.17s/step]Training:  32%|███▏      | 3858/12000 [1:22:56<2:38:41,  1.17s/step]Training:  32%|███▏      | 3859/12000 [1:22:57<2:38:32,  1.17s/step]Training:  32%|███▏      | 3860/12000 [1:22:58<2:38:18,  1.17s/step]Training:  32%|███▏      | 3861/12000 [1:22:59<2:38:12,  1.17s/step]Training:  32%|███▏      | 3862/12000 [1:23:00<2:38:07,  1.17s/step]Training:  32%|███▏      | 3863/12000 [1:23:01<2:38:37,  1.17s/step]Training:  32%|███▏      | 3864/12000 [1:23:03<2:38:19,  1.17s/step]Training:  32%|███▏      | 3865/12000 [1:23:04<2:38:10,  1.17s/step]Training:  32%|███▏      | 3866/12000 [1:23:05<2:38:06,  1.17s/step]Training:  32%|███▏      | 3867/12000 [1:23:06<2:39:35,  1.18s/step]Training:  32%|███▏      | 3868/12000 [1:23:07<2:41:18,  1.19s/step]Training:  32%|███▏      | 3869/12000 [1:23:08<2:40:18,  1.18s/step]Training:  32%|███▏      | 3870/12000 [1:23:10<2:39:27,  1.18s/step]Training:  32%|███▏      | 3871/12000 [1:23:11<2:38:51,  1.17s/step]Training:  32%|███▏      | 3872/12000 [1:23:12<2:39:20,  1.18s/step]Training:  32%|███▏      | 3873/12000 [1:23:13<2:39:08,  1.17s/step]Training:  32%|███▏      | 3874/12000 [1:23:14<2:38:33,  1.17s/step]Training:  32%|███▏      | 3875/12000 [1:23:15<2:38:13,  1.17s/step]Training:  32%|███▏      | 3876/12000 [1:23:17<2:38:04,  1.17s/step]Training:  32%|███▏      | 3877/12000 [1:23:18<2:38:12,  1.17s/step]Training:  32%|███▏      | 3878/12000 [1:23:19<2:38:46,  1.17s/step]Training:  32%|███▏      | 3879/12000 [1:23:20<2:39:42,  1.18s/step]Training:  32%|███▏      | 3880/12000 [1:23:21<2:39:32,  1.18s/step]Training:  32%|███▏      | 3881/12000 [1:23:23<2:39:04,  1.18s/step]Training:  32%|███▏      | 3882/12000 [1:23:24<2:38:54,  1.17s/step]Training:  32%|███▏      | 3883/12000 [1:23:25<2:38:28,  1.17s/step]Training:  32%|███▏      | 3884/12000 [1:23:26<2:38:13,  1.17s/step]Training:  32%|███▏      | 3885/12000 [1:23:27<2:37:57,  1.17s/step]Training:  32%|███▏      | 3886/12000 [1:23:28<2:37:55,  1.17s/step]Training:  32%|███▏      | 3887/12000 [1:23:30<2:37:50,  1.17s/step]Training:  32%|███▏      | 3888/12000 [1:23:31<2:38:16,  1.17s/step]Training:  32%|███▏      | 3889/12000 [1:23:32<2:38:49,  1.17s/step]Training:  32%|███▏      | 3890/12000 [1:23:33<2:39:33,  1.18s/step]Training:  32%|███▏      | 3891/12000 [1:23:34<2:38:54,  1.18s/step]Training:  32%|███▏      | 3892/12000 [1:23:35<2:38:24,  1.17s/step]Training:  32%|███▏      | 3893/12000 [1:23:37<2:38:05,  1.17s/step]Training:  32%|███▏      | 3894/12000 [1:23:38<2:37:47,  1.17s/step]Training:  32%|███▏      | 3895/12000 [1:23:39<2:37:36,  1.17s/step]Training:  32%|███▏      | 3896/12000 [1:23:40<2:37:58,  1.17s/step]Training:  32%|███▏      | 3897/12000 [1:23:41<2:37:42,  1.17s/step]Training:  32%|███▏      | 3898/12000 [1:23:42<2:37:35,  1.17s/step]Training:  32%|███▏      | 3899/12000 [1:23:44<2:37:44,  1.17s/step]Training:  32%|███▎      | 3900/12000 [1:23:45<2:38:04,  1.17s/step]Training:  33%|███▎      | 3901/12000 [1:23:46<2:37:49,  1.17s/step]Training:  33%|███▎      | 3902/12000 [1:23:47<2:37:35,  1.17s/step]Training:  33%|███▎      | 3903/12000 [1:23:48<2:37:26,  1.17s/step]Training:  33%|███▎      | 3904/12000 [1:23:49<2:37:12,  1.17s/step]Training:  33%|███▎      | 3905/12000 [1:23:51<2:37:04,  1.16s/step]Training:  33%|███▎      | 3906/12000 [1:23:52<2:37:25,  1.17s/step]Training:  33%|███▎      | 3907/12000 [1:23:53<2:37:12,  1.17s/step]Training:  33%|███▎      | 3908/12000 [1:23:54<2:37:18,  1.17s/step]Training:  33%|███▎      | 3909/12000 [1:23:55<2:37:19,  1.17s/step]Training:  33%|███▎      | 3910/12000 [1:23:57<2:40:10,  1.19s/step]Training:  33%|███▎      | 3911/12000 [1:23:58<2:41:16,  1.20s/step]Training:  33%|███▎      | 3912/12000 [1:23:59<2:40:07,  1.19s/step]Training:  33%|███▎      | 3913/12000 [1:24:00<2:39:13,  1.18s/step]Training:  33%|███▎      | 3914/12000 [1:24:01<2:38:27,  1.18s/step]Training:  33%|███▎      | 3915/12000 [1:24:02<2:37:59,  1.17s/step]Training:  33%|███▎      | 3916/12000 [1:24:04<2:37:46,  1.17s/step]Training:  33%|███▎      | 3917/12000 [1:24:05<2:37:45,  1.17s/step]Training:  33%|███▎      | 3918/12000 [1:24:06<2:37:24,  1.17s/step]Training:  33%|███▎      | 3919/12000 [1:24:07<2:37:05,  1.17s/step]Training:  33%|███▎      | 3920/12000 [1:24:08<2:37:06,  1.17s/step]Training:  33%|███▎      | 3921/12000 [1:24:09<2:37:21,  1.17s/step]Training:  33%|███▎      | 3922/12000 [1:24:11<2:37:21,  1.17s/step]Training:  33%|███▎      | 3923/12000 [1:24:12<2:37:18,  1.17s/step]Training:  33%|███▎      | 3924/12000 [1:24:13<2:37:06,  1.17s/step]Training:  33%|███▎      | 3925/12000 [1:24:14<2:37:09,  1.17s/step]Training:  33%|███▎      | 3926/12000 [1:24:15<2:36:53,  1.17s/step]Training:  33%|███▎      | 3927/12000 [1:24:16<2:37:09,  1.17s/step]Training:  33%|███▎      | 3928/12000 [1:24:18<2:38:12,  1.18s/step]Training:  33%|███▎      | 3929/12000 [1:24:19<2:37:46,  1.17s/step]Training:  33%|███▎      | 3930/12000 [1:24:20<2:37:55,  1.17s/step]Training:  33%|███▎      | 3931/12000 [1:24:21<2:39:05,  1.18s/step]Training:  33%|███▎      | 3932/12000 [1:24:22<2:40:15,  1.19s/step]Training:  33%|███▎      | 3933/12000 [1:24:24<2:40:21,  1.19s/step]Training:  33%|███▎      | 3934/12000 [1:24:25<2:39:45,  1.19s/step]Training:  33%|███▎      | 3935/12000 [1:24:26<2:39:09,  1.18s/step]Training:  33%|███▎      | 3936/12000 [1:24:27<2:38:21,  1.18s/step]Training:  33%|███▎      | 3937/12000 [1:24:28<2:38:06,  1.18s/step]Training:  33%|███▎      | 3938/12000 [1:24:29<2:37:30,  1.17s/step]Training:  33%|███▎      | 3939/12000 [1:24:31<2:38:17,  1.18s/step]Training:  33%|███▎      | 3940/12000 [1:24:32<2:37:40,  1.17s/step]Training:  33%|███▎      | 3941/12000 [1:24:33<2:37:20,  1.17s/step]Training:  33%|███▎      | 3942/12000 [1:24:34<2:37:06,  1.17s/step]Training:  33%|███▎      | 3943/12000 [1:24:35<2:37:59,  1.18s/step]Training:  33%|███▎      | 3944/12000 [1:24:36<2:37:44,  1.17s/step]Training:  33%|███▎      | 3945/12000 [1:24:38<2:37:20,  1.17s/step]Training:  33%|███▎      | 3946/12000 [1:24:39<2:36:59,  1.17s/step]Training:  33%|███▎      | 3947/12000 [1:24:40<2:36:46,  1.17s/step]Training:  33%|███▎      | 3948/12000 [1:24:41<2:36:33,  1.17s/step]Training:  33%|███▎      | 3949/12000 [1:24:42<2:36:34,  1.17s/step]Training:  33%|███▎      | 3950/12000 [1:24:43<2:36:28,  1.17s/step]Training:  33%|███▎      | 3951/12000 [1:24:45<2:38:29,  1.18s/step]Training:  33%|███▎      | 3952/12000 [1:24:46<2:39:05,  1.19s/step]Training:  33%|███▎      | 3953/12000 [1:24:47<2:39:16,  1.19s/step]Training:  33%|███▎      | 3954/12000 [1:24:48<2:39:02,  1.19s/step]Training:  33%|███▎      | 3955/12000 [1:24:49<2:38:09,  1.18s/step]Training:  33%|███▎      | 3956/12000 [1:24:51<2:37:30,  1.17s/step]Training:  33%|███▎      | 3957/12000 [1:24:52<2:37:02,  1.17s/step]Training:  33%|███▎      | 3958/12000 [1:24:53<2:36:35,  1.17s/step]Training:  33%|███▎      | 3959/12000 [1:24:54<2:36:24,  1.17s/step]Training:  33%|███▎      | 3960/12000 [1:24:55<2:36:15,  1.17s/step]Training:  33%|███▎      | 3961/12000 [1:24:56<2:36:11,  1.17s/step]Training:  33%|███▎      | 3962/12000 [1:24:58<2:36:10,  1.17s/step]Training:  33%|███▎      | 3963/12000 [1:24:59<2:36:03,  1.16s/step]Training:  33%|███▎      | 3964/12000 [1:25:00<2:35:55,  1.16s/step]Training:  33%|███▎      | 3965/12000 [1:25:01<2:35:56,  1.16s/step]Training:  33%|███▎      | 3966/12000 [1:25:02<2:35:51,  1.16s/step]Training:  33%|███▎      | 3967/12000 [1:25:03<2:35:48,  1.16s/step]Training:  33%|███▎      | 3968/12000 [1:25:05<2:35:51,  1.16s/step]Training:  33%|███▎      | 3969/12000 [1:25:06<2:36:57,  1.17s/step]Training:  33%|███▎      | 3970/12000 [1:25:07<2:36:42,  1.17s/step]Training:  33%|███▎      | 3971/12000 [1:25:08<2:36:37,  1.17s/step]Training:  33%|███▎      | 3972/12000 [1:25:09<2:37:12,  1.17s/step]Training:  33%|███▎      | 3973/12000 [1:25:10<2:38:06,  1.18s/step]Training:  33%|███▎      | 3974/12000 [1:25:12<2:39:24,  1.19s/step]Training:  33%|███▎      | 3975/12000 [1:25:13<2:38:39,  1.19s/step]Training:  33%|███▎      | 3976/12000 [1:25:14<2:38:28,  1.19s/step]Training:  33%|███▎      | 3977/12000 [1:25:15<2:37:41,  1.18s/step]Training:  33%|███▎      | 3978/12000 [1:25:16<2:37:08,  1.18s/step]Training:  33%|███▎      | 3979/12000 [1:25:18<2:37:13,  1.18s/step]Training:  33%|███▎      | 3980/12000 [1:25:19<2:36:44,  1.17s/step]Training:  33%|███▎      | 3981/12000 [1:25:20<2:37:12,  1.18s/step]Training:  33%|███▎      | 3982/12000 [1:25:21<2:37:28,  1.18s/step]Training:  33%|███▎      | 3983/12000 [1:25:22<2:36:50,  1.17s/step]Training:  33%|███▎      | 3984/12000 [1:25:23<2:37:14,  1.18s/step]Training:  33%|███▎      | 3985/12000 [1:25:25<2:37:09,  1.18s/step]Training:  33%|███▎      | 3986/12000 [1:25:26<2:36:33,  1.17s/step]Training:  33%|███▎      | 3987/12000 [1:25:27<2:36:53,  1.17s/step]Training:  33%|███▎      | 3988/12000 [1:25:28<2:36:27,  1.17s/step]Training:  33%|███▎      | 3989/12000 [1:25:29<2:36:16,  1.17s/step]Training:  33%|███▎      | 3990/12000 [1:25:30<2:36:01,  1.17s/step]Training:  33%|███▎      | 3991/12000 [1:25:32<2:35:50,  1.17s/step]Training:  33%|███▎      | 3992/12000 [1:25:33<2:36:05,  1.17s/step]Training:  33%|███▎      | 3993/12000 [1:25:34<2:36:36,  1.17s/step]Training:  33%|███▎      | 3994/12000 [1:25:35<2:37:34,  1.18s/step]Training:  33%|███▎      | 3995/12000 [1:25:36<2:37:19,  1.18s/step]Training:  33%|███▎      | 3996/12000 [1:25:37<2:37:07,  1.18s/step]Training:  33%|███▎      | 3997/12000 [1:25:39<2:36:27,  1.17s/step]Training:  33%|███▎      | 3998/12000 [1:25:40<2:36:24,  1.17s/step]Training:  33%|███▎      | 3999/12000 [1:25:41<2:36:02,  1.17s/step]Training:  33%|███▎      | 4000/12000 [1:25:42<2:36:19,  1.17s/step]INFO 2026-09-16 05:19:47 ot_train.py:670 step:4K smpl:256K ep:3K epch:9.42 loss:0.103 grdn:1.105 lr:7.7e-05 updt_s:0.969 data_s:0.047 smp/s:63 mem_gb:14.26 losses_after_forward:0.089 losses_after_in_ep_bound:0.072 losses_after_rm_padding:0.072
INFO 2026-09-16 05:19:47 ot_train.py:716 Checkpoint policy after step 4000
Training:  33%|███▎      | 4001/12000 [1:26:10<20:11:39,  9.09s/step]Training:  33%|███▎      | 4002/12000 [1:26:11<14:55:21,  6.72s/step]Training:  33%|███▎      | 4003/12000 [1:26:12<11:13:36,  5.05s/step]Training:  33%|███▎      | 4004/12000 [1:26:13<8:37:30,  3.88s/step] Training:  33%|███▎      | 4005/12000 [1:26:14<6:48:16,  3.06s/step]Training:  33%|███▎      | 4006/12000 [1:26:16<5:31:55,  2.49s/step]Training:  33%|███▎      | 4007/12000 [1:26:17<4:38:27,  2.09s/step]Training:  33%|███▎      | 4008/12000 [1:26:18<4:01:20,  1.81s/step]Training:  33%|███▎      | 4009/12000 [1:26:19<3:35:08,  1.62s/step]Training:  33%|███▎      | 4010/12000 [1:26:20<3:16:40,  1.48s/step]Training:  33%|███▎      | 4011/12000 [1:26:21<3:03:38,  1.38s/step]Training:  33%|███▎      | 4012/12000 [1:26:22<2:54:36,  1.31s/step]Training:  33%|███▎      | 4013/12000 [1:26:24<2:48:16,  1.26s/step]Training:  33%|███▎      | 4014/12000 [1:26:25<2:43:49,  1.23s/step]Training:  33%|███▎      | 4015/12000 [1:26:26<2:41:25,  1.21s/step]Training:  33%|███▎      | 4016/12000 [1:26:27<2:39:20,  1.20s/step]Training:  33%|███▎      | 4017/12000 [1:26:28<2:37:48,  1.19s/step]Training:  33%|███▎      | 4018/12000 [1:26:29<2:36:24,  1.18s/step]Training:  33%|███▎      | 4019/12000 [1:26:31<2:35:45,  1.17s/step]Training:  34%|███▎      | 4020/12000 [1:26:32<2:35:00,  1.17s/step]Training:  34%|███▎      | 4021/12000 [1:26:33<2:35:18,  1.17s/step]Training:  34%|███▎      | 4022/12000 [1:26:34<2:35:42,  1.17s/step]Training:  34%|███▎      | 4023/12000 [1:26:35<2:35:07,  1.17s/step]Training:  34%|███▎      | 4024/12000 [1:26:36<2:34:32,  1.16s/step]Training:  34%|███▎      | 4025/12000 [1:26:38<2:34:18,  1.16s/step]Training:  34%|███▎      | 4026/12000 [1:26:39<2:34:27,  1.16s/step]Training:  34%|███▎      | 4027/12000 [1:26:40<2:35:31,  1.17s/step]Training:  34%|███▎      | 4028/12000 [1:26:41<2:36:24,  1.18s/step]Training:  34%|███▎      | 4029/12000 [1:26:42<2:37:00,  1.18s/step]Training:  34%|███▎      | 4030/12000 [1:26:43<2:36:47,  1.18s/step]Training:  34%|███▎      | 4031/12000 [1:26:45<2:35:53,  1.17s/step]Training:  34%|███▎      | 4032/12000 [1:26:46<2:35:13,  1.17s/step]Training:  34%|███▎      | 4033/12000 [1:26:47<2:35:14,  1.17s/step]Training:  34%|███▎      | 4034/12000 [1:26:48<2:35:07,  1.17s/step]Training:  34%|███▎      | 4035/12000 [1:26:49<2:34:38,  1.16s/step]Training:  34%|███▎      | 4036/12000 [1:26:50<2:34:21,  1.16s/step]Training:  34%|███▎      | 4037/12000 [1:26:52<2:34:09,  1.16s/step]Training:  34%|███▎      | 4038/12000 [1:26:53<2:34:01,  1.16s/step]Training:  34%|███▎      | 4039/12000 [1:26:54<2:34:13,  1.16s/step]Training:  34%|███▎      | 4040/12000 [1:26:55<2:34:00,  1.16s/step]Training:  34%|███▎      | 4041/12000 [1:26:56<2:33:51,  1.16s/step]Training:  34%|███▎      | 4042/12000 [1:26:57<2:33:42,  1.16s/step]Training:  34%|███▎      | 4043/12000 [1:26:59<2:33:41,  1.16s/step]Training:  34%|███▎      | 4044/12000 [1:27:00<2:33:37,  1.16s/step]Training:  34%|███▎      | 4045/12000 [1:27:01<2:33:41,  1.16s/step]Training:  34%|███▎      | 4046/12000 [1:27:02<2:33:50,  1.16s/step]Training:  34%|███▎      | 4047/12000 [1:27:03<2:34:50,  1.17s/step]Training:  34%|███▎      | 4048/12000 [1:27:04<2:36:08,  1.18s/step]Training:  34%|███▎      | 4049/12000 [1:27:06<2:36:53,  1.18s/step]Training:  34%|███▍      | 4050/12000 [1:27:07<2:38:45,  1.20s/step]Training:  34%|███▍      | 4051/12000 [1:27:08<2:38:48,  1.20s/step]Training:  34%|███▍      | 4052/12000 [1:27:09<2:37:15,  1.19s/step]Training:  34%|███▍      | 4053/12000 [1:27:10<2:36:10,  1.18s/step]Training:  34%|███▍      | 4054/12000 [1:27:12<2:35:23,  1.17s/step]Training:  34%|███▍      | 4055/12000 [1:27:13<2:35:14,  1.17s/step]Training:  34%|███▍      | 4056/12000 [1:27:14<2:34:43,  1.17s/step]Training:  34%|███▍      | 4057/12000 [1:27:15<2:34:38,  1.17s/step]Training:  34%|███▍      | 4058/12000 [1:27:16<2:34:13,  1.17s/step]Training:  34%|███▍      | 4059/12000 [1:27:17<2:34:21,  1.17s/step]Training:  34%|███▍      | 4060/12000 [1:27:18<2:34:04,  1.16s/step]Training:  34%|███▍      | 4061/12000 [1:27:20<2:34:27,  1.17s/step]Training:  34%|███▍      | 4062/12000 [1:27:21<2:34:00,  1.16s/step]Training:  34%|███▍      | 4063/12000 [1:27:22<2:33:45,  1.16s/step]Training:  34%|███▍      | 4064/12000 [1:27:23<2:33:46,  1.16s/step]Training:  34%|███▍      | 4065/12000 [1:27:24<2:33:41,  1.16s/step]Training:  34%|███▍      | 4066/12000 [1:27:25<2:33:47,  1.16s/step]Training:  34%|███▍      | 4067/12000 [1:27:27<2:33:42,  1.16s/step]Training:  34%|███▍      | 4068/12000 [1:27:28<2:33:43,  1.16s/step]Training:  34%|███▍      | 4069/12000 [1:27:29<2:33:37,  1.16s/step]Training:  34%|███▍      | 4070/12000 [1:27:30<2:33:30,  1.16s/step]Training:  34%|███▍      | 4071/12000 [1:27:31<2:33:37,  1.16s/step]Training:  34%|███▍      | 4072/12000 [1:27:32<2:33:59,  1.17s/step]Training:  34%|███▍      | 4073/12000 [1:27:34<2:34:40,  1.17s/step]Training:  34%|███▍      | 4074/12000 [1:27:35<2:34:57,  1.17s/step]Training:  34%|███▍      | 4075/12000 [1:27:36<2:36:01,  1.18s/step]Training:  34%|███▍      | 4076/12000 [1:27:37<2:35:07,  1.17s/step]Training:  34%|███▍      | 4077/12000 [1:27:38<2:34:47,  1.17s/step]Training:  34%|███▍      | 4078/12000 [1:27:40<2:34:18,  1.17s/step]Training:  34%|███▍      | 4079/12000 [1:27:41<2:34:27,  1.17s/step]Training:  34%|███▍      | 4080/12000 [1:27:42<2:34:14,  1.17s/step]Training:  34%|███▍      | 4081/12000 [1:27:43<2:34:02,  1.17s/step]Training:  34%|███▍      | 4082/12000 [1:27:44<2:33:45,  1.17s/step]Training:  34%|███▍      | 4083/12000 [1:27:45<2:33:47,  1.17s/step]Training:  34%|███▍      | 4084/12000 [1:27:46<2:33:37,  1.16s/step]Training:  34%|███▍      | 4085/12000 [1:27:48<2:33:32,  1.16s/step]Training:  34%|███▍      | 4086/12000 [1:27:49<2:33:24,  1.16s/step]Training:  34%|███▍      | 4087/12000 [1:27:50<2:33:21,  1.16s/step]Training:  34%|███▍      | 4088/12000 [1:27:51<2:33:16,  1.16s/step]Training:  34%|███▍      | 4089/12000 [1:27:52<2:33:20,  1.16s/step]Training:  34%|███▍      | 4090/12000 [1:27:53<2:33:18,  1.16s/step]Training:  34%|███▍      | 4091/12000 [1:27:55<2:33:26,  1.16s/step]Training:  34%|███▍      | 4092/12000 [1:27:56<2:34:08,  1.17s/step]Training:  34%|███▍      | 4093/12000 [1:27:57<2:33:52,  1.17s/step]Training:  34%|███▍      | 4094/12000 [1:27:58<2:33:43,  1.17s/step]Training:  34%|███▍      | 4095/12000 [1:27:59<2:33:53,  1.17s/step]Training:  34%|███▍      | 4096/12000 [1:28:01<2:34:57,  1.18s/step]Training:  34%|███▍      | 4097/12000 [1:28:02<2:35:22,  1.18s/step]Training:  34%|███▍      | 4098/12000 [1:28:03<2:35:58,  1.18s/step]Training:  34%|███▍      | 4099/12000 [1:28:04<2:35:29,  1.18s/step]Training:  34%|███▍      | 4100/12000 [1:28:05<2:34:48,  1.18s/step]Training:  34%|███▍      | 4101/12000 [1:28:06<2:35:53,  1.18s/step]Training:  34%|███▍      | 4102/12000 [1:28:08<2:34:56,  1.18s/step]Training:  34%|███▍      | 4103/12000 [1:28:09<2:34:27,  1.17s/step]Training:  34%|███▍      | 4104/12000 [1:28:10<2:34:00,  1.17s/step]Training:  34%|███▍      | 4105/12000 [1:28:11<2:33:45,  1.17s/step]Training:  34%|███▍      | 4106/12000 [1:28:12<2:33:39,  1.17s/step]Training:  34%|███▍      | 4107/12000 [1:28:13<2:33:27,  1.17s/step]Training:  34%|███▍      | 4108/12000 [1:28:15<2:33:41,  1.17s/step]Training:  34%|███▍      | 4109/12000 [1:28:16<2:34:28,  1.17s/step]Training:  34%|███▍      | 4110/12000 [1:28:17<2:34:15,  1.17s/step]Training:  34%|███▍      | 4111/12000 [1:28:18<2:34:30,  1.18s/step]Training:  34%|███▍      | 4112/12000 [1:28:19<2:34:19,  1.17s/step]Training:  34%|███▍      | 4113/12000 [1:28:20<2:33:57,  1.17s/step]Training:  34%|███▍      | 4114/12000 [1:28:22<2:33:34,  1.17s/step]Training:  34%|███▍      | 4115/12000 [1:28:23<2:33:53,  1.17s/step]Training:  34%|███▍      | 4116/12000 [1:28:24<2:33:55,  1.17s/step]Training:  34%|███▍      | 4117/12000 [1:28:25<2:35:00,  1.18s/step]Training:  34%|███▍      | 4118/12000 [1:28:26<2:36:22,  1.19s/step]Training:  34%|███▍      | 4119/12000 [1:28:28<2:35:17,  1.18s/step]Training:  34%|███▍      | 4120/12000 [1:28:29<2:34:27,  1.18s/step]Training:  34%|███▍      | 4121/12000 [1:28:30<2:34:01,  1.17s/step]Training:  34%|███▍      | 4122/12000 [1:28:31<2:34:04,  1.17s/step]Training:  34%|███▍      | 4123/12000 [1:28:32<2:33:45,  1.17s/step]Training:  34%|███▍      | 4124/12000 [1:28:33<2:33:20,  1.17s/step]Training:  34%|███▍      | 4125/12000 [1:28:35<2:33:46,  1.17s/step]Training:  34%|███▍      | 4126/12000 [1:28:36<2:33:19,  1.17s/step]Training:  34%|███▍      | 4127/12000 [1:28:37<2:33:15,  1.17s/step]Training:  34%|███▍      | 4128/12000 [1:28:38<2:33:23,  1.17s/step]Training:  34%|███▍      | 4129/12000 [1:28:39<2:33:17,  1.17s/step]Training:  34%|███▍      | 4130/12000 [1:28:40<2:33:09,  1.17s/step]Training:  34%|███▍      | 4131/12000 [1:28:42<2:33:00,  1.17s/step]Training:  34%|███▍      | 4132/12000 [1:28:43<2:33:17,  1.17s/step]Training:  34%|███▍      | 4133/12000 [1:28:44<2:33:04,  1.17s/step]Training:  34%|███▍      | 4134/12000 [1:28:45<2:33:08,  1.17s/step]Training:  34%|███▍      | 4135/12000 [1:28:46<2:32:54,  1.17s/step]Training:  34%|███▍      | 4136/12000 [1:28:47<2:32:42,  1.17s/step]Training:  34%|███▍      | 4137/12000 [1:28:49<2:32:57,  1.17s/step]Training:  34%|███▍      | 4138/12000 [1:28:50<2:33:22,  1.17s/step]Training:  34%|███▍      | 4139/12000 [1:28:51<2:34:58,  1.18s/step]Training:  34%|███▍      | 4140/12000 [1:28:52<2:35:42,  1.19s/step]Training:  35%|███▍      | 4141/12000 [1:28:53<2:34:46,  1.18s/step]Training:  35%|███▍      | 4142/12000 [1:28:54<2:34:12,  1.18s/step]Training:  35%|███▍      | 4143/12000 [1:28:56<2:34:01,  1.18s/step]Training:  35%|███▍      | 4144/12000 [1:28:57<2:34:25,  1.18s/step]Training:  35%|███▍      | 4145/12000 [1:28:58<2:33:48,  1.17s/step]Training:  35%|███▍      | 4146/12000 [1:28:59<2:33:45,  1.17s/step]Training:  35%|███▍      | 4147/12000 [1:29:00<2:33:50,  1.18s/step]Training:  35%|███▍      | 4148/12000 [1:29:02<2:33:51,  1.18s/step]Training:  35%|███▍      | 4149/12000 [1:29:03<2:33:26,  1.17s/step]Training:  35%|███▍      | 4150/12000 [1:29:04<2:33:00,  1.17s/step]Training:  35%|███▍      | 4151/12000 [1:29:05<2:32:44,  1.17s/step]Training:  35%|███▍      | 4152/12000 [1:29:06<2:32:41,  1.17s/step]Training:  35%|███▍      | 4153/12000 [1:29:07<2:32:30,  1.17s/step]Training:  35%|███▍      | 4154/12000 [1:29:09<2:32:36,  1.17s/step]Training:  35%|███▍      | 4155/12000 [1:29:10<2:32:22,  1.17s/step]Training:  35%|███▍      | 4156/12000 [1:29:11<2:32:14,  1.16s/step]Training:  35%|███▍      | 4157/12000 [1:29:12<2:32:22,  1.17s/step]Training:  35%|███▍      | 4158/12000 [1:29:13<2:32:13,  1.16s/step]Training:  35%|███▍      | 4159/12000 [1:29:14<2:32:13,  1.16s/step]Training:  35%|███▍      | 4160/12000 [1:29:16<2:33:21,  1.17s/step]Training:  35%|███▍      | 4161/12000 [1:29:17<2:33:53,  1.18s/step]Training:  35%|███▍      | 4162/12000 [1:29:18<2:34:32,  1.18s/step]Training:  35%|███▍      | 4163/12000 [1:29:19<2:33:40,  1.18s/step]Training:  35%|███▍      | 4164/12000 [1:29:20<2:32:51,  1.17s/step]Training:  35%|███▍      | 4165/12000 [1:29:21<2:32:21,  1.17s/step]Training:  35%|███▍      | 4166/12000 [1:29:23<2:31:59,  1.16s/step]Training:  35%|███▍      | 4167/12000 [1:29:24<2:31:49,  1.16s/step]Training:  35%|███▍      | 4168/12000 [1:29:25<2:31:57,  1.16s/step]Training:  35%|███▍      | 4169/12000 [1:29:26<2:31:56,  1.16s/step]Training:  35%|███▍      | 4170/12000 [1:29:27<2:32:09,  1.17s/step]Training:  35%|███▍      | 4171/12000 [1:29:28<2:32:16,  1.17s/step]Training:  35%|███▍      | 4172/12000 [1:29:30<2:32:00,  1.17s/step]Training:  35%|███▍      | 4173/12000 [1:29:31<2:32:17,  1.17s/step]Training:  35%|███▍      | 4174/12000 [1:29:32<2:32:26,  1.17s/step]Training:  35%|███▍      | 4175/12000 [1:29:33<2:32:52,  1.17s/step]Training:  35%|███▍      | 4176/12000 [1:29:34<2:33:09,  1.17s/step]Training:  35%|███▍      | 4177/12000 [1:29:35<2:32:44,  1.17s/step]Training:  35%|███▍      | 4178/12000 [1:29:37<2:32:20,  1.17s/step]Training:  35%|███▍      | 4179/12000 [1:29:38<2:32:10,  1.17s/step]Training:  35%|███▍      | 4180/12000 [1:29:39<2:32:19,  1.17s/step]Training:  35%|███▍      | 4181/12000 [1:29:40<2:32:06,  1.17s/step]Training:  35%|███▍      | 4182/12000 [1:29:41<2:31:51,  1.17s/step]Training:  35%|███▍      | 4183/12000 [1:29:42<2:32:43,  1.17s/step]Training:  35%|███▍      | 4184/12000 [1:29:44<2:32:48,  1.17s/step]Training:  35%|███▍      | 4185/12000 [1:29:45<2:33:25,  1.18s/step]Training:  35%|███▍      | 4186/12000 [1:29:46<2:33:05,  1.18s/step]Training:  35%|███▍      | 4187/12000 [1:29:47<2:32:29,  1.17s/step]Training:  35%|███▍      | 4188/12000 [1:29:48<2:32:01,  1.17s/step]Training:  35%|███▍      | 4189/12000 [1:29:49<2:31:31,  1.16s/step]Training:  35%|███▍      | 4190/12000 [1:29:51<2:31:09,  1.16s/step]Training:  35%|███▍      | 4191/12000 [1:29:52<2:30:54,  1.16s/step]Training:  35%|███▍      | 4192/12000 [1:29:53<2:30:45,  1.16s/step]Training:  35%|███▍      | 4193/12000 [1:29:54<2:30:45,  1.16s/step]Training:  35%|███▍      | 4194/12000 [1:29:55<2:30:43,  1.16s/step]Training:  35%|███▍      | 4195/12000 [1:29:56<2:30:52,  1.16s/step]Training:  35%|███▍      | 4196/12000 [1:29:58<2:30:40,  1.16s/step]Training:  35%|███▍      | 4197/12000 [1:29:59<2:30:31,  1.16s/step]Training:  35%|███▍      | 4198/12000 [1:30:00<2:30:22,  1.16s/step]Training:  35%|███▍      | 4199/12000 [1:30:01<2:30:23,  1.16s/step]Training:  35%|███▌      | 4200/12000 [1:30:02<2:30:20,  1.16s/step]INFO 2026-09-16 05:24:07 ot_train.py:670 step:4K smpl:269K ep:3K epch:9.89 loss:0.097 grdn:1.066 lr:7.5e-05 updt_s:0.966 data_s:0.038 smp/s:64 mem_gb:14.29 losses_after_forward:0.084 losses_after_in_ep_bound:0.068 losses_after_rm_padding:0.068
Training:  35%|███▌      | 4201/12000 [1:30:03<2:30:23,  1.16s/step]Training:  35%|███▌      | 4202/12000 [1:30:04<2:30:27,  1.16s/step]Training:  35%|███▌      | 4203/12000 [1:30:06<2:30:24,  1.16s/step]Training:  35%|███▌      | 4204/12000 [1:30:07<2:30:23,  1.16s/step]Training:  35%|███▌      | 4205/12000 [1:30:08<2:30:28,  1.16s/step]Training:  35%|███▌      | 4206/12000 [1:30:09<2:30:23,  1.16s/step]Training:  35%|███▌      | 4207/12000 [1:30:10<2:30:32,  1.16s/step]Training:  35%|███▌      | 4208/12000 [1:30:11<2:30:52,  1.16s/step]Training:  35%|███▌      | 4209/12000 [1:30:13<2:32:12,  1.17s/step]Training:  35%|███▌      | 4210/12000 [1:30:14<2:32:42,  1.18s/step]Training:  35%|███▌      | 4211/12000 [1:30:15<2:32:40,  1.18s/step]Training:  35%|███▌      | 4212/12000 [1:30:16<2:31:53,  1.17s/step]Training:  35%|███▌      | 4213/12000 [1:30:17<2:31:23,  1.17s/step]Training:  35%|███▌      | 4214/12000 [1:30:18<2:30:57,  1.16s/step]Training:  35%|███▌      | 4215/12000 [1:30:20<2:30:35,  1.16s/step]Training:  35%|███▌      | 4216/12000 [1:30:21<2:30:22,  1.16s/step]Training:  35%|███▌      | 4217/12000 [1:30:22<2:30:09,  1.16s/step]Training:  35%|███▌      | 4218/12000 [1:30:23<2:30:03,  1.16s/step]Training:  35%|███▌      | 4219/12000 [1:30:24<2:29:56,  1.16s/step]Training:  35%|███▌      | 4220/12000 [1:30:25<2:29:50,  1.16s/step]Training:  35%|███▌      | 4221/12000 [1:30:27<2:29:50,  1.16s/step]Training:  35%|███▌      | 4222/12000 [1:30:28<2:29:50,  1.16s/step]Training:  35%|███▌      | 4223/12000 [1:30:29<2:29:52,  1.16s/step]Training:  35%|███▌      | 4224/12000 [1:30:30<2:29:48,  1.16s/step]Training:  35%|███▌      | 4225/12000 [1:30:31<2:29:58,  1.16s/step]Training:  35%|███▌      | 4226/12000 [1:30:32<2:29:44,  1.16s/step]Training:  35%|███▌      | 4227/12000 [1:30:33<2:29:45,  1.16s/step]Training:  35%|███▌      | 4228/12000 [1:30:35<2:29:43,  1.16s/step]Training:  35%|███▌      | 4229/12000 [1:30:36<2:29:41,  1.16s/step]Training:  35%|███▌      | 4230/12000 [1:30:37<2:29:33,  1.15s/step]Training:  35%|███▌      | 4231/12000 [1:30:38<2:29:40,  1.16s/step]Training:  35%|███▌      | 4232/12000 [1:30:39<2:29:38,  1.16s/step]Training:  35%|███▌      | 4233/12000 [1:30:40<2:29:39,  1.16s/step]Training:  35%|███▌      | 4234/12000 [1:30:42<2:29:59,  1.16s/step]Training:  35%|███▌      | 4235/12000 [1:30:43<2:31:27,  1.17s/step]Training:  35%|███▌      | 4236/12000 [1:30:44<2:31:49,  1.17s/step]Training:  35%|███▌      | 4237/12000 [1:30:45<2:32:41,  1.18s/step]Training:  35%|███▌      | 4238/12000 [1:30:46<2:31:56,  1.17s/step]Training:  35%|███▌      | 4239/12000 [1:30:48<2:32:18,  1.18s/step]Training:  35%|███▌      | 4240/12000 [1:30:49<2:32:45,  1.18s/step]Training:  35%|███▌      | 4241/12000 [1:30:50<2:32:55,  1.18s/step]Training:  35%|███▌      | 4242/12000 [1:30:51<2:32:39,  1.18s/step]Training:  35%|███▌      | 4243/12000 [1:30:52<2:31:42,  1.17s/step]Training:  35%|███▌      | 4244/12000 [1:30:53<2:31:01,  1.17s/step]Training:  35%|███▌      | 4245/12000 [1:30:55<2:30:43,  1.17s/step]Training:  35%|███▌      | 4246/12000 [1:30:56<2:30:15,  1.16s/step]Training:  35%|███▌      | 4247/12000 [1:30:57<2:29:59,  1.16s/step]Training:  35%|███▌      | 4248/12000 [1:30:58<2:29:50,  1.16s/step]Training:  35%|███▌      | 4249/12000 [1:30:59<2:29:46,  1.16s/step]Training:  35%|███▌      | 4250/12000 [1:31:00<2:11:38,  1.02s/step]Training:  35%|███▌      | 4251/12000 [1:31:03<3:23:48,  1.58s/step]Training:  35%|███▌      | 4252/12000 [1:31:04<3:09:54,  1.47s/step]Training:  35%|███▌      | 4253/12000 [1:31:05<3:01:16,  1.40s/step]Training:  35%|███▌      | 4254/12000 [1:31:06<2:54:25,  1.35s/step]Training:  35%|███▌      | 4255/12000 [1:31:08<2:48:46,  1.31s/step]Training:  35%|███▌      | 4256/12000 [1:31:09<2:42:58,  1.26s/step]Training:  35%|███▌      | 4257/12000 [1:31:10<2:38:51,  1.23s/step]Training:  35%|███▌      | 4258/12000 [1:31:11<2:36:02,  1.21s/step]Training:  35%|███▌      | 4259/12000 [1:31:12<2:34:25,  1.20s/step]Training:  36%|███▌      | 4260/12000 [1:31:13<2:32:53,  1.19s/step]Training:  36%|███▌      | 4261/12000 [1:31:15<2:32:27,  1.18s/step]Training:  36%|███▌      | 4262/12000 [1:31:16<2:32:17,  1.18s/step]Training:  36%|███▌      | 4263/12000 [1:31:17<2:31:19,  1.17s/step]Training:  36%|███▌      | 4264/12000 [1:31:18<2:31:00,  1.17s/step]Training:  36%|███▌      | 4265/12000 [1:31:19<2:30:32,  1.17s/step]Training:  36%|███▌      | 4266/12000 [1:31:20<2:30:16,  1.17s/step]Training:  36%|███▌      | 4267/12000 [1:31:22<2:30:00,  1.16s/step]Training:  36%|███▌      | 4268/12000 [1:31:23<2:29:52,  1.16s/step]Training:  36%|███▌      | 4269/12000 [1:31:24<2:29:42,  1.16s/step]Training:  36%|███▌      | 4270/12000 [1:31:25<2:29:44,  1.16s/step]Training:  36%|███▌      | 4271/12000 [1:31:26<2:29:41,  1.16s/step]Training:  36%|███▌      | 4272/12000 [1:31:27<2:29:32,  1.16s/step]Training:  36%|███▌      | 4273/12000 [1:31:29<2:29:28,  1.16s/step]Training:  36%|███▌      | 4274/12000 [1:31:30<2:29:33,  1.16s/step]Training:  36%|███▌      | 4275/12000 [1:31:31<2:29:25,  1.16s/step]Training:  36%|███▌      | 4276/12000 [1:31:32<2:29:25,  1.16s/step]Training:  36%|███▌      | 4277/12000 [1:31:33<2:29:28,  1.16s/step]Training:  36%|███▌      | 4278/12000 [1:31:34<2:30:03,  1.17s/step]Training:  36%|███▌      | 4279/12000 [1:31:36<2:32:38,  1.19s/step]Training:  36%|███▌      | 4280/12000 [1:31:37<2:31:33,  1.18s/step]Training:  36%|███▌      | 4281/12000 [1:31:38<2:30:46,  1.17s/step]Training:  36%|███▌      | 4282/12000 [1:31:39<2:30:16,  1.17s/step]Training:  36%|███▌      | 4283/12000 [1:31:40<2:30:46,  1.17s/step]Training:  36%|███▌      | 4284/12000 [1:31:41<2:30:13,  1.17s/step]Training:  36%|███▌      | 4285/12000 [1:31:43<2:29:48,  1.17s/step]Training:  36%|███▌      | 4286/12000 [1:31:44<2:29:35,  1.16s/step]Training:  36%|███▌      | 4287/12000 [1:31:45<2:29:22,  1.16s/step]Training:  36%|███▌      | 4288/12000 [1:31:46<2:29:20,  1.16s/step]Training:  36%|███▌      | 4289/12000 [1:31:47<2:29:22,  1.16s/step]Training:  36%|███▌      | 4290/12000 [1:31:48<2:29:09,  1.16s/step]Training:  36%|███▌      | 4291/12000 [1:31:50<2:29:06,  1.16s/step]Training:  36%|███▌      | 4292/12000 [1:31:51<2:28:59,  1.16s/step]Training:  36%|███▌      | 4293/12000 [1:31:52<2:28:50,  1.16s/step]Training:  36%|███▌      | 4294/12000 [1:31:53<2:28:48,  1.16s/step]Training:  36%|███▌      | 4295/12000 [1:31:54<2:28:41,  1.16s/step]Training:  36%|███▌      | 4296/12000 [1:31:55<2:28:42,  1.16s/step]Training:  36%|███▌      | 4297/12000 [1:31:57<2:28:38,  1.16s/step]Training:  36%|███▌      | 4298/12000 [1:31:58<2:28:36,  1.16s/step]Training:  36%|███▌      | 4299/12000 [1:31:59<2:28:31,  1.16s/step]Training:  36%|███▌      | 4300/12000 [1:32:00<2:28:32,  1.16s/step]Training:  36%|███▌      | 4301/12000 [1:32:01<2:28:44,  1.16s/step]Training:  36%|███▌      | 4302/12000 [1:32:02<2:29:08,  1.16s/step]Training:  36%|███▌      | 4303/12000 [1:32:03<2:29:29,  1.17s/step]Training:  36%|███▌      | 4304/12000 [1:32:05<2:30:08,  1.17s/step]Training:  36%|███▌      | 4305/12000 [1:32:06<2:30:28,  1.17s/step]Training:  36%|███▌      | 4306/12000 [1:32:07<2:30:44,  1.18s/step]Training:  36%|███▌      | 4307/12000 [1:32:08<2:30:16,  1.17s/step]Training:  36%|███▌      | 4308/12000 [1:32:09<2:29:41,  1.17s/step]Training:  36%|███▌      | 4309/12000 [1:32:10<2:29:12,  1.16s/step]Training:  36%|███▌      | 4310/12000 [1:32:12<2:28:55,  1.16s/step]Training:  36%|███▌      | 4311/12000 [1:32:13<2:28:40,  1.16s/step]Training:  36%|███▌      | 4312/12000 [1:32:14<2:28:44,  1.16s/step]Training:  36%|███▌      | 4313/12000 [1:32:15<2:28:37,  1.16s/step]Training:  36%|███▌      | 4314/12000 [1:32:16<2:28:28,  1.16s/step]Training:  36%|███▌      | 4315/12000 [1:32:17<2:28:22,  1.16s/step]Training:  36%|███▌      | 4316/12000 [1:32:19<2:28:30,  1.16s/step]Training:  36%|███▌      | 4317/12000 [1:32:20<2:28:22,  1.16s/step]Training:  36%|███▌      | 4318/12000 [1:32:21<2:28:19,  1.16s/step]Training:  36%|███▌      | 4319/12000 [1:32:22<2:28:52,  1.16s/step]Training:  36%|███▌      | 4320/12000 [1:32:23<2:28:52,  1.16s/step]Training:  36%|███▌      | 4321/12000 [1:32:24<2:28:36,  1.16s/step]Training:  36%|███▌      | 4322/12000 [1:32:26<2:28:25,  1.16s/step]Training:  36%|███▌      | 4323/12000 [1:32:27<2:28:13,  1.16s/step]Training:  36%|███▌      | 4324/12000 [1:32:28<2:28:06,  1.16s/step]Training:  36%|███▌      | 4325/12000 [1:32:29<2:28:06,  1.16s/step]Training:  36%|███▌      | 4326/12000 [1:32:30<2:28:08,  1.16s/step]Training:  36%|███▌      | 4327/12000 [1:32:31<2:28:13,  1.16s/step]Training:  36%|███▌      | 4328/12000 [1:32:33<2:28:32,  1.16s/step]Training:  36%|███▌      | 4329/12000 [1:32:34<2:28:37,  1.16s/step]Training:  36%|███▌      | 4330/12000 [1:32:35<2:29:25,  1.17s/step]Training:  36%|███▌      | 4331/12000 [1:32:36<2:30:07,  1.17s/step]Training:  36%|███▌      | 4332/12000 [1:32:37<2:29:57,  1.17s/step]Training:  36%|███▌      | 4333/12000 [1:32:38<2:29:49,  1.17s/step]Training:  36%|███▌      | 4334/12000 [1:32:40<2:29:37,  1.17s/step]Training:  36%|███▌      | 4335/12000 [1:32:41<2:29:24,  1.17s/step]Training:  36%|███▌      | 4336/12000 [1:32:42<2:29:03,  1.17s/step]Training:  36%|███▌      | 4337/12000 [1:32:43<2:28:39,  1.16s/step]Training:  36%|███▌      | 4338/12000 [1:32:44<2:28:28,  1.16s/step]Training:  36%|███▌      | 4339/12000 [1:32:45<2:28:16,  1.16s/step]Training:  36%|███▌      | 4340/12000 [1:32:47<2:28:06,  1.16s/step]Training:  36%|███▌      | 4341/12000 [1:32:48<2:27:57,  1.16s/step]Training:  36%|███▌      | 4342/12000 [1:32:49<2:28:03,  1.16s/step]Training:  36%|███▌      | 4343/12000 [1:32:50<2:28:03,  1.16s/step]Training:  36%|███▌      | 4344/12000 [1:32:51<2:28:00,  1.16s/step]Training:  36%|███▌      | 4345/12000 [1:32:52<2:27:52,  1.16s/step]Training:  36%|███▌      | 4346/12000 [1:32:53<2:27:46,  1.16s/step]Training:  36%|███▌      | 4347/12000 [1:32:55<2:27:36,  1.16s/step]Training:  36%|███▌      | 4348/12000 [1:32:56<2:27:30,  1.16s/step]Training:  36%|███▌      | 4349/12000 [1:32:57<2:27:58,  1.16s/step]Training:  36%|███▋      | 4350/12000 [1:32:58<2:27:51,  1.16s/step]Training:  36%|███▋      | 4351/12000 [1:32:59<2:28:06,  1.16s/step]Training:  36%|███▋      | 4352/12000 [1:33:00<2:28:15,  1.16s/step]Training:  36%|███▋      | 4353/12000 [1:33:02<2:28:14,  1.16s/step]Training:  36%|███▋      | 4354/12000 [1:33:03<2:28:10,  1.16s/step]Training:  36%|███▋      | 4355/12000 [1:33:04<2:28:05,  1.16s/step]Training:  36%|███▋      | 4356/12000 [1:33:05<2:28:50,  1.17s/step]Training:  36%|███▋      | 4357/12000 [1:33:06<2:29:22,  1.17s/step]Training:  36%|███▋      | 4358/12000 [1:33:07<2:29:53,  1.18s/step]Training:  36%|███▋      | 4359/12000 [1:33:09<2:29:07,  1.17s/step]Training:  36%|███▋      | 4360/12000 [1:33:10<2:29:01,  1.17s/step]Training:  36%|███▋      | 4361/12000 [1:33:11<2:28:24,  1.17s/step]Training:  36%|███▋      | 4362/12000 [1:33:12<2:28:48,  1.17s/step]Training:  36%|███▋      | 4363/12000 [1:33:13<2:28:20,  1.17s/step]Training:  36%|███▋      | 4364/12000 [1:33:14<2:28:03,  1.16s/step]Training:  36%|███▋      | 4365/12000 [1:33:16<2:28:34,  1.17s/step]Training:  36%|███▋      | 4366/12000 [1:33:17<2:29:06,  1.17s/step]Training:  36%|███▋      | 4367/12000 [1:33:18<2:29:11,  1.17s/step]Training:  36%|███▋      | 4368/12000 [1:33:19<2:28:54,  1.17s/step]Training:  36%|███▋      | 4369/12000 [1:33:20<2:28:22,  1.17s/step]Training:  36%|███▋      | 4370/12000 [1:33:21<2:28:04,  1.16s/step]Training:  36%|███▋      | 4371/12000 [1:33:23<2:27:57,  1.16s/step]Training:  36%|███▋      | 4372/12000 [1:33:24<2:27:46,  1.16s/step]Training:  36%|███▋      | 4373/12000 [1:33:25<2:28:19,  1.17s/step]Training:  36%|███▋      | 4374/12000 [1:33:26<2:28:01,  1.16s/step]Training:  36%|███▋      | 4375/12000 [1:33:27<2:27:45,  1.16s/step]Training:  36%|███▋      | 4376/12000 [1:33:28<2:27:36,  1.16s/step]Training:  36%|███▋      | 4377/12000 [1:33:30<2:27:26,  1.16s/step]Training:  36%|███▋      | 4378/12000 [1:33:31<2:27:47,  1.16s/step]Training:  36%|███▋      | 4379/12000 [1:33:32<2:28:39,  1.17s/step]Training:  36%|███▋      | 4380/12000 [1:33:33<2:29:44,  1.18s/step]Training:  37%|███▋      | 4381/12000 [1:33:34<2:29:57,  1.18s/step]Training:  37%|███▋      | 4382/12000 [1:33:36<2:29:09,  1.17s/step]Training:  37%|███▋      | 4383/12000 [1:33:37<2:28:38,  1.17s/step]Training:  37%|███▋      | 4384/12000 [1:33:38<2:28:09,  1.17s/step]Training:  37%|███▋      | 4385/12000 [1:33:39<2:28:18,  1.17s/step]Training:  37%|███▋      | 4386/12000 [1:33:40<2:27:48,  1.16s/step]Training:  37%|███▋      | 4387/12000 [1:33:41<2:27:40,  1.16s/step]Training:  37%|███▋      | 4388/12000 [1:33:42<2:27:46,  1.16s/step]Training:  37%|███▋      | 4389/12000 [1:33:44<2:28:05,  1.17s/step]Training:  37%|███▋      | 4390/12000 [1:33:45<2:27:54,  1.17s/step]Training:  37%|███▋      | 4391/12000 [1:33:46<2:27:30,  1.16s/step]Training:  37%|███▋      | 4392/12000 [1:33:47<2:27:14,  1.16s/step]Training:  37%|███▋      | 4393/12000 [1:33:48<2:27:28,  1.16s/step]Training:  37%|███▋      | 4394/12000 [1:33:49<2:27:09,  1.16s/step]Training:  37%|███▋      | 4395/12000 [1:33:51<2:26:53,  1.16s/step]Training:  37%|███▋      | 4396/12000 [1:33:52<2:26:49,  1.16s/step]Training:  37%|███▋      | 4397/12000 [1:33:53<2:26:45,  1.16s/step]Training:  37%|███▋      | 4398/12000 [1:33:54<2:26:51,  1.16s/step]Training:  37%|███▋      | 4399/12000 [1:33:55<2:26:55,  1.16s/step]Training:  37%|███▋      | 4400/12000 [1:33:56<2:26:54,  1.16s/step]INFO 2026-09-16 05:28:01 ot_train.py:670 step:4K smpl:282K ep:3K epch:10.36 loss:0.096 grdn:1.089 lr:7.2e-05 updt_s:0.961 data_s:0.046 smp/s:64 mem_gb:14.26 losses_after_forward:0.083 losses_after_in_ep_bound:0.067 losses_after_rm_padding:0.067
Training:  37%|███▋      | 4401/12000 [1:33:58<2:26:42,  1.16s/step]Training:  37%|███▋      | 4402/12000 [1:33:59<2:26:42,  1.16s/step]Training:  37%|███▋      | 4403/12000 [1:34:00<2:27:03,  1.16s/step]Training:  37%|███▋      | 4404/12000 [1:34:01<2:28:20,  1.17s/step]Training:  37%|███▋      | 4405/12000 [1:34:02<2:28:59,  1.18s/step]Training:  37%|███▋      | 4406/12000 [1:34:03<2:29:18,  1.18s/step]Training:  37%|███▋      | 4407/12000 [1:34:05<2:28:26,  1.17s/step]Training:  37%|███▋      | 4408/12000 [1:34:06<2:27:56,  1.17s/step]Training:  37%|███▋      | 4409/12000 [1:34:07<2:27:29,  1.17s/step]Training:  37%|███▋      | 4410/12000 [1:34:08<2:27:11,  1.16s/step]Training:  37%|███▋      | 4411/12000 [1:34:09<2:27:05,  1.16s/step]Training:  37%|███▋      | 4412/12000 [1:34:10<2:27:45,  1.17s/step]Training:  37%|███▋      | 4413/12000 [1:34:12<2:27:39,  1.17s/step]Training:  37%|███▋      | 4414/12000 [1:34:13<2:28:25,  1.17s/step]Training:  37%|███▋      | 4415/12000 [1:34:14<2:27:55,  1.17s/step]Training:  37%|███▋      | 4416/12000 [1:34:15<2:27:25,  1.17s/step]Training:  37%|███▋      | 4417/12000 [1:34:16<2:26:56,  1.16s/step]Training:  37%|███▋      | 4418/12000 [1:34:17<2:26:39,  1.16s/step]Training:  37%|███▋      | 4419/12000 [1:34:19<2:26:25,  1.16s/step]Training:  37%|███▋      | 4420/12000 [1:34:20<2:26:31,  1.16s/step]Training:  37%|███▋      | 4421/12000 [1:34:21<2:26:27,  1.16s/step]Training:  37%|███▋      | 4422/12000 [1:34:22<2:27:05,  1.16s/step]Training:  37%|███▋      | 4423/12000 [1:34:23<2:26:47,  1.16s/step]Training:  37%|███▋      | 4424/12000 [1:34:24<2:26:31,  1.16s/step]Training:  37%|███▋      | 4425/12000 [1:34:26<2:26:45,  1.16s/step]Training:  37%|███▋      | 4426/12000 [1:34:27<2:26:31,  1.16s/step]Training:  37%|███▋      | 4427/12000 [1:34:28<2:26:33,  1.16s/step]Training:  37%|███▋      | 4428/12000 [1:34:29<2:27:21,  1.17s/step]Training:  37%|███▋      | 4429/12000 [1:34:30<2:27:58,  1.17s/step]Training:  37%|███▋      | 4430/12000 [1:34:31<2:29:20,  1.18s/step]Training:  37%|███▋      | 4431/12000 [1:34:33<2:30:23,  1.19s/step]Training:  37%|███▋      | 4432/12000 [1:34:34<2:30:22,  1.19s/step]Training:  37%|███▋      | 4433/12000 [1:34:35<2:29:18,  1.18s/step]Training:  37%|███▋      | 4434/12000 [1:34:36<2:28:14,  1.18s/step]Training:  37%|███▋      | 4435/12000 [1:34:37<2:27:32,  1.17s/step]Training:  37%|███▋      | 4436/12000 [1:34:39<2:27:08,  1.17s/step]Training:  37%|███▋      | 4437/12000 [1:34:40<2:26:46,  1.16s/step]Training:  37%|███▋      | 4438/12000 [1:34:41<2:26:31,  1.16s/step]Training:  37%|███▋      | 4439/12000 [1:34:42<2:26:23,  1.16s/step]Training:  37%|███▋      | 4440/12000 [1:34:43<2:26:18,  1.16s/step]Training:  37%|███▋      | 4441/12000 [1:34:44<2:26:15,  1.16s/step]Training:  37%|███▋      | 4442/12000 [1:34:45<2:26:11,  1.16s/step]Training:  37%|███▋      | 4443/12000 [1:34:47<2:26:45,  1.17s/step]Training:  37%|███▋      | 4444/12000 [1:34:48<2:26:25,  1.16s/step]Training:  37%|███▋      | 4445/12000 [1:34:49<2:26:05,  1.16s/step]Training:  37%|███▋      | 4446/12000 [1:34:50<2:25:56,  1.16s/step]Training:  37%|███▋      | 4447/12000 [1:34:51<2:25:50,  1.16s/step]Training:  37%|███▋      | 4448/12000 [1:34:52<2:26:03,  1.16s/step]Training:  37%|███▋      | 4449/12000 [1:34:54<2:25:53,  1.16s/step]Training:  37%|███▋      | 4450/12000 [1:34:55<2:27:16,  1.17s/step]Training:  37%|███▋      | 4451/12000 [1:34:56<2:28:14,  1.18s/step]Training:  37%|███▋      | 4452/12000 [1:34:57<2:29:12,  1.19s/step]Training:  37%|███▋      | 4453/12000 [1:34:58<2:29:44,  1.19s/step]Training:  37%|███▋      | 4454/12000 [1:35:00<2:29:02,  1.19s/step]Training:  37%|███▋      | 4455/12000 [1:35:01<2:28:02,  1.18s/step]Training:  37%|███▋      | 4456/12000 [1:35:02<2:27:24,  1.17s/step]Training:  37%|███▋      | 4457/12000 [1:35:03<2:26:52,  1.17s/step]Training:  37%|███▋      | 4458/12000 [1:35:04<2:26:26,  1.16s/step]Training:  37%|███▋      | 4459/12000 [1:35:05<2:26:32,  1.17s/step]Training:  37%|███▋      | 4460/12000 [1:35:07<2:26:21,  1.16s/step]Training:  37%|███▋      | 4461/12000 [1:35:08<2:27:14,  1.17s/step]Training:  37%|███▋      | 4462/12000 [1:35:09<2:26:52,  1.17s/step]Training:  37%|███▋      | 4463/12000 [1:35:10<2:26:37,  1.17s/step]Training:  37%|███▋      | 4464/12000 [1:35:11<2:26:32,  1.17s/step]Training:  37%|███▋      | 4465/12000 [1:35:12<2:26:07,  1.16s/step]Training:  37%|███▋      | 4466/12000 [1:35:14<2:25:52,  1.16s/step]Training:  37%|███▋      | 4467/12000 [1:35:15<2:25:44,  1.16s/step]Training:  37%|███▋      | 4468/12000 [1:35:16<2:25:41,  1.16s/step]Training:  37%|███▋      | 4469/12000 [1:35:17<2:25:35,  1.16s/step]Training:  37%|███▋      | 4470/12000 [1:35:18<2:26:14,  1.17s/step]Training:  37%|███▋      | 4471/12000 [1:35:19<2:25:53,  1.16s/step]Training:  37%|███▋      | 4472/12000 [1:35:20<2:25:39,  1.16s/step]Training:  37%|███▋      | 4473/12000 [1:35:22<2:25:42,  1.16s/step]Training:  37%|███▋      | 4474/12000 [1:35:23<2:27:22,  1.17s/step]Training:  37%|███▋      | 4475/12000 [1:35:24<2:27:51,  1.18s/step]Training:  37%|███▋      | 4476/12000 [1:35:25<2:28:05,  1.18s/step]Training:  37%|███▋      | 4477/12000 [1:35:26<2:27:07,  1.17s/step]Training:  37%|███▋      | 4478/12000 [1:35:28<2:26:45,  1.17s/step]Training:  37%|███▋      | 4479/12000 [1:35:29<2:26:14,  1.17s/step]Training:  37%|███▋      | 4480/12000 [1:35:30<2:26:16,  1.17s/step]Training:  37%|███▋      | 4481/12000 [1:35:31<2:25:59,  1.16s/step]Training:  37%|███▋      | 4482/12000 [1:35:32<2:25:41,  1.16s/step]Training:  37%|███▋      | 4483/12000 [1:35:33<2:25:30,  1.16s/step]Training:  37%|███▋      | 4484/12000 [1:35:35<2:25:27,  1.16s/step]Training:  37%|███▋      | 4485/12000 [1:35:36<2:25:26,  1.16s/step]Training:  37%|███▋      | 4486/12000 [1:35:37<2:25:22,  1.16s/step]Training:  37%|███▋      | 4487/12000 [1:35:38<2:25:15,  1.16s/step]Training:  37%|███▋      | 4488/12000 [1:35:39<2:25:15,  1.16s/step]Training:  37%|███▋      | 4489/12000 [1:35:40<2:25:10,  1.16s/step]Training:  37%|███▋      | 4490/12000 [1:35:41<2:25:08,  1.16s/step]Training:  37%|███▋      | 4491/12000 [1:35:43<2:25:07,  1.16s/step]Training:  37%|███▋      | 4492/12000 [1:35:44<2:25:05,  1.16s/step]Training:  37%|███▋      | 4493/12000 [1:35:45<2:25:15,  1.16s/step]Training:  37%|███▋      | 4494/12000 [1:35:46<2:25:23,  1.16s/step]Training:  37%|███▋      | 4495/12000 [1:35:47<2:25:52,  1.17s/step]Training:  37%|███▋      | 4496/12000 [1:35:48<2:25:41,  1.16s/step]Training:  37%|███▋      | 4497/12000 [1:35:50<2:25:41,  1.17s/step]Training:  37%|███▋      | 4498/12000 [1:35:51<2:26:24,  1.17s/step]Training:  37%|███▋      | 4499/12000 [1:35:52<2:27:06,  1.18s/step]Training:  38%|███▊      | 4500/12000 [1:35:53<2:26:53,  1.18s/step]Training:  38%|███▊      | 4501/12000 [1:35:54<2:26:16,  1.17s/step]Training:  38%|███▊      | 4502/12000 [1:35:55<2:25:52,  1.17s/step]Training:  38%|███▊      | 4503/12000 [1:35:57<2:25:33,  1.16s/step]Training:  38%|███▊      | 4504/12000 [1:35:58<2:25:21,  1.16s/step]Training:  38%|███▊      | 4505/12000 [1:35:59<2:25:08,  1.16s/step]Training:  38%|███▊      | 4506/12000 [1:36:00<2:25:11,  1.16s/step]Training:  38%|███▊      | 4507/12000 [1:36:01<2:25:04,  1.16s/step]Training:  38%|███▊      | 4508/12000 [1:36:02<2:25:40,  1.17s/step]Training:  38%|███▊      | 4509/12000 [1:36:04<2:25:53,  1.17s/step]Training:  38%|███▊      | 4510/12000 [1:36:05<2:25:47,  1.17s/step]Training:  38%|███▊      | 4511/12000 [1:36:06<2:25:30,  1.17s/step]Training:  38%|███▊      | 4512/12000 [1:36:07<2:25:17,  1.16s/step]Training:  38%|███▊      | 4513/12000 [1:36:08<2:25:06,  1.16s/step]Training:  38%|███▊      | 4514/12000 [1:36:09<2:24:59,  1.16s/step]Training:  38%|███▊      | 4515/12000 [1:36:11<2:24:53,  1.16s/step]Training:  38%|███▊      | 4516/12000 [1:36:12<2:25:12,  1.16s/step]Training:  38%|███▊      | 4517/12000 [1:36:13<2:25:02,  1.16s/step]Training:  38%|███▊      | 4518/12000 [1:36:14<2:25:01,  1.16s/step]Training:  38%|███▊      | 4519/12000 [1:36:15<2:25:42,  1.17s/step]Training:  38%|███▊      | 4520/12000 [1:36:16<2:26:29,  1.18s/step]Training:  38%|███▊      | 4521/12000 [1:36:18<2:27:18,  1.18s/step]Training:  38%|███▊      | 4522/12000 [1:36:19<2:26:41,  1.18s/step]Training:  38%|███▊      | 4523/12000 [1:36:20<2:26:11,  1.17s/step]Training:  38%|███▊      | 4524/12000 [1:36:21<2:25:57,  1.17s/step]Training:  38%|███▊      | 4525/12000 [1:36:22<2:25:49,  1.17s/step]Training:  38%|███▊      | 4526/12000 [1:36:24<2:26:20,  1.17s/step]Training:  38%|███▊      | 4527/12000 [1:36:25<2:25:58,  1.17s/step]Training:  38%|███▊      | 4528/12000 [1:36:26<2:25:35,  1.17s/step]Training:  38%|███▊      | 4529/12000 [1:36:27<2:25:26,  1.17s/step]Training:  38%|███▊      | 4530/12000 [1:36:28<2:25:13,  1.17s/step]Training:  38%|███▊      | 4531/12000 [1:36:29<2:25:04,  1.17s/step]Training:  38%|███▊      | 4532/12000 [1:36:30<2:24:56,  1.16s/step]Training:  38%|███▊      | 4533/12000 [1:36:32<2:24:48,  1.16s/step]Training:  38%|███▊      | 4534/12000 [1:36:33<2:25:20,  1.17s/step]Training:  38%|███▊      | 4535/12000 [1:36:34<2:25:08,  1.17s/step]Training:  38%|███▊      | 4536/12000 [1:36:35<2:25:02,  1.17s/step]Training:  38%|███▊      | 4537/12000 [1:36:36<2:25:35,  1.17s/step]Training:  38%|███▊      | 4538/12000 [1:36:38<2:25:56,  1.17s/step]Training:  38%|███▊      | 4539/12000 [1:36:39<2:25:29,  1.17s/step]Training:  38%|███▊      | 4540/12000 [1:36:40<2:25:16,  1.17s/step]Training:  38%|███▊      | 4541/12000 [1:36:41<2:25:36,  1.17s/step]Training:  38%|███▊      | 4542/12000 [1:36:42<2:26:08,  1.18s/step]Training:  38%|███▊      | 4543/12000 [1:36:43<2:26:14,  1.18s/step]Training:  38%|███▊      | 4544/12000 [1:36:45<2:27:03,  1.18s/step]Training:  38%|███▊      | 4545/12000 [1:36:46<2:26:40,  1.18s/step]Training:  38%|███▊      | 4546/12000 [1:36:47<2:26:06,  1.18s/step]Training:  38%|███▊      | 4547/12000 [1:36:48<2:26:25,  1.18s/step]Training:  38%|███▊      | 4548/12000 [1:36:49<2:25:48,  1.17s/step]Training:  38%|███▊      | 4549/12000 [1:36:50<2:25:22,  1.17s/step]Training:  38%|███▊      | 4550/12000 [1:36:52<2:25:08,  1.17s/step]Training:  38%|███▊      | 4551/12000 [1:36:53<2:24:53,  1.17s/step]Training:  38%|███▊      | 4552/12000 [1:36:54<2:24:46,  1.17s/step]Training:  38%|███▊      | 4553/12000 [1:36:55<2:24:40,  1.17s/step]Training:  38%|███▊      | 4554/12000 [1:36:56<2:24:36,  1.17s/step]Training:  38%|███▊      | 4555/12000 [1:36:57<2:24:32,  1.16s/step]Training:  38%|███▊      | 4556/12000 [1:36:59<2:24:39,  1.17s/step]Training:  38%|███▊      | 4557/12000 [1:37:00<2:24:54,  1.17s/step]Training:  38%|███▊      | 4558/12000 [1:37:01<2:25:06,  1.17s/step]Training:  38%|███▊      | 4559/12000 [1:37:02<2:25:10,  1.17s/step]Training:  38%|███▊      | 4560/12000 [1:37:03<2:24:59,  1.17s/step]Training:  38%|███▊      | 4561/12000 [1:37:04<2:24:47,  1.17s/step]Training:  38%|███▊      | 4562/12000 [1:37:06<2:24:37,  1.17s/step]Training:  38%|███▊      | 4563/12000 [1:37:07<2:24:50,  1.17s/step]Training:  38%|███▊      | 4564/12000 [1:37:08<2:25:41,  1.18s/step]Training:  38%|███▊      | 4565/12000 [1:37:09<2:26:14,  1.18s/step]Training:  38%|███▊      | 4566/12000 [1:37:10<2:26:28,  1.18s/step]Training:  38%|███▊      | 4567/12000 [1:37:12<2:25:49,  1.18s/step]Training:  38%|███▊      | 4568/12000 [1:37:13<2:25:20,  1.17s/step]Training:  38%|███▊      | 4569/12000 [1:37:14<2:24:59,  1.17s/step]Training:  38%|███▊      | 4570/12000 [1:37:15<2:24:39,  1.17s/step]Training:  38%|███▊      | 4571/12000 [1:37:16<2:25:09,  1.17s/step]Training:  38%|███▊      | 4572/12000 [1:37:17<2:24:54,  1.17s/step]Training:  38%|███▊      | 4573/12000 [1:37:19<2:24:42,  1.17s/step]Training:  38%|███▊      | 4574/12000 [1:37:20<2:24:38,  1.17s/step]Training:  38%|███▊      | 4575/12000 [1:37:21<2:25:04,  1.17s/step]Training:  38%|███▊      | 4576/12000 [1:37:22<2:25:33,  1.18s/step]Training:  38%|███▊      | 4577/12000 [1:37:23<2:25:04,  1.17s/step]Training:  38%|███▊      | 4578/12000 [1:37:24<2:24:44,  1.17s/step]Training:  38%|███▊      | 4579/12000 [1:37:26<2:24:31,  1.17s/step]Training:  38%|███▊      | 4580/12000 [1:37:27<2:24:20,  1.17s/step]Training:  38%|███▊      | 4581/12000 [1:37:28<2:24:32,  1.17s/step]Training:  38%|███▊      | 4582/12000 [1:37:29<2:25:02,  1.17s/step]Training:  38%|███▊      | 4583/12000 [1:37:30<2:24:39,  1.17s/step]Training:  38%|███▊      | 4584/12000 [1:37:31<2:24:41,  1.17s/step]Training:  38%|███▊      | 4585/12000 [1:37:33<2:25:56,  1.18s/step]Training:  38%|███▊      | 4586/12000 [1:37:34<2:26:51,  1.19s/step]Training:  38%|███▊      | 4587/12000 [1:37:35<2:26:13,  1.18s/step]Training:  38%|███▊      | 4588/12000 [1:37:36<2:25:44,  1.18s/step]Training:  38%|███▊      | 4589/12000 [1:37:37<2:25:11,  1.18s/step]Training:  38%|███▊      | 4590/12000 [1:37:39<2:25:37,  1.18s/step]Training:  38%|███▊      | 4591/12000 [1:37:40<2:25:16,  1.18s/step]Training:  38%|███▊      | 4592/12000 [1:37:41<2:25:07,  1.18s/step]Training:  38%|███▊      | 4593/12000 [1:37:42<2:24:46,  1.17s/step]Training:  38%|███▊      | 4594/12000 [1:37:43<2:24:35,  1.17s/step]Training:  38%|███▊      | 4595/12000 [1:37:44<2:24:11,  1.17s/step]Training:  38%|███▊      | 4596/12000 [1:37:46<2:23:57,  1.17s/step]Training:  38%|███▊      | 4597/12000 [1:37:47<2:23:48,  1.17s/step]Training:  38%|███▊      | 4598/12000 [1:37:48<2:23:39,  1.16s/step]Training:  38%|███▊      | 4599/12000 [1:37:49<2:23:34,  1.16s/step]Training:  38%|███▊      | 4600/12000 [1:37:50<2:23:34,  1.16s/step]INFO 2026-09-16 05:31:55 ot_train.py:670 step:5K smpl:294K ep:4K epch:10.84 loss:0.090 grdn:1.036 lr:7.0e-05 updt_s:0.966 data_s:0.038 smp/s:64 mem_gb:14.29 losses_after_forward:0.079 losses_after_in_ep_bound:0.063 losses_after_rm_padding:0.063
Training:  38%|███▊      | 4601/12000 [1:37:51<2:24:03,  1.17s/step]Training:  38%|███▊      | 4602/12000 [1:37:53<2:23:52,  1.17s/step]Training:  38%|███▊      | 4603/12000 [1:37:54<2:23:42,  1.17s/step]Training:  38%|███▊      | 4604/12000 [1:37:55<2:23:37,  1.17s/step]Training:  38%|███▊      | 4605/12000 [1:37:56<2:23:29,  1.16s/step]Training:  38%|███▊      | 4606/12000 [1:37:57<2:23:35,  1.17s/step]Training:  38%|███▊      | 4607/12000 [1:37:58<2:23:55,  1.17s/step]Training:  38%|███▊      | 4608/12000 [1:38:00<2:24:28,  1.17s/step]Training:  38%|███▊      | 4609/12000 [1:38:01<2:25:28,  1.18s/step]Training:  38%|███▊      | 4610/12000 [1:38:02<2:25:14,  1.18s/step]Training:  38%|███▊      | 4611/12000 [1:38:03<2:24:36,  1.17s/step]Training:  38%|███▊      | 4612/12000 [1:38:04<2:24:10,  1.17s/step]Training:  38%|███▊      | 4613/12000 [1:38:05<2:23:50,  1.17s/step]Training:  38%|███▊      | 4614/12000 [1:38:07<2:23:35,  1.17s/step]Training:  38%|███▊      | 4615/12000 [1:38:08<2:23:27,  1.17s/step]Training:  38%|███▊      | 4616/12000 [1:38:09<2:23:22,  1.16s/step]Training:  38%|███▊      | 4617/12000 [1:38:10<2:23:18,  1.16s/step]Training:  38%|███▊      | 4618/12000 [1:38:11<2:23:14,  1.16s/step]Training:  38%|███▊      | 4619/12000 [1:38:12<2:23:33,  1.17s/step]Training:  38%|███▊      | 4620/12000 [1:38:14<2:23:29,  1.17s/step]Training:  39%|███▊      | 4621/12000 [1:38:15<2:23:22,  1.17s/step]Training:  39%|███▊      | 4622/12000 [1:38:16<2:23:17,  1.17s/step]Training:  39%|███▊      | 4623/12000 [1:38:17<2:23:23,  1.17s/step]Training:  39%|███▊      | 4624/12000 [1:38:18<2:23:50,  1.17s/step]Training:  39%|███▊      | 4625/12000 [1:38:19<2:24:01,  1.17s/step]Training:  39%|███▊      | 4626/12000 [1:38:21<2:24:14,  1.17s/step]Training:  39%|███▊      | 4627/12000 [1:38:22<2:24:03,  1.17s/step]Training:  39%|███▊      | 4628/12000 [1:38:23<2:23:50,  1.17s/step]Training:  39%|███▊      | 4629/12000 [1:38:24<2:23:46,  1.17s/step]Training:  39%|███▊      | 4630/12000 [1:38:25<2:23:50,  1.17s/step]Training:  39%|███▊      | 4631/12000 [1:38:26<2:24:14,  1.17s/step]Training:  39%|███▊      | 4632/12000 [1:38:28<2:25:19,  1.18s/step]Training:  39%|███▊      | 4633/12000 [1:38:29<2:24:34,  1.18s/step]Training:  39%|███▊      | 4634/12000 [1:38:30<2:24:04,  1.17s/step]Training:  39%|███▊      | 4635/12000 [1:38:31<2:23:50,  1.17s/step]Training:  39%|███▊      | 4636/12000 [1:38:32<2:23:28,  1.17s/step]Training:  39%|███▊      | 4637/12000 [1:38:33<2:23:20,  1.17s/step]Training:  39%|███▊      | 4638/12000 [1:38:35<2:23:08,  1.17s/step]Training:  39%|███▊      | 4639/12000 [1:38:36<2:22:57,  1.17s/step]Training:  39%|███▊      | 4640/12000 [1:38:37<2:22:57,  1.17s/step]Training:  39%|███▊      | 4641/12000 [1:38:38<2:23:32,  1.17s/step]Training:  39%|███▊      | 4642/12000 [1:38:39<2:23:19,  1.17s/step]Training:  39%|███▊      | 4643/12000 [1:38:40<2:23:08,  1.17s/step]Training:  39%|███▊      | 4644/12000 [1:38:42<2:22:59,  1.17s/step]Training:  39%|███▊      | 4645/12000 [1:38:43<2:22:57,  1.17s/step]Training:  39%|███▊      | 4646/12000 [1:38:44<2:22:56,  1.17s/step]Training:  39%|███▊      | 4647/12000 [1:38:45<2:22:50,  1.17s/step]Training:  39%|███▊      | 4648/12000 [1:38:46<2:22:51,  1.17s/step]Training:  39%|███▊      | 4649/12000 [1:38:47<2:22:52,  1.17s/step]Training:  39%|███▉      | 4650/12000 [1:38:49<2:22:50,  1.17s/step]Training:  39%|███▉      | 4651/12000 [1:38:50<2:22:45,  1.17s/step]Training:  39%|███▉      | 4652/12000 [1:38:51<2:23:02,  1.17s/step]Training:  39%|███▉      | 4653/12000 [1:38:52<2:23:47,  1.17s/step]Training:  39%|███▉      | 4654/12000 [1:38:53<2:24:34,  1.18s/step]Training:  39%|███▉      | 4655/12000 [1:38:55<2:25:07,  1.19s/step]Training:  39%|███▉      | 4656/12000 [1:38:56<2:24:41,  1.18s/step]Training:  39%|███▉      | 4657/12000 [1:38:57<2:24:29,  1.18s/step]Training:  39%|███▉      | 4658/12000 [1:38:58<2:24:12,  1.18s/step]Training:  39%|███▉      | 4659/12000 [1:38:59<2:23:54,  1.18s/step]Training:  39%|███▉      | 4660/12000 [1:39:00<2:23:26,  1.17s/step]Training:  39%|███▉      | 4661/12000 [1:39:02<2:23:08,  1.17s/step]Training:  39%|███▉      | 4662/12000 [1:39:03<2:23:11,  1.17s/step]Training:  39%|███▉      | 4663/12000 [1:39:04<2:22:52,  1.17s/step]Training:  39%|███▉      | 4664/12000 [1:39:05<2:22:44,  1.17s/step]Training:  39%|███▉      | 4665/12000 [1:39:06<2:22:40,  1.17s/step]Training:  39%|███▉      | 4666/12000 [1:39:07<2:22:36,  1.17s/step]Training:  39%|███▉      | 4667/12000 [1:39:09<2:22:31,  1.17s/step]Training:  39%|███▉      | 4668/12000 [1:39:10<2:22:32,  1.17s/step]Training:  39%|███▉      | 4669/12000 [1:39:11<2:22:23,  1.17s/step]Training:  39%|███▉      | 4670/12000 [1:39:12<2:22:19,  1.17s/step]Training:  39%|███▉      | 4671/12000 [1:39:13<2:22:19,  1.17s/step]Training:  39%|███▉      | 4672/12000 [1:39:14<2:22:15,  1.16s/step]Training:  39%|███▉      | 4673/12000 [1:39:16<2:22:11,  1.16s/step]Training:  39%|███▉      | 4674/12000 [1:39:17<2:22:21,  1.17s/step]Training:  39%|███▉      | 4675/12000 [1:39:17<2:05:04,  1.02s/step]Training:  39%|███▉      | 4676/12000 [1:39:21<3:32:20,  1.74s/step]Training:  39%|███▉      | 4677/12000 [1:39:22<3:13:01,  1.58s/step]Training:  39%|███▉      | 4678/12000 [1:39:23<3:00:09,  1.48s/step]Training:  39%|███▉      | 4679/12000 [1:39:24<2:50:11,  1.39s/step]Training:  39%|███▉      | 4680/12000 [1:39:26<2:42:14,  1.33s/step]Training:  39%|███▉      | 4681/12000 [1:39:27<2:37:45,  1.29s/step]Training:  39%|███▉      | 4682/12000 [1:39:28<2:34:21,  1.27s/step]Training:  39%|███▉      | 4683/12000 [1:39:29<2:31:37,  1.24s/step]Training:  39%|███▉      | 4684/12000 [1:39:30<2:28:43,  1.22s/step]Training:  39%|███▉      | 4685/12000 [1:39:32<2:26:45,  1.20s/step]Training:  39%|███▉      | 4686/12000 [1:39:33<2:25:29,  1.19s/step]Training:  39%|███▉      | 4687/12000 [1:39:34<2:24:44,  1.19s/step]Training:  39%|███▉      | 4688/12000 [1:39:35<2:25:00,  1.19s/step]Training:  39%|███▉      | 4689/12000 [1:39:36<2:26:09,  1.20s/step]Training:  39%|███▉      | 4690/12000 [1:39:38<2:25:06,  1.19s/step]Training:  39%|███▉      | 4691/12000 [1:39:39<2:24:05,  1.18s/step]Training:  39%|███▉      | 4692/12000 [1:39:40<2:23:25,  1.18s/step]Training:  39%|███▉      | 4693/12000 [1:39:41<2:23:33,  1.18s/step]Training:  39%|███▉      | 4694/12000 [1:39:42<2:23:01,  1.17s/step]Training:  39%|███▉      | 4695/12000 [1:39:43<2:22:40,  1.17s/step]Training:  39%|███▉      | 4696/12000 [1:39:45<2:22:23,  1.17s/step]Training:  39%|███▉      | 4697/12000 [1:39:46<2:22:11,  1.17s/step]Training:  39%|███▉      | 4698/12000 [1:39:47<2:22:02,  1.17s/step]Training:  39%|███▉      | 4699/12000 [1:39:48<2:22:00,  1.17s/step]Training:  39%|███▉      | 4700/12000 [1:39:49<2:22:03,  1.17s/step]Training:  39%|███▉      | 4701/12000 [1:39:50<2:23:09,  1.18s/step]Training:  39%|███▉      | 4702/12000 [1:39:52<2:24:35,  1.19s/step]Training:  39%|███▉      | 4703/12000 [1:39:53<2:24:18,  1.19s/step]Training:  39%|███▉      | 4704/12000 [1:39:54<2:23:32,  1.18s/step]Training:  39%|███▉      | 4705/12000 [1:39:55<2:22:58,  1.18s/step]Training:  39%|███▉      | 4706/12000 [1:39:56<2:22:34,  1.17s/step]Training:  39%|███▉      | 4707/12000 [1:39:57<2:22:19,  1.17s/step]Training:  39%|███▉      | 4708/12000 [1:39:59<2:22:11,  1.17s/step]Training:  39%|███▉      | 4709/12000 [1:40:00<2:22:13,  1.17s/step]Training:  39%|███▉      | 4710/12000 [1:40:01<2:22:04,  1.17s/step]Training:  39%|███▉      | 4711/12000 [1:40:02<2:21:58,  1.17s/step]Training:  39%|███▉      | 4712/12000 [1:40:03<2:21:48,  1.17s/step]Training:  39%|███▉      | 4713/12000 [1:40:04<2:22:16,  1.17s/step]Training:  39%|███▉      | 4714/12000 [1:40:06<2:22:02,  1.17s/step]Training:  39%|███▉      | 4715/12000 [1:40:07<2:21:53,  1.17s/step]Training:  39%|███▉      | 4716/12000 [1:40:08<2:21:47,  1.17s/step]Training:  39%|███▉      | 4717/12000 [1:40:09<2:21:48,  1.17s/step]Training:  39%|███▉      | 4718/12000 [1:40:10<2:21:56,  1.17s/step]Training:  39%|███▉      | 4719/12000 [1:40:11<2:22:22,  1.17s/step]Training:  39%|███▉      | 4720/12000 [1:40:13<2:22:30,  1.17s/step]Training:  39%|███▉      | 4721/12000 [1:40:14<2:23:32,  1.18s/step]Training:  39%|███▉      | 4722/12000 [1:40:15<2:24:31,  1.19s/step]Training:  39%|███▉      | 4723/12000 [1:40:16<2:25:21,  1.20s/step]Training:  39%|███▉      | 4724/12000 [1:40:17<2:24:13,  1.19s/step]Training:  39%|███▉      | 4725/12000 [1:40:19<2:24:02,  1.19s/step]Training:  39%|███▉      | 4726/12000 [1:40:20<2:23:12,  1.18s/step]Training:  39%|███▉      | 4727/12000 [1:40:21<2:22:38,  1.18s/step]Training:  39%|███▉      | 4728/12000 [1:40:22<2:22:19,  1.17s/step]Training:  39%|███▉      | 4729/12000 [1:40:23<2:22:03,  1.17s/step]Training:  39%|███▉      | 4730/12000 [1:40:24<2:22:18,  1.17s/step]Training:  39%|███▉      | 4731/12000 [1:40:26<2:22:17,  1.17s/step]Training:  39%|███▉      | 4732/12000 [1:40:27<2:21:59,  1.17s/step]Training:  39%|███▉      | 4733/12000 [1:40:28<2:21:52,  1.17s/step]Training:  39%|███▉      | 4734/12000 [1:40:29<2:21:41,  1.17s/step]Training:  39%|███▉      | 4735/12000 [1:40:30<2:21:34,  1.17s/step]Training:  39%|███▉      | 4736/12000 [1:40:32<2:21:32,  1.17s/step]Training:  39%|███▉      | 4737/12000 [1:40:33<2:21:59,  1.17s/step]Training:  39%|███▉      | 4738/12000 [1:40:34<2:21:44,  1.17s/step]Training:  39%|███▉      | 4739/12000 [1:40:35<2:21:36,  1.17s/step]Training:  40%|███▉      | 4740/12000 [1:40:36<2:21:27,  1.17s/step]Training:  40%|███▉      | 4741/12000 [1:40:37<2:21:37,  1.17s/step]Training:  40%|███▉      | 4742/12000 [1:40:39<2:22:51,  1.18s/step]Training:  40%|███▉      | 4743/12000 [1:40:40<2:24:12,  1.19s/step]Training:  40%|███▉      | 4744/12000 [1:40:41<2:23:18,  1.18s/step]Training:  40%|███▉      | 4745/12000 [1:40:42<2:22:41,  1.18s/step]Training:  40%|███▉      | 4746/12000 [1:40:43<2:22:20,  1.18s/step]Training:  40%|███▉      | 4747/12000 [1:40:44<2:22:51,  1.18s/step]Training:  40%|███▉      | 4748/12000 [1:40:46<2:22:24,  1.18s/step]Training:  40%|███▉      | 4749/12000 [1:40:47<2:22:02,  1.18s/step]Training:  40%|███▉      | 4750/12000 [1:40:48<2:21:49,  1.17s/step]Training:  40%|███▉      | 4751/12000 [1:40:49<2:22:17,  1.18s/step]Training:  40%|███▉      | 4752/12000 [1:40:50<2:22:18,  1.18s/step]Training:  40%|███▉      | 4753/12000 [1:40:52<2:22:24,  1.18s/step]Training:  40%|███▉      | 4754/12000 [1:40:53<2:22:21,  1.18s/step]Training:  40%|███▉      | 4755/12000 [1:40:54<2:21:58,  1.18s/step]Training:  40%|███▉      | 4756/12000 [1:40:55<2:21:41,  1.17s/step]Training:  40%|███▉      | 4757/12000 [1:40:56<2:21:26,  1.17s/step]Training:  40%|███▉      | 4758/12000 [1:40:57<2:21:18,  1.17s/step]Training:  40%|███▉      | 4759/12000 [1:40:59<2:21:18,  1.17s/step]Training:  40%|███▉      | 4760/12000 [1:41:00<2:21:20,  1.17s/step]Training:  40%|███▉      | 4761/12000 [1:41:01<2:21:48,  1.18s/step]Training:  40%|███▉      | 4762/12000 [1:41:02<2:22:34,  1.18s/step]Training:  40%|███▉      | 4763/12000 [1:41:03<2:23:33,  1.19s/step]Training:  40%|███▉      | 4764/12000 [1:41:04<2:22:45,  1.18s/step]Training:  40%|███▉      | 4765/12000 [1:41:06<2:22:14,  1.18s/step]Training:  40%|███▉      | 4766/12000 [1:41:07<2:21:50,  1.18s/step]Training:  40%|███▉      | 4767/12000 [1:41:08<2:21:41,  1.18s/step]Training:  40%|███▉      | 4768/12000 [1:41:09<2:21:28,  1.17s/step]Training:  40%|███▉      | 4769/12000 [1:41:10<2:21:25,  1.17s/step]Training:  40%|███▉      | 4770/12000 [1:41:12<2:21:17,  1.17s/step]Training:  40%|███▉      | 4771/12000 [1:41:13<2:21:14,  1.17s/step]Training:  40%|███▉      | 4772/12000 [1:41:14<2:21:12,  1.17s/step]Training:  40%|███▉      | 4773/12000 [1:41:15<2:21:09,  1.17s/step]Training:  40%|███▉      | 4774/12000 [1:41:16<2:21:07,  1.17s/step]Training:  40%|███▉      | 4775/12000 [1:41:17<2:21:03,  1.17s/step]Training:  40%|███▉      | 4776/12000 [1:41:19<2:21:04,  1.17s/step]Training:  40%|███▉      | 4777/12000 [1:41:20<2:21:06,  1.17s/step]Training:  40%|███▉      | 4778/12000 [1:41:21<2:21:16,  1.17s/step]Training:  40%|███▉      | 4779/12000 [1:41:22<2:21:10,  1.17s/step]Training:  40%|███▉      | 4780/12000 [1:41:23<2:21:05,  1.17s/step]Training:  40%|███▉      | 4781/12000 [1:41:24<2:21:06,  1.17s/step]Training:  40%|███▉      | 4782/12000 [1:41:26<2:21:29,  1.18s/step]Training:  40%|███▉      | 4783/12000 [1:41:27<2:22:32,  1.19s/step]Training:  40%|███▉      | 4784/12000 [1:41:28<2:23:31,  1.19s/step]Training:  40%|███▉      | 4785/12000 [1:41:29<2:23:11,  1.19s/step]Training:  40%|███▉      | 4786/12000 [1:41:30<2:22:58,  1.19s/step]Training:  40%|███▉      | 4787/12000 [1:41:32<2:22:35,  1.19s/step]Training:  40%|███▉      | 4788/12000 [1:41:33<2:22:23,  1.18s/step]Training:  40%|███▉      | 4789/12000 [1:41:34<2:21:52,  1.18s/step]Training:  40%|███▉      | 4790/12000 [1:41:35<2:21:30,  1.18s/step]Training:  40%|███▉      | 4791/12000 [1:41:36<2:21:21,  1.18s/step]Training:  40%|███▉      | 4792/12000 [1:41:37<2:21:27,  1.18s/step]Training:  40%|███▉      | 4793/12000 [1:41:39<2:21:15,  1.18s/step]Training:  40%|███▉      | 4794/12000 [1:41:40<2:21:03,  1.17s/step]Training:  40%|███▉      | 4795/12000 [1:41:41<2:20:58,  1.17s/step]Training:  40%|███▉      | 4796/12000 [1:41:42<2:20:50,  1.17s/step]Training:  40%|███▉      | 4797/12000 [1:41:43<2:20:46,  1.17s/step]Training:  40%|███▉      | 4798/12000 [1:41:44<2:20:38,  1.17s/step]Training:  40%|███▉      | 4799/12000 [1:41:46<2:21:23,  1.18s/step]Training:  40%|████      | 4800/12000 [1:41:47<2:21:26,  1.18s/step]INFO 2026-09-16 05:35:52 ot_train.py:670 step:5K smpl:307K ep:4K epch:11.31 loss:0.088 grdn:1.034 lr:6.8e-05 updt_s:0.970 data_s:0.049 smp/s:63 mem_gb:14.26 losses_after_forward:0.077 losses_after_in_ep_bound:0.062 losses_after_rm_padding:0.062
Training:  40%|████      | 4801/12000 [1:41:48<2:22:29,  1.19s/step]Training:  40%|████      | 4802/12000 [1:41:49<2:23:06,  1.19s/step]Training:  40%|████      | 4803/12000 [1:41:50<2:22:25,  1.19s/step]Training:  40%|████      | 4804/12000 [1:41:52<2:21:47,  1.18s/step]Training:  40%|████      | 4805/12000 [1:41:53<2:21:29,  1.18s/step]Training:  40%|████      | 4806/12000 [1:41:54<2:21:08,  1.18s/step]Training:  40%|████      | 4807/12000 [1:41:55<2:20:58,  1.18s/step]Training:  40%|████      | 4808/12000 [1:41:56<2:20:48,  1.17s/step]Training:  40%|████      | 4809/12000 [1:41:57<2:20:39,  1.17s/step]Training:  40%|████      | 4810/12000 [1:41:59<2:20:50,  1.18s/step]Training:  40%|████      | 4811/12000 [1:42:00<2:21:00,  1.18s/step]Training:  40%|████      | 4812/12000 [1:42:01<2:20:55,  1.18s/step]Training:  40%|████      | 4813/12000 [1:42:02<2:20:52,  1.18s/step]Training:  40%|████      | 4814/12000 [1:42:03<2:20:39,  1.17s/step]Training:  40%|████      | 4815/12000 [1:42:05<2:20:39,  1.17s/step]Training:  40%|████      | 4816/12000 [1:42:06<2:20:53,  1.18s/step]Training:  40%|████      | 4817/12000 [1:42:07<2:21:50,  1.18s/step]Training:  40%|████      | 4818/12000 [1:42:08<2:21:52,  1.19s/step]Training:  40%|████      | 4819/12000 [1:42:09<2:23:37,  1.20s/step]Training:  40%|████      | 4820/12000 [1:42:11<2:23:59,  1.20s/step]Training:  40%|████      | 4821/12000 [1:42:12<2:23:26,  1.20s/step]Training:  40%|████      | 4822/12000 [1:42:13<2:22:27,  1.19s/step]Training:  40%|████      | 4823/12000 [1:42:14<2:21:49,  1.19s/step]Training:  40%|████      | 4824/12000 [1:42:15<2:21:14,  1.18s/step]Training:  40%|████      | 4825/12000 [1:42:16<2:21:35,  1.18s/step]Training:  40%|████      | 4826/12000 [1:42:18<2:21:06,  1.18s/step]Training:  40%|████      | 4827/12000 [1:42:19<2:20:47,  1.18s/step]Training:  40%|████      | 4828/12000 [1:42:20<2:20:30,  1.18s/step]Training:  40%|████      | 4829/12000 [1:42:21<2:20:19,  1.17s/step]Training:  40%|████      | 4830/12000 [1:42:22<2:20:44,  1.18s/step]Training:  40%|████      | 4831/12000 [1:42:23<2:20:30,  1.18s/step]Training:  40%|████      | 4832/12000 [1:42:25<2:20:23,  1.18s/step]Training:  40%|████      | 4833/12000 [1:42:26<2:20:14,  1.17s/step]Training:  40%|████      | 4834/12000 [1:42:27<2:20:43,  1.18s/step]Training:  40%|████      | 4835/12000 [1:42:28<2:20:27,  1.18s/step]Training:  40%|████      | 4836/12000 [1:42:29<2:20:18,  1.18s/step]Training:  40%|████      | 4837/12000 [1:42:31<2:20:29,  1.18s/step]Training:  40%|████      | 4838/12000 [1:42:32<2:21:22,  1.18s/step]Training:  40%|████      | 4839/12000 [1:42:33<2:22:05,  1.19s/step]Training:  40%|████      | 4840/12000 [1:42:34<2:21:42,  1.19s/step]Training:  40%|████      | 4841/12000 [1:42:35<2:21:50,  1.19s/step]Training:  40%|████      | 4842/12000 [1:42:36<2:21:14,  1.18s/step]Training:  40%|████      | 4843/12000 [1:42:38<2:21:29,  1.19s/step]Training:  40%|████      | 4844/12000 [1:42:39<2:20:54,  1.18s/step]Training:  40%|████      | 4845/12000 [1:42:40<2:20:30,  1.18s/step]Training:  40%|████      | 4846/12000 [1:42:41<2:20:26,  1.18s/step]Training:  40%|████      | 4847/12000 [1:42:42<2:20:16,  1.18s/step]Training:  40%|████      | 4848/12000 [1:42:44<2:20:15,  1.18s/step]Training:  40%|████      | 4849/12000 [1:42:45<2:20:24,  1.18s/step]Training:  40%|████      | 4850/12000 [1:42:46<2:20:35,  1.18s/step]Training:  40%|████      | 4851/12000 [1:42:47<2:20:38,  1.18s/step]Training:  40%|████      | 4852/12000 [1:42:48<2:20:22,  1.18s/step]Training:  40%|████      | 4853/12000 [1:42:49<2:20:07,  1.18s/step]Training:  40%|████      | 4854/12000 [1:42:51<2:19:51,  1.17s/step]Training:  40%|████      | 4855/12000 [1:42:52<2:19:46,  1.17s/step]Training:  40%|████      | 4856/12000 [1:42:53<2:19:55,  1.18s/step]Training:  40%|████      | 4857/12000 [1:42:54<2:20:35,  1.18s/step]Training:  40%|████      | 4858/12000 [1:42:55<2:21:30,  1.19s/step]Training:  40%|████      | 4859/12000 [1:42:57<2:21:13,  1.19s/step]Training:  40%|████      | 4860/12000 [1:42:58<2:20:46,  1.18s/step]Training:  41%|████      | 4861/12000 [1:42:59<2:20:27,  1.18s/step]Training:  41%|████      | 4862/12000 [1:43:00<2:20:10,  1.18s/step]Training:  41%|████      | 4863/12000 [1:43:01<2:19:56,  1.18s/step]Training:  41%|████      | 4864/12000 [1:43:02<2:19:40,  1.17s/step]Training:  41%|████      | 4865/12000 [1:43:04<2:19:52,  1.18s/step]Training:  41%|████      | 4866/12000 [1:43:05<2:19:47,  1.18s/step]Training:  41%|████      | 4867/12000 [1:43:06<2:19:51,  1.18s/step]Training:  41%|████      | 4868/12000 [1:43:07<2:19:56,  1.18s/step]Training:  41%|████      | 4869/12000 [1:43:08<2:19:49,  1.18s/step]Training:  41%|████      | 4870/12000 [1:43:09<2:19:43,  1.18s/step]Training:  41%|████      | 4871/12000 [1:43:11<2:20:06,  1.18s/step]Training:  41%|████      | 4872/12000 [1:43:12<2:19:46,  1.18s/step]Training:  41%|████      | 4873/12000 [1:43:13<2:19:40,  1.18s/step]Training:  41%|████      | 4874/12000 [1:43:14<2:19:34,  1.18s/step]Training:  41%|████      | 4875/12000 [1:43:15<2:19:37,  1.18s/step]Training:  41%|████      | 4876/12000 [1:43:17<2:20:38,  1.18s/step]Training:  41%|████      | 4877/12000 [1:43:18<2:21:22,  1.19s/step]Training:  41%|████      | 4878/12000 [1:43:19<2:21:19,  1.19s/step]Training:  41%|████      | 4879/12000 [1:43:20<2:20:42,  1.19s/step]Training:  41%|████      | 4880/12000 [1:43:21<2:20:29,  1.18s/step]Training:  41%|████      | 4881/12000 [1:43:22<2:20:27,  1.18s/step]Training:  41%|████      | 4882/12000 [1:43:24<2:20:24,  1.18s/step]Training:  41%|████      | 4883/12000 [1:43:25<2:21:09,  1.19s/step]Training:  41%|████      | 4884/12000 [1:43:26<2:20:36,  1.19s/step]Training:  41%|████      | 4885/12000 [1:43:27<2:20:33,  1.19s/step]Training:  41%|████      | 4886/12000 [1:43:28<2:20:08,  1.18s/step]Training:  41%|████      | 4887/12000 [1:43:30<2:19:46,  1.18s/step]Training:  41%|████      | 4888/12000 [1:43:31<2:19:45,  1.18s/step]Training:  41%|████      | 4889/12000 [1:43:32<2:19:33,  1.18s/step]Training:  41%|████      | 4890/12000 [1:43:33<2:19:26,  1.18s/step]Training:  41%|████      | 4891/12000 [1:43:34<2:19:21,  1.18s/step]Training:  41%|████      | 4892/12000 [1:43:35<2:19:13,  1.18s/step]Training:  41%|████      | 4893/12000 [1:43:37<2:20:57,  1.19s/step]Training:  41%|████      | 4894/12000 [1:43:38<2:20:53,  1.19s/step]Training:  41%|████      | 4895/12000 [1:43:39<2:21:46,  1.20s/step]Training:  41%|████      | 4896/12000 [1:43:40<2:20:50,  1.19s/step]Training:  41%|████      | 4897/12000 [1:43:41<2:20:16,  1.18s/step]Training:  41%|████      | 4898/12000 [1:43:43<2:19:53,  1.18s/step]Training:  41%|████      | 4899/12000 [1:43:44<2:19:32,  1.18s/step]Training:  41%|████      | 4900/12000 [1:43:45<2:19:54,  1.18s/step]Training:  41%|████      | 4901/12000 [1:43:46<2:19:40,  1.18s/step]Training:  41%|████      | 4902/12000 [1:43:47<2:19:21,  1.18s/step]Training:  41%|████      | 4903/12000 [1:43:48<2:19:07,  1.18s/step]Training:  41%|████      | 4904/12000 [1:43:50<2:19:02,  1.18s/step]Training:  41%|████      | 4905/12000 [1:43:51<2:18:59,  1.18s/step]Training:  41%|████      | 4906/12000 [1:43:52<2:19:04,  1.18s/step]Training:  41%|████      | 4907/12000 [1:43:53<2:18:54,  1.18s/step]Training:  41%|████      | 4908/12000 [1:43:54<2:18:48,  1.17s/step]Training:  41%|████      | 4909/12000 [1:43:56<2:18:44,  1.17s/step]Training:  41%|████      | 4910/12000 [1:43:57<2:18:54,  1.18s/step]Training:  41%|████      | 4911/12000 [1:43:58<2:18:55,  1.18s/step]Training:  41%|████      | 4912/12000 [1:43:59<2:20:51,  1.19s/step]Training:  41%|████      | 4913/12000 [1:44:00<2:21:45,  1.20s/step]Training:  41%|████      | 4914/12000 [1:44:02<2:21:04,  1.19s/step]Training:  41%|████      | 4915/12000 [1:44:03<2:20:38,  1.19s/step]Training:  41%|████      | 4916/12000 [1:44:04<2:20:29,  1.19s/step]Training:  41%|████      | 4917/12000 [1:44:05<2:19:53,  1.19s/step]Training:  41%|████      | 4918/12000 [1:44:06<2:19:26,  1.18s/step]Training:  41%|████      | 4919/12000 [1:44:07<2:19:08,  1.18s/step]Training:  41%|████      | 4920/12000 [1:44:09<2:18:53,  1.18s/step]Training:  41%|████      | 4921/12000 [1:44:10<2:18:47,  1.18s/step]Training:  41%|████      | 4922/12000 [1:44:11<2:18:37,  1.18s/step]Training:  41%|████      | 4923/12000 [1:44:12<2:18:36,  1.18s/step]Training:  41%|████      | 4924/12000 [1:44:13<2:18:34,  1.17s/step]Training:  41%|████      | 4925/12000 [1:44:14<2:18:33,  1.18s/step]Training:  41%|████      | 4926/12000 [1:44:16<2:18:31,  1.17s/step]Training:  41%|████      | 4927/12000 [1:44:17<2:19:01,  1.18s/step]Training:  41%|████      | 4928/12000 [1:44:18<2:18:52,  1.18s/step]Training:  41%|████      | 4929/12000 [1:44:19<2:19:35,  1.18s/step]Training:  41%|████      | 4930/12000 [1:44:20<2:19:52,  1.19s/step]Training:  41%|████      | 4931/12000 [1:44:22<2:22:46,  1.21s/step]Training:  41%|████      | 4932/12000 [1:44:24<2:45:42,  1.41s/step]Training:  41%|████      | 4933/12000 [1:44:25<2:37:24,  1.34s/step]Training:  41%|████      | 4934/12000 [1:44:26<2:31:25,  1.29s/step]Training:  41%|████      | 4935/12000 [1:44:27<2:27:22,  1.25s/step]Training:  41%|████      | 4936/12000 [1:44:28<2:24:26,  1.23s/step]Training:  41%|████      | 4937/12000 [1:44:29<2:23:13,  1.22s/step]Training:  41%|████      | 4938/12000 [1:44:31<2:22:20,  1.21s/step]Training:  41%|████      | 4939/12000 [1:44:32<2:20:55,  1.20s/step]Training:  41%|████      | 4940/12000 [1:44:33<2:19:57,  1.19s/step]Training:  41%|████      | 4941/12000 [1:44:34<2:19:16,  1.18s/step]Training:  41%|████      | 4942/12000 [1:44:35<2:18:50,  1.18s/step]Training:  41%|████      | 4943/12000 [1:44:36<2:18:35,  1.18s/step]Training:  41%|████      | 4944/12000 [1:44:38<2:18:44,  1.18s/step]Training:  41%|████      | 4945/12000 [1:44:39<2:18:50,  1.18s/step]Training:  41%|████      | 4946/12000 [1:44:40<2:18:53,  1.18s/step]Training:  41%|████      | 4947/12000 [1:44:41<2:19:24,  1.19s/step]Training:  41%|████      | 4948/12000 [1:44:42<2:20:22,  1.19s/step]Training:  41%|████      | 4949/12000 [1:44:44<2:20:48,  1.20s/step]Training:  41%|████▏     | 4950/12000 [1:44:45<2:19:45,  1.19s/step]Training:  41%|████▏     | 4951/12000 [1:44:46<2:19:06,  1.18s/step]Training:  41%|████▏     | 4952/12000 [1:44:47<2:19:15,  1.19s/step]Training:  41%|████▏     | 4953/12000 [1:44:48<2:18:59,  1.18s/step]Training:  41%|████▏     | 4954/12000 [1:44:49<2:18:39,  1.18s/step]Training:  41%|████▏     | 4955/12000 [1:44:51<2:19:05,  1.18s/step]Training:  41%|████▏     | 4956/12000 [1:44:52<2:18:34,  1.18s/step]Training:  41%|████▏     | 4957/12000 [1:44:53<2:18:15,  1.18s/step]Training:  41%|████▏     | 4958/12000 [1:44:54<2:18:07,  1.18s/step]Training:  41%|████▏     | 4959/12000 [1:44:55<2:17:56,  1.18s/step]Training:  41%|████▏     | 4960/12000 [1:44:57<2:17:47,  1.17s/step]Training:  41%|████▏     | 4961/12000 [1:44:58<2:17:46,  1.17s/step]Training:  41%|████▏     | 4962/12000 [1:44:59<2:17:38,  1.17s/step]Training:  41%|████▏     | 4963/12000 [1:45:00<2:17:33,  1.17s/step]Training:  41%|████▏     | 4964/12000 [1:45:01<2:18:17,  1.18s/step]Training:  41%|████▏     | 4965/12000 [1:45:02<2:18:43,  1.18s/step]Training:  41%|████▏     | 4966/12000 [1:45:04<2:19:08,  1.19s/step]Training:  41%|████▏     | 4967/12000 [1:45:05<2:20:38,  1.20s/step]Training:  41%|████▏     | 4968/12000 [1:45:06<2:20:15,  1.20s/step]Training:  41%|████▏     | 4969/12000 [1:45:07<2:19:26,  1.19s/step]Training:  41%|████▏     | 4970/12000 [1:45:08<2:18:45,  1.18s/step]Training:  41%|████▏     | 4971/12000 [1:45:10<2:18:21,  1.18s/step]Training:  41%|████▏     | 4972/12000 [1:45:11<2:18:04,  1.18s/step]Training:  41%|████▏     | 4973/12000 [1:45:12<2:18:28,  1.18s/step]Training:  41%|████▏     | 4974/12000 [1:45:13<2:18:08,  1.18s/step]Training:  41%|████▏     | 4975/12000 [1:45:14<2:18:09,  1.18s/step]Training:  41%|████▏     | 4976/12000 [1:45:15<2:18:15,  1.18s/step]Training:  41%|████▏     | 4977/12000 [1:45:17<2:18:26,  1.18s/step]Training:  41%|████▏     | 4978/12000 [1:45:18<2:18:29,  1.18s/step]Training:  41%|████▏     | 4979/12000 [1:45:19<2:18:03,  1.18s/step]Training:  42%|████▏     | 4980/12000 [1:45:20<2:18:39,  1.19s/step]Training:  42%|████▏     | 4981/12000 [1:45:21<2:18:13,  1.18s/step]Training:  42%|████▏     | 4982/12000 [1:45:23<2:17:57,  1.18s/step]Training:  42%|████▏     | 4983/12000 [1:45:24<2:18:11,  1.18s/step]Training:  42%|████▏     | 4984/12000 [1:45:25<2:19:17,  1.19s/step]Training:  42%|████▏     | 4985/12000 [1:45:26<2:19:36,  1.19s/step]Training:  42%|████▏     | 4986/12000 [1:45:27<2:18:52,  1.19s/step]Training:  42%|████▏     | 4987/12000 [1:45:29<2:18:19,  1.18s/step]Training:  42%|████▏     | 4988/12000 [1:45:30<2:17:58,  1.18s/step]Training:  42%|████▏     | 4989/12000 [1:45:31<2:17:48,  1.18s/step]Training:  42%|████▏     | 4990/12000 [1:45:32<2:17:29,  1.18s/step]Training:  42%|████▏     | 4991/12000 [1:45:33<2:17:25,  1.18s/step]Training:  42%|████▏     | 4992/12000 [1:45:34<2:17:15,  1.18s/step]Training:  42%|████▏     | 4993/12000 [1:45:36<2:17:45,  1.18s/step]Training:  42%|████▏     | 4994/12000 [1:45:37<2:18:03,  1.18s/step]Training:  42%|████▏     | 4995/12000 [1:45:38<2:17:41,  1.18s/step]Training:  42%|████▏     | 4996/12000 [1:45:39<2:17:29,  1.18s/step]Training:  42%|████▏     | 4997/12000 [1:45:40<2:17:21,  1.18s/step]Training:  42%|████▏     | 4998/12000 [1:45:41<2:17:11,  1.18s/step]Training:  42%|████▏     | 4999/12000 [1:45:43<2:17:05,  1.17s/step]Training:  42%|████▏     | 5000/12000 [1:45:44<2:17:01,  1.17s/step]INFO 2026-09-16 05:39:49 ot_train.py:670 step:5K smpl:320K ep:4K epch:11.78 loss:0.083 grdn:1.014 lr:6.5e-05 updt_s:0.981 data_s:0.038 smp/s:63 mem_gb:14.29 losses_after_forward:0.074 losses_after_in_ep_bound:0.058 losses_after_rm_padding:0.058
Training:  42%|████▏     | 5001/12000 [1:45:45<2:17:12,  1.18s/step]Training:  42%|████▏     | 5002/12000 [1:45:46<2:18:15,  1.19s/step]Training:  42%|████▏     | 5003/12000 [1:45:47<2:19:29,  1.20s/step]Training:  42%|████▏     | 5004/12000 [1:45:49<2:18:40,  1.19s/step]Training:  42%|████▏     | 5005/12000 [1:45:50<2:18:07,  1.18s/step]Training:  42%|████▏     | 5006/12000 [1:45:51<2:18:28,  1.19s/step]Training:  42%|████▏     | 5007/12000 [1:45:52<2:18:11,  1.19s/step]Training:  42%|████▏     | 5008/12000 [1:45:53<2:18:43,  1.19s/step]Training:  42%|████▏     | 5009/12000 [1:45:55<2:19:30,  1.20s/step]Training:  42%|████▏     | 5010/12000 [1:45:56<2:18:52,  1.19s/step]Training:  42%|████▏     | 5011/12000 [1:45:57<2:18:28,  1.19s/step]Training:  42%|████▏     | 5012/12000 [1:45:58<2:18:21,  1.19s/step]Training:  42%|████▏     | 5013/12000 [1:45:59<2:18:36,  1.19s/step]Training:  42%|████▏     | 5014/12000 [1:46:00<2:17:58,  1.19s/step]Training:  42%|████▏     | 5015/12000 [1:46:02<2:17:41,  1.18s/step]Training:  42%|████▏     | 5016/12000 [1:46:03<2:17:23,  1.18s/step]Training:  42%|████▏     | 5017/12000 [1:46:04<2:17:21,  1.18s/step]Training:  42%|████▏     | 5018/12000 [1:46:05<2:17:51,  1.18s/step]Training:  42%|████▏     | 5019/12000 [1:46:06<2:18:30,  1.19s/step]Training:  42%|████▏     | 5020/12000 [1:46:08<2:18:29,  1.19s/step]Training:  42%|████▏     | 5021/12000 [1:46:09<2:17:54,  1.19s/step]Training:  42%|████▏     | 5022/12000 [1:46:10<2:17:29,  1.18s/step]Training:  42%|████▏     | 5023/12000 [1:46:11<2:17:17,  1.18s/step]Training:  42%|████▏     | 5024/12000 [1:46:12<2:17:03,  1.18s/step]Training:  42%|████▏     | 5025/12000 [1:46:13<2:17:08,  1.18s/step]Training:  42%|████▏     | 5026/12000 [1:46:15<2:17:17,  1.18s/step]Training:  42%|████▏     | 5027/12000 [1:46:16<2:17:12,  1.18s/step]Training:  42%|████▏     | 5028/12000 [1:46:17<2:17:02,  1.18s/step]Training:  42%|████▏     | 5029/12000 [1:46:18<2:17:33,  1.18s/step]Training:  42%|████▏     | 5030/12000 [1:46:19<2:17:14,  1.18s/step]Training:  42%|████▏     | 5031/12000 [1:46:21<2:17:02,  1.18s/step]Training:  42%|████▏     | 5032/12000 [1:46:22<2:16:55,  1.18s/step]Training:  42%|████▏     | 5033/12000 [1:46:23<2:16:47,  1.18s/step]Training:  42%|████▏     | 5034/12000 [1:46:24<2:16:44,  1.18s/step]Training:  42%|████▏     | 5035/12000 [1:46:25<2:16:57,  1.18s/step]Training:  42%|████▏     | 5036/12000 [1:46:27<2:18:25,  1.19s/step]Training:  42%|████▏     | 5037/12000 [1:46:28<2:19:28,  1.20s/step]Training:  42%|████▏     | 5038/12000 [1:46:29<2:18:48,  1.20s/step]Training:  42%|████▏     | 5039/12000 [1:46:30<2:18:27,  1.19s/step]Training:  42%|████▏     | 5040/12000 [1:46:31<2:18:08,  1.19s/step]Training:  42%|████▏     | 5041/12000 [1:46:32<2:17:53,  1.19s/step]Training:  42%|████▏     | 5042/12000 [1:46:34<2:17:25,  1.18s/step]Training:  42%|████▏     | 5043/12000 [1:46:35<2:17:08,  1.18s/step]Training:  42%|████▏     | 5044/12000 [1:46:36<2:16:54,  1.18s/step]Training:  42%|████▏     | 5045/12000 [1:46:37<2:16:45,  1.18s/step]Training:  42%|████▏     | 5046/12000 [1:46:38<2:16:31,  1.18s/step]Training:  42%|████▏     | 5047/12000 [1:46:40<2:16:26,  1.18s/step]Training:  42%|████▏     | 5048/12000 [1:46:41<2:16:22,  1.18s/step]Training:  42%|████▏     | 5049/12000 [1:46:42<2:16:22,  1.18s/step]Training:  42%|████▏     | 5050/12000 [1:46:43<2:16:19,  1.18s/step]Training:  42%|████▏     | 5051/12000 [1:46:44<2:16:11,  1.18s/step]Training:  42%|████▏     | 5052/12000 [1:46:45<2:16:03,  1.17s/step]Training:  42%|████▏     | 5053/12000 [1:46:47<2:17:34,  1.19s/step]Training:  42%|████▏     | 5054/12000 [1:46:48<2:18:41,  1.20s/step]Training:  42%|████▏     | 5055/12000 [1:46:49<2:17:54,  1.19s/step]Training:  42%|████▏     | 5056/12000 [1:46:50<2:17:20,  1.19s/step]Training:  42%|████▏     | 5057/12000 [1:46:51<2:16:58,  1.18s/step]Training:  42%|████▏     | 5058/12000 [1:46:53<2:16:36,  1.18s/step]Training:  42%|████▏     | 5059/12000 [1:46:54<2:16:23,  1.18s/step]Training:  42%|████▏     | 5060/12000 [1:46:55<2:16:13,  1.18s/step]Training:  42%|████▏     | 5061/12000 [1:46:56<2:16:40,  1.18s/step]Training:  42%|████▏     | 5062/12000 [1:46:57<2:16:21,  1.18s/step]Training:  42%|████▏     | 5063/12000 [1:46:58<2:16:16,  1.18s/step]Training:  42%|████▏     | 5064/12000 [1:47:00<2:16:06,  1.18s/step]Training:  42%|████▏     | 5065/12000 [1:47:01<2:16:02,  1.18s/step]Training:  42%|████▏     | 5066/12000 [1:47:02<2:16:03,  1.18s/step]Training:  42%|████▏     | 5067/12000 [1:47:03<2:16:00,  1.18s/step]Training:  42%|████▏     | 5068/12000 [1:47:04<2:15:54,  1.18s/step]Training:  42%|████▏     | 5069/12000 [1:47:05<2:16:02,  1.18s/step]Training:  42%|████▏     | 5070/12000 [1:47:07<2:16:54,  1.19s/step]Training:  42%|████▏     | 5071/12000 [1:47:08<2:18:11,  1.20s/step]Training:  42%|████▏     | 5072/12000 [1:47:09<2:18:12,  1.20s/step]Training:  42%|████▏     | 5073/12000 [1:47:10<2:17:28,  1.19s/step]Training:  42%|████▏     | 5074/12000 [1:47:11<2:16:57,  1.19s/step]Training:  42%|████▏     | 5075/12000 [1:47:13<2:16:36,  1.18s/step]Training:  42%|████▏     | 5076/12000 [1:47:14<2:16:20,  1.18s/step]Training:  42%|████▏     | 5077/12000 [1:47:15<2:16:11,  1.18s/step]Training:  42%|████▏     | 5078/12000 [1:47:16<2:15:59,  1.18s/step]Training:  42%|████▏     | 5079/12000 [1:47:17<2:15:49,  1.18s/step]Training:  42%|████▏     | 5080/12000 [1:47:19<2:15:39,  1.18s/step]Training:  42%|████▏     | 5081/12000 [1:47:20<2:15:38,  1.18s/step]Training:  42%|████▏     | 5082/12000 [1:47:21<2:15:36,  1.18s/step]Training:  42%|████▏     | 5083/12000 [1:47:22<2:15:27,  1.17s/step]Training:  42%|████▏     | 5084/12000 [1:47:23<2:15:28,  1.18s/step]Training:  42%|████▏     | 5085/12000 [1:47:24<2:15:23,  1.17s/step]Training:  42%|████▏     | 5086/12000 [1:47:26<2:15:17,  1.17s/step]Training:  42%|████▏     | 5087/12000 [1:47:27<2:15:19,  1.17s/step]Training:  42%|████▏     | 5088/12000 [1:47:28<2:16:20,  1.18s/step]Training:  42%|████▏     | 5089/12000 [1:47:29<2:17:23,  1.19s/step]Training:  42%|████▏     | 5090/12000 [1:47:30<2:17:37,  1.19s/step]Training:  42%|████▏     | 5091/12000 [1:47:32<2:16:52,  1.19s/step]Training:  42%|████▏     | 5092/12000 [1:47:33<2:16:19,  1.18s/step]Training:  42%|████▏     | 5093/12000 [1:47:34<2:15:55,  1.18s/step]Training:  42%|████▏     | 5094/12000 [1:47:35<2:15:39,  1.18s/step]Training:  42%|████▏     | 5095/12000 [1:47:36<2:15:30,  1.18s/step]Training:  42%|████▏     | 5096/12000 [1:47:37<2:15:22,  1.18s/step]Training:  42%|████▏     | 5097/12000 [1:47:39<2:15:16,  1.18s/step]Training:  42%|████▏     | 5098/12000 [1:47:40<2:15:14,  1.18s/step]Training:  42%|████▏     | 5099/12000 [1:47:41<2:15:10,  1.18s/step]Training:  42%|████▎     | 5100/12000 [1:47:42<1:58:50,  1.03s/step]Training:  43%|████▎     | 5101/12000 [1:47:44<3:01:56,  1.58s/step]Training:  43%|████▎     | 5102/12000 [1:47:46<2:50:51,  1.49s/step]Training:  43%|████▎     | 5103/12000 [1:47:47<2:41:53,  1.41s/step]Training:  43%|████▎     | 5104/12000 [1:47:48<2:36:13,  1.36s/step]Training:  43%|████▎     | 5105/12000 [1:47:49<2:30:38,  1.31s/step]Training:  43%|████▎     | 5106/12000 [1:47:51<2:25:42,  1.27s/step]Training:  43%|████▎     | 5107/12000 [1:47:52<2:22:17,  1.24s/step]Training:  43%|████▎     | 5108/12000 [1:47:53<2:19:53,  1.22s/step]Training:  43%|████▎     | 5109/12000 [1:47:54<2:18:13,  1.20s/step]Training:  43%|████▎     | 5110/12000 [1:47:55<2:17:02,  1.19s/step]Training:  43%|████▎     | 5111/12000 [1:47:56<2:16:11,  1.19s/step]Training:  43%|████▎     | 5112/12000 [1:47:58<2:15:33,  1.18s/step]Training:  43%|████▎     | 5113/12000 [1:47:59<2:15:19,  1.18s/step]Training:  43%|████▎     | 5114/12000 [1:48:00<2:15:01,  1.18s/step]Training:  43%|████▎     | 5115/12000 [1:48:01<2:15:22,  1.18s/step]Training:  43%|████▎     | 5116/12000 [1:48:02<2:14:59,  1.18s/step]Training:  43%|████▎     | 5117/12000 [1:48:03<2:14:45,  1.17s/step]Training:  43%|████▎     | 5118/12000 [1:48:05<2:14:36,  1.17s/step]Training:  43%|████▎     | 5119/12000 [1:48:06<2:14:26,  1.17s/step]Training:  43%|████▎     | 5120/12000 [1:48:07<2:15:19,  1.18s/step]Training:  43%|████▎     | 5121/12000 [1:48:08<2:14:58,  1.18s/step]Training:  43%|████▎     | 5122/12000 [1:48:09<2:15:30,  1.18s/step]Training:  43%|████▎     | 5123/12000 [1:48:11<2:15:51,  1.19s/step]Training:  43%|████▎     | 5124/12000 [1:48:12<2:17:13,  1.20s/step]Training:  43%|████▎     | 5125/12000 [1:48:13<2:16:11,  1.19s/step]Training:  43%|████▎     | 5126/12000 [1:48:14<2:15:29,  1.18s/step]Training:  43%|████▎     | 5127/12000 [1:48:15<2:14:59,  1.18s/step]Training:  43%|████▎     | 5128/12000 [1:48:16<2:14:41,  1.18s/step]Training:  43%|████▎     | 5129/12000 [1:48:18<2:14:26,  1.17s/step]Training:  43%|████▎     | 5130/12000 [1:48:19<2:15:04,  1.18s/step]Training:  43%|████▎     | 5131/12000 [1:48:20<2:15:24,  1.18s/step]Training:  43%|████▎     | 5132/12000 [1:48:21<2:15:24,  1.18s/step]Training:  43%|████▎     | 5133/12000 [1:48:22<2:15:22,  1.18s/step]Training:  43%|████▎     | 5134/12000 [1:48:24<2:15:34,  1.18s/step]Training:  43%|████▎     | 5135/12000 [1:48:25<2:14:57,  1.18s/step]Training:  43%|████▎     | 5136/12000 [1:48:26<2:14:27,  1.18s/step]Training:  43%|████▎     | 5137/12000 [1:48:27<2:14:11,  1.17s/step]Training:  43%|████▎     | 5138/12000 [1:48:28<2:14:03,  1.17s/step]Training:  43%|████▎     | 5139/12000 [1:48:29<2:14:39,  1.18s/step]Training:  43%|████▎     | 5140/12000 [1:48:31<2:14:49,  1.18s/step]Training:  43%|████▎     | 5141/12000 [1:48:32<2:16:28,  1.19s/step]Training:  43%|████▎     | 5142/12000 [1:48:33<2:16:54,  1.20s/step]Training:  43%|████▎     | 5143/12000 [1:48:34<2:15:49,  1.19s/step]Training:  43%|████▎     | 5144/12000 [1:48:35<2:15:13,  1.18s/step]Training:  43%|████▎     | 5145/12000 [1:48:37<2:14:39,  1.18s/step]Training:  43%|████▎     | 5146/12000 [1:48:38<2:14:17,  1.18s/step]Training:  43%|████▎     | 5147/12000 [1:48:39<2:14:39,  1.18s/step]Training:  43%|████▎     | 5148/12000 [1:48:40<2:14:13,  1.18s/step]Training:  43%|████▎     | 5149/12000 [1:48:41<2:14:30,  1.18s/step]Training:  43%|████▎     | 5150/12000 [1:48:42<2:14:49,  1.18s/step]Training:  43%|████▎     | 5151/12000 [1:48:44<2:14:20,  1.18s/step]Training:  43%|████▎     | 5152/12000 [1:48:45<2:13:58,  1.17s/step]Training:  43%|████▎     | 5153/12000 [1:48:46<2:14:09,  1.18s/step]Training:  43%|████▎     | 5154/12000 [1:48:47<2:13:51,  1.17s/step]Training:  43%|████▎     | 5155/12000 [1:48:48<2:13:37,  1.17s/step]Training:  43%|████▎     | 5156/12000 [1:48:49<2:13:34,  1.17s/step]Training:  43%|████▎     | 5157/12000 [1:48:51<2:13:23,  1.17s/step]Training:  43%|████▎     | 5158/12000 [1:48:52<2:13:17,  1.17s/step]Training:  43%|████▎     | 5159/12000 [1:48:53<2:13:25,  1.17s/step]Training:  43%|████▎     | 5160/12000 [1:48:54<2:14:21,  1.18s/step]Training:  43%|████▎     | 5161/12000 [1:48:55<2:14:52,  1.18s/step]Training:  43%|████▎     | 5162/12000 [1:48:57<2:14:59,  1.18s/step]Training:  43%|████▎     | 5163/12000 [1:48:58<2:15:15,  1.19s/step]Training:  43%|████▎     | 5164/12000 [1:48:59<2:14:59,  1.18s/step]Training:  43%|████▎     | 5165/12000 [1:49:00<2:15:26,  1.19s/step]Training:  43%|████▎     | 5166/12000 [1:49:01<2:15:15,  1.19s/step]Training:  43%|████▎     | 5167/12000 [1:49:02<2:14:29,  1.18s/step]Training:  43%|████▎     | 5168/12000 [1:49:04<2:14:06,  1.18s/step]Training:  43%|████▎     | 5169/12000 [1:49:05<2:13:40,  1.17s/step]Training:  43%|████▎     | 5170/12000 [1:49:06<2:13:31,  1.17s/step]Training:  43%|████▎     | 5171/12000 [1:49:07<2:13:23,  1.17s/step]Training:  43%|████▎     | 5172/12000 [1:49:08<2:13:55,  1.18s/step]Training:  43%|████▎     | 5173/12000 [1:49:10<2:13:29,  1.17s/step]Training:  43%|████▎     | 5174/12000 [1:49:11<2:13:13,  1.17s/step]Training:  43%|████▎     | 5175/12000 [1:49:12<2:13:03,  1.17s/step]Training:  43%|████▎     | 5176/12000 [1:49:13<2:12:54,  1.17s/step]Training:  43%|████▎     | 5177/12000 [1:49:14<2:12:49,  1.17s/step]Training:  43%|████▎     | 5178/12000 [1:49:15<2:12:47,  1.17s/step]Training:  43%|████▎     | 5179/12000 [1:49:17<2:14:11,  1.18s/step]Training:  43%|████▎     | 5180/12000 [1:49:18<2:14:42,  1.19s/step]Training:  43%|████▎     | 5181/12000 [1:49:19<2:14:31,  1.18s/step]Training:  43%|████▎     | 5182/12000 [1:49:20<2:13:55,  1.18s/step]Training:  43%|████▎     | 5183/12000 [1:49:21<2:13:28,  1.17s/step]Training:  43%|████▎     | 5184/12000 [1:49:22<2:13:10,  1.17s/step]Training:  43%|████▎     | 5185/12000 [1:49:24<2:13:35,  1.18s/step]Training:  43%|████▎     | 5186/12000 [1:49:25<2:13:46,  1.18s/step]Training:  43%|████▎     | 5187/12000 [1:49:26<2:13:21,  1.17s/step]Training:  43%|████▎     | 5188/12000 [1:49:27<2:13:33,  1.18s/step]Training:  43%|████▎     | 5189/12000 [1:49:28<2:13:04,  1.17s/step]Training:  43%|████▎     | 5190/12000 [1:49:29<2:12:46,  1.17s/step]Training:  43%|████▎     | 5191/12000 [1:49:31<2:12:39,  1.17s/step]Training:  43%|████▎     | 5192/12000 [1:49:32<2:12:49,  1.17s/step]Training:  43%|████▎     | 5193/12000 [1:49:33<2:12:43,  1.17s/step]Training:  43%|████▎     | 5194/12000 [1:49:34<2:12:47,  1.17s/step]Training:  43%|████▎     | 5195/12000 [1:49:35<2:13:28,  1.18s/step]Training:  43%|████▎     | 5196/12000 [1:49:37<2:13:26,  1.18s/step]Training:  43%|████▎     | 5197/12000 [1:49:38<2:14:03,  1.18s/step]Training:  43%|████▎     | 5198/12000 [1:49:39<2:14:21,  1.19s/step]Training:  43%|████▎     | 5199/12000 [1:49:40<2:14:19,  1.19s/step]Training:  43%|████▎     | 5200/12000 [1:49:41<2:14:43,  1.19s/step]INFO 2026-09-16 05:43:46 ot_train.py:670 step:5K smpl:333K ep:4K epch:12.25 loss:0.079 grdn:1.044 lr:6.3e-05 updt_s:0.975 data_s:0.046 smp/s:63 mem_gb:14.26 losses_after_forward:0.072 losses_after_in_ep_bound:0.056 losses_after_rm_padding:0.056
Training:  43%|████▎     | 5201/12000 [1:49:42<2:13:57,  1.18s/step]Training:  43%|████▎     | 5202/12000 [1:49:44<2:13:20,  1.18s/step]Training:  43%|████▎     | 5203/12000 [1:49:45<2:13:16,  1.18s/step]Training:  43%|████▎     | 5204/12000 [1:49:46<2:12:51,  1.17s/step]Training:  43%|████▎     | 5205/12000 [1:49:47<2:12:31,  1.17s/step]Training:  43%|████▎     | 5206/12000 [1:49:48<2:12:21,  1.17s/step]Training:  43%|████▎     | 5207/12000 [1:49:49<2:12:10,  1.17s/step]Training:  43%|████▎     | 5208/12000 [1:49:51<2:12:02,  1.17s/step]Training:  43%|████▎     | 5209/12000 [1:49:52<2:11:53,  1.17s/step]Training:  43%|████▎     | 5210/12000 [1:49:53<2:12:14,  1.17s/step]Training:  43%|████▎     | 5211/12000 [1:49:54<2:12:05,  1.17s/step]Training:  43%|████▎     | 5212/12000 [1:49:55<2:11:59,  1.17s/step]Training:  43%|████▎     | 5213/12000 [1:49:56<2:12:15,  1.17s/step]Training:  43%|████▎     | 5214/12000 [1:49:58<2:12:10,  1.17s/step]Training:  43%|████▎     | 5215/12000 [1:49:59<2:11:59,  1.17s/step]Training:  43%|████▎     | 5216/12000 [1:50:00<2:11:52,  1.17s/step]Training:  43%|████▎     | 5217/12000 [1:50:01<2:11:49,  1.17s/step]Training:  43%|████▎     | 5218/12000 [1:50:02<2:11:43,  1.17s/step]Training:  43%|████▎     | 5219/12000 [1:50:03<2:12:43,  1.17s/step]Training:  44%|████▎     | 5220/12000 [1:50:05<2:14:37,  1.19s/step]Training:  44%|████▎     | 5221/12000 [1:50:06<2:15:28,  1.20s/step]Training:  44%|████▎     | 5222/12000 [1:50:07<2:14:15,  1.19s/step]Training:  44%|████▎     | 5223/12000 [1:50:08<2:13:22,  1.18s/step]Training:  44%|████▎     | 5224/12000 [1:50:09<2:12:44,  1.18s/step]Training:  44%|████▎     | 5225/12000 [1:50:11<2:12:29,  1.17s/step]Training:  44%|████▎     | 5226/12000 [1:50:12<2:13:09,  1.18s/step]Training:  44%|████▎     | 5227/12000 [1:50:13<2:13:22,  1.18s/step]Training:  44%|████▎     | 5228/12000 [1:50:14<2:14:02,  1.19s/step]Training:  44%|████▎     | 5229/12000 [1:50:15<2:13:49,  1.19s/step]Training:  44%|████▎     | 5230/12000 [1:50:17<2:13:05,  1.18s/step]Training:  44%|████▎     | 5231/12000 [1:50:18<2:12:33,  1.18s/step]Training:  44%|████▎     | 5232/12000 [1:50:19<2:12:13,  1.17s/step]Training:  44%|████▎     | 5233/12000 [1:50:20<2:11:52,  1.17s/step]Training:  44%|████▎     | 5234/12000 [1:50:21<2:11:42,  1.17s/step]Training:  44%|████▎     | 5235/12000 [1:50:22<2:11:38,  1.17s/step]Training:  44%|████▎     | 5236/12000 [1:50:24<2:11:32,  1.17s/step]Training:  44%|████▎     | 5237/12000 [1:50:25<2:11:22,  1.17s/step]Training:  44%|████▎     | 5238/12000 [1:50:26<2:11:20,  1.17s/step]Training:  44%|████▎     | 5239/12000 [1:50:27<2:13:04,  1.18s/step]Training:  44%|████▎     | 5240/12000 [1:50:28<2:13:27,  1.18s/step]Training:  44%|████▎     | 5241/12000 [1:50:29<2:13:32,  1.19s/step]Training:  44%|████▎     | 5242/12000 [1:50:31<2:12:56,  1.18s/step]Training:  44%|████▎     | 5243/12000 [1:50:32<2:12:20,  1.18s/step]Training:  44%|████▎     | 5244/12000 [1:50:33<2:11:57,  1.17s/step]Training:  44%|████▎     | 5245/12000 [1:50:34<2:11:43,  1.17s/step]Training:  44%|████▎     | 5246/12000 [1:50:35<2:12:18,  1.18s/step]Training:  44%|████▎     | 5247/12000 [1:50:36<2:11:52,  1.17s/step]Training:  44%|████▎     | 5248/12000 [1:50:38<2:11:40,  1.17s/step]Training:  44%|████▎     | 5249/12000 [1:50:39<2:11:56,  1.17s/step]Training:  44%|████▍     | 5250/12000 [1:50:40<2:11:44,  1.17s/step]Training:  44%|████▍     | 5251/12000 [1:50:41<2:11:34,  1.17s/step]Training:  44%|████▍     | 5252/12000 [1:50:42<2:11:23,  1.17s/step]Training:  44%|████▍     | 5253/12000 [1:50:43<2:11:22,  1.17s/step]Training:  44%|████▍     | 5254/12000 [1:50:45<2:11:15,  1.17s/step]Training:  44%|████▍     | 5255/12000 [1:50:46<2:11:07,  1.17s/step]Training:  44%|████▍     | 5256/12000 [1:50:47<2:11:13,  1.17s/step]Training:  44%|████▍     | 5257/12000 [1:50:48<2:11:30,  1.17s/step]Training:  44%|████▍     | 5258/12000 [1:50:49<2:11:52,  1.17s/step]Training:  44%|████▍     | 5259/12000 [1:50:51<2:12:05,  1.18s/step]Training:  44%|████▍     | 5260/12000 [1:50:52<2:13:07,  1.19s/step]Training:  44%|████▍     | 5261/12000 [1:50:53<2:13:33,  1.19s/step]Training:  44%|████▍     | 5262/12000 [1:50:54<2:12:51,  1.18s/step]Training:  44%|████▍     | 5263/12000 [1:50:55<2:12:15,  1.18s/step]Training:  44%|████▍     | 5264/12000 [1:50:56<2:11:45,  1.17s/step]Training:  44%|████▍     | 5265/12000 [1:50:58<2:11:21,  1.17s/step]Training:  44%|████▍     | 5266/12000 [1:50:59<2:11:08,  1.17s/step]Training:  44%|████▍     | 5267/12000 [1:51:00<2:11:01,  1.17s/step]Training:  44%|████▍     | 5268/12000 [1:51:01<2:10:59,  1.17s/step]Training:  44%|████▍     | 5269/12000 [1:51:02<2:10:53,  1.17s/step]Training:  44%|████▍     | 5270/12000 [1:51:03<2:10:49,  1.17s/step]Training:  44%|████▍     | 5271/12000 [1:51:05<2:10:40,  1.17s/step]Training:  44%|████▍     | 5272/12000 [1:51:06<2:10:34,  1.16s/step]Training:  44%|████▍     | 5273/12000 [1:51:07<2:10:31,  1.16s/step]Training:  44%|████▍     | 5274/12000 [1:51:08<2:10:31,  1.16s/step]Training:  44%|████▍     | 5275/12000 [1:51:09<2:10:33,  1.16s/step]Training:  44%|████▍     | 5276/12000 [1:51:10<2:10:28,  1.16s/step]Training:  44%|████▍     | 5277/12000 [1:51:12<2:10:25,  1.16s/step]Training:  44%|████▍     | 5278/12000 [1:51:13<2:10:27,  1.16s/step]Training:  44%|████▍     | 5279/12000 [1:51:14<2:10:30,  1.17s/step]Training:  44%|████▍     | 5280/12000 [1:51:15<2:10:25,  1.16s/step]Training:  44%|████▍     | 5281/12000 [1:51:16<2:10:19,  1.16s/step]Training:  44%|████▍     | 5282/12000 [1:51:17<2:10:46,  1.17s/step]Training:  44%|████▍     | 5283/12000 [1:51:19<2:11:31,  1.17s/step]Training:  44%|████▍     | 5284/12000 [1:51:20<2:12:29,  1.18s/step]Training:  44%|████▍     | 5285/12000 [1:51:21<2:11:45,  1.18s/step]Training:  44%|████▍     | 5286/12000 [1:51:22<2:11:15,  1.17s/step]Training:  44%|████▍     | 5287/12000 [1:51:23<2:10:52,  1.17s/step]Training:  44%|████▍     | 5288/12000 [1:51:24<2:10:40,  1.17s/step]Training:  44%|████▍     | 5289/12000 [1:51:26<2:10:48,  1.17s/step]Training:  44%|████▍     | 5290/12000 [1:51:27<2:11:00,  1.17s/step]Training:  44%|████▍     | 5291/12000 [1:51:28<2:11:25,  1.18s/step]Training:  44%|████▍     | 5292/12000 [1:51:29<2:12:01,  1.18s/step]Training:  44%|████▍     | 5293/12000 [1:51:30<2:11:30,  1.18s/step]Training:  44%|████▍     | 5294/12000 [1:51:32<2:11:32,  1.18s/step]Training:  44%|████▍     | 5295/12000 [1:51:33<2:11:07,  1.17s/step]Training:  44%|████▍     | 5296/12000 [1:51:34<2:10:51,  1.17s/step]Training:  44%|████▍     | 5297/12000 [1:51:35<2:10:33,  1.17s/step]Training:  44%|████▍     | 5298/12000 [1:51:36<2:10:24,  1.17s/step]Training:  44%|████▍     | 5299/12000 [1:51:37<2:10:12,  1.17s/step]Training:  44%|████▍     | 5300/12000 [1:51:38<2:10:06,  1.17s/step]Training:  44%|████▍     | 5301/12000 [1:51:40<2:10:00,  1.16s/step]Training:  44%|████▍     | 5302/12000 [1:51:41<2:10:01,  1.16s/step]Training:  44%|████▍     | 5303/12000 [1:51:42<2:10:18,  1.17s/step]Training:  44%|████▍     | 5304/12000 [1:51:43<2:11:19,  1.18s/step]Training:  44%|████▍     | 5305/12000 [1:51:44<2:11:53,  1.18s/step]Training:  44%|████▍     | 5306/12000 [1:51:46<2:11:33,  1.18s/step]Training:  44%|████▍     | 5307/12000 [1:51:47<2:10:58,  1.17s/step]Training:  44%|████▍     | 5308/12000 [1:51:48<2:10:34,  1.17s/step]Training:  44%|████▍     | 5309/12000 [1:51:49<2:10:16,  1.17s/step]Training:  44%|████▍     | 5310/12000 [1:51:50<2:10:07,  1.17s/step]Training:  44%|████▍     | 5311/12000 [1:51:51<2:10:00,  1.17s/step]Training:  44%|████▍     | 5312/12000 [1:51:53<2:09:53,  1.17s/step]Training:  44%|████▍     | 5313/12000 [1:51:54<2:09:46,  1.16s/step]Training:  44%|████▍     | 5314/12000 [1:51:55<2:09:45,  1.16s/step]Training:  44%|████▍     | 5315/12000 [1:51:56<2:09:47,  1.16s/step]Training:  44%|████▍     | 5316/12000 [1:51:57<2:09:51,  1.17s/step]Training:  44%|████▍     | 5317/12000 [1:51:58<2:09:40,  1.16s/step]Training:  44%|████▍     | 5318/12000 [1:52:00<2:09:37,  1.16s/step]Training:  44%|████▍     | 5319/12000 [1:52:01<2:10:22,  1.17s/step]Training:  44%|████▍     | 5320/12000 [1:52:02<2:10:13,  1.17s/step]Training:  44%|████▍     | 5321/12000 [1:52:03<2:10:15,  1.17s/step]Training:  44%|████▍     | 5322/12000 [1:52:04<2:10:47,  1.18s/step]Training:  44%|████▍     | 5323/12000 [1:52:05<2:10:52,  1.18s/step]Training:  44%|████▍     | 5324/12000 [1:52:07<2:10:40,  1.17s/step]Training:  44%|████▍     | 5325/12000 [1:52:08<2:10:48,  1.18s/step]Training:  44%|████▍     | 5326/12000 [1:52:09<2:11:00,  1.18s/step]Training:  44%|████▍     | 5327/12000 [1:52:10<2:11:58,  1.19s/step]Training:  44%|████▍     | 5328/12000 [1:52:11<2:11:14,  1.18s/step]Training:  44%|████▍     | 5329/12000 [1:52:12<2:10:36,  1.17s/step]Training:  44%|████▍     | 5330/12000 [1:52:14<2:10:11,  1.17s/step]Training:  44%|████▍     | 5331/12000 [1:52:15<2:10:44,  1.18s/step]Training:  44%|████▍     | 5332/12000 [1:52:16<2:10:20,  1.17s/step]Training:  44%|████▍     | 5333/12000 [1:52:17<2:10:00,  1.17s/step]Training:  44%|████▍     | 5334/12000 [1:52:18<2:09:48,  1.17s/step]Training:  44%|████▍     | 5335/12000 [1:52:19<2:09:32,  1.17s/step]Training:  44%|████▍     | 5336/12000 [1:52:21<2:09:23,  1.17s/step]Training:  44%|████▍     | 5337/12000 [1:52:22<2:09:15,  1.16s/step]Training:  44%|████▍     | 5338/12000 [1:52:23<2:09:15,  1.16s/step]Training:  44%|████▍     | 5339/12000 [1:52:24<2:09:10,  1.16s/step]Training:  44%|████▍     | 5340/12000 [1:52:25<2:09:09,  1.16s/step]Training:  45%|████▍     | 5341/12000 [1:52:26<2:09:07,  1.16s/step]Training:  45%|████▍     | 5342/12000 [1:52:28<2:09:04,  1.16s/step]Training:  45%|████▍     | 5343/12000 [1:52:29<2:08:59,  1.16s/step]Training:  45%|████▍     | 5344/12000 [1:52:30<2:08:57,  1.16s/step]Training:  45%|████▍     | 5345/12000 [1:52:31<2:08:59,  1.16s/step]Training:  45%|████▍     | 5346/12000 [1:52:32<2:08:58,  1.16s/step]Training:  45%|████▍     | 5347/12000 [1:52:33<2:09:15,  1.17s/step]Training:  45%|████▍     | 5348/12000 [1:52:35<2:09:25,  1.17s/step]Training:  45%|████▍     | 5349/12000 [1:52:36<2:09:47,  1.17s/step]Training:  45%|████▍     | 5350/12000 [1:52:37<2:11:03,  1.18s/step]Training:  45%|████▍     | 5351/12000 [1:52:38<2:11:03,  1.18s/step]Training:  45%|████▍     | 5352/12000 [1:52:39<2:10:25,  1.18s/step]Training:  45%|████▍     | 5353/12000 [1:52:41<2:10:17,  1.18s/step]Training:  45%|████▍     | 5354/12000 [1:52:42<2:10:04,  1.17s/step]Training:  45%|████▍     | 5355/12000 [1:52:43<2:09:56,  1.17s/step]Training:  45%|████▍     | 5356/12000 [1:52:44<2:10:11,  1.18s/step]Training:  45%|████▍     | 5357/12000 [1:52:45<2:10:28,  1.18s/step]Training:  45%|████▍     | 5358/12000 [1:52:46<2:10:34,  1.18s/step]Training:  45%|████▍     | 5359/12000 [1:52:48<2:10:33,  1.18s/step]Training:  45%|████▍     | 5360/12000 [1:52:49<2:09:58,  1.17s/step]Training:  45%|████▍     | 5361/12000 [1:52:50<2:09:35,  1.17s/step]Training:  45%|████▍     | 5362/12000 [1:52:51<2:09:18,  1.17s/step]Training:  45%|████▍     | 5363/12000 [1:52:52<2:09:01,  1.17s/step]Training:  45%|████▍     | 5364/12000 [1:52:53<2:08:52,  1.17s/step]Training:  45%|████▍     | 5365/12000 [1:52:55<2:08:38,  1.16s/step]Training:  45%|████▍     | 5366/12000 [1:52:56<2:08:35,  1.16s/step]Training:  45%|████▍     | 5367/12000 [1:52:57<2:08:26,  1.16s/step]Training:  45%|████▍     | 5368/12000 [1:52:58<2:08:25,  1.16s/step]Training:  45%|████▍     | 5369/12000 [1:52:59<2:08:40,  1.16s/step]Training:  45%|████▍     | 5370/12000 [1:53:00<2:09:05,  1.17s/step]Training:  45%|████▍     | 5371/12000 [1:53:02<2:10:18,  1.18s/step]Training:  45%|████▍     | 5372/12000 [1:53:03<2:10:10,  1.18s/step]Training:  45%|████▍     | 5373/12000 [1:53:04<2:09:31,  1.17s/step]Training:  45%|████▍     | 5374/12000 [1:53:05<2:09:18,  1.17s/step]Training:  45%|████▍     | 5375/12000 [1:53:06<2:09:34,  1.17s/step]Training:  45%|████▍     | 5376/12000 [1:53:07<2:09:10,  1.17s/step]Training:  45%|████▍     | 5377/12000 [1:53:09<2:08:49,  1.17s/step]Training:  45%|████▍     | 5378/12000 [1:53:10<2:08:39,  1.17s/step]Training:  45%|████▍     | 5379/12000 [1:53:11<2:09:01,  1.17s/step]Training:  45%|████▍     | 5380/12000 [1:53:12<2:09:23,  1.17s/step]Training:  45%|████▍     | 5381/12000 [1:53:13<2:08:57,  1.17s/step]Training:  45%|████▍     | 5382/12000 [1:53:14<2:08:41,  1.17s/step]Training:  45%|████▍     | 5383/12000 [1:53:16<2:08:22,  1.16s/step]Training:  45%|████▍     | 5384/12000 [1:53:17<2:08:23,  1.16s/step]Training:  45%|████▍     | 5385/12000 [1:53:18<2:08:45,  1.17s/step]Training:  45%|████▍     | 5386/12000 [1:53:19<2:08:54,  1.17s/step]Training:  45%|████▍     | 5387/12000 [1:53:20<2:08:50,  1.17s/step]Training:  45%|████▍     | 5388/12000 [1:53:21<2:08:40,  1.17s/step]Training:  45%|████▍     | 5389/12000 [1:53:23<2:08:30,  1.17s/step]Training:  45%|████▍     | 5390/12000 [1:53:24<2:08:54,  1.17s/step]Training:  45%|████▍     | 5391/12000 [1:53:25<2:08:56,  1.17s/step]Training:  45%|████▍     | 5392/12000 [1:53:26<2:09:30,  1.18s/step]Training:  45%|████▍     | 5393/12000 [1:53:27<2:10:00,  1.18s/step]Training:  45%|████▍     | 5394/12000 [1:53:29<2:09:56,  1.18s/step]Training:  45%|████▍     | 5395/12000 [1:53:30<2:09:20,  1.17s/step]Training:  45%|████▍     | 5396/12000 [1:53:31<2:08:56,  1.17s/step]Training:  45%|████▍     | 5397/12000 [1:53:32<2:08:35,  1.17s/step]Training:  45%|████▍     | 5398/12000 [1:53:33<2:08:23,  1.17s/step]Training:  45%|████▍     | 5399/12000 [1:53:34<2:08:08,  1.16s/step]Training:  45%|████▌     | 5400/12000 [1:53:35<2:08:01,  1.16s/step]INFO 2026-09-16 05:47:40 ot_train.py:670 step:5K smpl:346K ep:4K epch:12.72 loss:0.081 grdn:1.009 lr:6.0e-05 updt_s:0.968 data_s:0.038 smp/s:64 mem_gb:14.29 losses_after_forward:0.074 losses_after_in_ep_bound:0.057 losses_after_rm_padding:0.057
Training:  45%|████▌     | 5401/12000 [1:53:37<2:08:01,  1.16s/step]Training:  45%|████▌     | 5402/12000 [1:53:38<2:07:54,  1.16s/step]Training:  45%|████▌     | 5403/12000 [1:53:39<2:07:51,  1.16s/step]Training:  45%|████▌     | 5404/12000 [1:53:40<2:07:45,  1.16s/step]Training:  45%|████▌     | 5405/12000 [1:53:41<2:07:40,  1.16s/step]Training:  45%|████▌     | 5406/12000 [1:53:42<2:07:38,  1.16s/step]Training:  45%|████▌     | 5407/12000 [1:53:44<2:07:34,  1.16s/step]Training:  45%|████▌     | 5408/12000 [1:53:45<2:07:36,  1.16s/step]Training:  45%|████▌     | 5409/12000 [1:53:46<2:07:44,  1.16s/step]Training:  45%|████▌     | 5410/12000 [1:53:47<2:08:07,  1.17s/step]Training:  45%|████▌     | 5411/12000 [1:53:48<2:07:56,  1.17s/step]Training:  45%|████▌     | 5412/12000 [1:53:49<2:07:51,  1.16s/step]Training:  45%|████▌     | 5413/12000 [1:53:51<2:07:45,  1.16s/step]Training:  45%|████▌     | 5414/12000 [1:53:52<2:07:39,  1.16s/step]Training:  45%|████▌     | 5415/12000 [1:53:53<2:07:55,  1.17s/step]Training:  45%|████▌     | 5416/12000 [1:53:54<2:09:04,  1.18s/step]Training:  45%|████▌     | 5417/12000 [1:53:55<2:10:41,  1.19s/step]Training:  45%|████▌     | 5418/12000 [1:53:57<2:10:18,  1.19s/step]Training:  45%|████▌     | 5419/12000 [1:53:58<2:09:52,  1.18s/step]Training:  45%|████▌     | 5420/12000 [1:53:59<2:09:27,  1.18s/step]Training:  45%|████▌     | 5421/12000 [1:54:00<2:09:33,  1.18s/step]Training:  45%|████▌     | 5422/12000 [1:54:01<2:08:53,  1.18s/step]Training:  45%|████▌     | 5423/12000 [1:54:02<2:08:27,  1.17s/step]Training:  45%|████▌     | 5424/12000 [1:54:04<2:08:03,  1.17s/step]Training:  45%|████▌     | 5425/12000 [1:54:05<2:07:49,  1.17s/step]Training:  45%|████▌     | 5426/12000 [1:54:06<2:07:42,  1.17s/step]Training:  45%|████▌     | 5427/12000 [1:54:07<2:07:33,  1.16s/step]Training:  45%|████▌     | 5428/12000 [1:54:08<2:07:23,  1.16s/step]Training:  45%|████▌     | 5429/12000 [1:54:09<2:07:14,  1.16s/step]Training:  45%|████▌     | 5430/12000 [1:54:11<2:07:12,  1.16s/step]Training:  45%|████▌     | 5431/12000 [1:54:12<2:07:14,  1.16s/step]Training:  45%|████▌     | 5432/12000 [1:54:13<2:08:04,  1.17s/step]Training:  45%|████▌     | 5433/12000 [1:54:14<2:07:48,  1.17s/step]Training:  45%|████▌     | 5434/12000 [1:54:15<2:08:18,  1.17s/step]Training:  45%|████▌     | 5435/12000 [1:54:16<2:07:58,  1.17s/step]Training:  45%|████▌     | 5436/12000 [1:54:18<2:08:36,  1.18s/step]Training:  45%|████▌     | 5437/12000 [1:54:19<2:08:51,  1.18s/step]Training:  45%|████▌     | 5438/12000 [1:54:20<2:09:47,  1.19s/step]Training:  45%|████▌     | 5439/12000 [1:54:21<2:09:19,  1.18s/step]Training:  45%|████▌     | 5440/12000 [1:54:22<2:08:37,  1.18s/step]Training:  45%|████▌     | 5441/12000 [1:54:23<2:08:03,  1.17s/step]Training:  45%|████▌     | 5442/12000 [1:54:25<2:07:42,  1.17s/step]Training:  45%|████▌     | 5443/12000 [1:54:26<2:07:26,  1.17s/step]Training:  45%|████▌     | 5444/12000 [1:54:27<2:07:14,  1.16s/step]Training:  45%|████▌     | 5445/12000 [1:54:28<2:07:08,  1.16s/step]Training:  45%|████▌     | 5446/12000 [1:54:29<2:07:04,  1.16s/step]Training:  45%|████▌     | 5447/12000 [1:54:30<2:07:04,  1.16s/step]Training:  45%|████▌     | 5448/12000 [1:54:32<2:07:27,  1.17s/step]Training:  45%|████▌     | 5449/12000 [1:54:33<2:07:42,  1.17s/step]Training:  45%|████▌     | 5450/12000 [1:54:34<2:07:56,  1.17s/step]Training:  45%|████▌     | 5451/12000 [1:54:35<2:07:51,  1.17s/step]Training:  45%|████▌     | 5452/12000 [1:54:36<2:07:30,  1.17s/step]Training:  45%|████▌     | 5453/12000 [1:54:37<2:07:48,  1.17s/step]Training:  45%|████▌     | 5454/12000 [1:54:39<2:07:23,  1.17s/step]Training:  45%|████▌     | 5455/12000 [1:54:40<2:07:05,  1.17s/step]Training:  45%|████▌     | 5456/12000 [1:54:41<2:06:51,  1.16s/step]Training:  45%|████▌     | 5457/12000 [1:54:42<2:06:54,  1.16s/step]Training:  45%|████▌     | 5458/12000 [1:54:43<2:07:02,  1.17s/step]Training:  45%|████▌     | 5459/12000 [1:54:45<2:08:22,  1.18s/step]Training:  46%|████▌     | 5460/12000 [1:54:46<2:09:11,  1.19s/step]Training:  46%|████▌     | 5461/12000 [1:54:47<2:08:44,  1.18s/step]Training:  46%|████▌     | 5462/12000 [1:54:48<2:07:52,  1.17s/step]Training:  46%|████▌     | 5463/12000 [1:54:49<2:07:18,  1.17s/step]Training:  46%|████▌     | 5464/12000 [1:54:50<2:06:54,  1.17s/step]Training:  46%|████▌     | 5465/12000 [1:54:52<2:06:38,  1.16s/step]Training:  46%|████▌     | 5466/12000 [1:54:53<2:06:34,  1.16s/step]Training:  46%|████▌     | 5467/12000 [1:54:54<2:06:27,  1.16s/step]Training:  46%|████▌     | 5468/12000 [1:54:55<2:06:21,  1.16s/step]Training:  46%|████▌     | 5469/12000 [1:54:56<2:06:20,  1.16s/step]Training:  46%|████▌     | 5470/12000 [1:54:57<2:06:22,  1.16s/step]Training:  46%|████▌     | 5471/12000 [1:54:58<2:06:14,  1.16s/step]Training:  46%|████▌     | 5472/12000 [1:55:00<2:06:10,  1.16s/step]Training:  46%|████▌     | 5473/12000 [1:55:01<2:06:06,  1.16s/step]Training:  46%|████▌     | 5474/12000 [1:55:02<2:06:07,  1.16s/step]Training:  46%|████▌     | 5475/12000 [1:55:03<2:06:04,  1.16s/step]Training:  46%|████▌     | 5476/12000 [1:55:04<2:05:56,  1.16s/step]Training:  46%|████▌     | 5477/12000 [1:55:05<2:05:48,  1.16s/step]Training:  46%|████▌     | 5478/12000 [1:55:07<2:05:47,  1.16s/step]Training:  46%|████▌     | 5479/12000 [1:55:08<2:05:47,  1.16s/step]Training:  46%|████▌     | 5480/12000 [1:55:09<2:05:51,  1.16s/step]Training:  46%|████▌     | 5481/12000 [1:55:10<2:06:05,  1.16s/step]Training:  46%|████▌     | 5482/12000 [1:55:11<2:06:13,  1.16s/step]Training:  46%|████▌     | 5483/12000 [1:55:12<2:06:53,  1.17s/step]Training:  46%|████▌     | 5484/12000 [1:55:14<2:08:00,  1.18s/step]Training:  46%|████▌     | 5485/12000 [1:55:15<2:08:43,  1.19s/step]Training:  46%|████▌     | 5486/12000 [1:55:16<2:08:04,  1.18s/step]Training:  46%|████▌     | 5487/12000 [1:55:17<2:07:19,  1.17s/step]Training:  46%|████▌     | 5488/12000 [1:55:18<2:06:45,  1.17s/step]Training:  46%|████▌     | 5489/12000 [1:55:19<2:06:23,  1.16s/step]Training:  46%|████▌     | 5490/12000 [1:55:21<2:06:15,  1.16s/step]Training:  46%|████▌     | 5491/12000 [1:55:22<2:06:04,  1.16s/step]Training:  46%|████▌     | 5492/12000 [1:55:23<2:05:57,  1.16s/step]Training:  46%|████▌     | 5493/12000 [1:55:24<2:05:43,  1.16s/step]Training:  46%|████▌     | 5494/12000 [1:55:25<2:05:37,  1.16s/step]Training:  46%|████▌     | 5495/12000 [1:55:26<2:05:32,  1.16s/step]Training:  46%|████▌     | 5496/12000 [1:55:28<2:05:26,  1.16s/step]Training:  46%|████▌     | 5497/12000 [1:55:29<2:05:27,  1.16s/step]Training:  46%|████▌     | 5498/12000 [1:55:30<2:05:28,  1.16s/step]Training:  46%|████▌     | 5499/12000 [1:55:31<2:05:29,  1.16s/step]Training:  46%|████▌     | 5500/12000 [1:55:32<2:05:24,  1.16s/step]Training:  46%|████▌     | 5501/12000 [1:55:33<2:05:19,  1.16s/step]Training:  46%|████▌     | 5502/12000 [1:55:34<2:05:22,  1.16s/step]Training:  46%|████▌     | 5503/12000 [1:55:36<2:05:20,  1.16s/step]Training:  46%|████▌     | 5504/12000 [1:55:37<2:05:19,  1.16s/step]Training:  46%|████▌     | 5505/12000 [1:55:38<2:05:20,  1.16s/step]Training:  46%|████▌     | 5506/12000 [1:55:39<2:05:20,  1.16s/step]Training:  46%|████▌     | 5507/12000 [1:55:40<2:05:15,  1.16s/step]Training:  46%|████▌     | 5508/12000 [1:55:41<2:05:13,  1.16s/step]Training:  46%|████▌     | 5509/12000 [1:55:43<2:05:16,  1.16s/step]Training:  46%|████▌     | 5510/12000 [1:55:44<2:06:28,  1.17s/step]Training:  46%|████▌     | 5511/12000 [1:55:45<2:07:30,  1.18s/step]Training:  46%|████▌     | 5512/12000 [1:55:46<2:08:02,  1.18s/step]Training:  46%|████▌     | 5513/12000 [1:55:47<2:07:29,  1.18s/step]Training:  46%|████▌     | 5514/12000 [1:55:49<2:07:14,  1.18s/step]Training:  46%|████▌     | 5515/12000 [1:55:50<2:06:58,  1.17s/step]Training:  46%|████▌     | 5516/12000 [1:55:51<2:06:24,  1.17s/step]Training:  46%|████▌     | 5517/12000 [1:55:52<2:05:58,  1.17s/step]Training:  46%|████▌     | 5518/12000 [1:55:53<2:05:42,  1.16s/step]Training:  46%|████▌     | 5519/12000 [1:55:54<2:05:30,  1.16s/step]Training:  46%|████▌     | 5520/12000 [1:55:55<2:05:19,  1.16s/step]Training:  46%|████▌     | 5521/12000 [1:55:57<2:05:12,  1.16s/step]Training:  46%|████▌     | 5522/12000 [1:55:58<2:05:08,  1.16s/step]Training:  46%|████▌     | 5523/12000 [1:55:59<2:05:02,  1.16s/step]Training:  46%|████▌     | 5524/12000 [1:56:00<2:04:59,  1.16s/step]Training:  46%|████▌     | 5525/12000 [1:56:01<1:49:51,  1.02s/step]Training:  46%|████▌     | 5526/12000 [1:56:04<3:04:11,  1.71s/step]Training:  46%|████▌     | 5527/12000 [1:56:05<2:48:09,  1.56s/step]Training:  46%|████▌     | 5528/12000 [1:56:07<2:36:59,  1.46s/step]Training:  46%|████▌     | 5529/12000 [1:56:08<2:28:19,  1.38s/step]Training:  46%|████▌     | 5530/12000 [1:56:09<2:21:15,  1.31s/step]Training:  46%|████▌     | 5531/12000 [1:56:10<2:16:17,  1.26s/step]Training:  46%|████▌     | 5532/12000 [1:56:11<2:13:24,  1.24s/step]Training:  46%|████▌     | 5533/12000 [1:56:12<2:10:50,  1.21s/step]Training:  46%|████▌     | 5534/12000 [1:56:14<2:09:00,  1.20s/step]Training:  46%|████▌     | 5535/12000 [1:56:15<2:07:41,  1.19s/step]Training:  46%|████▌     | 5536/12000 [1:56:16<2:06:47,  1.18s/step]Training:  46%|████▌     | 5537/12000 [1:56:17<2:06:05,  1.17s/step]Training:  46%|████▌     | 5538/12000 [1:56:18<2:05:36,  1.17s/step]Training:  46%|████▌     | 5539/12000 [1:56:19<2:05:21,  1.16s/step]Training:  46%|████▌     | 5540/12000 [1:56:20<2:05:06,  1.16s/step]Training:  46%|████▌     | 5541/12000 [1:56:22<2:04:54,  1.16s/step]Training:  46%|████▌     | 5542/12000 [1:56:23<2:05:38,  1.17s/step]Training:  46%|████▌     | 5543/12000 [1:56:24<2:05:48,  1.17s/step]Training:  46%|████▌     | 5544/12000 [1:56:25<2:06:20,  1.17s/step]Training:  46%|████▌     | 5545/12000 [1:56:26<2:06:56,  1.18s/step]Training:  46%|████▌     | 5546/12000 [1:56:28<2:07:25,  1.18s/step]Training:  46%|████▌     | 5547/12000 [1:56:29<2:06:54,  1.18s/step]Training:  46%|████▌     | 5548/12000 [1:56:30<2:06:36,  1.18s/step]Training:  46%|████▌     | 5549/12000 [1:56:31<2:06:02,  1.17s/step]Training:  46%|████▋     | 5550/12000 [1:56:32<2:05:30,  1.17s/step]Training:  46%|████▋     | 5551/12000 [1:56:33<2:05:04,  1.16s/step]Training:  46%|████▋     | 5552/12000 [1:56:35<2:04:45,  1.16s/step]Training:  46%|████▋     | 5553/12000 [1:56:36<2:04:32,  1.16s/step]Training:  46%|████▋     | 5554/12000 [1:56:37<2:04:27,  1.16s/step]Training:  46%|████▋     | 5555/12000 [1:56:38<2:04:22,  1.16s/step]Training:  46%|████▋     | 5556/12000 [1:56:39<2:04:20,  1.16s/step]Training:  46%|████▋     | 5557/12000 [1:56:40<2:04:16,  1.16s/step]Training:  46%|████▋     | 5558/12000 [1:56:41<2:04:12,  1.16s/step]Training:  46%|████▋     | 5559/12000 [1:56:43<2:04:13,  1.16s/step]Training:  46%|████▋     | 5560/12000 [1:56:44<2:04:07,  1.16s/step]Training:  46%|████▋     | 5561/12000 [1:56:45<2:04:09,  1.16s/step]Training:  46%|████▋     | 5562/12000 [1:56:46<2:04:13,  1.16s/step]Training:  46%|████▋     | 5563/12000 [1:56:47<2:04:08,  1.16s/step]Training:  46%|████▋     | 5564/12000 [1:56:48<2:04:02,  1.16s/step]Training:  46%|████▋     | 5565/12000 [1:56:50<2:04:01,  1.16s/step]Training:  46%|████▋     | 5566/12000 [1:56:51<2:03:54,  1.16s/step]Training:  46%|████▋     | 5567/12000 [1:56:52<2:03:57,  1.16s/step]Training:  46%|████▋     | 5568/12000 [1:56:53<2:04:27,  1.16s/step]Training:  46%|████▋     | 5569/12000 [1:56:54<2:04:18,  1.16s/step]Training:  46%|████▋     | 5570/12000 [1:56:55<2:04:21,  1.16s/step]Training:  46%|████▋     | 5571/12000 [1:56:57<2:05:27,  1.17s/step]Training:  46%|████▋     | 5572/12000 [1:56:58<2:06:15,  1.18s/step]Training:  46%|████▋     | 5573/12000 [1:56:59<2:06:26,  1.18s/step]Training:  46%|████▋     | 5574/12000 [1:57:00<2:05:48,  1.17s/step]Training:  46%|████▋     | 5575/12000 [1:57:01<2:05:31,  1.17s/step]Training:  46%|████▋     | 5576/12000 [1:57:02<2:05:16,  1.17s/step]Training:  46%|████▋     | 5577/12000 [1:57:04<2:05:49,  1.18s/step]Training:  46%|████▋     | 5578/12000 [1:57:05<2:05:19,  1.17s/step]Training:  46%|████▋     | 5579/12000 [1:57:06<2:05:34,  1.17s/step]Training:  46%|████▋     | 5580/12000 [1:57:07<2:04:58,  1.17s/step]Training:  47%|████▋     | 5581/12000 [1:57:08<2:04:52,  1.17s/step]Training:  47%|████▋     | 5582/12000 [1:57:09<2:04:27,  1.16s/step]Training:  47%|████▋     | 5583/12000 [1:57:11<2:04:14,  1.16s/step]Training:  47%|████▋     | 5584/12000 [1:57:12<2:04:01,  1.16s/step]Training:  47%|████▋     | 5585/12000 [1:57:13<2:03:55,  1.16s/step]Training:  47%|████▋     | 5586/12000 [1:57:14<2:03:50,  1.16s/step]Training:  47%|████▋     | 5587/12000 [1:57:15<2:03:43,  1.16s/step]Training:  47%|████▋     | 5588/12000 [1:57:16<2:03:37,  1.16s/step]Training:  47%|████▋     | 5589/12000 [1:57:18<2:03:29,  1.16s/step]Training:  47%|████▋     | 5590/12000 [1:57:19<2:03:30,  1.16s/step]Training:  47%|████▋     | 5591/12000 [1:57:20<2:03:29,  1.16s/step]Training:  47%|████▋     | 5592/12000 [1:57:21<2:03:25,  1.16s/step]Training:  47%|████▋     | 5593/12000 [1:57:22<2:03:28,  1.16s/step]Training:  47%|████▋     | 5594/12000 [1:57:23<2:03:36,  1.16s/step]Training:  47%|████▋     | 5595/12000 [1:57:24<2:03:43,  1.16s/step]Training:  47%|████▋     | 5596/12000 [1:57:26<2:04:27,  1.17s/step]Training:  47%|████▋     | 5597/12000 [1:57:27<2:05:17,  1.17s/step]Training:  47%|████▋     | 5598/12000 [1:57:28<2:05:30,  1.18s/step]Training:  47%|████▋     | 5599/12000 [1:57:29<2:05:11,  1.17s/step]Training:  47%|████▋     | 5600/12000 [1:57:30<2:04:42,  1.17s/step]INFO 2026-09-16 05:51:35 ot_train.py:670 step:6K smpl:358K ep:4K epch:13.19 loss:0.076 grdn:1.005 lr:5.8e-05 updt_s:0.961 data_s:0.048 smp/s:63 mem_gb:14.26 losses_after_forward:0.070 losses_after_in_ep_bound:0.053 losses_after_rm_padding:0.053
Training:  47%|████▋     | 5601/12000 [1:57:32<2:04:16,  1.17s/step]Training:  47%|████▋     | 5602/12000 [1:57:33<2:03:58,  1.16s/step]Training:  47%|████▋     | 5603/12000 [1:57:34<2:03:46,  1.16s/step]Training:  47%|████▋     | 5604/12000 [1:57:35<2:04:11,  1.16s/step]Training:  47%|████▋     | 5605/12000 [1:57:36<2:03:57,  1.16s/step]Training:  47%|████▋     | 5606/12000 [1:57:37<2:05:13,  1.18s/step]Training:  47%|████▋     | 5607/12000 [1:57:39<2:04:54,  1.17s/step]Training:  47%|████▋     | 5608/12000 [1:57:40<2:04:38,  1.17s/step]Training:  47%|████▋     | 5609/12000 [1:57:41<2:04:35,  1.17s/step]Training:  47%|████▋     | 5610/12000 [1:57:42<2:04:20,  1.17s/step]Training:  47%|████▋     | 5611/12000 [1:57:43<2:04:31,  1.17s/step]Training:  47%|████▋     | 5612/12000 [1:57:44<2:04:07,  1.17s/step]Training:  47%|████▋     | 5613/12000 [1:57:46<2:03:53,  1.16s/step]Training:  47%|████▋     | 5614/12000 [1:57:47<2:03:39,  1.16s/step]Training:  47%|████▋     | 5615/12000 [1:57:48<2:03:24,  1.16s/step]Training:  47%|████▋     | 5616/12000 [1:57:49<2:03:19,  1.16s/step]Training:  47%|████▋     | 5617/12000 [1:57:50<2:03:15,  1.16s/step]Training:  47%|████▋     | 5618/12000 [1:57:51<2:03:23,  1.16s/step]Training:  47%|████▋     | 5619/12000 [1:57:52<2:03:35,  1.16s/step]Training:  47%|████▋     | 5620/12000 [1:57:54<2:03:59,  1.17s/step]Training:  47%|████▋     | 5621/12000 [1:57:55<2:04:43,  1.17s/step]Training:  47%|████▋     | 5622/12000 [1:57:56<2:04:50,  1.17s/step]Training:  47%|████▋     | 5623/12000 [1:57:57<2:04:15,  1.17s/step]Training:  47%|████▋     | 5624/12000 [1:57:58<2:03:48,  1.17s/step]Training:  47%|████▋     | 5625/12000 [1:57:59<2:03:30,  1.16s/step]Training:  47%|████▋     | 5626/12000 [1:58:01<2:03:15,  1.16s/step]Training:  47%|████▋     | 5627/12000 [1:58:02<2:03:05,  1.16s/step]Training:  47%|████▋     | 5628/12000 [1:58:03<2:03:18,  1.16s/step]Training:  47%|████▋     | 5629/12000 [1:58:04<2:03:07,  1.16s/step]Training:  47%|████▋     | 5630/12000 [1:58:05<2:02:59,  1.16s/step]Training:  47%|████▋     | 5631/12000 [1:58:06<2:02:53,  1.16s/step]Training:  47%|████▋     | 5632/12000 [1:58:08<2:02:50,  1.16s/step]Training:  47%|████▋     | 5633/12000 [1:58:09<2:02:45,  1.16s/step]Training:  47%|████▋     | 5634/12000 [1:58:10<2:02:41,  1.16s/step]Training:  47%|████▋     | 5635/12000 [1:58:11<2:02:41,  1.16s/step]Training:  47%|████▋     | 5636/12000 [1:58:12<2:02:38,  1.16s/step]Training:  47%|████▋     | 5637/12000 [1:58:13<2:02:40,  1.16s/step]Training:  47%|████▋     | 5638/12000 [1:58:15<2:02:55,  1.16s/step]Training:  47%|████▋     | 5639/12000 [1:58:16<2:03:16,  1.16s/step]Training:  47%|████▋     | 5640/12000 [1:58:17<2:03:20,  1.16s/step]Training:  47%|████▋     | 5641/12000 [1:58:18<2:03:34,  1.17s/step]Training:  47%|████▋     | 5642/12000 [1:58:19<2:03:22,  1.16s/step]Training:  47%|████▋     | 5643/12000 [1:58:20<2:03:02,  1.16s/step]Training:  47%|████▋     | 5644/12000 [1:58:22<2:02:52,  1.16s/step]Training:  47%|████▋     | 5645/12000 [1:58:23<2:03:21,  1.16s/step]Training:  47%|████▋     | 5646/12000 [1:58:24<2:04:12,  1.17s/step]Training:  47%|████▋     | 5647/12000 [1:58:25<2:05:01,  1.18s/step]Training:  47%|████▋     | 5648/12000 [1:58:26<2:04:52,  1.18s/step]Training:  47%|████▋     | 5649/12000 [1:58:27<2:04:07,  1.17s/step]Training:  47%|████▋     | 5650/12000 [1:58:29<2:03:33,  1.17s/step]Training:  47%|████▋     | 5651/12000 [1:58:30<2:03:10,  1.16s/step]Training:  47%|████▋     | 5652/12000 [1:58:31<2:02:53,  1.16s/step]Training:  47%|████▋     | 5653/12000 [1:58:32<2:02:39,  1.16s/step]Training:  47%|████▋     | 5654/12000 [1:58:33<2:02:33,  1.16s/step]Training:  47%|████▋     | 5655/12000 [1:58:34<2:02:54,  1.16s/step]Training:  47%|████▋     | 5656/12000 [1:58:36<2:02:42,  1.16s/step]Training:  47%|████▋     | 5657/12000 [1:58:37<2:03:15,  1.17s/step]Training:  47%|████▋     | 5658/12000 [1:58:38<2:03:29,  1.17s/step]Training:  47%|████▋     | 5659/12000 [1:58:39<2:03:02,  1.16s/step]Training:  47%|████▋     | 5660/12000 [1:58:40<2:02:45,  1.16s/step]Training:  47%|████▋     | 5661/12000 [1:58:41<2:02:35,  1.16s/step]Training:  47%|████▋     | 5662/12000 [1:58:43<2:02:29,  1.16s/step]Training:  47%|████▋     | 5663/12000 [1:58:44<2:02:20,  1.16s/step]Training:  47%|████▋     | 5664/12000 [1:58:45<2:02:13,  1.16s/step]Training:  47%|████▋     | 5665/12000 [1:58:46<2:02:08,  1.16s/step]Training:  47%|████▋     | 5666/12000 [1:58:47<2:02:38,  1.16s/step]Training:  47%|████▋     | 5667/12000 [1:58:48<2:02:26,  1.16s/step]Training:  47%|████▋     | 5668/12000 [1:58:49<2:02:15,  1.16s/step]Training:  47%|████▋     | 5669/12000 [1:58:51<2:02:45,  1.16s/step]Training:  47%|████▋     | 5670/12000 [1:58:52<2:04:22,  1.18s/step]Training:  47%|████▋     | 5671/12000 [1:58:53<2:05:04,  1.19s/step]Training:  47%|████▋     | 5672/12000 [1:58:54<2:04:47,  1.18s/step]Training:  47%|████▋     | 5673/12000 [1:58:55<2:04:05,  1.18s/step]Training:  47%|████▋     | 5674/12000 [1:58:57<2:03:52,  1.17s/step]Training:  47%|████▋     | 5675/12000 [1:58:58<2:03:12,  1.17s/step]Training:  47%|████▋     | 5676/12000 [1:58:59<2:03:21,  1.17s/step]Training:  47%|████▋     | 5677/12000 [1:59:00<2:02:55,  1.17s/step]Training:  47%|████▋     | 5678/12000 [1:59:01<2:02:37,  1.16s/step]Training:  47%|████▋     | 5679/12000 [1:59:02<2:02:19,  1.16s/step]Training:  47%|████▋     | 5680/12000 [1:59:04<2:02:04,  1.16s/step]Training:  47%|████▋     | 5681/12000 [1:59:05<2:01:56,  1.16s/step]Training:  47%|████▋     | 5682/12000 [1:59:06<2:01:53,  1.16s/step]Training:  47%|████▋     | 5683/12000 [1:59:07<2:01:52,  1.16s/step]Training:  47%|████▋     | 5684/12000 [1:59:08<2:01:43,  1.16s/step]Training:  47%|████▋     | 5685/12000 [1:59:09<2:01:41,  1.16s/step]Training:  47%|████▋     | 5686/12000 [1:59:10<2:02:05,  1.16s/step]Training:  47%|████▋     | 5687/12000 [1:59:12<2:02:07,  1.16s/step]Training:  47%|████▋     | 5688/12000 [1:59:13<2:02:01,  1.16s/step]Training:  47%|████▋     | 5689/12000 [1:59:14<2:01:48,  1.16s/step]Training:  47%|████▋     | 5690/12000 [1:59:15<2:01:40,  1.16s/step]Training:  47%|████▋     | 5691/12000 [1:59:16<2:01:33,  1.16s/step]Training:  47%|████▋     | 5692/12000 [1:59:17<2:01:34,  1.16s/step]Training:  47%|████▋     | 5693/12000 [1:59:19<2:01:35,  1.16s/step]Training:  47%|████▋     | 5694/12000 [1:59:20<2:01:39,  1.16s/step]Training:  47%|████▋     | 5695/12000 [1:59:21<2:01:58,  1.16s/step]Training:  47%|████▋     | 5696/12000 [1:59:22<2:02:15,  1.16s/step]Training:  47%|████▋     | 5697/12000 [1:59:23<2:02:36,  1.17s/step]Training:  47%|████▋     | 5698/12000 [1:59:24<2:03:35,  1.18s/step]Training:  47%|████▋     | 5699/12000 [1:59:26<2:02:52,  1.17s/step]Training:  48%|████▊     | 5700/12000 [1:59:27<2:02:23,  1.17s/step]Training:  48%|████▊     | 5701/12000 [1:59:28<2:02:09,  1.16s/step]Training:  48%|████▊     | 5702/12000 [1:59:29<2:02:35,  1.17s/step]Training:  48%|████▊     | 5703/12000 [1:59:30<2:02:40,  1.17s/step]Training:  48%|████▊     | 5704/12000 [1:59:31<2:02:40,  1.17s/step]Training:  48%|████▊     | 5705/12000 [1:59:33<2:02:41,  1.17s/step]Training:  48%|████▊     | 5706/12000 [1:59:34<2:02:12,  1.17s/step]Training:  48%|████▊     | 5707/12000 [1:59:35<2:02:17,  1.17s/step]Training:  48%|████▊     | 5708/12000 [1:59:36<2:01:58,  1.16s/step]Training:  48%|████▊     | 5709/12000 [1:59:37<2:01:51,  1.16s/step]Training:  48%|████▊     | 5710/12000 [1:59:38<2:01:41,  1.16s/step]Training:  48%|████▊     | 5711/12000 [1:59:40<2:01:30,  1.16s/step]Training:  48%|████▊     | 5712/12000 [1:59:41<2:01:16,  1.16s/step]Training:  48%|████▊     | 5713/12000 [1:59:42<2:01:14,  1.16s/step]Training:  48%|████▊     | 5714/12000 [1:59:43<2:01:50,  1.16s/step]Training:  48%|████▊     | 5715/12000 [1:59:44<2:01:48,  1.16s/step]Training:  48%|████▊     | 5716/12000 [1:59:45<2:01:37,  1.16s/step]Training:  48%|████▊     | 5717/12000 [1:59:47<2:01:23,  1.16s/step]Training:  48%|████▊     | 5718/12000 [1:59:48<2:01:20,  1.16s/step]Training:  48%|████▊     | 5719/12000 [1:59:49<2:01:09,  1.16s/step]Training:  48%|████▊     | 5720/12000 [1:59:50<2:01:14,  1.16s/step]Training:  48%|████▊     | 5721/12000 [1:59:51<2:02:00,  1.17s/step]Training:  48%|████▊     | 5722/12000 [1:59:52<2:02:07,  1.17s/step]Training:  48%|████▊     | 5723/12000 [1:59:54<2:02:56,  1.18s/step]Training:  48%|████▊     | 5724/12000 [1:59:55<2:02:21,  1.17s/step]Training:  48%|████▊     | 5725/12000 [1:59:56<2:01:56,  1.17s/step]Training:  48%|████▊     | 5726/12000 [1:59:57<2:01:33,  1.16s/step]Training:  48%|████▊     | 5727/12000 [1:59:58<2:01:20,  1.16s/step]Training:  48%|████▊     | 5728/12000 [1:59:59<2:01:10,  1.16s/step]Training:  48%|████▊     | 5729/12000 [2:00:00<2:01:01,  1.16s/step]Training:  48%|████▊     | 5730/12000 [2:00:02<2:00:56,  1.16s/step]Training:  48%|████▊     | 5731/12000 [2:00:03<2:00:49,  1.16s/step]Training:  48%|████▊     | 5732/12000 [2:00:04<2:00:51,  1.16s/step]Training:  48%|████▊     | 5733/12000 [2:00:05<2:01:13,  1.16s/step]Training:  48%|████▊     | 5734/12000 [2:00:06<2:01:35,  1.16s/step]Training:  48%|████▊     | 5735/12000 [2:00:07<2:01:44,  1.17s/step]Training:  48%|████▊     | 5736/12000 [2:00:09<2:01:38,  1.17s/step]Training:  48%|████▊     | 5737/12000 [2:00:10<2:01:28,  1.16s/step]Training:  48%|████▊     | 5738/12000 [2:00:11<2:01:28,  1.16s/step]Training:  48%|████▊     | 5739/12000 [2:00:12<2:01:22,  1.16s/step]Training:  48%|████▊     | 5740/12000 [2:00:13<2:01:58,  1.17s/step]Training:  48%|████▊     | 5741/12000 [2:00:14<2:01:48,  1.17s/step]Training:  48%|████▊     | 5742/12000 [2:00:16<2:01:40,  1.17s/step]Training:  48%|████▊     | 5743/12000 [2:00:17<2:01:16,  1.16s/step]Training:  48%|████▊     | 5744/12000 [2:00:18<2:01:35,  1.17s/step]Training:  48%|████▊     | 5745/12000 [2:00:19<2:02:18,  1.17s/step]Training:  48%|████▊     | 5746/12000 [2:00:20<2:02:14,  1.17s/step]Training:  48%|████▊     | 5747/12000 [2:00:22<2:03:31,  1.19s/step]Training:  48%|████▊     | 5748/12000 [2:00:23<2:02:46,  1.18s/step]Training:  48%|████▊     | 5749/12000 [2:00:24<2:02:01,  1.17s/step]Training:  48%|████▊     | 5750/12000 [2:00:25<2:01:48,  1.17s/step]Training:  48%|████▊     | 5751/12000 [2:00:26<2:02:08,  1.17s/step]Training:  48%|████▊     | 5752/12000 [2:00:27<2:01:31,  1.17s/step]Training:  48%|████▊     | 5753/12000 [2:00:28<2:01:07,  1.16s/step]Training:  48%|████▊     | 5754/12000 [2:00:30<2:01:03,  1.16s/step]Training:  48%|████▊     | 5755/12000 [2:00:31<2:01:07,  1.16s/step]Training:  48%|████▊     | 5756/12000 [2:00:32<2:00:51,  1.16s/step]Training:  48%|████▊     | 5757/12000 [2:00:33<2:00:36,  1.16s/step]Training:  48%|████▊     | 5758/12000 [2:00:34<2:00:25,  1.16s/step]Training:  48%|████▊     | 5759/12000 [2:00:35<2:00:16,  1.16s/step]Training:  48%|████▊     | 5760/12000 [2:00:37<2:00:13,  1.16s/step]Training:  48%|████▊     | 5761/12000 [2:00:38<2:00:09,  1.16s/step]Training:  48%|████▊     | 5762/12000 [2:00:39<2:00:06,  1.16s/step]Training:  48%|████▊     | 5763/12000 [2:00:40<2:00:03,  1.15s/step]Training:  48%|████▊     | 5764/12000 [2:00:41<2:00:02,  1.15s/step]Training:  48%|████▊     | 5765/12000 [2:00:42<1:59:59,  1.15s/step]Training:  48%|████▊     | 5766/12000 [2:00:44<1:59:59,  1.15s/step]Training:  48%|████▊     | 5767/12000 [2:00:45<1:59:56,  1.15s/step]Training:  48%|████▊     | 5768/12000 [2:00:46<1:59:59,  1.16s/step]Training:  48%|████▊     | 5769/12000 [2:00:47<2:00:08,  1.16s/step]Training:  48%|████▊     | 5770/12000 [2:00:48<2:01:07,  1.17s/step]Training:  48%|████▊     | 5771/12000 [2:00:49<2:02:24,  1.18s/step]Training:  48%|████▊     | 5772/12000 [2:00:51<2:03:16,  1.19s/step]Training:  48%|████▊     | 5773/12000 [2:00:52<2:03:16,  1.19s/step]Training:  48%|████▊     | 5774/12000 [2:00:53<2:02:27,  1.18s/step]Training:  48%|████▊     | 5775/12000 [2:00:54<2:01:52,  1.17s/step]Training:  48%|████▊     | 5776/12000 [2:00:55<2:01:23,  1.17s/step]Training:  48%|████▊     | 5777/12000 [2:00:56<2:00:56,  1.17s/step]Training:  48%|████▊     | 5778/12000 [2:00:58<2:00:34,  1.16s/step]Training:  48%|████▊     | 5779/12000 [2:00:59<2:00:17,  1.16s/step]Training:  48%|████▊     | 5780/12000 [2:01:00<2:00:04,  1.16s/step]Training:  48%|████▊     | 5781/12000 [2:01:01<2:00:07,  1.16s/step]Training:  48%|████▊     | 5782/12000 [2:01:02<2:00:03,  1.16s/step]Training:  48%|████▊     | 5783/12000 [2:01:03<2:00:05,  1.16s/step]Training:  48%|████▊     | 5784/12000 [2:01:05<2:00:01,  1.16s/step]Training:  48%|████▊     | 5785/12000 [2:01:06<1:59:59,  1.16s/step]Training:  48%|████▊     | 5786/12000 [2:01:07<2:00:30,  1.16s/step]Training:  48%|████▊     | 5787/12000 [2:01:08<2:00:20,  1.16s/step]Training:  48%|████▊     | 5788/12000 [2:01:09<2:00:08,  1.16s/step]Training:  48%|████▊     | 5789/12000 [2:01:10<2:00:00,  1.16s/step]Training:  48%|████▊     | 5790/12000 [2:01:11<1:59:55,  1.16s/step]Training:  48%|████▊     | 5791/12000 [2:01:13<1:59:52,  1.16s/step]Training:  48%|████▊     | 5792/12000 [2:01:14<1:59:53,  1.16s/step]Training:  48%|████▊     | 5793/12000 [2:01:15<1:59:54,  1.16s/step]Training:  48%|████▊     | 5794/12000 [2:01:16<1:59:58,  1.16s/step]Training:  48%|████▊     | 5795/12000 [2:01:17<1:59:59,  1.16s/step]Training:  48%|████▊     | 5796/12000 [2:01:18<2:00:12,  1.16s/step]Training:  48%|████▊     | 5797/12000 [2:01:20<2:00:38,  1.17s/step]Training:  48%|████▊     | 5798/12000 [2:01:21<2:01:21,  1.17s/step]Training:  48%|████▊     | 5799/12000 [2:01:22<2:01:42,  1.18s/step]Training:  48%|████▊     | 5800/12000 [2:01:23<2:01:35,  1.18s/step]INFO 2026-09-16 05:55:28 ot_train.py:670 step:6K smpl:371K ep:5K epch:13.66 loss:0.073 grdn:0.965 lr:5.5e-05 updt_s:0.961 data_s:0.038 smp/s:64 mem_gb:14.29 losses_after_forward:0.068 losses_after_in_ep_bound:0.051 losses_after_rm_padding:0.051
Training:  48%|████▊     | 5801/12000 [2:01:24<2:01:03,  1.17s/step]Training:  48%|████▊     | 5802/12000 [2:01:25<2:00:49,  1.17s/step]Training:  48%|████▊     | 5803/12000 [2:01:27<2:00:50,  1.17s/step]Training:  48%|████▊     | 5804/12000 [2:01:28<2:00:56,  1.17s/step]Training:  48%|████▊     | 5805/12000 [2:01:29<2:01:53,  1.18s/step]Training:  48%|████▊     | 5806/12000 [2:01:30<2:01:11,  1.17s/step]Training:  48%|████▊     | 5807/12000 [2:01:31<2:01:39,  1.18s/step]Training:  48%|████▊     | 5808/12000 [2:01:33<2:01:00,  1.17s/step]Training:  48%|████▊     | 5809/12000 [2:01:34<2:00:32,  1.17s/step]Training:  48%|████▊     | 5810/12000 [2:01:35<2:00:16,  1.17s/step]Training:  48%|████▊     | 5811/12000 [2:01:36<2:00:08,  1.16s/step]Training:  48%|████▊     | 5812/12000 [2:01:37<1:59:58,  1.16s/step]Training:  48%|████▊     | 5813/12000 [2:01:38<1:59:48,  1.16s/step]Training:  48%|████▊     | 5814/12000 [2:01:40<1:59:45,  1.16s/step]Training:  48%|████▊     | 5815/12000 [2:01:41<1:59:39,  1.16s/step]Training:  48%|████▊     | 5816/12000 [2:01:42<1:59:36,  1.16s/step]Training:  48%|████▊     | 5817/12000 [2:01:43<1:59:35,  1.16s/step]Training:  48%|████▊     | 5818/12000 [2:01:44<1:59:33,  1.16s/step]Training:  48%|████▊     | 5819/12000 [2:01:45<1:59:46,  1.16s/step]Training:  48%|████▊     | 5820/12000 [2:01:46<2:00:15,  1.17s/step]Training:  49%|████▊     | 5821/12000 [2:01:48<2:00:50,  1.17s/step]Training:  49%|████▊     | 5822/12000 [2:01:49<2:01:09,  1.18s/step]Training:  49%|████▊     | 5823/12000 [2:01:50<2:00:36,  1.17s/step]Training:  49%|████▊     | 5824/12000 [2:01:51<2:00:10,  1.17s/step]Training:  49%|████▊     | 5825/12000 [2:01:52<1:59:53,  1.16s/step]Training:  49%|████▊     | 5826/12000 [2:01:54<2:00:00,  1.17s/step]Training:  49%|████▊     | 5827/12000 [2:01:55<1:59:43,  1.16s/step]Training:  49%|████▊     | 5828/12000 [2:01:56<1:59:33,  1.16s/step]Training:  49%|████▊     | 5829/12000 [2:01:57<1:59:28,  1.16s/step]Training:  49%|████▊     | 5830/12000 [2:01:58<1:59:24,  1.16s/step]Training:  49%|████▊     | 5831/12000 [2:01:59<1:59:51,  1.17s/step]Training:  49%|████▊     | 5832/12000 [2:02:00<1:59:35,  1.16s/step]Training:  49%|████▊     | 5833/12000 [2:02:02<1:59:31,  1.16s/step]Training:  49%|████▊     | 5834/12000 [2:02:03<2:00:18,  1.17s/step]Training:  49%|████▊     | 5835/12000 [2:02:04<2:00:14,  1.17s/step]Training:  49%|████▊     | 5836/12000 [2:02:05<2:00:38,  1.17s/step]Training:  49%|████▊     | 5837/12000 [2:02:06<2:01:08,  1.18s/step]Training:  49%|████▊     | 5838/12000 [2:02:08<2:00:32,  1.17s/step]Training:  49%|████▊     | 5839/12000 [2:02:09<2:00:03,  1.17s/step]Training:  49%|████▊     | 5840/12000 [2:02:10<1:59:43,  1.17s/step]Training:  49%|████▊     | 5841/12000 [2:02:11<1:59:33,  1.16s/step]Training:  49%|████▊     | 5842/12000 [2:02:12<1:59:59,  1.17s/step]Training:  49%|████▊     | 5843/12000 [2:02:13<2:00:16,  1.17s/step]Training:  49%|████▊     | 5844/12000 [2:02:15<2:00:46,  1.18s/step]Training:  49%|████▊     | 5845/12000 [2:02:16<2:00:55,  1.18s/step]Training:  49%|████▊     | 5846/12000 [2:02:17<2:00:38,  1.18s/step]Training:  49%|████▊     | 5847/12000 [2:02:18<2:00:26,  1.17s/step]Training:  49%|████▊     | 5848/12000 [2:02:19<1:59:53,  1.17s/step]Training:  49%|████▊     | 5849/12000 [2:02:20<1:59:32,  1.17s/step]Training:  49%|████▉     | 5850/12000 [2:02:22<1:59:25,  1.17s/step]Training:  49%|████▉     | 5851/12000 [2:02:23<1:59:13,  1.16s/step]Training:  49%|████▉     | 5852/12000 [2:02:24<1:59:05,  1.16s/step]Training:  49%|████▉     | 5853/12000 [2:02:25<1:58:59,  1.16s/step]Training:  49%|████▉     | 5854/12000 [2:02:26<1:58:57,  1.16s/step]Training:  49%|████▉     | 5855/12000 [2:02:27<1:58:51,  1.16s/step]Training:  49%|████▉     | 5856/12000 [2:02:29<1:58:46,  1.16s/step]Training:  49%|████▉     | 5857/12000 [2:02:30<1:58:45,  1.16s/step]Training:  49%|████▉     | 5858/12000 [2:02:31<1:58:50,  1.16s/step]Training:  49%|████▉     | 5859/12000 [2:02:32<1:59:25,  1.17s/step]Training:  49%|████▉     | 5860/12000 [2:02:33<1:59:08,  1.16s/step]Training:  49%|████▉     | 5861/12000 [2:02:34<1:58:58,  1.16s/step]Training:  49%|████▉     | 5862/12000 [2:02:36<1:59:29,  1.17s/step]Training:  49%|████▉     | 5863/12000 [2:02:37<2:00:04,  1.17s/step]Training:  49%|████▉     | 5864/12000 [2:02:38<1:59:52,  1.17s/step]Training:  49%|████▉     | 5865/12000 [2:02:39<1:59:50,  1.17s/step]Training:  49%|████▉     | 5866/12000 [2:02:40<2:00:32,  1.18s/step]Training:  49%|████▉     | 5867/12000 [2:02:41<2:01:23,  1.19s/step]Training:  49%|████▉     | 5868/12000 [2:02:43<2:01:03,  1.18s/step]Training:  49%|████▉     | 5869/12000 [2:02:44<2:00:34,  1.18s/step]Training:  49%|████▉     | 5870/12000 [2:02:45<1:59:59,  1.17s/step]Training:  49%|████▉     | 5871/12000 [2:02:46<1:59:39,  1.17s/step]Training:  49%|████▉     | 5872/12000 [2:02:47<1:59:43,  1.17s/step]Training:  49%|████▉     | 5873/12000 [2:02:48<1:59:22,  1.17s/step]Training:  49%|████▉     | 5874/12000 [2:02:50<1:59:06,  1.17s/step]Training:  49%|████▉     | 5875/12000 [2:02:51<1:58:53,  1.16s/step]Training:  49%|████▉     | 5876/12000 [2:02:52<1:58:43,  1.16s/step]Training:  49%|████▉     | 5877/12000 [2:02:53<1:58:39,  1.16s/step]Training:  49%|████▉     | 5878/12000 [2:02:54<1:59:09,  1.17s/step]Training:  49%|████▉     | 5879/12000 [2:02:55<1:58:58,  1.17s/step]Training:  49%|████▉     | 5880/12000 [2:02:57<1:58:47,  1.16s/step]Training:  49%|████▉     | 5881/12000 [2:02:58<1:59:05,  1.17s/step]Training:  49%|████▉     | 5882/12000 [2:02:59<1:58:47,  1.16s/step]Training:  49%|████▉     | 5883/12000 [2:03:00<1:59:03,  1.17s/step]Training:  49%|████▉     | 5884/12000 [2:03:01<1:58:53,  1.17s/step]Training:  49%|████▉     | 5885/12000 [2:03:02<1:58:42,  1.16s/step]Training:  49%|████▉     | 5886/12000 [2:03:04<1:58:33,  1.16s/step]Training:  49%|████▉     | 5887/12000 [2:03:05<1:58:23,  1.16s/step]Training:  49%|████▉     | 5888/12000 [2:03:06<1:58:43,  1.17s/step]Training:  49%|████▉     | 5889/12000 [2:03:07<1:59:59,  1.18s/step]Training:  49%|████▉     | 5890/12000 [2:03:08<2:00:49,  1.19s/step]Training:  49%|████▉     | 5891/12000 [2:03:10<2:00:01,  1.18s/step]Training:  49%|████▉     | 5892/12000 [2:03:11<1:59:23,  1.17s/step]Training:  49%|████▉     | 5893/12000 [2:03:12<1:58:57,  1.17s/step]Training:  49%|████▉     | 5894/12000 [2:03:13<1:58:40,  1.17s/step]Training:  49%|████▉     | 5895/12000 [2:03:14<1:58:29,  1.16s/step]Training:  49%|████▉     | 5896/12000 [2:03:15<1:58:19,  1.16s/step]Training:  49%|████▉     | 5897/12000 [2:03:16<1:58:18,  1.16s/step]Training:  49%|████▉     | 5898/12000 [2:03:18<1:58:57,  1.17s/step]Training:  49%|████▉     | 5899/12000 [2:03:19<1:59:41,  1.18s/step]Training:  49%|████▉     | 5900/12000 [2:03:20<1:59:33,  1.18s/step]Training:  49%|████▉     | 5901/12000 [2:03:21<1:59:20,  1.17s/step]Training:  49%|████▉     | 5902/12000 [2:03:22<1:58:55,  1.17s/step]Training:  49%|████▉     | 5903/12000 [2:03:24<1:58:37,  1.17s/step]Training:  49%|████▉     | 5904/12000 [2:03:25<1:58:19,  1.16s/step]Training:  49%|████▉     | 5905/12000 [2:03:26<1:58:09,  1.16s/step]Training:  49%|████▉     | 5906/12000 [2:03:27<1:58:00,  1.16s/step]Training:  49%|████▉     | 5907/12000 [2:03:28<1:57:58,  1.16s/step]Training:  49%|████▉     | 5908/12000 [2:03:29<1:57:55,  1.16s/step]Training:  49%|████▉     | 5909/12000 [2:03:30<1:57:54,  1.16s/step]Training:  49%|████▉     | 5910/12000 [2:03:32<1:57:56,  1.16s/step]Training:  49%|████▉     | 5911/12000 [2:03:33<1:59:10,  1.17s/step]Training:  49%|████▉     | 5912/12000 [2:03:34<1:59:58,  1.18s/step]Training:  49%|████▉     | 5913/12000 [2:03:35<2:00:06,  1.18s/step]Training:  49%|████▉     | 5914/12000 [2:03:36<1:59:22,  1.18s/step]Training:  49%|████▉     | 5915/12000 [2:03:38<1:58:50,  1.17s/step]Training:  49%|████▉     | 5916/12000 [2:03:39<1:58:25,  1.17s/step]Training:  49%|████▉     | 5917/12000 [2:03:40<1:58:12,  1.17s/step]Training:  49%|████▉     | 5918/12000 [2:03:41<1:58:00,  1.16s/step]Training:  49%|████▉     | 5919/12000 [2:03:42<1:57:52,  1.16s/step]Training:  49%|████▉     | 5920/12000 [2:03:43<1:57:43,  1.16s/step]Training:  49%|████▉     | 5921/12000 [2:03:45<1:57:38,  1.16s/step]Training:  49%|████▉     | 5922/12000 [2:03:46<1:57:33,  1.16s/step]Training:  49%|████▉     | 5923/12000 [2:03:47<1:57:33,  1.16s/step]Training:  49%|████▉     | 5924/12000 [2:03:48<1:57:30,  1.16s/step]Training:  49%|████▉     | 5925/12000 [2:03:49<1:57:27,  1.16s/step]Training:  49%|████▉     | 5926/12000 [2:03:50<1:57:26,  1.16s/step]Training:  49%|████▉     | 5927/12000 [2:03:51<1:57:26,  1.16s/step]Training:  49%|████▉     | 5928/12000 [2:03:53<1:57:24,  1.16s/step]Training:  49%|████▉     | 5929/12000 [2:03:54<1:57:34,  1.16s/step]Training:  49%|████▉     | 5930/12000 [2:03:55<1:57:50,  1.16s/step]Training:  49%|████▉     | 5931/12000 [2:03:56<1:57:57,  1.17s/step]Training:  49%|████▉     | 5932/12000 [2:03:57<1:58:09,  1.17s/step]Training:  49%|████▉     | 5933/12000 [2:03:58<1:58:13,  1.17s/step]Training:  49%|████▉     | 5934/12000 [2:04:00<1:58:47,  1.17s/step]Training:  49%|████▉     | 5935/12000 [2:04:01<1:59:13,  1.18s/step]Training:  49%|████▉     | 5936/12000 [2:04:02<2:00:04,  1.19s/step]Training:  49%|████▉     | 5937/12000 [2:04:03<1:59:14,  1.18s/step]Training:  49%|████▉     | 5938/12000 [2:04:04<1:58:36,  1.17s/step]Training:  49%|████▉     | 5939/12000 [2:04:06<1:58:10,  1.17s/step]Training:  50%|████▉     | 5940/12000 [2:04:07<1:57:53,  1.17s/step]Training:  50%|████▉     | 5941/12000 [2:04:08<1:57:40,  1.17s/step]Training:  50%|████▉     | 5942/12000 [2:04:09<1:57:35,  1.16s/step]Training:  50%|████▉     | 5943/12000 [2:04:10<1:57:27,  1.16s/step]Training:  50%|████▉     | 5944/12000 [2:04:11<1:57:22,  1.16s/step]Training:  50%|████▉     | 5945/12000 [2:04:13<1:57:20,  1.16s/step]Training:  50%|████▉     | 5946/12000 [2:04:14<1:57:30,  1.16s/step]Training:  50%|████▉     | 5947/12000 [2:04:15<1:57:24,  1.16s/step]Training:  50%|████▉     | 5948/12000 [2:04:16<1:57:20,  1.16s/step]Training:  50%|████▉     | 5949/12000 [2:04:17<1:57:15,  1.16s/step]Training:  50%|████▉     | 5950/12000 [2:04:18<1:43:01,  1.02s/step]Training:  50%|████▉     | 5951/12000 [2:04:21<2:56:19,  1.75s/step]Training:  50%|████▉     | 5952/12000 [2:04:23<2:40:09,  1.59s/step]Training:  50%|████▉     | 5953/12000 [2:04:24<2:30:15,  1.49s/step]Training:  50%|████▉     | 5954/12000 [2:04:25<2:21:29,  1.40s/step]Training:  50%|████▉     | 5955/12000 [2:04:26<2:14:09,  1.33s/step]Training:  50%|████▉     | 5956/12000 [2:04:27<2:09:28,  1.29s/step]Training:  50%|████▉     | 5957/12000 [2:04:28<2:05:46,  1.25s/step]Training:  50%|████▉     | 5958/12000 [2:04:30<2:03:12,  1.22s/step]Training:  50%|████▉     | 5959/12000 [2:04:31<2:01:40,  1.21s/step]Training:  50%|████▉     | 5960/12000 [2:04:32<2:00:33,  1.20s/step]Training:  50%|████▉     | 5961/12000 [2:04:33<1:59:49,  1.19s/step]Training:  50%|████▉     | 5962/12000 [2:04:34<2:00:06,  1.19s/step]Training:  50%|████▉     | 5963/12000 [2:04:36<2:00:14,  1.20s/step]Training:  50%|████▉     | 5964/12000 [2:04:37<2:00:50,  1.20s/step]Training:  50%|████▉     | 5965/12000 [2:04:38<1:59:41,  1.19s/step]Training:  50%|████▉     | 5966/12000 [2:04:39<1:58:50,  1.18s/step]Training:  50%|████▉     | 5967/12000 [2:04:40<1:58:17,  1.18s/step]Training:  50%|████▉     | 5968/12000 [2:04:41<1:57:54,  1.17s/step]Training:  50%|████▉     | 5969/12000 [2:04:43<1:57:46,  1.17s/step]Training:  50%|████▉     | 5970/12000 [2:04:44<1:57:29,  1.17s/step]Training:  50%|████▉     | 5971/12000 [2:04:45<1:57:21,  1.17s/step]Training:  50%|████▉     | 5972/12000 [2:04:46<1:57:12,  1.17s/step]Training:  50%|████▉     | 5973/12000 [2:04:47<1:57:10,  1.17s/step]Training:  50%|████▉     | 5974/12000 [2:04:48<1:57:01,  1.17s/step]Training:  50%|████▉     | 5975/12000 [2:04:50<1:56:54,  1.16s/step]Training:  50%|████▉     | 5976/12000 [2:04:51<1:57:02,  1.17s/step]Training:  50%|████▉     | 5977/12000 [2:04:52<1:56:53,  1.16s/step]Training:  50%|████▉     | 5978/12000 [2:04:53<1:56:50,  1.16s/step]Training:  50%|████▉     | 5979/12000 [2:04:54<1:56:49,  1.16s/step]Training:  50%|████▉     | 5980/12000 [2:04:55<1:56:51,  1.16s/step]Training:  50%|████▉     | 5981/12000 [2:04:57<1:56:46,  1.16s/step]Training:  50%|████▉     | 5982/12000 [2:04:58<1:56:55,  1.17s/step]Training:  50%|████▉     | 5983/12000 [2:04:59<1:56:48,  1.16s/step]Training:  50%|████▉     | 5984/12000 [2:05:00<1:56:52,  1.17s/step]Training:  50%|████▉     | 5985/12000 [2:05:01<1:58:11,  1.18s/step]Training:  50%|████▉     | 5986/12000 [2:05:02<1:58:56,  1.19s/step]Training:  50%|████▉     | 5987/12000 [2:05:04<1:58:53,  1.19s/step]Training:  50%|████▉     | 5988/12000 [2:05:05<1:58:09,  1.18s/step]Training:  50%|████▉     | 5989/12000 [2:05:06<1:57:51,  1.18s/step]Training:  50%|████▉     | 5990/12000 [2:05:07<1:57:32,  1.17s/step]Training:  50%|████▉     | 5991/12000 [2:05:08<1:57:34,  1.17s/step]Training:  50%|████▉     | 5992/12000 [2:05:10<1:57:37,  1.17s/step]Training:  50%|████▉     | 5993/12000 [2:05:11<1:57:34,  1.17s/step]Training:  50%|████▉     | 5994/12000 [2:05:12<1:58:05,  1.18s/step]Training:  50%|████▉     | 5995/12000 [2:05:13<1:58:05,  1.18s/step]Training:  50%|████▉     | 5996/12000 [2:05:14<1:57:48,  1.18s/step]Training:  50%|████▉     | 5997/12000 [2:05:15<1:57:21,  1.17s/step]Training:  50%|████▉     | 5998/12000 [2:05:17<1:57:34,  1.18s/step]Training:  50%|████▉     | 5999/12000 [2:05:18<1:57:11,  1.17s/step]Training:  50%|█████     | 6000/12000 [2:05:19<1:57:04,  1.17s/step]INFO 2026-09-16 05:59:24 ot_train.py:670 step:6K smpl:384K ep:5K epch:14.13 loss:0.071 grdn:0.982 lr:5.3e-05 updt_s:0.965 data_s:0.049 smp/s:63 mem_gb:14.26 losses_after_forward:0.067 losses_after_in_ep_bound:0.050 losses_after_rm_padding:0.050
INFO 2026-09-16 05:59:24 ot_train.py:716 Checkpoint policy after step 6000
Training:  50%|█████     | 6001/12000 [2:05:47<15:10:12,  9.10s/step]Training:  50%|█████     | 6002/12000 [2:05:48<11:11:55,  6.72s/step]Training:  50%|█████     | 6003/12000 [2:05:49<8:24:56,  5.05s/step] Training:  50%|█████     | 6004/12000 [2:05:50<6:27:54,  3.88s/step]Training:  50%|█████     | 6005/12000 [2:05:51<5:06:34,  3.07s/step]Training:  50%|█████     | 6006/12000 [2:05:52<4:09:10,  2.49s/step]Training:  50%|█████     | 6007/12000 [2:05:53<3:28:59,  2.09s/step]Training:  50%|█████     | 6008/12000 [2:05:55<3:00:48,  1.81s/step]Training:  50%|█████     | 6009/12000 [2:05:56<2:41:04,  1.61s/step]Training:  50%|█████     | 6010/12000 [2:05:57<2:27:17,  1.48s/step]Training:  50%|█████     | 6011/12000 [2:05:58<2:17:57,  1.38s/step]Training:  50%|█████     | 6012/12000 [2:05:59<2:11:13,  1.31s/step]Training:  50%|█████     | 6013/12000 [2:06:00<2:07:22,  1.28s/step]Training:  50%|█████     | 6014/12000 [2:06:02<2:04:23,  1.25s/step]Training:  50%|█████     | 6015/12000 [2:06:03<2:02:43,  1.23s/step]Training:  50%|█████     | 6016/12000 [2:06:04<2:01:08,  1.21s/step]Training:  50%|█████     | 6017/12000 [2:06:05<1:59:17,  1.20s/step]Training:  50%|█████     | 6018/12000 [2:06:06<1:58:03,  1.18s/step]Training:  50%|█████     | 6019/12000 [2:06:07<1:57:10,  1.18s/step]Training:  50%|█████     | 6020/12000 [2:06:09<1:56:31,  1.17s/step]Training:  50%|█████     | 6021/12000 [2:06:10<1:56:25,  1.17s/step]Training:  50%|█████     | 6022/12000 [2:06:11<1:56:03,  1.16s/step]Training:  50%|█████     | 6023/12000 [2:06:12<1:55:44,  1.16s/step]Training:  50%|█████     | 6024/12000 [2:06:13<1:55:33,  1.16s/step]Training:  50%|█████     | 6025/12000 [2:06:14<1:55:22,  1.16s/step]Training:  50%|█████     | 6026/12000 [2:06:16<1:55:18,  1.16s/step]Training:  50%|█████     | 6027/12000 [2:06:17<1:55:15,  1.16s/step]Training:  50%|█████     | 6028/12000 [2:06:18<1:55:20,  1.16s/step]Training:  50%|█████     | 6029/12000 [2:06:19<1:55:17,  1.16s/step]Training:  50%|█████     | 6030/12000 [2:06:20<1:55:20,  1.16s/step]Training:  50%|█████     | 6031/12000 [2:06:21<1:55:40,  1.16s/step]Training:  50%|█████     | 6032/12000 [2:06:23<2:21:56,  1.43s/step]Training:  50%|█████     | 6033/12000 [2:06:25<2:14:08,  1.35s/step]Training:  50%|█████     | 6034/12000 [2:06:26<2:08:48,  1.30s/step]Training:  50%|█████     | 6035/12000 [2:06:27<2:04:43,  1.25s/step]Training:  50%|█████     | 6036/12000 [2:06:28<2:01:52,  1.23s/step]Training:  50%|█████     | 6037/12000 [2:06:29<1:59:56,  1.21s/step]Training:  50%|█████     | 6038/12000 [2:06:30<1:58:30,  1.19s/step]Training:  50%|█████     | 6039/12000 [2:06:32<1:57:28,  1.18s/step]Training:  50%|█████     | 6040/12000 [2:06:33<1:56:54,  1.18s/step]Training:  50%|█████     | 6041/12000 [2:06:34<1:56:25,  1.17s/step]Training:  50%|█████     | 6042/12000 [2:06:35<1:56:04,  1.17s/step]Training:  50%|█████     | 6043/12000 [2:06:36<1:56:27,  1.17s/step]Training:  50%|█████     | 6044/12000 [2:06:37<1:56:50,  1.18s/step]Training:  50%|█████     | 6045/12000 [2:06:39<1:57:13,  1.18s/step]Training:  50%|█████     | 6046/12000 [2:06:40<1:57:26,  1.18s/step]Training:  50%|█████     | 6047/12000 [2:06:41<1:56:46,  1.18s/step]Training:  50%|█████     | 6048/12000 [2:06:42<1:56:49,  1.18s/step]Training:  50%|█████     | 6049/12000 [2:06:43<1:56:21,  1.17s/step]Training:  50%|█████     | 6050/12000 [2:06:44<1:56:00,  1.17s/step]Training:  50%|█████     | 6051/12000 [2:06:46<1:55:44,  1.17s/step]Training:  50%|█████     | 6052/12000 [2:06:47<1:55:35,  1.17s/step]Training:  50%|█████     | 6053/12000 [2:06:48<1:55:30,  1.17s/step]Training:  50%|█████     | 6054/12000 [2:06:49<1:55:25,  1.16s/step]Training:  50%|█████     | 6055/12000 [2:06:50<1:55:39,  1.17s/step]Training:  50%|█████     | 6056/12000 [2:06:51<1:55:31,  1.17s/step]Training:  50%|█████     | 6057/12000 [2:06:53<1:55:27,  1.17s/step]Training:  50%|█████     | 6058/12000 [2:06:54<1:56:00,  1.17s/step]Training:  50%|█████     | 6059/12000 [2:06:55<1:55:58,  1.17s/step]Training:  50%|█████     | 6060/12000 [2:06:56<1:56:14,  1.17s/step]Training:  51%|█████     | 6061/12000 [2:06:57<1:55:57,  1.17s/step]Training:  51%|█████     | 6062/12000 [2:06:58<1:55:46,  1.17s/step]Training:  51%|█████     | 6063/12000 [2:07:00<1:55:54,  1.17s/step]Training:  51%|█████     | 6064/12000 [2:07:01<1:56:04,  1.17s/step]Training:  51%|█████     | 6065/12000 [2:07:02<1:57:39,  1.19s/step]Training:  51%|█████     | 6066/12000 [2:07:03<1:58:11,  1.20s/step]Training:  51%|█████     | 6067/12000 [2:07:04<1:57:37,  1.19s/step]Training:  51%|█████     | 6068/12000 [2:07:06<1:56:57,  1.18s/step]Training:  51%|█████     | 6069/12000 [2:07:07<1:56:28,  1.18s/step]Training:  51%|█████     | 6070/12000 [2:07:08<1:56:10,  1.18s/step]Training:  51%|█████     | 6071/12000 [2:07:09<1:55:52,  1.17s/step]Training:  51%|█████     | 6072/12000 [2:07:10<1:55:47,  1.17s/step]Training:  51%|█████     | 6073/12000 [2:07:11<1:55:38,  1.17s/step]Training:  51%|█████     | 6074/12000 [2:07:13<1:55:38,  1.17s/step]Training:  51%|█████     | 6075/12000 [2:07:14<1:55:33,  1.17s/step]Training:  51%|█████     | 6076/12000 [2:07:15<1:55:33,  1.17s/step]Training:  51%|█████     | 6077/12000 [2:07:16<1:55:33,  1.17s/step]Training:  51%|█████     | 6078/12000 [2:07:17<1:55:31,  1.17s/step]Training:  51%|█████     | 6079/12000 [2:07:18<1:55:31,  1.17s/step]Training:  51%|█████     | 6080/12000 [2:07:20<1:55:30,  1.17s/step]Training:  51%|█████     | 6081/12000 [2:07:21<1:55:25,  1.17s/step]Training:  51%|█████     | 6082/12000 [2:07:22<1:55:26,  1.17s/step]Training:  51%|█████     | 6083/12000 [2:07:23<1:55:56,  1.18s/step]Training:  51%|█████     | 6084/12000 [2:07:24<1:56:41,  1.18s/step]Training:  51%|█████     | 6085/12000 [2:07:26<1:57:13,  1.19s/step]Training:  51%|█████     | 6086/12000 [2:07:27<1:57:49,  1.20s/step]Training:  51%|█████     | 6087/12000 [2:07:28<1:57:06,  1.19s/step]Training:  51%|█████     | 6088/12000 [2:07:29<1:56:32,  1.18s/step]Training:  51%|█████     | 6089/12000 [2:07:30<1:56:10,  1.18s/step]Training:  51%|█████     | 6090/12000 [2:07:31<1:55:56,  1.18s/step]Training:  51%|█████     | 6091/12000 [2:07:33<1:55:49,  1.18s/step]Training:  51%|█████     | 6092/12000 [2:07:34<1:55:45,  1.18s/step]Training:  51%|█████     | 6093/12000 [2:07:35<1:55:32,  1.17s/step]Training:  51%|█████     | 6094/12000 [2:07:36<1:55:39,  1.17s/step]Training:  51%|█████     | 6095/12000 [2:07:37<1:55:46,  1.18s/step]Training:  51%|█████     | 6096/12000 [2:07:39<1:56:15,  1.18s/step]Training:  51%|█████     | 6097/12000 [2:07:40<1:56:12,  1.18s/step]Training:  51%|█████     | 6098/12000 [2:07:41<1:56:29,  1.18s/step]Training:  51%|█████     | 6099/12000 [2:07:42<1:56:40,  1.19s/step]Training:  51%|█████     | 6100/12000 [2:07:43<1:56:31,  1.19s/step]Training:  51%|█████     | 6101/12000 [2:07:44<1:56:13,  1.18s/step]Training:  51%|█████     | 6102/12000 [2:07:46<1:56:41,  1.19s/step]Training:  51%|█████     | 6103/12000 [2:07:47<1:57:26,  1.19s/step]Training:  51%|█████     | 6104/12000 [2:07:48<1:57:34,  1.20s/step]Training:  51%|█████     | 6105/12000 [2:07:49<1:56:47,  1.19s/step]Training:  51%|█████     | 6106/12000 [2:07:50<1:56:20,  1.18s/step]Training:  51%|█████     | 6107/12000 [2:07:52<1:55:55,  1.18s/step]Training:  51%|█████     | 6108/12000 [2:07:53<1:56:17,  1.18s/step]Training:  51%|█████     | 6109/12000 [2:07:54<1:55:54,  1.18s/step]Training:  51%|█████     | 6110/12000 [2:07:55<1:55:36,  1.18s/step]Training:  51%|█████     | 6111/12000 [2:07:56<1:55:25,  1.18s/step]Training:  51%|█████     | 6112/12000 [2:07:57<1:55:17,  1.17s/step]Training:  51%|█████     | 6113/12000 [2:07:59<1:55:08,  1.17s/step]Training:  51%|█████     | 6114/12000 [2:08:00<1:55:19,  1.18s/step]Training:  51%|█████     | 6115/12000 [2:08:01<1:55:12,  1.17s/step]Training:  51%|█████     | 6116/12000 [2:08:02<1:55:42,  1.18s/step]Training:  51%|█████     | 6117/12000 [2:08:03<1:55:27,  1.18s/step]Training:  51%|█████     | 6118/12000 [2:08:05<1:55:18,  1.18s/step]Training:  51%|█████     | 6119/12000 [2:08:06<1:55:04,  1.17s/step]Training:  51%|█████     | 6120/12000 [2:08:07<1:55:09,  1.18s/step]Training:  51%|█████     | 6121/12000 [2:08:08<1:55:52,  1.18s/step]Training:  51%|█████     | 6122/12000 [2:08:09<1:56:29,  1.19s/step]Training:  51%|█████     | 6123/12000 [2:08:10<1:56:17,  1.19s/step]Training:  51%|█████     | 6124/12000 [2:08:12<1:55:49,  1.18s/step]Training:  51%|█████     | 6125/12000 [2:08:13<1:55:30,  1.18s/step]Training:  51%|█████     | 6126/12000 [2:08:14<1:55:30,  1.18s/step]Training:  51%|█████     | 6127/12000 [2:08:15<1:55:38,  1.18s/step]Training:  51%|█████     | 6128/12000 [2:08:16<1:56:12,  1.19s/step]Training:  51%|█████     | 6129/12000 [2:08:18<1:56:25,  1.19s/step]Training:  51%|█████     | 6130/12000 [2:08:19<1:55:52,  1.18s/step]Training:  51%|█████     | 6131/12000 [2:08:20<1:55:23,  1.18s/step]Training:  51%|█████     | 6132/12000 [2:08:21<1:55:07,  1.18s/step]Training:  51%|█████     | 6133/12000 [2:08:22<1:54:53,  1.17s/step]Training:  51%|█████     | 6134/12000 [2:08:23<1:54:52,  1.18s/step]Training:  51%|█████     | 6135/12000 [2:08:25<1:54:40,  1.17s/step]Training:  51%|█████     | 6136/12000 [2:08:26<1:54:36,  1.17s/step]Training:  51%|█████     | 6137/12000 [2:08:27<1:54:32,  1.17s/step]Training:  51%|█████     | 6138/12000 [2:08:28<1:55:06,  1.18s/step]Training:  51%|█████     | 6139/12000 [2:08:29<1:56:14,  1.19s/step]Training:  51%|█████     | 6140/12000 [2:08:31<1:56:39,  1.19s/step]Training:  51%|█████     | 6141/12000 [2:08:32<1:56:10,  1.19s/step]Training:  51%|█████     | 6142/12000 [2:08:33<1:56:12,  1.19s/step]Training:  51%|█████     | 6143/12000 [2:08:34<1:56:09,  1.19s/step]Training:  51%|█████     | 6144/12000 [2:08:35<1:55:36,  1.18s/step]Training:  51%|█████     | 6145/12000 [2:08:36<1:55:10,  1.18s/step]Training:  51%|█████     | 6146/12000 [2:08:38<1:54:52,  1.18s/step]Training:  51%|█████     | 6147/12000 [2:08:39<1:54:37,  1.18s/step]Training:  51%|█████     | 6148/12000 [2:08:40<1:54:26,  1.17s/step]Training:  51%|█████     | 6149/12000 [2:08:41<1:54:20,  1.17s/step]Training:  51%|█████▏    | 6150/12000 [2:08:42<1:54:25,  1.17s/step]Training:  51%|█████▏    | 6151/12000 [2:08:43<1:54:18,  1.17s/step]Training:  51%|█████▏    | 6152/12000 [2:08:45<1:54:41,  1.18s/step]Training:  51%|█████▏    | 6153/12000 [2:08:46<1:54:30,  1.18s/step]Training:  51%|█████▏    | 6154/12000 [2:08:47<1:54:20,  1.17s/step]Training:  51%|█████▏    | 6155/12000 [2:08:48<1:54:15,  1.17s/step]Training:  51%|█████▏    | 6156/12000 [2:08:49<1:54:43,  1.18s/step]Training:  51%|█████▏    | 6157/12000 [2:08:51<1:54:59,  1.18s/step]Training:  51%|█████▏    | 6158/12000 [2:08:52<1:56:45,  1.20s/step]Training:  51%|█████▏    | 6159/12000 [2:08:53<1:56:23,  1.20s/step]Training:  51%|█████▏    | 6160/12000 [2:08:54<1:55:55,  1.19s/step]Training:  51%|█████▏    | 6161/12000 [2:08:55<1:55:38,  1.19s/step]Training:  51%|█████▏    | 6162/12000 [2:08:57<1:55:06,  1.18s/step]Training:  51%|█████▏    | 6163/12000 [2:08:58<1:54:43,  1.18s/step]Training:  51%|█████▏    | 6164/12000 [2:08:59<1:54:26,  1.18s/step]Training:  51%|█████▏    | 6165/12000 [2:09:00<1:54:18,  1.18s/step]Training:  51%|█████▏    | 6166/12000 [2:09:01<1:54:38,  1.18s/step]Training:  51%|█████▏    | 6167/12000 [2:09:02<1:54:21,  1.18s/step]Training:  51%|█████▏    | 6168/12000 [2:09:04<1:54:10,  1.17s/step]Training:  51%|█████▏    | 6169/12000 [2:09:05<1:54:02,  1.17s/step]Training:  51%|█████▏    | 6170/12000 [2:09:06<1:53:57,  1.17s/step]Training:  51%|█████▏    | 6171/12000 [2:09:07<1:54:39,  1.18s/step]Training:  51%|█████▏    | 6172/12000 [2:09:08<1:54:31,  1.18s/step]Training:  51%|█████▏    | 6173/12000 [2:09:09<1:54:16,  1.18s/step]Training:  51%|█████▏    | 6174/12000 [2:09:11<1:54:05,  1.18s/step]Training:  51%|█████▏    | 6175/12000 [2:09:12<1:54:15,  1.18s/step]Training:  51%|█████▏    | 6176/12000 [2:09:13<1:54:45,  1.18s/step]Training:  51%|█████▏    | 6177/12000 [2:09:14<1:55:19,  1.19s/step]Training:  51%|█████▏    | 6178/12000 [2:09:15<1:54:50,  1.18s/step]Training:  51%|█████▏    | 6179/12000 [2:09:17<1:54:24,  1.18s/step]Training:  52%|█████▏    | 6180/12000 [2:09:18<1:54:07,  1.18s/step]Training:  52%|█████▏    | 6181/12000 [2:09:19<1:54:06,  1.18s/step]Training:  52%|█████▏    | 6182/12000 [2:09:20<1:53:52,  1.17s/step]Training:  52%|█████▏    | 6183/12000 [2:09:21<1:53:45,  1.17s/step]Training:  52%|█████▏    | 6184/12000 [2:09:22<1:53:36,  1.17s/step]Training:  52%|█████▏    | 6185/12000 [2:09:24<1:53:33,  1.17s/step]Training:  52%|█████▏    | 6186/12000 [2:09:25<1:53:31,  1.17s/step]Training:  52%|█████▏    | 6187/12000 [2:09:26<1:53:31,  1.17s/step]Training:  52%|█████▏    | 6188/12000 [2:09:27<1:53:29,  1.17s/step]Training:  52%|█████▏    | 6189/12000 [2:09:28<1:53:28,  1.17s/step]Training:  52%|█████▏    | 6190/12000 [2:09:29<1:53:41,  1.17s/step]Training:  52%|█████▏    | 6191/12000 [2:09:31<1:54:01,  1.18s/step]Training:  52%|█████▏    | 6192/12000 [2:09:32<1:54:23,  1.18s/step]Training:  52%|█████▏    | 6193/12000 [2:09:33<1:54:16,  1.18s/step]Training:  52%|█████▏    | 6194/12000 [2:09:34<1:54:07,  1.18s/step]Training:  52%|█████▏    | 6195/12000 [2:09:35<1:54:36,  1.18s/step]Training:  52%|█████▏    | 6196/12000 [2:09:37<1:55:22,  1.19s/step]Training:  52%|█████▏    | 6197/12000 [2:09:38<1:55:35,  1.20s/step]Training:  52%|█████▏    | 6198/12000 [2:09:39<1:55:20,  1.19s/step]Training:  52%|█████▏    | 6199/12000 [2:09:40<1:54:39,  1.19s/step]Training:  52%|█████▏    | 6200/12000 [2:09:41<1:54:16,  1.18s/step]INFO 2026-09-16 06:03:46 ot_train.py:670 step:6K smpl:397K ep:5K epch:14.60 loss:0.070 grdn:0.968 lr:5.0e-05 updt_s:0.977 data_s:0.038 smp/s:63 mem_gb:14.29 losses_after_forward:0.066 losses_after_in_ep_bound:0.049 losses_after_rm_padding:0.049
Training:  52%|█████▏    | 6201/12000 [2:09:42<1:54:02,  1.18s/step]Training:  52%|█████▏    | 6202/12000 [2:09:44<1:53:44,  1.18s/step]Training:  52%|█████▏    | 6203/12000 [2:09:45<1:53:34,  1.18s/step]Training:  52%|█████▏    | 6204/12000 [2:09:46<1:53:30,  1.18s/step]Training:  52%|█████▏    | 6205/12000 [2:09:47<1:53:22,  1.17s/step]Training:  52%|█████▏    | 6206/12000 [2:09:48<1:53:20,  1.17s/step]Training:  52%|█████▏    | 6207/12000 [2:09:50<1:53:15,  1.17s/step]Training:  52%|█████▏    | 6208/12000 [2:09:51<1:53:10,  1.17s/step]Training:  52%|█████▏    | 6209/12000 [2:09:52<1:53:27,  1.18s/step]Training:  52%|█████▏    | 6210/12000 [2:09:53<1:53:23,  1.18s/step]Training:  52%|█████▏    | 6211/12000 [2:09:54<1:53:35,  1.18s/step]Training:  52%|█████▏    | 6212/12000 [2:09:55<1:53:51,  1.18s/step]Training:  52%|█████▏    | 6213/12000 [2:09:57<1:54:14,  1.18s/step]Training:  52%|█████▏    | 6214/12000 [2:09:58<1:54:49,  1.19s/step]Training:  52%|█████▏    | 6215/12000 [2:09:59<1:55:03,  1.19s/step]Training:  52%|█████▏    | 6216/12000 [2:10:00<1:54:24,  1.19s/step]Training:  52%|█████▏    | 6217/12000 [2:10:01<1:54:02,  1.18s/step]Training:  52%|█████▏    | 6218/12000 [2:10:03<1:53:40,  1.18s/step]Training:  52%|█████▏    | 6219/12000 [2:10:04<1:53:25,  1.18s/step]Training:  52%|█████▏    | 6220/12000 [2:10:05<1:53:49,  1.18s/step]Training:  52%|█████▏    | 6221/12000 [2:10:06<1:53:59,  1.18s/step]Training:  52%|█████▏    | 6222/12000 [2:10:07<1:54:12,  1.19s/step]Training:  52%|█████▏    | 6223/12000 [2:10:08<1:54:08,  1.19s/step]Training:  52%|█████▏    | 6224/12000 [2:10:10<1:54:02,  1.18s/step]Training:  52%|█████▏    | 6225/12000 [2:10:11<1:53:53,  1.18s/step]Training:  52%|█████▏    | 6226/12000 [2:10:12<1:54:07,  1.19s/step]Training:  52%|█████▏    | 6227/12000 [2:10:13<1:53:43,  1.18s/step]Training:  52%|█████▏    | 6228/12000 [2:10:14<1:53:28,  1.18s/step]Training:  52%|█████▏    | 6229/12000 [2:10:16<1:53:39,  1.18s/step]Training:  52%|█████▏    | 6230/12000 [2:10:17<1:53:49,  1.18s/step]Training:  52%|█████▏    | 6231/12000 [2:10:18<1:54:14,  1.19s/step]Training:  52%|█████▏    | 6232/12000 [2:10:19<1:54:46,  1.19s/step]Training:  52%|█████▏    | 6233/12000 [2:10:20<1:54:44,  1.19s/step]Training:  52%|█████▏    | 6234/12000 [2:10:22<1:54:11,  1.19s/step]Training:  52%|█████▏    | 6235/12000 [2:10:23<1:53:48,  1.18s/step]Training:  52%|█████▏    | 6236/12000 [2:10:24<1:53:29,  1.18s/step]Training:  52%|█████▏    | 6237/12000 [2:10:25<1:53:19,  1.18s/step]Training:  52%|█████▏    | 6238/12000 [2:10:26<1:53:12,  1.18s/step]Training:  52%|█████▏    | 6239/12000 [2:10:27<1:53:21,  1.18s/step]Training:  52%|█████▏    | 6240/12000 [2:10:29<1:53:11,  1.18s/step]Training:  52%|█████▏    | 6241/12000 [2:10:30<1:53:03,  1.18s/step]Training:  52%|█████▏    | 6242/12000 [2:10:31<1:53:01,  1.18s/step]Training:  52%|█████▏    | 6243/12000 [2:10:32<1:52:57,  1.18s/step]Training:  52%|█████▏    | 6244/12000 [2:10:33<1:52:59,  1.18s/step]Training:  52%|█████▏    | 6245/12000 [2:10:34<1:53:02,  1.18s/step]Training:  52%|█████▏    | 6246/12000 [2:10:36<1:53:00,  1.18s/step]Training:  52%|█████▏    | 6247/12000 [2:10:37<1:52:57,  1.18s/step]Training:  52%|█████▏    | 6248/12000 [2:10:38<1:53:50,  1.19s/step]Training:  52%|█████▏    | 6249/12000 [2:10:39<1:54:51,  1.20s/step]Training:  52%|█████▏    | 6250/12000 [2:10:40<1:54:42,  1.20s/step]Training:  52%|█████▏    | 6251/12000 [2:10:42<1:54:08,  1.19s/step]Training:  52%|█████▏    | 6252/12000 [2:10:43<1:54:06,  1.19s/step]Training:  52%|█████▏    | 6253/12000 [2:10:44<1:53:53,  1.19s/step]Training:  52%|█████▏    | 6254/12000 [2:10:45<1:54:02,  1.19s/step]Training:  52%|█████▏    | 6255/12000 [2:10:46<1:54:55,  1.20s/step]Training:  52%|█████▏    | 6256/12000 [2:10:48<1:54:53,  1.20s/step]Training:  52%|█████▏    | 6257/12000 [2:10:49<1:54:40,  1.20s/step]Training:  52%|█████▏    | 6258/12000 [2:10:50<1:54:07,  1.19s/step]Training:  52%|█████▏    | 6259/12000 [2:10:51<1:53:40,  1.19s/step]Training:  52%|█████▏    | 6260/12000 [2:10:52<1:53:40,  1.19s/step]Training:  52%|█████▏    | 6261/12000 [2:10:54<1:53:23,  1.19s/step]Training:  52%|█████▏    | 6262/12000 [2:10:55<1:53:11,  1.18s/step]Training:  52%|█████▏    | 6263/12000 [2:10:56<1:53:07,  1.18s/step]Training:  52%|█████▏    | 6264/12000 [2:10:57<1:53:47,  1.19s/step]Training:  52%|█████▏    | 6265/12000 [2:10:58<1:54:20,  1.20s/step]Training:  52%|█████▏    | 6266/12000 [2:11:00<1:54:17,  1.20s/step]Training:  52%|█████▏    | 6267/12000 [2:11:01<1:53:46,  1.19s/step]Training:  52%|█████▏    | 6268/12000 [2:11:02<1:53:26,  1.19s/step]Training:  52%|█████▏    | 6269/12000 [2:11:03<1:53:09,  1.18s/step]Training:  52%|█████▏    | 6270/12000 [2:11:04<1:52:57,  1.18s/step]Training:  52%|█████▏    | 6271/12000 [2:11:05<1:52:51,  1.18s/step]Training:  52%|█████▏    | 6272/12000 [2:11:07<1:52:44,  1.18s/step]Training:  52%|█████▏    | 6273/12000 [2:11:08<1:52:36,  1.18s/step]Training:  52%|█████▏    | 6274/12000 [2:11:09<1:52:35,  1.18s/step]Training:  52%|█████▏    | 6275/12000 [2:11:10<1:52:26,  1.18s/step]Training:  52%|█████▏    | 6276/12000 [2:11:11<1:52:22,  1.18s/step]Training:  52%|█████▏    | 6277/12000 [2:11:12<1:52:22,  1.18s/step]Training:  52%|█████▏    | 6278/12000 [2:11:14<1:52:22,  1.18s/step]Training:  52%|█████▏    | 6279/12000 [2:11:15<1:52:16,  1.18s/step]Training:  52%|█████▏    | 6280/12000 [2:11:16<1:52:15,  1.18s/step]Training:  52%|█████▏    | 6281/12000 [2:11:17<1:52:26,  1.18s/step]Training:  52%|█████▏    | 6282/12000 [2:11:18<1:53:07,  1.19s/step]Training:  52%|█████▏    | 6283/12000 [2:11:20<1:54:04,  1.20s/step]Training:  52%|█████▏    | 6284/12000 [2:11:21<1:53:31,  1.19s/step]Training:  52%|█████▏    | 6285/12000 [2:11:22<1:53:39,  1.19s/step]Training:  52%|█████▏    | 6286/12000 [2:11:23<1:53:26,  1.19s/step]Training:  52%|█████▏    | 6287/12000 [2:11:24<1:53:25,  1.19s/step]Training:  52%|█████▏    | 6288/12000 [2:11:26<1:53:29,  1.19s/step]Training:  52%|█████▏    | 6289/12000 [2:11:27<1:53:03,  1.19s/step]Training:  52%|█████▏    | 6290/12000 [2:11:28<1:52:41,  1.18s/step]Training:  52%|█████▏    | 6291/12000 [2:11:29<1:52:23,  1.18s/step]Training:  52%|█████▏    | 6292/12000 [2:11:30<1:52:15,  1.18s/step]Training:  52%|█████▏    | 6293/12000 [2:11:31<1:52:13,  1.18s/step]Training:  52%|█████▏    | 6294/12000 [2:11:33<1:52:05,  1.18s/step]Training:  52%|█████▏    | 6295/12000 [2:11:34<1:51:57,  1.18s/step]Training:  52%|█████▏    | 6296/12000 [2:11:35<1:51:51,  1.18s/step]Training:  52%|█████▏    | 6297/12000 [2:11:36<1:52:17,  1.18s/step]Training:  52%|█████▏    | 6298/12000 [2:11:37<1:52:18,  1.18s/step]Training:  52%|█████▏    | 6299/12000 [2:11:39<1:52:47,  1.19s/step]Training:  52%|█████▎    | 6300/12000 [2:11:40<1:53:48,  1.20s/step]Training:  53%|█████▎    | 6301/12000 [2:11:41<1:53:41,  1.20s/step]Training:  53%|█████▎    | 6302/12000 [2:11:42<1:53:05,  1.19s/step]Training:  53%|█████▎    | 6303/12000 [2:11:43<1:52:35,  1.19s/step]Training:  53%|█████▎    | 6304/12000 [2:11:44<1:52:16,  1.18s/step]Training:  53%|█████▎    | 6305/12000 [2:11:46<1:52:00,  1.18s/step]Training:  53%|█████▎    | 6306/12000 [2:11:47<1:51:52,  1.18s/step]Training:  53%|█████▎    | 6307/12000 [2:11:48<1:51:45,  1.18s/step]Training:  53%|█████▎    | 6308/12000 [2:11:49<1:51:38,  1.18s/step]Training:  53%|█████▎    | 6309/12000 [2:11:50<1:51:34,  1.18s/step]Training:  53%|█████▎    | 6310/12000 [2:11:52<1:51:29,  1.18s/step]Training:  53%|█████▎    | 6311/12000 [2:11:53<1:51:23,  1.17s/step]Training:  53%|█████▎    | 6312/12000 [2:11:54<1:51:21,  1.17s/step]Training:  53%|█████▎    | 6313/12000 [2:11:55<1:51:17,  1.17s/step]Training:  53%|█████▎    | 6314/12000 [2:11:56<1:51:18,  1.17s/step]Training:  53%|█████▎    | 6315/12000 [2:11:57<1:51:18,  1.17s/step]Training:  53%|█████▎    | 6316/12000 [2:11:59<1:51:38,  1.18s/step]Training:  53%|█████▎    | 6317/12000 [2:12:00<1:53:06,  1.19s/step]Training:  53%|█████▎    | 6318/12000 [2:12:01<1:53:43,  1.20s/step]Training:  53%|█████▎    | 6319/12000 [2:12:02<1:53:16,  1.20s/step]Training:  53%|█████▎    | 6320/12000 [2:12:03<1:52:37,  1.19s/step]Training:  53%|█████▎    | 6321/12000 [2:12:05<1:52:11,  1.19s/step]Training:  53%|█████▎    | 6322/12000 [2:12:06<1:51:52,  1.18s/step]Training:  53%|█████▎    | 6323/12000 [2:12:07<1:51:35,  1.18s/step]Training:  53%|█████▎    | 6324/12000 [2:12:08<1:51:23,  1.18s/step]Training:  53%|█████▎    | 6325/12000 [2:12:09<1:51:16,  1.18s/step]Training:  53%|█████▎    | 6326/12000 [2:12:10<1:51:14,  1.18s/step]Training:  53%|█████▎    | 6327/12000 [2:12:12<1:51:05,  1.17s/step]Training:  53%|█████▎    | 6328/12000 [2:12:13<1:51:02,  1.17s/step]Training:  53%|█████▎    | 6329/12000 [2:12:14<1:51:00,  1.17s/step]Training:  53%|█████▎    | 6330/12000 [2:12:15<1:50:57,  1.17s/step]Training:  53%|█████▎    | 6331/12000 [2:12:16<1:50:55,  1.17s/step]Training:  53%|█████▎    | 6332/12000 [2:12:17<1:50:59,  1.17s/step]Training:  53%|█████▎    | 6333/12000 [2:12:19<1:50:54,  1.17s/step]Training:  53%|█████▎    | 6334/12000 [2:12:20<1:51:13,  1.18s/step]Training:  53%|█████▎    | 6335/12000 [2:12:21<1:51:34,  1.18s/step]Training:  53%|█████▎    | 6336/12000 [2:12:22<1:52:21,  1.19s/step]Training:  53%|█████▎    | 6337/12000 [2:12:23<1:51:53,  1.19s/step]Training:  53%|█████▎    | 6338/12000 [2:12:25<1:51:32,  1.18s/step]Training:  53%|█████▎    | 6339/12000 [2:12:26<1:51:13,  1.18s/step]Training:  53%|█████▎    | 6340/12000 [2:12:27<1:51:05,  1.18s/step]Training:  53%|█████▎    | 6341/12000 [2:12:28<1:51:02,  1.18s/step]Training:  53%|█████▎    | 6342/12000 [2:12:29<1:50:59,  1.18s/step]Training:  53%|█████▎    | 6343/12000 [2:12:30<1:50:48,  1.18s/step]Training:  53%|█████▎    | 6344/12000 [2:12:32<1:50:47,  1.18s/step]Training:  53%|█████▎    | 6345/12000 [2:12:33<1:50:47,  1.18s/step]Training:  53%|█████▎    | 6346/12000 [2:12:34<1:50:43,  1.17s/step]Training:  53%|█████▎    | 6347/12000 [2:12:35<1:50:42,  1.18s/step]Training:  53%|█████▎    | 6348/12000 [2:12:36<1:50:54,  1.18s/step]Training:  53%|█████▎    | 6349/12000 [2:12:38<1:51:06,  1.18s/step]Training:  53%|█████▎    | 6350/12000 [2:12:39<1:51:25,  1.18s/step]Training:  53%|█████▎    | 6351/12000 [2:12:40<1:51:26,  1.18s/step]Training:  53%|█████▎    | 6352/12000 [2:12:41<1:51:09,  1.18s/step]Training:  53%|█████▎    | 6353/12000 [2:12:42<1:52:17,  1.19s/step]Training:  53%|█████▎    | 6354/12000 [2:12:44<1:53:04,  1.20s/step]Training:  53%|█████▎    | 6355/12000 [2:12:45<1:52:14,  1.19s/step]Training:  53%|█████▎    | 6356/12000 [2:12:46<1:51:42,  1.19s/step]Training:  53%|█████▎    | 6357/12000 [2:12:47<1:51:17,  1.18s/step]Training:  53%|█████▎    | 6358/12000 [2:12:48<1:50:59,  1.18s/step]Training:  53%|█████▎    | 6359/12000 [2:12:49<1:50:47,  1.18s/step]Training:  53%|█████▎    | 6360/12000 [2:12:51<1:50:42,  1.18s/step]Training:  53%|█████▎    | 6361/12000 [2:12:52<1:50:33,  1.18s/step]Training:  53%|█████▎    | 6362/12000 [2:12:53<1:50:27,  1.18s/step]Training:  53%|█████▎    | 6363/12000 [2:12:54<1:50:24,  1.18s/step]Training:  53%|█████▎    | 6364/12000 [2:12:55<1:50:24,  1.18s/step]Training:  53%|█████▎    | 6365/12000 [2:12:56<1:50:16,  1.17s/step]Training:  53%|█████▎    | 6366/12000 [2:12:58<1:50:16,  1.17s/step]Training:  53%|█████▎    | 6367/12000 [2:12:59<1:50:14,  1.17s/step]Training:  53%|█████▎    | 6368/12000 [2:13:00<1:50:11,  1.17s/step]Training:  53%|█████▎    | 6369/12000 [2:13:01<1:50:11,  1.17s/step]Training:  53%|█████▎    | 6370/12000 [2:13:02<1:50:12,  1.17s/step]Training:  53%|█████▎    | 6371/12000 [2:13:03<1:50:25,  1.18s/step]Training:  53%|█████▎    | 6372/12000 [2:13:05<1:50:58,  1.18s/step]Training:  53%|█████▎    | 6373/12000 [2:13:06<1:51:41,  1.19s/step]Training:  53%|█████▎    | 6374/12000 [2:13:07<1:51:10,  1.19s/step]Training:  53%|█████▎    | 6375/12000 [2:13:08<1:37:30,  1.04s/step]Training:  53%|█████▎    | 6376/12000 [2:13:11<2:41:38,  1.72s/step]Training:  53%|█████▎    | 6377/12000 [2:13:12<2:28:30,  1.58s/step]Training:  53%|█████▎    | 6378/12000 [2:13:14<2:21:11,  1.51s/step]Training:  53%|█████▎    | 6379/12000 [2:13:15<2:16:05,  1.45s/step]Training:  53%|█████▎    | 6380/12000 [2:13:16<2:08:17,  1.37s/step]Training:  53%|█████▎    | 6381/12000 [2:13:17<2:02:51,  1.31s/step]Training:  53%|█████▎    | 6382/12000 [2:13:19<1:59:04,  1.27s/step]Training:  53%|█████▎    | 6383/12000 [2:13:20<1:56:07,  1.24s/step]Training:  53%|█████▎    | 6384/12000 [2:13:21<1:54:04,  1.22s/step]Training:  53%|█████▎    | 6385/12000 [2:13:22<1:53:16,  1.21s/step]Training:  53%|█████▎    | 6386/12000 [2:13:23<1:52:03,  1.20s/step]Training:  53%|█████▎    | 6387/12000 [2:13:24<1:51:15,  1.19s/step]Training:  53%|█████▎    | 6388/12000 [2:13:26<1:50:40,  1.18s/step]Training:  53%|█████▎    | 6389/12000 [2:13:27<1:50:52,  1.19s/step]Training:  53%|█████▎    | 6390/12000 [2:13:28<1:50:20,  1.18s/step]Training:  53%|█████▎    | 6391/12000 [2:13:29<1:49:59,  1.18s/step]Training:  53%|█████▎    | 6392/12000 [2:13:30<1:49:51,  1.18s/step]Training:  53%|█████▎    | 6393/12000 [2:13:31<1:49:39,  1.17s/step]Training:  53%|█████▎    | 6394/12000 [2:13:33<1:49:34,  1.17s/step]Training:  53%|█████▎    | 6395/12000 [2:13:34<1:50:08,  1.18s/step]Training:  53%|█████▎    | 6396/12000 [2:13:35<1:50:33,  1.18s/step]Training:  53%|█████▎    | 6397/12000 [2:13:36<1:50:41,  1.19s/step]Training:  53%|█████▎    | 6398/12000 [2:13:37<1:50:18,  1.18s/step]Training:  53%|█████▎    | 6399/12000 [2:13:39<1:49:55,  1.18s/step]Training:  53%|█████▎    | 6400/12000 [2:13:40<1:49:33,  1.17s/step]INFO 2026-09-16 06:07:45 ot_train.py:670 step:6K smpl:410K ep:5K epch:15.08 loss:0.067 grdn:0.934 lr:4.7e-05 updt_s:0.978 data_s:0.048 smp/s:62 mem_gb:14.26 losses_after_forward:0.064 losses_after_in_ep_bound:0.047 losses_after_rm_padding:0.047
Training:  53%|█████▎    | 6401/12000 [2:13:41<1:49:20,  1.17s/step]Training:  53%|█████▎    | 6402/12000 [2:13:42<1:49:12,  1.17s/step]Training:  53%|█████▎    | 6403/12000 [2:13:43<1:49:05,  1.17s/step]Training:  53%|█████▎    | 6404/12000 [2:13:44<1:48:58,  1.17s/step]Training:  53%|█████▎    | 6405/12000 [2:13:46<1:48:58,  1.17s/step]Training:  53%|█████▎    | 6406/12000 [2:13:47<1:48:53,  1.17s/step]Training:  53%|█████▎    | 6407/12000 [2:13:48<1:48:47,  1.17s/step]Training:  53%|█████▎    | 6408/12000 [2:13:49<1:48:47,  1.17s/step]Training:  53%|█████▎    | 6409/12000 [2:13:50<1:48:48,  1.17s/step]Training:  53%|█████▎    | 6410/12000 [2:13:51<1:49:00,  1.17s/step]Training:  53%|█████▎    | 6411/12000 [2:13:53<1:49:32,  1.18s/step]Training:  53%|█████▎    | 6412/12000 [2:13:54<1:49:31,  1.18s/step]Training:  53%|█████▎    | 6413/12000 [2:13:55<1:49:33,  1.18s/step]Training:  53%|█████▎    | 6414/12000 [2:13:56<1:49:27,  1.18s/step]Training:  53%|█████▎    | 6415/12000 [2:13:57<1:49:41,  1.18s/step]Training:  53%|█████▎    | 6416/12000 [2:13:58<1:50:15,  1.18s/step]Training:  53%|█████▎    | 6417/12000 [2:14:00<1:50:53,  1.19s/step]Training:  53%|█████▎    | 6418/12000 [2:14:01<1:50:11,  1.18s/step]Training:  53%|█████▎    | 6419/12000 [2:14:02<1:49:38,  1.18s/step]Training:  54%|█████▎    | 6420/12000 [2:14:03<1:49:19,  1.18s/step]Training:  54%|█████▎    | 6421/12000 [2:14:04<1:49:00,  1.17s/step]Training:  54%|█████▎    | 6422/12000 [2:14:06<1:48:45,  1.17s/step]Training:  54%|█████▎    | 6423/12000 [2:14:07<1:48:37,  1.17s/step]Training:  54%|█████▎    | 6424/12000 [2:14:08<1:49:02,  1.17s/step]Training:  54%|█████▎    | 6425/12000 [2:14:09<1:49:18,  1.18s/step]Training:  54%|█████▎    | 6426/12000 [2:14:10<1:49:00,  1.17s/step]Training:  54%|█████▎    | 6427/12000 [2:14:11<1:48:45,  1.17s/step]Training:  54%|█████▎    | 6428/12000 [2:14:13<1:48:35,  1.17s/step]Training:  54%|█████▎    | 6429/12000 [2:14:14<1:48:28,  1.17s/step]Training:  54%|█████▎    | 6430/12000 [2:14:15<1:48:29,  1.17s/step]Training:  54%|█████▎    | 6431/12000 [2:14:16<1:48:26,  1.17s/step]Training:  54%|█████▎    | 6432/12000 [2:14:17<1:48:21,  1.17s/step]Training:  54%|█████▎    | 6433/12000 [2:14:18<1:48:21,  1.17s/step]Training:  54%|█████▎    | 6434/12000 [2:14:20<1:48:19,  1.17s/step]Training:  54%|█████▎    | 6435/12000 [2:14:21<1:48:23,  1.17s/step]Training:  54%|█████▎    | 6436/12000 [2:14:22<1:48:44,  1.17s/step]Training:  54%|█████▎    | 6437/12000 [2:14:23<1:49:04,  1.18s/step]Training:  54%|█████▎    | 6438/12000 [2:14:24<1:49:38,  1.18s/step]Training:  54%|█████▎    | 6439/12000 [2:14:25<1:49:23,  1.18s/step]Training:  54%|█████▎    | 6440/12000 [2:14:27<1:48:56,  1.18s/step]Training:  54%|█████▎    | 6441/12000 [2:14:28<1:48:44,  1.17s/step]Training:  54%|█████▎    | 6442/12000 [2:14:29<1:48:41,  1.17s/step]Training:  54%|█████▎    | 6443/12000 [2:14:30<1:48:47,  1.17s/step]Training:  54%|█████▎    | 6444/12000 [2:14:31<1:48:55,  1.18s/step]Training:  54%|█████▎    | 6445/12000 [2:14:33<1:49:23,  1.18s/step]Training:  54%|█████▎    | 6446/12000 [2:14:34<1:49:00,  1.18s/step]Training:  54%|█████▎    | 6447/12000 [2:14:35<1:48:58,  1.18s/step]Training:  54%|█████▎    | 6448/12000 [2:14:36<1:48:34,  1.17s/step]Training:  54%|█████▎    | 6449/12000 [2:14:37<1:48:22,  1.17s/step]Training:  54%|█████▍    | 6450/12000 [2:14:38<1:48:08,  1.17s/step]Training:  54%|█████▍    | 6451/12000 [2:14:40<1:47:58,  1.17s/step]Training:  54%|█████▍    | 6452/12000 [2:14:41<1:47:52,  1.17s/step]Training:  54%|█████▍    | 6453/12000 [2:14:42<1:48:12,  1.17s/step]Training:  54%|█████▍    | 6454/12000 [2:14:43<1:48:09,  1.17s/step]Training:  54%|█████▍    | 6455/12000 [2:14:44<1:47:58,  1.17s/step]Training:  54%|█████▍    | 6456/12000 [2:14:45<1:48:05,  1.17s/step]Training:  54%|█████▍    | 6457/12000 [2:14:47<1:48:43,  1.18s/step]Training:  54%|█████▍    | 6458/12000 [2:14:48<1:48:50,  1.18s/step]Training:  54%|█████▍    | 6459/12000 [2:14:49<1:49:26,  1.19s/step]Training:  54%|█████▍    | 6460/12000 [2:14:50<1:49:25,  1.19s/step]Training:  54%|█████▍    | 6461/12000 [2:14:51<1:48:51,  1.18s/step]Training:  54%|█████▍    | 6462/12000 [2:14:52<1:48:29,  1.18s/step]Training:  54%|█████▍    | 6463/12000 [2:14:54<1:48:07,  1.17s/step]Training:  54%|█████▍    | 6464/12000 [2:14:55<1:47:53,  1.17s/step]Training:  54%|█████▍    | 6465/12000 [2:14:56<1:47:45,  1.17s/step]Training:  54%|█████▍    | 6466/12000 [2:14:57<1:47:39,  1.17s/step]Training:  54%|█████▍    | 6467/12000 [2:14:58<1:47:36,  1.17s/step]Training:  54%|█████▍    | 6468/12000 [2:14:59<1:47:37,  1.17s/step]Training:  54%|█████▍    | 6469/12000 [2:15:01<1:47:37,  1.17s/step]Training:  54%|█████▍    | 6470/12000 [2:15:02<1:47:32,  1.17s/step]Training:  54%|█████▍    | 6471/12000 [2:15:03<1:47:27,  1.17s/step]Training:  54%|█████▍    | 6472/12000 [2:15:04<1:47:49,  1.17s/step]Training:  54%|█████▍    | 6473/12000 [2:15:05<1:47:49,  1.17s/step]Training:  54%|█████▍    | 6474/12000 [2:15:06<1:47:55,  1.17s/step]Training:  54%|█████▍    | 6475/12000 [2:15:08<1:48:08,  1.17s/step]Training:  54%|█████▍    | 6476/12000 [2:15:09<1:48:11,  1.18s/step]Training:  54%|█████▍    | 6477/12000 [2:15:10<1:48:15,  1.18s/step]Training:  54%|█████▍    | 6478/12000 [2:15:11<1:48:41,  1.18s/step]Training:  54%|█████▍    | 6479/12000 [2:15:12<1:49:09,  1.19s/step]Training:  54%|█████▍    | 6480/12000 [2:15:14<1:48:53,  1.18s/step]Training:  54%|█████▍    | 6481/12000 [2:15:15<1:48:25,  1.18s/step]Training:  54%|█████▍    | 6482/12000 [2:15:16<1:48:04,  1.18s/step]Training:  54%|█████▍    | 6483/12000 [2:15:17<1:47:48,  1.17s/step]Training:  54%|█████▍    | 6484/12000 [2:15:18<1:47:34,  1.17s/step]Training:  54%|█████▍    | 6485/12000 [2:15:19<1:47:28,  1.17s/step]Training:  54%|█████▍    | 6486/12000 [2:15:21<1:47:53,  1.17s/step]Training:  54%|█████▍    | 6487/12000 [2:15:22<1:47:35,  1.17s/step]Training:  54%|█████▍    | 6488/12000 [2:15:23<1:47:23,  1.17s/step]Training:  54%|█████▍    | 6489/12000 [2:15:24<1:47:18,  1.17s/step]Training:  54%|█████▍    | 6490/12000 [2:15:25<1:47:42,  1.17s/step]Training:  54%|█████▍    | 6491/12000 [2:15:26<1:47:28,  1.17s/step]Training:  54%|█████▍    | 6492/12000 [2:15:28<1:47:53,  1.18s/step]Training:  54%|█████▍    | 6493/12000 [2:15:29<1:47:36,  1.17s/step]Training:  54%|█████▍    | 6494/12000 [2:15:30<1:47:22,  1.17s/step]Training:  54%|█████▍    | 6495/12000 [2:15:31<1:47:35,  1.17s/step]Training:  54%|█████▍    | 6496/12000 [2:15:32<1:47:19,  1.17s/step]Training:  54%|█████▍    | 6497/12000 [2:15:33<1:47:11,  1.17s/step]Training:  54%|█████▍    | 6498/12000 [2:15:35<1:47:44,  1.18s/step]Training:  54%|█████▍    | 6499/12000 [2:15:36<1:48:03,  1.18s/step]Training:  54%|█████▍    | 6500/12000 [2:15:37<1:48:39,  1.19s/step]Training:  54%|█████▍    | 6501/12000 [2:15:38<1:48:23,  1.18s/step]Training:  54%|█████▍    | 6502/12000 [2:15:39<1:47:49,  1.18s/step]Training:  54%|█████▍    | 6503/12000 [2:15:41<1:47:30,  1.17s/step]Training:  54%|█████▍    | 6504/12000 [2:15:42<1:47:38,  1.18s/step]Training:  54%|█████▍    | 6505/12000 [2:15:43<1:47:25,  1.17s/step]Training:  54%|█████▍    | 6506/12000 [2:15:44<1:47:28,  1.17s/step]Training:  54%|█████▍    | 6507/12000 [2:15:45<1:47:40,  1.18s/step]Training:  54%|█████▍    | 6508/12000 [2:15:46<1:48:16,  1.18s/step]Training:  54%|█████▍    | 6509/12000 [2:15:48<1:47:58,  1.18s/step]Training:  54%|█████▍    | 6510/12000 [2:15:49<1:47:34,  1.18s/step]Training:  54%|█████▍    | 6511/12000 [2:15:50<1:47:16,  1.17s/step]Training:  54%|█████▍    | 6512/12000 [2:15:51<1:47:01,  1.17s/step]Training:  54%|█████▍    | 6513/12000 [2:15:52<1:46:54,  1.17s/step]Training:  54%|█████▍    | 6514/12000 [2:15:53<1:46:58,  1.17s/step]Training:  54%|█████▍    | 6515/12000 [2:15:55<1:46:51,  1.17s/step]Training:  54%|█████▍    | 6516/12000 [2:15:56<1:46:43,  1.17s/step]Training:  54%|█████▍    | 6517/12000 [2:15:57<1:46:39,  1.17s/step]Training:  54%|█████▍    | 6518/12000 [2:15:58<1:46:40,  1.17s/step]Training:  54%|█████▍    | 6519/12000 [2:15:59<1:46:52,  1.17s/step]Training:  54%|█████▍    | 6520/12000 [2:16:00<1:47:28,  1.18s/step]Training:  54%|█████▍    | 6521/12000 [2:16:02<1:48:18,  1.19s/step]Training:  54%|█████▍    | 6522/12000 [2:16:03<1:47:39,  1.18s/step]Training:  54%|█████▍    | 6523/12000 [2:16:04<1:47:10,  1.17s/step]Training:  54%|█████▍    | 6524/12000 [2:16:05<1:46:47,  1.17s/step]Training:  54%|█████▍    | 6525/12000 [2:16:06<1:47:13,  1.18s/step]Training:  54%|█████▍    | 6526/12000 [2:16:08<1:46:59,  1.17s/step]Training:  54%|█████▍    | 6527/12000 [2:16:09<1:46:43,  1.17s/step]Training:  54%|█████▍    | 6528/12000 [2:16:10<1:46:35,  1.17s/step]Training:  54%|█████▍    | 6529/12000 [2:16:11<1:46:26,  1.17s/step]Training:  54%|█████▍    | 6530/12000 [2:16:12<1:46:19,  1.17s/step]Training:  54%|█████▍    | 6531/12000 [2:16:13<1:46:19,  1.17s/step]Training:  54%|█████▍    | 6532/12000 [2:16:15<1:46:21,  1.17s/step]Training:  54%|█████▍    | 6533/12000 [2:16:16<1:46:19,  1.17s/step]Training:  54%|█████▍    | 6534/12000 [2:16:17<1:46:11,  1.17s/step]Training:  54%|█████▍    | 6535/12000 [2:16:18<1:46:11,  1.17s/step]Training:  54%|█████▍    | 6536/12000 [2:16:19<1:46:40,  1.17s/step]Training:  54%|█████▍    | 6537/12000 [2:16:20<1:46:35,  1.17s/step]Training:  54%|█████▍    | 6538/12000 [2:16:22<1:46:40,  1.17s/step]Training:  54%|█████▍    | 6539/12000 [2:16:23<1:47:07,  1.18s/step]Training:  55%|█████▍    | 6540/12000 [2:16:24<1:47:49,  1.18s/step]Training:  55%|█████▍    | 6541/12000 [2:16:25<1:48:32,  1.19s/step]Training:  55%|█████▍    | 6542/12000 [2:16:26<1:48:08,  1.19s/step]Training:  55%|█████▍    | 6543/12000 [2:16:28<1:47:38,  1.18s/step]Training:  55%|█████▍    | 6544/12000 [2:16:29<1:47:03,  1.18s/step]Training:  55%|█████▍    | 6545/12000 [2:16:30<1:46:42,  1.17s/step]Training:  55%|█████▍    | 6546/12000 [2:16:31<1:46:27,  1.17s/step]Training:  55%|█████▍    | 6547/12000 [2:16:32<1:46:21,  1.17s/step]Training:  55%|█████▍    | 6548/12000 [2:16:33<1:46:11,  1.17s/step]Training:  55%|█████▍    | 6549/12000 [2:16:35<1:46:02,  1.17s/step]Training:  55%|█████▍    | 6550/12000 [2:16:36<1:46:29,  1.17s/step]Training:  55%|█████▍    | 6551/12000 [2:16:37<1:46:18,  1.17s/step]Training:  55%|█████▍    | 6552/12000 [2:16:38<1:46:09,  1.17s/step]Training:  55%|█████▍    | 6553/12000 [2:16:39<1:46:03,  1.17s/step]Training:  55%|█████▍    | 6554/12000 [2:16:40<1:45:57,  1.17s/step]Training:  55%|█████▍    | 6555/12000 [2:16:42<1:45:53,  1.17s/step]Training:  55%|█████▍    | 6556/12000 [2:16:43<1:45:45,  1.17s/step]Training:  55%|█████▍    | 6557/12000 [2:16:44<1:45:46,  1.17s/step]Training:  55%|█████▍    | 6558/12000 [2:16:45<1:45:46,  1.17s/step]Training:  55%|█████▍    | 6559/12000 [2:16:46<1:45:41,  1.17s/step]Training:  55%|█████▍    | 6560/12000 [2:16:47<1:45:38,  1.17s/step]Training:  55%|█████▍    | 6561/12000 [2:16:49<1:45:58,  1.17s/step]Training:  55%|█████▍    | 6562/12000 [2:16:50<1:46:19,  1.17s/step]Training:  55%|█████▍    | 6563/12000 [2:16:51<1:46:57,  1.18s/step]Training:  55%|█████▍    | 6564/12000 [2:16:52<1:46:52,  1.18s/step]Training:  55%|█████▍    | 6565/12000 [2:16:53<1:46:27,  1.18s/step]Training:  55%|█████▍    | 6566/12000 [2:16:54<1:46:37,  1.18s/step]Training:  55%|█████▍    | 6567/12000 [2:16:56<1:46:13,  1.17s/step]Training:  55%|█████▍    | 6568/12000 [2:16:57<1:46:00,  1.17s/step]Training:  55%|█████▍    | 6569/12000 [2:16:58<1:45:48,  1.17s/step]Training:  55%|█████▍    | 6570/12000 [2:16:59<1:46:20,  1.18s/step]Training:  55%|█████▍    | 6571/12000 [2:17:00<1:46:45,  1.18s/step]Training:  55%|█████▍    | 6572/12000 [2:17:01<1:46:34,  1.18s/step]Training:  55%|█████▍    | 6573/12000 [2:17:03<1:46:28,  1.18s/step]Training:  55%|█████▍    | 6574/12000 [2:17:04<1:46:06,  1.17s/step]Training:  55%|█████▍    | 6575/12000 [2:17:05<1:45:49,  1.17s/step]Training:  55%|█████▍    | 6576/12000 [2:17:06<1:45:36,  1.17s/step]Training:  55%|█████▍    | 6577/12000 [2:17:07<1:45:32,  1.17s/step]Training:  55%|█████▍    | 6578/12000 [2:17:08<1:45:25,  1.17s/step]Training:  55%|█████▍    | 6579/12000 [2:17:10<1:45:21,  1.17s/step]Training:  55%|█████▍    | 6580/12000 [2:17:11<1:45:19,  1.17s/step]Training:  55%|█████▍    | 6581/12000 [2:17:12<1:45:28,  1.17s/step]Training:  55%|█████▍    | 6582/12000 [2:17:13<1:45:44,  1.17s/step]Training:  55%|█████▍    | 6583/12000 [2:17:14<1:46:00,  1.17s/step]Training:  55%|█████▍    | 6584/12000 [2:17:16<1:46:37,  1.18s/step]Training:  55%|█████▍    | 6585/12000 [2:17:17<1:46:31,  1.18s/step]Training:  55%|█████▍    | 6586/12000 [2:17:18<1:45:59,  1.17s/step]Training:  55%|█████▍    | 6587/12000 [2:17:19<1:45:37,  1.17s/step]Training:  55%|█████▍    | 6588/12000 [2:17:20<1:45:21,  1.17s/step]Training:  55%|█████▍    | 6589/12000 [2:17:21<1:45:08,  1.17s/step]Training:  55%|█████▍    | 6590/12000 [2:17:23<1:45:01,  1.16s/step]Training:  55%|█████▍    | 6591/12000 [2:17:24<1:44:55,  1.16s/step]Training:  55%|█████▍    | 6592/12000 [2:17:25<1:44:48,  1.16s/step]Training:  55%|█████▍    | 6593/12000 [2:17:26<1:44:46,  1.16s/step]Training:  55%|█████▍    | 6594/12000 [2:17:27<1:44:43,  1.16s/step]Training:  55%|█████▍    | 6595/12000 [2:17:28<1:44:39,  1.16s/step]Training:  55%|█████▍    | 6596/12000 [2:17:29<1:44:35,  1.16s/step]Training:  55%|█████▍    | 6597/12000 [2:17:31<1:45:10,  1.17s/step]Training:  55%|█████▍    | 6598/12000 [2:17:32<1:44:54,  1.17s/step]Training:  55%|█████▍    | 6599/12000 [2:17:33<1:44:59,  1.17s/step]Training:  55%|█████▌    | 6600/12000 [2:17:34<1:44:50,  1.16s/step]INFO 2026-09-16 06:11:39 ot_train.py:670 step:7K smpl:422K ep:5K epch:15.55 loss:0.063 grdn:0.892 lr:4.5e-05 updt_s:0.970 data_s:0.038 smp/s:64 mem_gb:14.29 losses_after_forward:0.059 losses_after_in_ep_bound:0.044 losses_after_rm_padding:0.044
Training:  55%|█████▌    | 6601/12000 [2:17:35<1:44:48,  1.16s/step]Training:  55%|█████▌    | 6602/12000 [2:17:36<1:44:57,  1.17s/step]Training:  55%|█████▌    | 6603/12000 [2:17:38<1:45:02,  1.17s/step]Training:  55%|█████▌    | 6604/12000 [2:17:39<1:45:17,  1.17s/step]Training:  55%|█████▌    | 6605/12000 [2:17:40<1:45:42,  1.18s/step]Training:  55%|█████▌    | 6606/12000 [2:17:41<1:46:07,  1.18s/step]Training:  55%|█████▌    | 6607/12000 [2:17:42<1:46:59,  1.19s/step]Training:  55%|█████▌    | 6608/12000 [2:17:44<1:46:06,  1.18s/step]Training:  55%|█████▌    | 6609/12000 [2:17:45<1:45:34,  1.18s/step]Training:  55%|█████▌    | 6610/12000 [2:17:46<1:45:07,  1.17s/step]Training:  55%|█████▌    | 6611/12000 [2:17:47<1:45:24,  1.17s/step]Training:  55%|█████▌    | 6612/12000 [2:17:48<1:45:02,  1.17s/step]Training:  55%|█████▌    | 6613/12000 [2:17:49<1:45:04,  1.17s/step]Training:  55%|█████▌    | 6614/12000 [2:17:51<1:44:47,  1.17s/step]Training:  55%|█████▌    | 6615/12000 [2:17:52<1:44:33,  1.17s/step]Training:  55%|█████▌    | 6616/12000 [2:17:53<1:44:25,  1.16s/step]Training:  55%|█████▌    | 6617/12000 [2:17:54<1:44:20,  1.16s/step]Training:  55%|█████▌    | 6618/12000 [2:17:55<1:44:12,  1.16s/step]Training:  55%|█████▌    | 6619/12000 [2:17:56<1:44:06,  1.16s/step]Training:  55%|█████▌    | 6620/12000 [2:17:58<1:44:01,  1.16s/step]Training:  55%|█████▌    | 6621/12000 [2:17:59<1:44:01,  1.16s/step]Training:  55%|█████▌    | 6622/12000 [2:18:00<1:44:01,  1.16s/step]Training:  55%|█████▌    | 6623/12000 [2:18:01<1:44:03,  1.16s/step]Training:  55%|█████▌    | 6624/12000 [2:18:02<1:43:57,  1.16s/step]Training:  55%|█████▌    | 6625/12000 [2:18:03<1:43:57,  1.16s/step]Training:  55%|█████▌    | 6626/12000 [2:18:05<1:43:55,  1.16s/step]Training:  55%|█████▌    | 6627/12000 [2:18:06<1:43:48,  1.16s/step]Training:  55%|█████▌    | 6628/12000 [2:18:07<1:43:52,  1.16s/step]Training:  55%|█████▌    | 6629/12000 [2:18:08<1:44:17,  1.17s/step]Training:  55%|█████▌    | 6630/12000 [2:18:09<1:44:41,  1.17s/step]Training:  55%|█████▌    | 6631/12000 [2:18:10<1:45:16,  1.18s/step]Training:  55%|█████▌    | 6632/12000 [2:18:12<1:45:26,  1.18s/step]Training:  55%|█████▌    | 6633/12000 [2:18:13<1:45:00,  1.17s/step]Training:  55%|█████▌    | 6634/12000 [2:18:14<1:44:49,  1.17s/step]Training:  55%|█████▌    | 6635/12000 [2:18:15<1:44:51,  1.17s/step]Training:  55%|█████▌    | 6636/12000 [2:18:16<1:44:42,  1.17s/step]Training:  55%|█████▌    | 6637/12000 [2:18:17<1:44:31,  1.17s/step]Training:  55%|█████▌    | 6638/12000 [2:18:19<1:44:29,  1.17s/step]Training:  55%|█████▌    | 6639/12000 [2:18:20<1:44:56,  1.17s/step]Training:  55%|█████▌    | 6640/12000 [2:18:21<1:44:55,  1.17s/step]Training:  55%|█████▌    | 6641/12000 [2:18:22<1:44:45,  1.17s/step]Training:  55%|█████▌    | 6642/12000 [2:18:23<1:45:07,  1.18s/step]Training:  55%|█████▌    | 6643/12000 [2:18:24<1:44:53,  1.17s/step]Training:  55%|█████▌    | 6644/12000 [2:18:26<1:44:26,  1.17s/step]Training:  55%|█████▌    | 6645/12000 [2:18:27<1:44:08,  1.17s/step]Training:  55%|█████▌    | 6646/12000 [2:18:28<1:43:57,  1.17s/step]Training:  55%|█████▌    | 6647/12000 [2:18:29<1:43:45,  1.16s/step]Training:  55%|█████▌    | 6648/12000 [2:18:30<1:43:37,  1.16s/step]Training:  55%|█████▌    | 6649/12000 [2:18:31<1:43:33,  1.16s/step]Training:  55%|█████▌    | 6650/12000 [2:18:33<1:43:32,  1.16s/step]Training:  55%|█████▌    | 6651/12000 [2:18:34<1:44:17,  1.17s/step]Training:  55%|█████▌    | 6652/12000 [2:18:35<1:44:27,  1.17s/step]Training:  55%|█████▌    | 6653/12000 [2:18:36<1:45:00,  1.18s/step]Training:  55%|█████▌    | 6654/12000 [2:18:37<1:44:55,  1.18s/step]Training:  55%|█████▌    | 6655/12000 [2:18:38<1:44:21,  1.17s/step]Training:  55%|█████▌    | 6656/12000 [2:18:40<1:43:58,  1.17s/step]Training:  55%|█████▌    | 6657/12000 [2:18:41<1:43:46,  1.17s/step]Training:  55%|█████▌    | 6658/12000 [2:18:42<1:43:33,  1.16s/step]Training:  55%|█████▌    | 6659/12000 [2:18:43<1:43:25,  1.16s/step]Training:  56%|█████▌    | 6660/12000 [2:18:44<1:43:19,  1.16s/step]Training:  56%|█████▌    | 6661/12000 [2:18:45<1:43:15,  1.16s/step]Training:  56%|█████▌    | 6662/12000 [2:18:47<1:43:13,  1.16s/step]Training:  56%|█████▌    | 6663/12000 [2:18:48<1:43:10,  1.16s/step]Training:  56%|█████▌    | 6664/12000 [2:18:49<1:43:10,  1.16s/step]Training:  56%|█████▌    | 6665/12000 [2:18:50<1:43:07,  1.16s/step]Training:  56%|█████▌    | 6666/12000 [2:18:51<1:43:04,  1.16s/step]Training:  56%|█████▌    | 6667/12000 [2:18:52<1:43:02,  1.16s/step]Training:  56%|█████▌    | 6668/12000 [2:18:54<1:43:00,  1.16s/step]Training:  56%|█████▌    | 6669/12000 [2:18:55<1:43:25,  1.16s/step]Training:  56%|█████▌    | 6670/12000 [2:18:56<1:43:28,  1.16s/step]Training:  56%|█████▌    | 6671/12000 [2:18:57<1:43:38,  1.17s/step]Training:  56%|█████▌    | 6672/12000 [2:18:58<1:43:41,  1.17s/step]Training:  56%|█████▌    | 6673/12000 [2:18:59<1:43:50,  1.17s/step]Training:  56%|█████▌    | 6674/12000 [2:19:01<1:43:45,  1.17s/step]Training:  56%|█████▌    | 6675/12000 [2:19:02<1:43:57,  1.17s/step]Training:  56%|█████▌    | 6676/12000 [2:19:03<1:44:23,  1.18s/step]Training:  56%|█████▌    | 6677/12000 [2:19:04<1:45:33,  1.19s/step]Training:  56%|█████▌    | 6678/12000 [2:19:05<1:44:44,  1.18s/step]Training:  56%|█████▌    | 6679/12000 [2:19:06<1:44:12,  1.18s/step]Training:  56%|█████▌    | 6680/12000 [2:19:08<1:44:22,  1.18s/step]Training:  56%|█████▌    | 6681/12000 [2:19:09<1:43:51,  1.17s/step]Training:  56%|█████▌    | 6682/12000 [2:19:10<1:43:35,  1.17s/step]Training:  56%|█████▌    | 6683/12000 [2:19:11<1:43:21,  1.17s/step]Training:  56%|█████▌    | 6684/12000 [2:19:12<1:43:08,  1.16s/step]Training:  56%|█████▌    | 6685/12000 [2:19:13<1:42:59,  1.16s/step]Training:  56%|█████▌    | 6686/12000 [2:19:15<1:42:55,  1.16s/step]Training:  56%|█████▌    | 6687/12000 [2:19:16<1:42:53,  1.16s/step]Training:  56%|█████▌    | 6688/12000 [2:19:17<1:42:45,  1.16s/step]Training:  56%|█████▌    | 6689/12000 [2:19:18<1:42:44,  1.16s/step]Training:  56%|█████▌    | 6690/12000 [2:19:19<1:42:38,  1.16s/step]Training:  56%|█████▌    | 6691/12000 [2:19:20<1:42:35,  1.16s/step]Training:  56%|█████▌    | 6692/12000 [2:19:22<1:42:35,  1.16s/step]Training:  56%|█████▌    | 6693/12000 [2:19:23<1:42:31,  1.16s/step]Training:  56%|█████▌    | 6694/12000 [2:19:24<1:42:32,  1.16s/step]Training:  56%|█████▌    | 6695/12000 [2:19:25<1:42:31,  1.16s/step]Training:  56%|█████▌    | 6696/12000 [2:19:26<1:42:31,  1.16s/step]Training:  56%|█████▌    | 6697/12000 [2:19:27<1:42:31,  1.16s/step]Training:  56%|█████▌    | 6698/12000 [2:19:29<1:42:27,  1.16s/step]Training:  56%|█████▌    | 6699/12000 [2:19:30<1:42:35,  1.16s/step]Training:  56%|█████▌    | 6700/12000 [2:19:31<1:43:25,  1.17s/step]Training:  56%|█████▌    | 6701/12000 [2:19:32<1:43:32,  1.17s/step]Training:  56%|█████▌    | 6702/12000 [2:19:33<1:44:23,  1.18s/step]Training:  56%|█████▌    | 6703/12000 [2:19:34<1:43:59,  1.18s/step]Training:  56%|█████▌    | 6704/12000 [2:19:36<1:43:44,  1.18s/step]Training:  56%|█████▌    | 6705/12000 [2:19:37<1:43:34,  1.17s/step]Training:  56%|█████▌    | 6706/12000 [2:19:38<1:43:21,  1.17s/step]Training:  56%|█████▌    | 6707/12000 [2:19:39<1:43:10,  1.17s/step]Training:  56%|█████▌    | 6708/12000 [2:19:40<1:42:52,  1.17s/step]Training:  56%|█████▌    | 6709/12000 [2:19:41<1:42:38,  1.16s/step]Training:  56%|█████▌    | 6710/12000 [2:19:43<1:42:26,  1.16s/step]Training:  56%|█████▌    | 6711/12000 [2:19:44<1:42:21,  1.16s/step]Training:  56%|█████▌    | 6712/12000 [2:19:45<1:42:17,  1.16s/step]Training:  56%|█████▌    | 6713/12000 [2:19:46<1:42:19,  1.16s/step]Training:  56%|█████▌    | 6714/12000 [2:19:47<1:42:16,  1.16s/step]Training:  56%|█████▌    | 6715/12000 [2:19:48<1:42:11,  1.16s/step]Training:  56%|█████▌    | 6716/12000 [2:19:50<1:42:10,  1.16s/step]Training:  56%|█████▌    | 6717/12000 [2:19:51<1:42:07,  1.16s/step]Training:  56%|█████▌    | 6718/12000 [2:19:52<1:42:05,  1.16s/step]Training:  56%|█████▌    | 6719/12000 [2:19:53<1:42:04,  1.16s/step]Training:  56%|█████▌    | 6720/12000 [2:19:54<1:42:17,  1.16s/step]Training:  56%|█████▌    | 6721/12000 [2:19:55<1:42:06,  1.16s/step]Training:  56%|█████▌    | 6722/12000 [2:19:56<1:41:59,  1.16s/step]Training:  56%|█████▌    | 6723/12000 [2:19:58<1:41:59,  1.16s/step]Training:  56%|█████▌    | 6724/12000 [2:19:59<1:42:13,  1.16s/step]Training:  56%|█████▌    | 6725/12000 [2:20:00<1:43:02,  1.17s/step]Training:  56%|█████▌    | 6726/12000 [2:20:01<1:43:25,  1.18s/step]Training:  56%|█████▌    | 6727/12000 [2:20:02<1:43:27,  1.18s/step]Training:  56%|█████▌    | 6728/12000 [2:20:04<1:43:00,  1.17s/step]Training:  56%|█████▌    | 6729/12000 [2:20:05<1:42:35,  1.17s/step]Training:  56%|█████▌    | 6730/12000 [2:20:06<1:42:15,  1.16s/step]Training:  56%|█████▌    | 6731/12000 [2:20:07<1:42:01,  1.16s/step]Training:  56%|█████▌    | 6732/12000 [2:20:08<1:41:54,  1.16s/step]Training:  56%|█████▌    | 6733/12000 [2:20:09<1:41:50,  1.16s/step]Training:  56%|█████▌    | 6734/12000 [2:20:10<1:41:51,  1.16s/step]Training:  56%|█████▌    | 6735/12000 [2:20:12<1:42:35,  1.17s/step]Training:  56%|█████▌    | 6736/12000 [2:20:13<1:42:40,  1.17s/step]Training:  56%|█████▌    | 6737/12000 [2:20:14<1:42:37,  1.17s/step]Training:  56%|█████▌    | 6738/12000 [2:20:15<1:42:34,  1.17s/step]Training:  56%|█████▌    | 6739/12000 [2:20:16<1:42:11,  1.17s/step]Training:  56%|█████▌    | 6740/12000 [2:20:18<1:41:56,  1.16s/step]Training:  56%|█████▌    | 6741/12000 [2:20:19<1:41:41,  1.16s/step]Training:  56%|█████▌    | 6742/12000 [2:20:20<1:41:24,  1.16s/step]Training:  56%|█████▌    | 6743/12000 [2:20:21<1:41:18,  1.16s/step]Training:  56%|█████▌    | 6744/12000 [2:20:22<1:41:14,  1.16s/step]Training:  56%|█████▌    | 6745/12000 [2:20:23<1:41:13,  1.16s/step]Training:  56%|█████▌    | 6746/12000 [2:20:24<1:41:07,  1.15s/step]Training:  56%|█████▌    | 6747/12000 [2:20:26<1:41:06,  1.15s/step]Training:  56%|█████▌    | 6748/12000 [2:20:27<1:41:09,  1.16s/step]Training:  56%|█████▌    | 6749/12000 [2:20:28<1:42:20,  1.17s/step]Training:  56%|█████▋    | 6750/12000 [2:20:29<1:42:59,  1.18s/step]Training:  56%|█████▋    | 6751/12000 [2:20:30<1:43:19,  1.18s/step]Training:  56%|█████▋    | 6752/12000 [2:20:31<1:42:37,  1.17s/step]Training:  56%|█████▋    | 6753/12000 [2:20:33<1:42:07,  1.17s/step]Training:  56%|█████▋    | 6754/12000 [2:20:34<1:41:44,  1.16s/step]Training:  56%|█████▋    | 6755/12000 [2:20:35<1:41:27,  1.16s/step]Training:  56%|█████▋    | 6756/12000 [2:20:36<1:41:17,  1.16s/step]Training:  56%|█████▋    | 6757/12000 [2:20:37<1:41:11,  1.16s/step]Training:  56%|█████▋    | 6758/12000 [2:20:38<1:41:05,  1.16s/step]Training:  56%|█████▋    | 6759/12000 [2:20:40<1:40:59,  1.16s/step]Training:  56%|█████▋    | 6760/12000 [2:20:41<1:40:56,  1.16s/step]Training:  56%|█████▋    | 6761/12000 [2:20:42<1:40:56,  1.16s/step]Training:  56%|█████▋    | 6762/12000 [2:20:43<1:40:55,  1.16s/step]Training:  56%|█████▋    | 6763/12000 [2:20:44<1:40:50,  1.16s/step]Training:  56%|█████▋    | 6764/12000 [2:20:45<1:40:46,  1.15s/step]Training:  56%|█████▋    | 6765/12000 [2:20:46<1:40:45,  1.15s/step]Training:  56%|█████▋    | 6766/12000 [2:20:48<1:40:43,  1.15s/step]Training:  56%|█████▋    | 6767/12000 [2:20:49<1:40:50,  1.16s/step]Training:  56%|█████▋    | 6768/12000 [2:20:50<1:41:02,  1.16s/step]Training:  56%|█████▋    | 6769/12000 [2:20:51<1:41:08,  1.16s/step]Training:  56%|█████▋    | 6770/12000 [2:20:52<1:41:13,  1.16s/step]Training:  56%|█████▋    | 6771/12000 [2:20:53<1:41:10,  1.16s/step]Training:  56%|█████▋    | 6772/12000 [2:20:55<1:41:00,  1.16s/step]Training:  56%|█████▋    | 6773/12000 [2:20:56<1:40:52,  1.16s/step]Training:  56%|█████▋    | 6774/12000 [2:20:57<1:40:51,  1.16s/step]Training:  56%|█████▋    | 6775/12000 [2:20:58<1:41:46,  1.17s/step]Training:  56%|█████▋    | 6776/12000 [2:20:59<1:42:28,  1.18s/step]Training:  56%|█████▋    | 6777/12000 [2:21:01<1:43:13,  1.19s/step]Training:  56%|█████▋    | 6778/12000 [2:21:02<1:42:25,  1.18s/step]Training:  56%|█████▋    | 6779/12000 [2:21:03<1:41:49,  1.17s/step]Training:  56%|█████▋    | 6780/12000 [2:21:04<1:41:22,  1.17s/step]Training:  57%|█████▋    | 6781/12000 [2:21:05<1:41:02,  1.16s/step]Training:  57%|█████▋    | 6782/12000 [2:21:06<1:40:46,  1.16s/step]Training:  57%|█████▋    | 6783/12000 [2:21:07<1:40:39,  1.16s/step]Training:  57%|█████▋    | 6784/12000 [2:21:09<1:40:31,  1.16s/step]Training:  57%|█████▋    | 6785/12000 [2:21:10<1:40:25,  1.16s/step]Training:  57%|█████▋    | 6786/12000 [2:21:11<1:40:24,  1.16s/step]Training:  57%|█████▋    | 6787/12000 [2:21:12<1:40:23,  1.16s/step]Training:  57%|█████▋    | 6788/12000 [2:21:13<1:40:21,  1.16s/step]Training:  57%|█████▋    | 6789/12000 [2:21:14<1:40:18,  1.15s/step]Training:  57%|█████▋    | 6790/12000 [2:21:16<1:40:15,  1.15s/step]Training:  57%|█████▋    | 6791/12000 [2:21:17<1:40:14,  1.15s/step]Training:  57%|█████▋    | 6792/12000 [2:21:18<1:40:11,  1.15s/step]Training:  57%|█████▋    | 6793/12000 [2:21:19<1:40:08,  1.15s/step]Training:  57%|█████▋    | 6794/12000 [2:21:20<1:40:06,  1.15s/step]Training:  57%|█████▋    | 6795/12000 [2:21:21<1:40:06,  1.15s/step]Training:  57%|█████▋    | 6796/12000 [2:21:22<1:40:04,  1.15s/step]Training:  57%|█████▋    | 6797/12000 [2:21:24<1:40:04,  1.15s/step]Training:  57%|█████▋    | 6798/12000 [2:21:25<1:40:01,  1.15s/step]Training:  57%|█████▋    | 6799/12000 [2:21:26<1:39:59,  1.15s/step]Training:  57%|█████▋    | 6800/12000 [2:21:27<1:28:42,  1.02s/step]INFO 2026-09-16 06:15:32 ot_train.py:670 step:7K smpl:435K ep:5K epch:16.02 loss:0.063 grdn:0.898 lr:4.2e-05 updt_s:0.961 data_s:0.037 smp/s:64 mem_gb:14.26 losses_after_forward:0.062 losses_after_in_ep_bound:0.044 losses_after_rm_padding:0.044
Training:  57%|█████▋    | 6801/12000 [2:21:30<2:41:22,  1.86s/step]Training:  57%|█████▋    | 6802/12000 [2:21:32<2:25:03,  1.67s/step]Training:  57%|█████▋    | 6803/12000 [2:21:33<2:12:30,  1.53s/step]Training:  57%|█████▋    | 6804/12000 [2:21:34<2:03:44,  1.43s/step]Training:  57%|█████▋    | 6805/12000 [2:21:35<1:56:57,  1.35s/step]Training:  57%|█████▋    | 6806/12000 [2:21:36<1:51:53,  1.29s/step]Training:  57%|█████▋    | 6807/12000 [2:21:38<1:48:20,  1.25s/step]Training:  57%|█████▋    | 6808/12000 [2:21:39<1:45:50,  1.22s/step]Training:  57%|█████▋    | 6809/12000 [2:21:40<1:44:01,  1.20s/step]Training:  57%|█████▋    | 6810/12000 [2:21:41<1:42:45,  1.19s/step]Training:  57%|█████▋    | 6811/12000 [2:21:42<1:41:54,  1.18s/step]Training:  57%|█████▋    | 6812/12000 [2:21:43<1:41:40,  1.18s/step]Training:  57%|█████▋    | 6813/12000 [2:21:45<1:41:37,  1.18s/step]Training:  57%|█████▋    | 6814/12000 [2:21:46<1:41:30,  1.17s/step]Training:  57%|█████▋    | 6815/12000 [2:21:47<1:41:01,  1.17s/step]Training:  57%|█████▋    | 6816/12000 [2:21:48<1:40:39,  1.17s/step]Training:  57%|█████▋    | 6817/12000 [2:21:49<1:40:49,  1.17s/step]Training:  57%|█████▋    | 6818/12000 [2:21:50<1:40:30,  1.16s/step]Training:  57%|█████▋    | 6819/12000 [2:21:51<1:40:12,  1.16s/step]Training:  57%|█████▋    | 6820/12000 [2:21:53<1:40:05,  1.16s/step]Training:  57%|█████▋    | 6821/12000 [2:21:54<1:39:53,  1.16s/step]Training:  57%|█████▋    | 6822/12000 [2:21:55<1:39:51,  1.16s/step]Training:  57%|█████▋    | 6823/12000 [2:21:56<1:39:46,  1.16s/step]Training:  57%|█████▋    | 6824/12000 [2:21:57<1:39:43,  1.16s/step]Training:  57%|█████▋    | 6825/12000 [2:21:58<1:39:39,  1.16s/step]Training:  57%|█████▋    | 6826/12000 [2:22:00<1:39:42,  1.16s/step]Training:  57%|█████▋    | 6827/12000 [2:22:01<1:39:53,  1.16s/step]Training:  57%|█████▋    | 6828/12000 [2:22:02<1:41:17,  1.18s/step]Training:  57%|█████▋    | 6829/12000 [2:22:03<1:42:33,  1.19s/step]Training:  57%|█████▋    | 6830/12000 [2:22:04<1:42:13,  1.19s/step]Training:  57%|█████▋    | 6831/12000 [2:22:06<1:41:36,  1.18s/step]Training:  57%|█████▋    | 6832/12000 [2:22:07<1:41:47,  1.18s/step]Training:  57%|█████▋    | 6833/12000 [2:22:08<1:41:50,  1.18s/step]Training:  57%|█████▋    | 6834/12000 [2:22:09<1:41:21,  1.18s/step]Training:  57%|█████▋    | 6835/12000 [2:22:10<1:41:24,  1.18s/step]Training:  57%|█████▋    | 6836/12000 [2:22:11<1:41:47,  1.18s/step]Training:  57%|█████▋    | 6837/12000 [2:22:13<1:41:19,  1.18s/step]Training:  57%|█████▋    | 6838/12000 [2:22:14<1:40:54,  1.17s/step]Training:  57%|█████▋    | 6839/12000 [2:22:15<1:40:26,  1.17s/step]Training:  57%|█████▋    | 6840/12000 [2:22:16<1:40:10,  1.16s/step]Training:  57%|█████▋    | 6841/12000 [2:22:17<1:39:56,  1.16s/step]Training:  57%|█████▋    | 6842/12000 [2:22:18<1:39:45,  1.16s/step]Training:  57%|█████▋    | 6843/12000 [2:22:20<1:39:38,  1.16s/step]Training:  57%|█████▋    | 6844/12000 [2:22:21<1:39:33,  1.16s/step]Training:  57%|█████▋    | 6845/12000 [2:22:22<1:39:25,  1.16s/step]Training:  57%|█████▋    | 6846/12000 [2:22:23<1:39:25,  1.16s/step]Training:  57%|█████▋    | 6847/12000 [2:22:24<1:39:23,  1.16s/step]Training:  57%|█████▋    | 6848/12000 [2:22:25<1:39:34,  1.16s/step]Training:  57%|█████▋    | 6849/12000 [2:22:27<1:40:04,  1.17s/step]Training:  57%|█████▋    | 6850/12000 [2:22:28<1:40:28,  1.17s/step]Training:  57%|█████▋    | 6851/12000 [2:22:29<1:40:59,  1.18s/step]Training:  57%|█████▋    | 6852/12000 [2:22:30<1:40:27,  1.17s/step]Training:  57%|█████▋    | 6853/12000 [2:22:31<1:39:58,  1.17s/step]Training:  57%|█████▋    | 6854/12000 [2:22:32<1:39:39,  1.16s/step]Training:  57%|█████▋    | 6855/12000 [2:22:34<1:39:57,  1.17s/step]Training:  57%|█████▋    | 6856/12000 [2:22:35<1:39:52,  1.17s/step]Training:  57%|█████▋    | 6857/12000 [2:22:36<1:39:38,  1.16s/step]Training:  57%|█████▋    | 6858/12000 [2:22:37<1:39:27,  1.16s/step]Training:  57%|█████▋    | 6859/12000 [2:22:38<1:39:17,  1.16s/step]Training:  57%|█████▋    | 6860/12000 [2:22:39<1:39:11,  1.16s/step]Training:  57%|█████▋    | 6861/12000 [2:22:40<1:39:08,  1.16s/step]Training:  57%|█████▋    | 6862/12000 [2:22:42<1:39:11,  1.16s/step]Training:  57%|█████▋    | 6863/12000 [2:22:43<1:39:05,  1.16s/step]Training:  57%|█████▋    | 6864/12000 [2:22:44<1:39:00,  1.16s/step]Training:  57%|█████▋    | 6865/12000 [2:22:45<1:39:24,  1.16s/step]Training:  57%|█████▋    | 6866/12000 [2:22:46<1:39:17,  1.16s/step]Training:  57%|█████▋    | 6867/12000 [2:22:47<1:39:26,  1.16s/step]Training:  57%|█████▋    | 6868/12000 [2:22:49<1:39:26,  1.16s/step]Training:  57%|█████▋    | 6869/12000 [2:22:50<1:39:57,  1.17s/step]Training:  57%|█████▋    | 6870/12000 [2:22:51<1:39:43,  1.17s/step]Training:  57%|█████▋    | 6871/12000 [2:22:52<1:39:28,  1.16s/step]Training:  57%|█████▋    | 6872/12000 [2:22:53<1:39:17,  1.16s/step]Training:  57%|█████▋    | 6873/12000 [2:22:54<1:39:11,  1.16s/step]Training:  57%|█████▋    | 6874/12000 [2:22:56<1:39:23,  1.16s/step]Training:  57%|█████▋    | 6875/12000 [2:22:57<1:39:56,  1.17s/step]Training:  57%|█████▋    | 6876/12000 [2:22:58<1:40:19,  1.17s/step]Training:  57%|█████▋    | 6877/12000 [2:22:59<1:40:12,  1.17s/step]Training:  57%|█████▋    | 6878/12000 [2:23:00<1:39:40,  1.17s/step]Training:  57%|█████▋    | 6879/12000 [2:23:01<1:39:21,  1.16s/step]Training:  57%|█████▋    | 6880/12000 [2:23:03<1:39:12,  1.16s/step]Training:  57%|█████▋    | 6881/12000 [2:23:04<1:39:30,  1.17s/step]Training:  57%|█████▋    | 6882/12000 [2:23:05<1:39:35,  1.17s/step]Training:  57%|█████▋    | 6883/12000 [2:23:06<1:39:15,  1.16s/step]Training:  57%|█████▋    | 6884/12000 [2:23:07<1:39:01,  1.16s/step]Training:  57%|█████▋    | 6885/12000 [2:23:08<1:38:47,  1.16s/step]Training:  57%|█████▋    | 6886/12000 [2:23:10<1:38:42,  1.16s/step]Training:  57%|█████▋    | 6887/12000 [2:23:11<1:38:37,  1.16s/step]Training:  57%|█████▋    | 6888/12000 [2:23:12<1:38:35,  1.16s/step]Training:  57%|█████▋    | 6889/12000 [2:23:13<1:38:29,  1.16s/step]Training:  57%|█████▋    | 6890/12000 [2:23:14<1:38:27,  1.16s/step]Training:  57%|█████▋    | 6891/12000 [2:23:15<1:38:23,  1.16s/step]Training:  57%|█████▋    | 6892/12000 [2:23:17<1:38:46,  1.16s/step]Training:  57%|█████▋    | 6893/12000 [2:23:18<1:38:37,  1.16s/step]Training:  57%|█████▋    | 6894/12000 [2:23:19<1:38:31,  1.16s/step]Training:  57%|█████▋    | 6895/12000 [2:23:20<1:38:24,  1.16s/step]Training:  57%|█████▋    | 6896/12000 [2:23:21<1:38:23,  1.16s/step]Training:  57%|█████▋    | 6897/12000 [2:23:22<1:38:21,  1.16s/step]Training:  57%|█████▋    | 6898/12000 [2:23:23<1:38:37,  1.16s/step]Training:  57%|█████▋    | 6899/12000 [2:23:25<1:38:58,  1.16s/step]Training:  57%|█████▊    | 6900/12000 [2:23:26<1:39:58,  1.18s/step]Training:  58%|█████▊    | 6901/12000 [2:23:27<1:40:32,  1.18s/step]Training:  58%|█████▊    | 6902/12000 [2:23:28<1:40:38,  1.18s/step]Training:  58%|█████▊    | 6903/12000 [2:23:29<1:40:02,  1.18s/step]Training:  58%|█████▊    | 6904/12000 [2:23:31<1:39:25,  1.17s/step]Training:  58%|█████▊    | 6905/12000 [2:23:32<1:38:57,  1.17s/step]Training:  58%|█████▊    | 6906/12000 [2:23:33<1:38:43,  1.16s/step]Training:  58%|█████▊    | 6907/12000 [2:23:34<1:38:30,  1.16s/step]Training:  58%|█████▊    | 6908/12000 [2:23:35<1:38:19,  1.16s/step]Training:  58%|█████▊    | 6909/12000 [2:23:36<1:38:13,  1.16s/step]Training:  58%|█████▊    | 6910/12000 [2:23:37<1:38:51,  1.17s/step]Training:  58%|█████▊    | 6911/12000 [2:23:39<1:39:05,  1.17s/step]Training:  58%|█████▊    | 6912/12000 [2:23:40<1:38:45,  1.16s/step]Training:  58%|█████▊    | 6913/12000 [2:23:41<1:39:05,  1.17s/step]Training:  58%|█████▊    | 6914/12000 [2:23:42<1:39:22,  1.17s/step]Training:  58%|█████▊    | 6915/12000 [2:23:43<1:38:55,  1.17s/step]Training:  58%|█████▊    | 6916/12000 [2:23:44<1:38:37,  1.16s/step]Training:  58%|█████▊    | 6917/12000 [2:23:46<1:38:20,  1.16s/step]Training:  58%|█████▊    | 6918/12000 [2:23:47<1:38:11,  1.16s/step]Training:  58%|█████▊    | 6919/12000 [2:23:48<1:38:21,  1.16s/step]Training:  58%|█████▊    | 6920/12000 [2:23:49<1:38:35,  1.16s/step]Training:  58%|█████▊    | 6921/12000 [2:23:50<1:38:19,  1.16s/step]Training:  58%|█████▊    | 6922/12000 [2:23:51<1:38:09,  1.16s/step]Training:  58%|█████▊    | 6923/12000 [2:23:53<1:38:02,  1.16s/step]Training:  58%|█████▊    | 6924/12000 [2:23:54<1:39:27,  1.18s/step]Training:  58%|█████▊    | 6925/12000 [2:23:55<1:39:47,  1.18s/step]Training:  58%|█████▊    | 6926/12000 [2:23:56<1:39:50,  1.18s/step]Training:  58%|█████▊    | 6927/12000 [2:23:57<1:39:08,  1.17s/step]Training:  58%|█████▊    | 6928/12000 [2:23:58<1:38:37,  1.17s/step]Training:  58%|█████▊    | 6929/12000 [2:24:00<1:38:51,  1.17s/step]Training:  58%|█████▊    | 6930/12000 [2:24:01<1:38:33,  1.17s/step]Training:  58%|█████▊    | 6931/12000 [2:24:02<1:38:31,  1.17s/step]Training:  58%|█████▊    | 6932/12000 [2:24:03<1:38:30,  1.17s/step]Training:  58%|█████▊    | 6933/12000 [2:24:04<1:38:34,  1.17s/step]Training:  58%|█████▊    | 6934/12000 [2:24:06<1:39:03,  1.17s/step]Training:  58%|█████▊    | 6935/12000 [2:24:07<1:39:11,  1.18s/step]Training:  58%|█████▊    | 6936/12000 [2:24:08<1:38:43,  1.17s/step]Training:  58%|█████▊    | 6937/12000 [2:24:09<1:38:20,  1.17s/step]Training:  58%|█████▊    | 6938/12000 [2:24:10<1:38:09,  1.16s/step]Training:  58%|█████▊    | 6939/12000 [2:24:11<1:37:58,  1.16s/step]Training:  58%|█████▊    | 6940/12000 [2:24:12<1:37:47,  1.16s/step]Training:  58%|█████▊    | 6941/12000 [2:24:14<1:37:49,  1.16s/step]Training:  58%|█████▊    | 6942/12000 [2:24:15<1:37:45,  1.16s/step]Training:  58%|█████▊    | 6943/12000 [2:24:16<1:37:37,  1.16s/step]Training:  58%|█████▊    | 6944/12000 [2:24:17<1:37:29,  1.16s/step]Training:  58%|█████▊    | 6945/12000 [2:24:18<1:37:28,  1.16s/step]Training:  58%|█████▊    | 6946/12000 [2:24:19<1:37:30,  1.16s/step]Training:  58%|█████▊    | 6947/12000 [2:24:21<1:37:35,  1.16s/step]Training:  58%|█████▊    | 6948/12000 [2:24:22<1:38:08,  1.17s/step]Training:  58%|█████▊    | 6949/12000 [2:24:23<1:38:32,  1.17s/step]Training:  58%|█████▊    | 6950/12000 [2:24:24<1:38:55,  1.18s/step]Training:  58%|█████▊    | 6951/12000 [2:24:25<1:38:22,  1.17s/step]Training:  58%|█████▊    | 6952/12000 [2:24:26<1:38:24,  1.17s/step]Training:  58%|█████▊    | 6953/12000 [2:24:28<1:38:00,  1.17s/step]Training:  58%|█████▊    | 6954/12000 [2:24:29<1:37:44,  1.16s/step]Training:  58%|█████▊    | 6955/12000 [2:24:30<1:37:42,  1.16s/step]Training:  58%|█████▊    | 6956/12000 [2:24:31<1:37:35,  1.16s/step]Training:  58%|█████▊    | 6957/12000 [2:24:32<1:37:27,  1.16s/step]Training:  58%|█████▊    | 6958/12000 [2:24:33<1:37:21,  1.16s/step]Training:  58%|█████▊    | 6959/12000 [2:24:35<1:37:15,  1.16s/step]Training:  58%|█████▊    | 6960/12000 [2:24:36<1:37:12,  1.16s/step]Training:  58%|█████▊    | 6961/12000 [2:24:37<1:37:17,  1.16s/step]Training:  58%|█████▊    | 6962/12000 [2:24:38<1:37:13,  1.16s/step]Training:  58%|█████▊    | 6963/12000 [2:24:39<1:37:24,  1.16s/step]Training:  58%|█████▊    | 6964/12000 [2:24:40<1:37:36,  1.16s/step]Training:  58%|█████▊    | 6965/12000 [2:24:42<1:37:32,  1.16s/step]Training:  58%|█████▊    | 6966/12000 [2:24:43<1:37:32,  1.16s/step]Training:  58%|█████▊    | 6967/12000 [2:24:44<1:37:32,  1.16s/step]Training:  58%|█████▊    | 6968/12000 [2:24:45<1:37:19,  1.16s/step]Training:  58%|█████▊    | 6969/12000 [2:24:46<1:37:09,  1.16s/step]Training:  58%|█████▊    | 6970/12000 [2:24:47<1:37:03,  1.16s/step]Training:  58%|█████▊    | 6971/12000 [2:24:48<1:36:56,  1.16s/step]Training:  58%|█████▊    | 6972/12000 [2:24:50<1:36:57,  1.16s/step]Training:  58%|█████▊    | 6973/12000 [2:24:51<1:37:22,  1.16s/step]Training:  58%|█████▊    | 6974/12000 [2:24:52<1:37:56,  1.17s/step]Training:  58%|█████▊    | 6975/12000 [2:24:53<1:38:24,  1.17s/step]Training:  58%|█████▊    | 6976/12000 [2:24:54<1:38:32,  1.18s/step]Training:  58%|█████▊    | 6977/12000 [2:24:56<1:37:58,  1.17s/step]Training:  58%|█████▊    | 6978/12000 [2:24:57<1:38:01,  1.17s/step]Training:  58%|█████▊    | 6979/12000 [2:24:58<1:37:34,  1.17s/step]Training:  58%|█████▊    | 6980/12000 [2:24:59<1:37:19,  1.16s/step]Training:  58%|█████▊    | 6981/12000 [2:25:00<1:37:05,  1.16s/step]Training:  58%|█████▊    | 6982/12000 [2:25:01<1:36:55,  1.16s/step]Training:  58%|█████▊    | 6983/12000 [2:25:02<1:36:50,  1.16s/step]Training:  58%|█████▊    | 6984/12000 [2:25:04<1:36:43,  1.16s/step]Training:  58%|█████▊    | 6985/12000 [2:25:05<1:36:39,  1.16s/step]Training:  58%|█████▊    | 6986/12000 [2:25:06<1:36:46,  1.16s/step]Training:  58%|█████▊    | 6987/12000 [2:25:07<1:36:41,  1.16s/step]Training:  58%|█████▊    | 6988/12000 [2:25:08<1:36:36,  1.16s/step]Training:  58%|█████▊    | 6989/12000 [2:25:09<1:36:38,  1.16s/step]Training:  58%|█████▊    | 6990/12000 [2:25:11<1:36:39,  1.16s/step]Training:  58%|█████▊    | 6991/12000 [2:25:12<1:36:33,  1.16s/step]Training:  58%|█████▊    | 6992/12000 [2:25:13<1:36:32,  1.16s/step]Training:  58%|█████▊    | 6993/12000 [2:25:14<1:36:26,  1.16s/step]Training:  58%|█████▊    | 6994/12000 [2:25:15<1:36:35,  1.16s/step]Training:  58%|█████▊    | 6995/12000 [2:25:16<1:36:33,  1.16s/step]Training:  58%|█████▊    | 6996/12000 [2:25:18<1:36:41,  1.16s/step]Training:  58%|█████▊    | 6997/12000 [2:25:19<1:36:44,  1.16s/step]Training:  58%|█████▊    | 6998/12000 [2:25:20<1:36:50,  1.16s/step]Training:  58%|█████▊    | 6999/12000 [2:25:21<1:37:40,  1.17s/step]Training:  58%|█████▊    | 7000/12000 [2:25:22<1:37:53,  1.17s/step]INFO 2026-09-16 06:19:27 ot_train.py:670 step:7K smpl:448K ep:6K epch:16.49 loss:0.060 grdn:0.868 lr:4.0e-05 updt_s:0.963 data_s:0.051 smp/s:63 mem_gb:14.29 losses_after_forward:0.059 losses_after_in_ep_bound:0.042 losses_after_rm_padding:0.042
Training:  58%|█████▊    | 7001/12000 [2:25:23<1:38:15,  1.18s/step]Training:  58%|█████▊    | 7002/12000 [2:25:25<1:38:22,  1.18s/step]Training:  58%|█████▊    | 7003/12000 [2:25:26<1:37:37,  1.17s/step]Training:  58%|█████▊    | 7004/12000 [2:25:27<1:37:12,  1.17s/step]Training:  58%|█████▊    | 7005/12000 [2:25:28<1:36:52,  1.16s/step]Training:  58%|█████▊    | 7006/12000 [2:25:29<1:36:38,  1.16s/step]Training:  58%|█████▊    | 7007/12000 [2:25:30<1:36:35,  1.16s/step]Training:  58%|█████▊    | 7008/12000 [2:25:32<1:36:27,  1.16s/step]Training:  58%|█████▊    | 7009/12000 [2:25:33<1:36:51,  1.16s/step]Training:  58%|█████▊    | 7010/12000 [2:25:34<1:36:38,  1.16s/step]Training:  58%|█████▊    | 7011/12000 [2:25:35<1:36:26,  1.16s/step]Training:  58%|█████▊    | 7012/12000 [2:25:36<1:36:55,  1.17s/step]Training:  58%|█████▊    | 7013/12000 [2:25:37<1:36:35,  1.16s/step]Training:  58%|█████▊    | 7014/12000 [2:25:39<1:36:21,  1.16s/step]Training:  58%|█████▊    | 7015/12000 [2:25:40<1:36:17,  1.16s/step]Training:  58%|█████▊    | 7016/12000 [2:25:41<1:36:11,  1.16s/step]Training:  58%|█████▊    | 7017/12000 [2:25:42<1:36:05,  1.16s/step]Training:  58%|█████▊    | 7018/12000 [2:25:43<1:36:02,  1.16s/step]Training:  58%|█████▊    | 7019/12000 [2:25:44<1:35:57,  1.16s/step]Training:  58%|█████▊    | 7020/12000 [2:25:45<1:35:56,  1.16s/step]Training:  59%|█████▊    | 7021/12000 [2:25:47<1:35:52,  1.16s/step]Training:  59%|█████▊    | 7022/12000 [2:25:48<1:35:53,  1.16s/step]Training:  59%|█████▊    | 7023/12000 [2:25:49<1:35:50,  1.16s/step]Training:  59%|█████▊    | 7024/12000 [2:25:50<1:35:50,  1.16s/step]Training:  59%|█████▊    | 7025/12000 [2:25:51<1:35:55,  1.16s/step]Training:  59%|█████▊    | 7026/12000 [2:25:52<1:37:21,  1.17s/step]Training:  59%|█████▊    | 7027/12000 [2:25:54<1:37:48,  1.18s/step]Training:  59%|█████▊    | 7028/12000 [2:25:55<1:38:00,  1.18s/step]Training:  59%|█████▊    | 7029/12000 [2:25:56<1:38:03,  1.18s/step]Training:  59%|█████▊    | 7030/12000 [2:25:57<1:37:37,  1.18s/step]Training:  59%|█████▊    | 7031/12000 [2:25:58<1:37:15,  1.17s/step]Training:  59%|█████▊    | 7032/12000 [2:26:00<1:37:06,  1.17s/step]Training:  59%|█████▊    | 7033/12000 [2:26:01<1:36:46,  1.17s/step]Training:  59%|█████▊    | 7034/12000 [2:26:02<1:36:24,  1.16s/step]Training:  59%|█████▊    | 7035/12000 [2:26:03<1:36:09,  1.16s/step]Training:  59%|█████▊    | 7036/12000 [2:26:04<1:35:57,  1.16s/step]Training:  59%|█████▊    | 7037/12000 [2:26:05<1:35:48,  1.16s/step]Training:  59%|█████▊    | 7038/12000 [2:26:06<1:35:47,  1.16s/step]Training:  59%|█████▊    | 7039/12000 [2:26:08<1:35:43,  1.16s/step]Training:  59%|█████▊    | 7040/12000 [2:26:09<1:35:40,  1.16s/step]Training:  59%|█████▊    | 7041/12000 [2:26:10<1:35:39,  1.16s/step]Training:  59%|█████▊    | 7042/12000 [2:26:11<1:35:38,  1.16s/step]Training:  59%|█████▊    | 7043/12000 [2:26:12<1:35:35,  1.16s/step]Training:  59%|█████▊    | 7044/12000 [2:26:13<1:35:30,  1.16s/step]Training:  59%|█████▊    | 7045/12000 [2:26:15<1:35:26,  1.16s/step]Training:  59%|█████▊    | 7046/12000 [2:26:16<1:35:28,  1.16s/step]Training:  59%|█████▊    | 7047/12000 [2:26:17<1:35:24,  1.16s/step]Training:  59%|█████▊    | 7048/12000 [2:26:18<1:35:27,  1.16s/step]Training:  59%|█████▊    | 7049/12000 [2:26:19<1:35:24,  1.16s/step]Training:  59%|█████▉    | 7050/12000 [2:26:20<1:35:29,  1.16s/step]Training:  59%|█████▉    | 7051/12000 [2:26:22<1:37:02,  1.18s/step]Training:  59%|█████▉    | 7052/12000 [2:26:23<1:37:51,  1.19s/step]Training:  59%|█████▉    | 7053/12000 [2:26:24<1:37:22,  1.18s/step]Training:  59%|█████▉    | 7054/12000 [2:26:25<1:36:50,  1.17s/step]Training:  59%|█████▉    | 7055/12000 [2:26:26<1:36:18,  1.17s/step]Training:  59%|█████▉    | 7056/12000 [2:26:27<1:36:00,  1.17s/step]Training:  59%|█████▉    | 7057/12000 [2:26:29<1:36:14,  1.17s/step]Training:  59%|█████▉    | 7058/12000 [2:26:30<1:36:01,  1.17s/step]Training:  59%|█████▉    | 7059/12000 [2:26:31<1:35:51,  1.16s/step]Training:  59%|█████▉    | 7060/12000 [2:26:32<1:35:49,  1.16s/step]Training:  59%|█████▉    | 7061/12000 [2:26:33<1:36:39,  1.17s/step]Training:  59%|█████▉    | 7062/12000 [2:26:34<1:36:30,  1.17s/step]Training:  59%|█████▉    | 7063/12000 [2:26:36<1:36:20,  1.17s/step]Training:  59%|█████▉    | 7064/12000 [2:26:37<1:36:18,  1.17s/step]Training:  59%|█████▉    | 7065/12000 [2:26:38<1:35:54,  1.17s/step]Training:  59%|█████▉    | 7066/12000 [2:26:39<1:35:41,  1.16s/step]Training:  59%|█████▉    | 7067/12000 [2:26:40<1:35:32,  1.16s/step]Training:  59%|█████▉    | 7068/12000 [2:26:41<1:35:24,  1.16s/step]Training:  59%|█████▉    | 7069/12000 [2:26:43<1:35:21,  1.16s/step]Training:  59%|█████▉    | 7070/12000 [2:26:44<1:35:22,  1.16s/step]Training:  59%|█████▉    | 7071/12000 [2:26:45<1:35:19,  1.16s/step]Training:  59%|█████▉    | 7072/12000 [2:26:46<1:35:15,  1.16s/step]Training:  59%|█████▉    | 7073/12000 [2:26:47<1:35:25,  1.16s/step]Training:  59%|█████▉    | 7074/12000 [2:26:48<1:36:11,  1.17s/step]Training:  59%|█████▉    | 7075/12000 [2:26:50<1:36:48,  1.18s/step]Training:  59%|█████▉    | 7076/12000 [2:26:51<1:36:47,  1.18s/step]Training:  59%|█████▉    | 7077/12000 [2:26:52<1:36:11,  1.17s/step]Training:  59%|█████▉    | 7078/12000 [2:26:53<1:35:46,  1.17s/step]Training:  59%|█████▉    | 7079/12000 [2:26:54<1:35:26,  1.16s/step]Training:  59%|█████▉    | 7080/12000 [2:26:55<1:35:15,  1.16s/step]Training:  59%|█████▉    | 7081/12000 [2:26:57<1:35:05,  1.16s/step]Training:  59%|█████▉    | 7082/12000 [2:26:58<1:35:01,  1.16s/step]Training:  59%|█████▉    | 7083/12000 [2:26:59<1:35:01,  1.16s/step]Training:  59%|█████▉    | 7084/12000 [2:27:00<1:34:57,  1.16s/step]Training:  59%|█████▉    | 7085/12000 [2:27:01<1:34:53,  1.16s/step]Training:  59%|█████▉    | 7086/12000 [2:27:02<1:35:04,  1.16s/step]Training:  59%|█████▉    | 7087/12000 [2:27:04<1:35:00,  1.16s/step]Training:  59%|█████▉    | 7088/12000 [2:27:05<1:34:57,  1.16s/step]Training:  59%|█████▉    | 7089/12000 [2:27:06<1:34:53,  1.16s/step]Training:  59%|█████▉    | 7090/12000 [2:27:07<1:34:48,  1.16s/step]Training:  59%|█████▉    | 7091/12000 [2:27:08<1:34:44,  1.16s/step]Training:  59%|█████▉    | 7092/12000 [2:27:09<1:35:13,  1.16s/step]Training:  59%|█████▉    | 7093/12000 [2:27:10<1:35:18,  1.17s/step]Training:  59%|█████▉    | 7094/12000 [2:27:12<1:35:19,  1.17s/step]Training:  59%|█████▉    | 7095/12000 [2:27:13<1:35:24,  1.17s/step]Training:  59%|█████▉    | 7096/12000 [2:27:14<1:35:26,  1.17s/step]Training:  59%|█████▉    | 7097/12000 [2:27:15<1:35:17,  1.17s/step]Training:  59%|█████▉    | 7098/12000 [2:27:16<1:35:31,  1.17s/step]Training:  59%|█████▉    | 7099/12000 [2:27:17<1:35:39,  1.17s/step]Training:  59%|█████▉    | 7100/12000 [2:27:19<1:36:07,  1.18s/step]Training:  59%|█████▉    | 7101/12000 [2:27:20<1:36:01,  1.18s/step]Training:  59%|█████▉    | 7102/12000 [2:27:21<1:35:34,  1.17s/step]Training:  59%|█████▉    | 7103/12000 [2:27:22<1:35:11,  1.17s/step]Training:  59%|█████▉    | 7104/12000 [2:27:23<1:35:01,  1.16s/step]Training:  59%|█████▉    | 7105/12000 [2:27:24<1:34:50,  1.16s/step]Training:  59%|█████▉    | 7106/12000 [2:27:26<1:34:45,  1.16s/step]Training:  59%|█████▉    | 7107/12000 [2:27:27<1:34:37,  1.16s/step]Training:  59%|█████▉    | 7108/12000 [2:27:28<1:34:32,  1.16s/step]Training:  59%|█████▉    | 7109/12000 [2:27:29<1:34:24,  1.16s/step]Training:  59%|█████▉    | 7110/12000 [2:27:30<1:34:20,  1.16s/step]Training:  59%|█████▉    | 7111/12000 [2:27:31<1:34:18,  1.16s/step]Training:  59%|█████▉    | 7112/12000 [2:27:33<1:34:17,  1.16s/step]Training:  59%|█████▉    | 7113/12000 [2:27:34<1:34:16,  1.16s/step]Training:  59%|█████▉    | 7114/12000 [2:27:35<1:34:18,  1.16s/step]Training:  59%|█████▉    | 7115/12000 [2:27:36<1:34:16,  1.16s/step]Training:  59%|█████▉    | 7116/12000 [2:27:37<1:34:16,  1.16s/step]Training:  59%|█████▉    | 7117/12000 [2:27:38<1:34:15,  1.16s/step]Training:  59%|█████▉    | 7118/12000 [2:27:40<1:34:14,  1.16s/step]Training:  59%|█████▉    | 7119/12000 [2:27:41<1:34:13,  1.16s/step]Training:  59%|█████▉    | 7120/12000 [2:27:42<1:34:12,  1.16s/step]Training:  59%|█████▉    | 7121/12000 [2:27:43<1:34:11,  1.16s/step]Training:  59%|█████▉    | 7122/12000 [2:27:44<1:34:41,  1.16s/step]Training:  59%|█████▉    | 7123/12000 [2:27:45<1:35:04,  1.17s/step]Training:  59%|█████▉    | 7124/12000 [2:27:47<1:35:26,  1.17s/step]Training:  59%|█████▉    | 7125/12000 [2:27:48<1:36:24,  1.19s/step]Training:  59%|█████▉    | 7126/12000 [2:27:49<1:36:05,  1.18s/step]Training:  59%|█████▉    | 7127/12000 [2:27:50<1:35:39,  1.18s/step]Training:  59%|█████▉    | 7128/12000 [2:27:51<1:35:30,  1.18s/step]Training:  59%|█████▉    | 7129/12000 [2:27:52<1:35:24,  1.18s/step]Training:  59%|█████▉    | 7130/12000 [2:27:54<1:34:59,  1.17s/step]Training:  59%|█████▉    | 7131/12000 [2:27:55<1:34:41,  1.17s/step]Training:  59%|█████▉    | 7132/12000 [2:27:56<1:34:30,  1.16s/step]Training:  59%|█████▉    | 7133/12000 [2:27:57<1:34:20,  1.16s/step]Training:  59%|█████▉    | 7134/12000 [2:27:58<1:34:30,  1.17s/step]Training:  59%|█████▉    | 7135/12000 [2:27:59<1:34:21,  1.16s/step]Training:  59%|█████▉    | 7136/12000 [2:28:01<1:34:15,  1.16s/step]Training:  59%|█████▉    | 7137/12000 [2:28:02<1:34:07,  1.16s/step]Training:  59%|█████▉    | 7138/12000 [2:28:03<1:34:04,  1.16s/step]Training:  59%|█████▉    | 7139/12000 [2:28:04<1:34:00,  1.16s/step]Training:  60%|█████▉    | 7140/12000 [2:28:05<1:33:58,  1.16s/step]Training:  60%|█████▉    | 7141/12000 [2:28:06<1:33:56,  1.16s/step]Training:  60%|█████▉    | 7142/12000 [2:28:08<1:34:25,  1.17s/step]Training:  60%|█████▉    | 7143/12000 [2:28:09<1:34:16,  1.16s/step]Training:  60%|█████▉    | 7144/12000 [2:28:10<1:34:10,  1.16s/step]Training:  60%|█████▉    | 7145/12000 [2:28:11<1:34:04,  1.16s/step]Training:  60%|█████▉    | 7146/12000 [2:28:12<1:34:04,  1.16s/step]Training:  60%|█████▉    | 7147/12000 [2:28:13<1:34:21,  1.17s/step]Training:  60%|█████▉    | 7148/12000 [2:28:15<1:34:39,  1.17s/step]Training:  60%|█████▉    | 7149/12000 [2:28:16<1:35:10,  1.18s/step]Training:  60%|█████▉    | 7150/12000 [2:28:17<1:35:04,  1.18s/step]Training:  60%|█████▉    | 7151/12000 [2:28:18<1:34:43,  1.17s/step]Training:  60%|█████▉    | 7152/12000 [2:28:19<1:34:27,  1.17s/step]Training:  60%|█████▉    | 7153/12000 [2:28:20<1:34:19,  1.17s/step]Training:  60%|█████▉    | 7154/12000 [2:28:22<1:34:07,  1.17s/step]Training:  60%|█████▉    | 7155/12000 [2:28:23<1:33:59,  1.16s/step]Training:  60%|█████▉    | 7156/12000 [2:28:24<1:33:57,  1.16s/step]Training:  60%|█████▉    | 7157/12000 [2:28:25<1:34:09,  1.17s/step]Training:  60%|█████▉    | 7158/12000 [2:28:26<1:34:45,  1.17s/step]Training:  60%|█████▉    | 7159/12000 [2:28:27<1:35:06,  1.18s/step]Training:  60%|█████▉    | 7160/12000 [2:28:29<1:34:56,  1.18s/step]Training:  60%|█████▉    | 7161/12000 [2:28:30<1:34:41,  1.17s/step]Training:  60%|█████▉    | 7162/12000 [2:28:31<1:34:20,  1.17s/step]Training:  60%|█████▉    | 7163/12000 [2:28:32<1:34:02,  1.17s/step]Training:  60%|█████▉    | 7164/12000 [2:28:33<1:33:51,  1.16s/step]Training:  60%|█████▉    | 7165/12000 [2:28:34<1:33:46,  1.16s/step]Training:  60%|█████▉    | 7166/12000 [2:28:36<1:33:38,  1.16s/step]Training:  60%|█████▉    | 7167/12000 [2:28:37<1:33:34,  1.16s/step]Training:  60%|█████▉    | 7168/12000 [2:28:38<1:33:33,  1.16s/step]Training:  60%|█████▉    | 7169/12000 [2:28:39<1:34:22,  1.17s/step]Training:  60%|█████▉    | 7170/12000 [2:28:40<1:34:57,  1.18s/step]Training:  60%|█████▉    | 7171/12000 [2:28:42<1:35:28,  1.19s/step]Training:  60%|█████▉    | 7172/12000 [2:28:43<1:34:51,  1.18s/step]Training:  60%|█████▉    | 7173/12000 [2:28:44<1:34:24,  1.17s/step]Training:  60%|█████▉    | 7174/12000 [2:28:45<1:34:10,  1.17s/step]Training:  60%|█████▉    | 7175/12000 [2:28:46<1:33:54,  1.17s/step]Training:  60%|█████▉    | 7176/12000 [2:28:47<1:33:43,  1.17s/step]Training:  60%|█████▉    | 7177/12000 [2:28:48<1:33:34,  1.16s/step]Training:  60%|█████▉    | 7178/12000 [2:28:50<1:33:29,  1.16s/step]Training:  60%|█████▉    | 7179/12000 [2:28:51<1:33:22,  1.16s/step]Training:  60%|█████▉    | 7180/12000 [2:28:52<1:33:50,  1.17s/step]Training:  60%|█████▉    | 7181/12000 [2:28:53<1:33:35,  1.17s/step]Training:  60%|█████▉    | 7182/12000 [2:28:54<1:33:27,  1.16s/step]Training:  60%|█████▉    | 7183/12000 [2:28:55<1:33:20,  1.16s/step]Training:  60%|█████▉    | 7184/12000 [2:28:57<1:33:19,  1.16s/step]Training:  60%|█████▉    | 7185/12000 [2:28:58<1:33:13,  1.16s/step]Training:  60%|█████▉    | 7186/12000 [2:28:59<1:33:10,  1.16s/step]Training:  60%|█████▉    | 7187/12000 [2:29:00<1:33:06,  1.16s/step]Training:  60%|█████▉    | 7188/12000 [2:29:01<1:33:07,  1.16s/step]Training:  60%|█████▉    | 7189/12000 [2:29:02<1:33:13,  1.16s/step]Training:  60%|█████▉    | 7190/12000 [2:29:04<1:33:21,  1.16s/step]Training:  60%|█████▉    | 7191/12000 [2:29:05<1:33:30,  1.17s/step]Training:  60%|█████▉    | 7192/12000 [2:29:06<1:34:31,  1.18s/step]Training:  60%|█████▉    | 7193/12000 [2:29:07<1:35:03,  1.19s/step]Training:  60%|█████▉    | 7194/12000 [2:29:08<1:34:42,  1.18s/step]Training:  60%|█████▉    | 7195/12000 [2:29:10<1:34:09,  1.18s/step]Training:  60%|█████▉    | 7196/12000 [2:29:11<1:33:45,  1.17s/step]Training:  60%|█████▉    | 7197/12000 [2:29:12<1:33:28,  1.17s/step]Training:  60%|█████▉    | 7198/12000 [2:29:13<1:33:19,  1.17s/step]Training:  60%|█████▉    | 7199/12000 [2:29:14<1:33:09,  1.16s/step]Training:  60%|██████    | 7200/12000 [2:29:15<1:33:06,  1.16s/step]INFO 2026-09-16 06:23:20 ot_train.py:670 step:7K smpl:461K ep:6K epch:16.96 loss:0.059 grdn:0.860 lr:3.7e-05 updt_s:0.964 data_s:0.038 smp/s:64 mem_gb:14.29 losses_after_forward:0.059 losses_after_in_ep_bound:0.041 losses_after_rm_padding:0.041
Training:  60%|██████    | 7201/12000 [2:29:17<1:33:02,  1.16s/step]Training:  60%|██████    | 7202/12000 [2:29:18<1:33:01,  1.16s/step]Training:  60%|██████    | 7203/12000 [2:29:19<1:32:58,  1.16s/step]Training:  60%|██████    | 7204/12000 [2:29:20<1:32:55,  1.16s/step]Training:  60%|██████    | 7205/12000 [2:29:21<1:32:51,  1.16s/step]Training:  60%|██████    | 7206/12000 [2:29:22<1:32:48,  1.16s/step]Training:  60%|██████    | 7207/12000 [2:29:23<1:32:45,  1.16s/step]Training:  60%|██████    | 7208/12000 [2:29:25<1:32:43,  1.16s/step]Training:  60%|██████    | 7209/12000 [2:29:26<1:32:40,  1.16s/step]Training:  60%|██████    | 7210/12000 [2:29:27<1:32:39,  1.16s/step]Training:  60%|██████    | 7211/12000 [2:29:28<1:32:36,  1.16s/step]Training:  60%|██████    | 7212/12000 [2:29:29<1:32:34,  1.16s/step]Training:  60%|██████    | 7213/12000 [2:29:30<1:32:33,  1.16s/step]Training:  60%|██████    | 7214/12000 [2:29:32<1:32:35,  1.16s/step]Training:  60%|██████    | 7215/12000 [2:29:33<1:32:36,  1.16s/step]Training:  60%|██████    | 7216/12000 [2:29:34<1:32:52,  1.16s/step]Training:  60%|██████    | 7217/12000 [2:29:35<1:33:10,  1.17s/step]Training:  60%|██████    | 7218/12000 [2:29:36<1:33:47,  1.18s/step]Training:  60%|██████    | 7219/12000 [2:29:37<1:33:33,  1.17s/step]Training:  60%|██████    | 7220/12000 [2:29:39<1:33:15,  1.17s/step]Training:  60%|██████    | 7221/12000 [2:29:40<1:33:17,  1.17s/step]Training:  60%|██████    | 7222/12000 [2:29:41<1:33:11,  1.17s/step]Training:  60%|██████    | 7223/12000 [2:29:42<1:33:15,  1.17s/step]Training:  60%|██████    | 7224/12000 [2:29:43<1:33:13,  1.17s/step]Training:  60%|██████    | 7225/12000 [2:29:44<1:22:38,  1.04s/step]Training:  60%|██████    | 7226/12000 [2:29:47<2:18:54,  1.75s/step]Training:  60%|██████    | 7227/12000 [2:29:49<2:07:21,  1.60s/step]Training:  60%|██████    | 7228/12000 [2:29:50<1:58:06,  1.48s/step]Training:  60%|██████    | 7229/12000 [2:29:51<1:51:22,  1.40s/step]Training:  60%|██████    | 7230/12000 [2:29:52<1:45:30,  1.33s/step]Training:  60%|██████    | 7231/12000 [2:29:53<1:41:27,  1.28s/step]Training:  60%|██████    | 7232/12000 [2:29:55<1:38:36,  1.24s/step]Training:  60%|██████    | 7233/12000 [2:29:56<1:36:48,  1.22s/step]Training:  60%|██████    | 7234/12000 [2:29:57<1:35:21,  1.20s/step]Training:  60%|██████    | 7235/12000 [2:29:58<1:34:21,  1.19s/step]Training:  60%|██████    | 7236/12000 [2:29:59<1:33:39,  1.18s/step]Training:  60%|██████    | 7237/12000 [2:30:00<1:33:07,  1.17s/step]Training:  60%|██████    | 7238/12000 [2:30:02<1:32:50,  1.17s/step]Training:  60%|██████    | 7239/12000 [2:30:03<1:33:05,  1.17s/step]Training:  60%|██████    | 7240/12000 [2:30:04<1:32:47,  1.17s/step]Training:  60%|██████    | 7241/12000 [2:30:05<1:32:34,  1.17s/step]Training:  60%|██████    | 7242/12000 [2:30:06<1:32:32,  1.17s/step]Training:  60%|██████    | 7243/12000 [2:30:07<1:32:33,  1.17s/step]Training:  60%|██████    | 7244/12000 [2:30:09<1:32:22,  1.17s/step]Training:  60%|██████    | 7245/12000 [2:30:10<1:32:43,  1.17s/step]Training:  60%|██████    | 7246/12000 [2:30:11<1:33:01,  1.17s/step]Training:  60%|██████    | 7247/12000 [2:30:12<1:34:01,  1.19s/step]Training:  60%|██████    | 7248/12000 [2:30:13<1:33:41,  1.18s/step]Training:  60%|██████    | 7249/12000 [2:30:14<1:33:10,  1.18s/step]Training:  60%|██████    | 7250/12000 [2:30:16<1:32:47,  1.17s/step]Training:  60%|██████    | 7251/12000 [2:30:17<1:32:35,  1.17s/step]Training:  60%|██████    | 7252/12000 [2:30:18<1:32:38,  1.17s/step]Training:  60%|██████    | 7253/12000 [2:30:19<1:32:39,  1.17s/step]Training:  60%|██████    | 7254/12000 [2:30:20<1:33:30,  1.18s/step]Training:  60%|██████    | 7255/12000 [2:30:22<1:33:36,  1.18s/step]Training:  60%|██████    | 7256/12000 [2:30:23<1:33:04,  1.18s/step]Training:  60%|██████    | 7257/12000 [2:30:24<1:32:43,  1.17s/step]Training:  60%|██████    | 7258/12000 [2:30:25<1:32:31,  1.17s/step]Training:  60%|██████    | 7259/12000 [2:30:26<1:32:48,  1.17s/step]Training:  60%|██████    | 7260/12000 [2:30:27<1:32:29,  1.17s/step]Training:  61%|██████    | 7261/12000 [2:30:29<1:32:18,  1.17s/step]Training:  61%|██████    | 7262/12000 [2:30:30<1:32:09,  1.17s/step]Training:  61%|██████    | 7263/12000 [2:30:31<1:32:11,  1.17s/step]Training:  61%|██████    | 7264/12000 [2:30:32<1:32:02,  1.17s/step]Training:  61%|██████    | 7265/12000 [2:30:33<1:31:57,  1.17s/step]Training:  61%|██████    | 7266/12000 [2:30:34<1:32:09,  1.17s/step]Training:  61%|██████    | 7267/12000 [2:30:36<1:32:46,  1.18s/step]Training:  61%|██████    | 7268/12000 [2:30:37<1:34:03,  1.19s/step]Training:  61%|██████    | 7269/12000 [2:30:38<1:33:19,  1.18s/step]Training:  61%|██████    | 7270/12000 [2:30:39<1:32:51,  1.18s/step]Training:  61%|██████    | 7271/12000 [2:30:40<1:32:58,  1.18s/step]Training:  61%|██████    | 7272/12000 [2:30:41<1:32:35,  1.18s/step]Training:  61%|██████    | 7273/12000 [2:30:43<1:32:17,  1.17s/step]Training:  61%|██████    | 7274/12000 [2:30:44<1:32:28,  1.17s/step]Training:  61%|██████    | 7275/12000 [2:30:45<1:32:11,  1.17s/step]Training:  61%|██████    | 7276/12000 [2:30:46<1:32:27,  1.17s/step]Training:  61%|██████    | 7277/12000 [2:30:47<1:32:10,  1.17s/step]Training:  61%|██████    | 7278/12000 [2:30:48<1:31:55,  1.17s/step]Training:  61%|██████    | 7279/12000 [2:30:50<1:31:45,  1.17s/step]Training:  61%|██████    | 7280/12000 [2:30:51<1:31:40,  1.17s/step]Training:  61%|██████    | 7281/12000 [2:30:52<1:31:37,  1.16s/step]Training:  61%|██████    | 7282/12000 [2:30:53<1:31:32,  1.16s/step]Training:  61%|██████    | 7283/12000 [2:30:54<1:31:33,  1.16s/step]Training:  61%|██████    | 7284/12000 [2:30:55<1:31:40,  1.17s/step]Training:  61%|██████    | 7285/12000 [2:30:57<1:31:47,  1.17s/step]Training:  61%|██████    | 7286/12000 [2:30:58<1:32:00,  1.17s/step]Training:  61%|██████    | 7287/12000 [2:30:59<1:33:14,  1.19s/step]Training:  61%|██████    | 7288/12000 [2:31:00<1:33:30,  1.19s/step]Training:  61%|██████    | 7289/12000 [2:31:01<1:33:27,  1.19s/step]Training:  61%|██████    | 7290/12000 [2:31:03<1:32:49,  1.18s/step]Training:  61%|██████    | 7291/12000 [2:31:04<1:32:20,  1.18s/step]Training:  61%|██████    | 7292/12000 [2:31:05<1:31:58,  1.17s/step]Training:  61%|██████    | 7293/12000 [2:31:06<1:31:43,  1.17s/step]Training:  61%|██████    | 7294/12000 [2:31:07<1:31:35,  1.17s/step]Training:  61%|██████    | 7295/12000 [2:31:08<1:32:04,  1.17s/step]Training:  61%|██████    | 7296/12000 [2:31:10<1:32:12,  1.18s/step]Training:  61%|██████    | 7297/12000 [2:31:11<1:32:20,  1.18s/step]Training:  61%|██████    | 7298/12000 [2:31:12<1:31:57,  1.17s/step]Training:  61%|██████    | 7299/12000 [2:31:13<1:31:44,  1.17s/step]Training:  61%|██████    | 7300/12000 [2:31:14<1:31:51,  1.17s/step]Training:  61%|██████    | 7301/12000 [2:31:15<1:31:38,  1.17s/step]Training:  61%|██████    | 7302/12000 [2:31:17<1:31:28,  1.17s/step]Training:  61%|██████    | 7303/12000 [2:31:18<1:31:25,  1.17s/step]Training:  61%|██████    | 7304/12000 [2:31:19<1:31:18,  1.17s/step]Training:  61%|██████    | 7305/12000 [2:31:20<1:31:14,  1.17s/step]Training:  61%|██████    | 7306/12000 [2:31:21<1:31:20,  1.17s/step]Training:  61%|██████    | 7307/12000 [2:31:22<1:31:19,  1.17s/step]Training:  61%|██████    | 7308/12000 [2:31:24<1:31:24,  1.17s/step]Training:  61%|██████    | 7309/12000 [2:31:25<1:31:37,  1.17s/step]Training:  61%|██████    | 7310/12000 [2:31:26<1:32:06,  1.18s/step]Training:  61%|██████    | 7311/12000 [2:31:27<1:32:19,  1.18s/step]Training:  61%|██████    | 7312/12000 [2:31:28<1:31:54,  1.18s/step]Training:  61%|██████    | 7313/12000 [2:31:30<1:31:36,  1.17s/step]Training:  61%|██████    | 7314/12000 [2:31:31<1:31:21,  1.17s/step]Training:  61%|██████    | 7315/12000 [2:31:32<1:31:14,  1.17s/step]Training:  61%|██████    | 7316/12000 [2:31:33<1:31:19,  1.17s/step]Training:  61%|██████    | 7317/12000 [2:31:34<1:31:58,  1.18s/step]Training:  61%|██████    | 7318/12000 [2:31:35<1:32:45,  1.19s/step]Training:  61%|██████    | 7319/12000 [2:31:37<1:32:25,  1.18s/step]Training:  61%|██████    | 7320/12000 [2:31:38<1:32:05,  1.18s/step]Training:  61%|██████    | 7321/12000 [2:31:39<1:31:40,  1.18s/step]Training:  61%|██████    | 7322/12000 [2:31:40<1:31:26,  1.17s/step]Training:  61%|██████    | 7323/12000 [2:31:41<1:31:15,  1.17s/step]Training:  61%|██████    | 7324/12000 [2:31:42<1:31:02,  1.17s/step]Training:  61%|██████    | 7325/12000 [2:31:44<1:30:57,  1.17s/step]Training:  61%|██████    | 7326/12000 [2:31:45<1:30:51,  1.17s/step]Training:  61%|██████    | 7327/12000 [2:31:46<1:30:50,  1.17s/step]Training:  61%|██████    | 7328/12000 [2:31:47<1:31:31,  1.18s/step]Training:  61%|██████    | 7329/12000 [2:31:48<1:31:48,  1.18s/step]Training:  61%|██████    | 7330/12000 [2:31:50<1:32:11,  1.18s/step]Training:  61%|██████    | 7331/12000 [2:31:51<1:32:05,  1.18s/step]Training:  61%|██████    | 7332/12000 [2:31:52<1:31:39,  1.18s/step]Training:  61%|██████    | 7333/12000 [2:31:53<1:31:23,  1.17s/step]Training:  61%|██████    | 7334/12000 [2:31:54<1:31:08,  1.17s/step]Training:  61%|██████    | 7335/12000 [2:31:55<1:31:28,  1.18s/step]Training:  61%|██████    | 7336/12000 [2:31:57<1:31:45,  1.18s/step]Training:  61%|██████    | 7337/12000 [2:31:58<1:31:24,  1.18s/step]Training:  61%|██████    | 7338/12000 [2:31:59<1:31:15,  1.17s/step]Training:  61%|██████    | 7339/12000 [2:32:00<1:31:01,  1.17s/step]Training:  61%|██████    | 7340/12000 [2:32:01<1:30:50,  1.17s/step]Training:  61%|██████    | 7341/12000 [2:32:02<1:30:42,  1.17s/step]Training:  61%|██████    | 7342/12000 [2:32:04<1:30:36,  1.17s/step]Training:  61%|██████    | 7343/12000 [2:32:05<1:30:31,  1.17s/step]Training:  61%|██████    | 7344/12000 [2:32:06<1:30:28,  1.17s/step]Training:  61%|██████    | 7345/12000 [2:32:07<1:30:26,  1.17s/step]Training:  61%|██████    | 7346/12000 [2:32:08<1:30:24,  1.17s/step]Training:  61%|██████    | 7347/12000 [2:32:09<1:30:27,  1.17s/step]Training:  61%|██████    | 7348/12000 [2:32:11<1:30:43,  1.17s/step]Training:  61%|██████    | 7349/12000 [2:32:12<1:31:56,  1.19s/step]Training:  61%|██████▏   | 7350/12000 [2:32:13<1:32:39,  1.20s/step]Training:  61%|██████▏   | 7351/12000 [2:32:14<1:32:14,  1.19s/step]Training:  61%|██████▏   | 7352/12000 [2:32:15<1:32:08,  1.19s/step]Training:  61%|██████▏   | 7353/12000 [2:32:17<1:31:35,  1.18s/step]Training:  61%|██████▏   | 7354/12000 [2:32:18<1:31:08,  1.18s/step]Training:  61%|██████▏   | 7355/12000 [2:32:19<1:30:54,  1.17s/step]Training:  61%|██████▏   | 7356/12000 [2:32:20<1:30:42,  1.17s/step]Training:  61%|██████▏   | 7357/12000 [2:32:21<1:30:28,  1.17s/step]Training:  61%|██████▏   | 7358/12000 [2:32:22<1:30:51,  1.17s/step]Training:  61%|██████▏   | 7359/12000 [2:32:24<1:30:39,  1.17s/step]Training:  61%|██████▏   | 7360/12000 [2:32:25<1:30:44,  1.17s/step]Training:  61%|██████▏   | 7361/12000 [2:32:26<1:30:55,  1.18s/step]Training:  61%|██████▏   | 7362/12000 [2:32:27<1:30:37,  1.17s/step]Training:  61%|██████▏   | 7363/12000 [2:32:28<1:30:26,  1.17s/step]Training:  61%|██████▏   | 7364/12000 [2:32:29<1:30:20,  1.17s/step]Training:  61%|██████▏   | 7365/12000 [2:32:31<1:30:14,  1.17s/step]Training:  61%|██████▏   | 7366/12000 [2:32:32<1:30:09,  1.17s/step]Training:  61%|██████▏   | 7367/12000 [2:32:33<1:30:07,  1.17s/step]Training:  61%|██████▏   | 7368/12000 [2:32:34<1:30:12,  1.17s/step]Training:  61%|██████▏   | 7369/12000 [2:32:35<1:30:14,  1.17s/step]Training:  61%|██████▏   | 7370/12000 [2:32:36<1:31:06,  1.18s/step]Training:  61%|██████▏   | 7371/12000 [2:32:38<1:31:30,  1.19s/step]Training:  61%|██████▏   | 7372/12000 [2:32:39<1:30:57,  1.18s/step]Training:  61%|██████▏   | 7373/12000 [2:32:40<1:30:37,  1.18s/step]Training:  61%|██████▏   | 7374/12000 [2:32:41<1:30:24,  1.17s/step]Training:  61%|██████▏   | 7375/12000 [2:32:42<1:30:11,  1.17s/step]Training:  61%|██████▏   | 7376/12000 [2:32:44<1:30:03,  1.17s/step]Training:  61%|██████▏   | 7377/12000 [2:32:45<1:30:27,  1.17s/step]Training:  61%|██████▏   | 7378/12000 [2:32:46<1:30:15,  1.17s/step]Training:  61%|██████▏   | 7379/12000 [2:32:47<1:30:26,  1.17s/step]Training:  62%|██████▏   | 7380/12000 [2:32:48<1:30:22,  1.17s/step]Training:  62%|██████▏   | 7381/12000 [2:32:49<1:30:21,  1.17s/step]Training:  62%|██████▏   | 7382/12000 [2:32:51<1:30:30,  1.18s/step]Training:  62%|██████▏   | 7383/12000 [2:32:52<1:30:29,  1.18s/step]Training:  62%|██████▏   | 7384/12000 [2:32:53<1:30:39,  1.18s/step]Training:  62%|██████▏   | 7385/12000 [2:32:54<1:30:23,  1.18s/step]Training:  62%|██████▏   | 7386/12000 [2:32:55<1:30:30,  1.18s/step]Training:  62%|██████▏   | 7387/12000 [2:32:56<1:30:14,  1.17s/step]Training:  62%|██████▏   | 7388/12000 [2:32:58<1:30:08,  1.17s/step]Training:  62%|██████▏   | 7389/12000 [2:32:59<1:31:04,  1.19s/step]Training:  62%|██████▏   | 7390/12000 [2:33:00<1:31:20,  1.19s/step]Training:  62%|██████▏   | 7391/12000 [2:33:01<1:31:04,  1.19s/step]Training:  62%|██████▏   | 7392/12000 [2:33:02<1:30:36,  1.18s/step]Training:  62%|██████▏   | 7393/12000 [2:33:04<1:30:21,  1.18s/step]Training:  62%|██████▏   | 7394/12000 [2:33:05<1:30:07,  1.17s/step]Training:  62%|██████▏   | 7395/12000 [2:33:06<1:29:54,  1.17s/step]Training:  62%|██████▏   | 7396/12000 [2:33:07<1:29:42,  1.17s/step]Training:  62%|██████▏   | 7397/12000 [2:33:08<1:29:40,  1.17s/step]Training:  62%|██████▏   | 7398/12000 [2:33:09<1:29:38,  1.17s/step]Training:  62%|██████▏   | 7399/12000 [2:33:11<1:29:41,  1.17s/step]Training:  62%|██████▏   | 7400/12000 [2:33:12<1:29:36,  1.17s/step]INFO 2026-09-16 06:27:17 ot_train.py:670 step:7K smpl:474K ep:6K epch:17.43 loss:0.057 grdn:0.866 lr:3.5e-05 updt_s:0.969 data_s:0.048 smp/s:63 mem_gb:14.26 losses_after_forward:0.058 losses_after_in_ep_bound:0.040 losses_after_rm_padding:0.040
Training:  62%|██████▏   | 7401/12000 [2:33:13<1:29:32,  1.17s/step]Training:  62%|██████▏   | 7402/12000 [2:33:14<1:29:29,  1.17s/step]Training:  62%|██████▏   | 7403/12000 [2:33:15<1:29:27,  1.17s/step]Training:  62%|██████▏   | 7404/12000 [2:33:16<1:29:24,  1.17s/step]Training:  62%|██████▏   | 7405/12000 [2:33:18<1:29:21,  1.17s/step]Training:  62%|██████▏   | 7406/12000 [2:33:19<1:29:17,  1.17s/step]Training:  62%|██████▏   | 7407/12000 [2:33:20<1:29:15,  1.17s/step]Training:  62%|██████▏   | 7408/12000 [2:33:21<1:29:17,  1.17s/step]Training:  62%|██████▏   | 7409/12000 [2:33:22<1:29:14,  1.17s/step]Training:  62%|██████▏   | 7410/12000 [2:33:23<1:29:32,  1.17s/step]Training:  62%|██████▏   | 7411/12000 [2:33:25<1:30:21,  1.18s/step]Training:  62%|██████▏   | 7412/12000 [2:33:26<1:31:01,  1.19s/step]Training:  62%|██████▏   | 7413/12000 [2:33:27<1:31:10,  1.19s/step]Training:  62%|██████▏   | 7414/12000 [2:33:28<1:31:11,  1.19s/step]Training:  62%|██████▏   | 7415/12000 [2:33:29<1:30:53,  1.19s/step]Training:  62%|██████▏   | 7416/12000 [2:33:31<1:30:48,  1.19s/step]Training:  62%|██████▏   | 7417/12000 [2:33:32<1:30:16,  1.18s/step]Training:  62%|██████▏   | 7418/12000 [2:33:33<1:29:56,  1.18s/step]Training:  62%|██████▏   | 7419/12000 [2:33:34<1:29:39,  1.17s/step]Training:  62%|██████▏   | 7420/12000 [2:33:35<1:29:26,  1.17s/step]Training:  62%|██████▏   | 7421/12000 [2:33:36<1:29:23,  1.17s/step]Training:  62%|██████▏   | 7422/12000 [2:33:38<1:29:16,  1.17s/step]Training:  62%|██████▏   | 7423/12000 [2:33:39<1:29:14,  1.17s/step]Training:  62%|██████▏   | 7424/12000 [2:33:40<1:29:31,  1.17s/step]Training:  62%|██████▏   | 7425/12000 [2:33:41<1:29:23,  1.17s/step]Training:  62%|██████▏   | 7426/12000 [2:33:42<1:29:13,  1.17s/step]Training:  62%|██████▏   | 7427/12000 [2:33:43<1:29:08,  1.17s/step]Training:  62%|██████▏   | 7428/12000 [2:33:45<1:29:05,  1.17s/step]Training:  62%|██████▏   | 7429/12000 [2:33:46<1:29:28,  1.17s/step]Training:  62%|██████▏   | 7430/12000 [2:33:47<1:30:28,  1.19s/step]Training:  62%|██████▏   | 7431/12000 [2:33:48<1:30:42,  1.19s/step]Training:  62%|██████▏   | 7432/12000 [2:33:49<1:30:06,  1.18s/step]Training:  62%|██████▏   | 7433/12000 [2:33:51<1:30:09,  1.18s/step]Training:  62%|██████▏   | 7434/12000 [2:33:52<1:29:44,  1.18s/step]Training:  62%|██████▏   | 7435/12000 [2:33:53<1:29:27,  1.18s/step]Training:  62%|██████▏   | 7436/12000 [2:33:54<1:29:46,  1.18s/step]Training:  62%|██████▏   | 7437/12000 [2:33:55<1:29:25,  1.18s/step]Training:  62%|██████▏   | 7438/12000 [2:33:56<1:29:12,  1.17s/step]Training:  62%|██████▏   | 7439/12000 [2:33:58<1:29:03,  1.17s/step]Training:  62%|██████▏   | 7440/12000 [2:33:59<1:29:09,  1.17s/step]Training:  62%|██████▏   | 7441/12000 [2:34:00<1:28:59,  1.17s/step]Training:  62%|██████▏   | 7442/12000 [2:34:01<1:28:56,  1.17s/step]Training:  62%|██████▏   | 7443/12000 [2:34:02<1:28:55,  1.17s/step]Training:  62%|██████▏   | 7444/12000 [2:34:03<1:28:56,  1.17s/step]Training:  62%|██████▏   | 7445/12000 [2:34:05<1:29:06,  1.17s/step]Training:  62%|██████▏   | 7446/12000 [2:34:06<1:29:10,  1.17s/step]Training:  62%|██████▏   | 7447/12000 [2:34:07<1:29:12,  1.18s/step]Training:  62%|██████▏   | 7448/12000 [2:34:08<1:30:01,  1.19s/step]Training:  62%|██████▏   | 7449/12000 [2:34:09<1:30:26,  1.19s/step]Training:  62%|██████▏   | 7450/12000 [2:34:11<1:30:39,  1.20s/step]Training:  62%|██████▏   | 7451/12000 [2:34:12<1:30:01,  1.19s/step]Training:  62%|██████▏   | 7452/12000 [2:34:13<1:29:30,  1.18s/step]Training:  62%|██████▏   | 7453/12000 [2:34:14<1:29:11,  1.18s/step]Training:  62%|██████▏   | 7454/12000 [2:34:15<1:28:56,  1.17s/step]Training:  62%|██████▏   | 7455/12000 [2:34:16<1:28:47,  1.17s/step]Training:  62%|██████▏   | 7456/12000 [2:34:18<1:28:37,  1.17s/step]Training:  62%|██████▏   | 7457/12000 [2:34:19<1:28:34,  1.17s/step]Training:  62%|██████▏   | 7458/12000 [2:34:20<1:28:35,  1.17s/step]Training:  62%|██████▏   | 7459/12000 [2:34:21<1:28:33,  1.17s/step]Training:  62%|██████▏   | 7460/12000 [2:34:22<1:28:27,  1.17s/step]Training:  62%|██████▏   | 7461/12000 [2:34:23<1:28:23,  1.17s/step]Training:  62%|██████▏   | 7462/12000 [2:34:25<1:28:22,  1.17s/step]Training:  62%|██████▏   | 7463/12000 [2:34:26<1:28:33,  1.17s/step]Training:  62%|██████▏   | 7464/12000 [2:34:27<1:28:33,  1.17s/step]Training:  62%|██████▏   | 7465/12000 [2:34:28<1:28:30,  1.17s/step]Training:  62%|██████▏   | 7466/12000 [2:34:29<1:28:24,  1.17s/step]Training:  62%|██████▏   | 7467/12000 [2:34:30<1:28:46,  1.17s/step]Training:  62%|██████▏   | 7468/12000 [2:34:32<1:28:39,  1.17s/step]Training:  62%|██████▏   | 7469/12000 [2:34:33<1:28:48,  1.18s/step]Training:  62%|██████▏   | 7470/12000 [2:34:34<1:28:58,  1.18s/step]Training:  62%|██████▏   | 7471/12000 [2:34:35<1:29:28,  1.19s/step]Training:  62%|██████▏   | 7472/12000 [2:34:36<1:29:05,  1.18s/step]Training:  62%|██████▏   | 7473/12000 [2:34:38<1:28:55,  1.18s/step]Training:  62%|██████▏   | 7474/12000 [2:34:39<1:28:37,  1.17s/step]Training:  62%|██████▏   | 7475/12000 [2:34:40<1:28:32,  1.17s/step]Training:  62%|██████▏   | 7476/12000 [2:34:41<1:28:40,  1.18s/step]Training:  62%|██████▏   | 7477/12000 [2:34:42<1:28:49,  1.18s/step]Training:  62%|██████▏   | 7478/12000 [2:34:43<1:29:36,  1.19s/step]Training:  62%|██████▏   | 7479/12000 [2:34:45<1:29:22,  1.19s/step]Training:  62%|██████▏   | 7480/12000 [2:34:46<1:29:00,  1.18s/step]Training:  62%|██████▏   | 7481/12000 [2:34:47<1:28:40,  1.18s/step]Training:  62%|██████▏   | 7482/12000 [2:34:48<1:28:29,  1.18s/step]Training:  62%|██████▏   | 7483/12000 [2:34:49<1:28:20,  1.17s/step]Training:  62%|██████▏   | 7484/12000 [2:34:50<1:28:09,  1.17s/step]Training:  62%|██████▏   | 7485/12000 [2:34:52<1:28:01,  1.17s/step]Training:  62%|██████▏   | 7486/12000 [2:34:53<1:27:57,  1.17s/step]Training:  62%|██████▏   | 7487/12000 [2:34:54<1:27:55,  1.17s/step]Training:  62%|██████▏   | 7488/12000 [2:34:55<1:28:01,  1.17s/step]Training:  62%|██████▏   | 7489/12000 [2:34:56<1:29:06,  1.19s/step]Training:  62%|██████▏   | 7490/12000 [2:34:58<1:29:28,  1.19s/step]Training:  62%|██████▏   | 7491/12000 [2:34:59<1:28:56,  1.18s/step]Training:  62%|██████▏   | 7492/12000 [2:35:00<1:28:37,  1.18s/step]Training:  62%|██████▏   | 7493/12000 [2:35:01<1:28:21,  1.18s/step]Training:  62%|██████▏   | 7494/12000 [2:35:02<1:28:15,  1.18s/step]Training:  62%|██████▏   | 7495/12000 [2:35:03<1:28:09,  1.17s/step]Training:  62%|██████▏   | 7496/12000 [2:35:05<1:28:01,  1.17s/step]Training:  62%|██████▏   | 7497/12000 [2:35:06<1:27:55,  1.17s/step]Training:  62%|██████▏   | 7498/12000 [2:35:07<1:27:57,  1.17s/step]Training:  62%|██████▏   | 7499/12000 [2:35:08<1:28:13,  1.18s/step]Training:  62%|██████▎   | 7500/12000 [2:35:09<1:28:04,  1.17s/step]Training:  63%|██████▎   | 7501/12000 [2:35:10<1:27:54,  1.17s/step]Training:  63%|██████▎   | 7502/12000 [2:35:12<1:27:49,  1.17s/step]Training:  63%|██████▎   | 7503/12000 [2:35:13<1:27:43,  1.17s/step]Training:  63%|██████▎   | 7504/12000 [2:35:14<1:27:44,  1.17s/step]Training:  63%|██████▎   | 7505/12000 [2:35:15<1:27:42,  1.17s/step]Training:  63%|██████▎   | 7506/12000 [2:35:16<1:27:40,  1.17s/step]Training:  63%|██████▎   | 7507/12000 [2:35:17<1:27:41,  1.17s/step]Training:  63%|██████▎   | 7508/12000 [2:35:19<1:28:06,  1.18s/step]Training:  63%|██████▎   | 7509/12000 [2:35:20<1:28:43,  1.19s/step]Training:  63%|██████▎   | 7510/12000 [2:35:21<1:29:37,  1.20s/step]Training:  63%|██████▎   | 7511/12000 [2:35:22<1:29:19,  1.19s/step]Training:  63%|██████▎   | 7512/12000 [2:35:23<1:29:05,  1.19s/step]Training:  63%|██████▎   | 7513/12000 [2:35:25<1:28:37,  1.19s/step]Training:  63%|██████▎   | 7514/12000 [2:35:26<1:28:18,  1.18s/step]Training:  63%|██████▎   | 7515/12000 [2:35:27<1:28:04,  1.18s/step]Training:  63%|██████▎   | 7516/12000 [2:35:28<1:27:56,  1.18s/step]Training:  63%|██████▎   | 7517/12000 [2:35:29<1:28:00,  1.18s/step]Training:  63%|██████▎   | 7518/12000 [2:35:31<1:27:45,  1.17s/step]Training:  63%|██████▎   | 7519/12000 [2:35:32<1:27:40,  1.17s/step]Training:  63%|██████▎   | 7520/12000 [2:35:33<1:27:57,  1.18s/step]Training:  63%|██████▎   | 7521/12000 [2:35:34<1:28:12,  1.18s/step]Training:  63%|██████▎   | 7522/12000 [2:35:35<1:27:53,  1.18s/step]Training:  63%|██████▎   | 7523/12000 [2:35:36<1:27:45,  1.18s/step]Training:  63%|██████▎   | 7524/12000 [2:35:38<1:27:33,  1.17s/step]Training:  63%|██████▎   | 7525/12000 [2:35:39<1:27:29,  1.17s/step]Training:  63%|██████▎   | 7526/12000 [2:35:40<1:27:30,  1.17s/step]Training:  63%|██████▎   | 7527/12000 [2:35:41<1:28:29,  1.19s/step]Training:  63%|██████▎   | 7528/12000 [2:35:42<1:29:15,  1.20s/step]Training:  63%|██████▎   | 7529/12000 [2:35:44<1:28:37,  1.19s/step]Training:  63%|██████▎   | 7530/12000 [2:35:45<1:28:11,  1.18s/step]Training:  63%|██████▎   | 7531/12000 [2:35:46<1:27:50,  1.18s/step]Training:  63%|██████▎   | 7532/12000 [2:35:47<1:27:39,  1.18s/step]Training:  63%|██████▎   | 7533/12000 [2:35:48<1:27:30,  1.18s/step]Training:  63%|██████▎   | 7534/12000 [2:35:49<1:27:23,  1.17s/step]Training:  63%|██████▎   | 7535/12000 [2:35:51<1:27:15,  1.17s/step]Training:  63%|██████▎   | 7536/12000 [2:35:52<1:27:14,  1.17s/step]Training:  63%|██████▎   | 7537/12000 [2:35:53<1:27:11,  1.17s/step]Training:  63%|██████▎   | 7538/12000 [2:35:54<1:27:05,  1.17s/step]Training:  63%|██████▎   | 7539/12000 [2:35:55<1:27:09,  1.17s/step]Training:  63%|██████▎   | 7540/12000 [2:35:56<1:27:14,  1.17s/step]Training:  63%|██████▎   | 7541/12000 [2:35:58<1:27:20,  1.18s/step]Training:  63%|██████▎   | 7542/12000 [2:35:59<1:27:24,  1.18s/step]Training:  63%|██████▎   | 7543/12000 [2:36:00<1:27:42,  1.18s/step]Training:  63%|██████▎   | 7544/12000 [2:36:01<1:27:43,  1.18s/step]Training:  63%|██████▎   | 7545/12000 [2:36:02<1:27:46,  1.18s/step]Training:  63%|██████▎   | 7546/12000 [2:36:04<1:28:19,  1.19s/step]Training:  63%|██████▎   | 7547/12000 [2:36:05<1:28:38,  1.19s/step]Training:  63%|██████▎   | 7548/12000 [2:36:06<1:28:07,  1.19s/step]Training:  63%|██████▎   | 7549/12000 [2:36:07<1:27:44,  1.18s/step]Training:  63%|██████▎   | 7550/12000 [2:36:08<1:27:27,  1.18s/step]Training:  63%|██████▎   | 7551/12000 [2:36:09<1:27:16,  1.18s/step]Training:  63%|██████▎   | 7552/12000 [2:36:11<1:27:07,  1.18s/step]Training:  63%|██████▎   | 7553/12000 [2:36:12<1:27:03,  1.17s/step]Training:  63%|██████▎   | 7554/12000 [2:36:13<1:26:55,  1.17s/step]Training:  63%|██████▎   | 7555/12000 [2:36:14<1:26:59,  1.17s/step]Training:  63%|██████▎   | 7556/12000 [2:36:15<1:26:56,  1.17s/step]Training:  63%|██████▎   | 7557/12000 [2:36:16<1:26:51,  1.17s/step]Training:  63%|██████▎   | 7558/12000 [2:36:18<1:27:07,  1.18s/step]Training:  63%|██████▎   | 7559/12000 [2:36:19<1:27:21,  1.18s/step]Training:  63%|██████▎   | 7560/12000 [2:36:20<1:27:08,  1.18s/step]Training:  63%|██████▎   | 7561/12000 [2:36:21<1:27:01,  1.18s/step]Training:  63%|██████▎   | 7562/12000 [2:36:22<1:27:12,  1.18s/step]Training:  63%|██████▎   | 7563/12000 [2:36:24<1:27:06,  1.18s/step]Training:  63%|██████▎   | 7564/12000 [2:36:25<1:27:21,  1.18s/step]Training:  63%|██████▎   | 7565/12000 [2:36:26<1:27:40,  1.19s/step]Training:  63%|██████▎   | 7566/12000 [2:36:27<1:28:06,  1.19s/step]Training:  63%|██████▎   | 7567/12000 [2:36:28<1:28:00,  1.19s/step]Training:  63%|██████▎   | 7568/12000 [2:36:30<1:27:36,  1.19s/step]Training:  63%|██████▎   | 7569/12000 [2:36:31<1:27:18,  1.18s/step]Training:  63%|██████▎   | 7570/12000 [2:36:32<1:27:04,  1.18s/step]Training:  63%|██████▎   | 7571/12000 [2:36:33<1:26:56,  1.18s/step]Training:  63%|██████▎   | 7572/12000 [2:36:34<1:27:16,  1.18s/step]Training:  63%|██████▎   | 7573/12000 [2:36:35<1:27:48,  1.19s/step]Training:  63%|██████▎   | 7574/12000 [2:36:37<1:27:38,  1.19s/step]Training:  63%|██████▎   | 7575/12000 [2:36:38<1:28:09,  1.20s/step]Training:  63%|██████▎   | 7576/12000 [2:36:39<1:27:39,  1.19s/step]Training:  63%|██████▎   | 7577/12000 [2:36:40<1:27:20,  1.18s/step]Training:  63%|██████▎   | 7578/12000 [2:36:41<1:27:06,  1.18s/step]Training:  63%|██████▎   | 7579/12000 [2:36:43<1:26:54,  1.18s/step]Training:  63%|██████▎   | 7580/12000 [2:36:44<1:26:47,  1.18s/step]Training:  63%|██████▎   | 7581/12000 [2:36:45<1:27:02,  1.18s/step]Training:  63%|██████▎   | 7582/12000 [2:36:46<1:27:56,  1.19s/step]Training:  63%|██████▎   | 7583/12000 [2:36:47<1:28:03,  1.20s/step]Training:  63%|██████▎   | 7584/12000 [2:36:48<1:27:34,  1.19s/step]Training:  63%|██████▎   | 7585/12000 [2:36:50<1:27:14,  1.19s/step]Training:  63%|██████▎   | 7586/12000 [2:36:51<1:26:55,  1.18s/step]Training:  63%|██████▎   | 7587/12000 [2:36:52<1:26:42,  1.18s/step]Training:  63%|██████▎   | 7588/12000 [2:36:53<1:26:29,  1.18s/step]Training:  63%|██████▎   | 7589/12000 [2:36:54<1:26:23,  1.18s/step]Training:  63%|██████▎   | 7590/12000 [2:36:56<1:26:15,  1.17s/step]Training:  63%|██████▎   | 7591/12000 [2:36:57<1:26:13,  1.17s/step]Training:  63%|██████▎   | 7592/12000 [2:36:58<1:26:09,  1.17s/step]Training:  63%|██████▎   | 7593/12000 [2:36:59<1:26:11,  1.17s/step]Training:  63%|██████▎   | 7594/12000 [2:37:00<1:26:07,  1.17s/step]Training:  63%|██████▎   | 7595/12000 [2:37:01<1:26:06,  1.17s/step]Training:  63%|██████▎   | 7596/12000 [2:37:03<1:26:02,  1.17s/step]Training:  63%|██████▎   | 7597/12000 [2:37:04<1:26:02,  1.17s/step]Training:  63%|██████▎   | 7598/12000 [2:37:05<1:26:00,  1.17s/step]Training:  63%|██████▎   | 7599/12000 [2:37:06<1:25:57,  1.17s/step]Training:  63%|██████▎   | 7600/12000 [2:37:07<1:26:37,  1.18s/step]INFO 2026-09-16 06:31:12 ot_train.py:670 step:8K smpl:486K ep:6K epch:17.90 loss:0.055 grdn:0.908 lr:3.3e-05 updt_s:0.976 data_s:0.038 smp/s:63 mem_gb:14.29 losses_after_forward:0.058 losses_after_in_ep_bound:0.039 losses_after_rm_padding:0.039
Training:  63%|██████▎   | 7601/12000 [2:37:09<1:27:28,  1.19s/step]Training:  63%|██████▎   | 7602/12000 [2:37:10<1:27:17,  1.19s/step]Training:  63%|██████▎   | 7603/12000 [2:37:11<1:26:59,  1.19s/step]Training:  63%|██████▎   | 7604/12000 [2:37:12<1:26:52,  1.19s/step]Training:  63%|██████▎   | 7605/12000 [2:37:13<1:26:48,  1.19s/step]Training:  63%|██████▎   | 7606/12000 [2:37:14<1:26:48,  1.19s/step]Training:  63%|██████▎   | 7607/12000 [2:37:16<1:26:49,  1.19s/step]Training:  63%|██████▎   | 7608/12000 [2:37:17<1:26:28,  1.18s/step]Training:  63%|██████▎   | 7609/12000 [2:37:18<1:26:15,  1.18s/step]Training:  63%|██████▎   | 7610/12000 [2:37:19<1:26:04,  1.18s/step]Training:  63%|██████▎   | 7611/12000 [2:37:20<1:25:57,  1.18s/step]Training:  63%|██████▎   | 7612/12000 [2:37:21<1:25:53,  1.17s/step]Training:  63%|██████▎   | 7613/12000 [2:37:23<1:25:48,  1.17s/step]Training:  63%|██████▎   | 7614/12000 [2:37:24<1:25:47,  1.17s/step]Training:  63%|██████▎   | 7615/12000 [2:37:25<1:25:44,  1.17s/step]Training:  63%|██████▎   | 7616/12000 [2:37:26<1:25:41,  1.17s/step]Training:  63%|██████▎   | 7617/12000 [2:37:27<1:25:40,  1.17s/step]Training:  63%|██████▎   | 7618/12000 [2:37:29<1:26:02,  1.18s/step]Training:  63%|██████▎   | 7619/12000 [2:37:30<1:26:52,  1.19s/step]Training:  64%|██████▎   | 7620/12000 [2:37:31<1:27:21,  1.20s/step]Training:  64%|██████▎   | 7621/12000 [2:37:32<1:26:50,  1.19s/step]Training:  64%|██████▎   | 7622/12000 [2:37:33<1:26:27,  1.19s/step]Training:  64%|██████▎   | 7623/12000 [2:37:34<1:26:11,  1.18s/step]Training:  64%|██████▎   | 7624/12000 [2:37:36<1:25:57,  1.18s/step]Training:  64%|██████▎   | 7625/12000 [2:37:37<1:25:47,  1.18s/step]Training:  64%|██████▎   | 7626/12000 [2:37:38<1:25:38,  1.17s/step]Training:  64%|██████▎   | 7627/12000 [2:37:39<1:25:47,  1.18s/step]Training:  64%|██████▎   | 7628/12000 [2:37:40<1:25:40,  1.18s/step]Training:  64%|██████▎   | 7629/12000 [2:37:42<1:25:35,  1.18s/step]Training:  64%|██████▎   | 7630/12000 [2:37:43<1:25:31,  1.17s/step]Training:  64%|██████▎   | 7631/12000 [2:37:44<1:25:30,  1.17s/step]Training:  64%|██████▎   | 7632/12000 [2:37:45<1:25:25,  1.17s/step]Training:  64%|██████▎   | 7633/12000 [2:37:46<1:25:24,  1.17s/step]Training:  64%|██████▎   | 7634/12000 [2:37:47<1:25:34,  1.18s/step]Training:  64%|██████▎   | 7635/12000 [2:37:49<1:25:37,  1.18s/step]Training:  64%|██████▎   | 7636/12000 [2:37:50<1:25:48,  1.18s/step]Training:  64%|██████▎   | 7637/12000 [2:37:51<1:26:43,  1.19s/step]Training:  64%|██████▎   | 7638/12000 [2:37:52<1:27:25,  1.20s/step]Training:  64%|██████▎   | 7639/12000 [2:37:53<1:26:56,  1.20s/step]Training:  64%|██████▎   | 7640/12000 [2:37:55<1:26:23,  1.19s/step]Training:  64%|██████▎   | 7641/12000 [2:37:56<1:25:59,  1.18s/step]Training:  64%|██████▎   | 7642/12000 [2:37:57<1:25:45,  1.18s/step]Training:  64%|██████▎   | 7643/12000 [2:37:58<1:25:33,  1.18s/step]Training:  64%|██████▎   | 7644/12000 [2:37:59<1:25:23,  1.18s/step]Training:  64%|██████▎   | 7645/12000 [2:38:00<1:25:20,  1.18s/step]Training:  64%|██████▎   | 7646/12000 [2:38:02<1:25:14,  1.17s/step]Training:  64%|██████▎   | 7647/12000 [2:38:03<1:25:10,  1.17s/step]Training:  64%|██████▎   | 7648/12000 [2:38:04<1:25:07,  1.17s/step]Training:  64%|██████▎   | 7649/12000 [2:38:05<1:25:05,  1.17s/step]Training:  64%|██████▍   | 7650/12000 [2:38:06<1:15:29,  1.04s/step]Training:  64%|██████▍   | 7651/12000 [2:38:09<1:53:37,  1.57s/step]Training:  64%|██████▍   | 7652/12000 [2:38:10<1:45:50,  1.46s/step]Training:  64%|██████▍   | 7653/12000 [2:38:11<1:41:17,  1.40s/step]Training:  64%|██████▍   | 7654/12000 [2:38:12<1:37:55,  1.35s/step]Training:  64%|██████▍   | 7655/12000 [2:38:14<1:34:15,  1.30s/step]Training:  64%|██████▍   | 7656/12000 [2:38:15<1:31:17,  1.26s/step]Training:  64%|██████▍   | 7657/12000 [2:38:16<1:29:13,  1.23s/step]Training:  64%|██████▍   | 7658/12000 [2:38:17<1:27:55,  1.21s/step]Training:  64%|██████▍   | 7659/12000 [2:38:18<1:26:50,  1.20s/step]Training:  64%|██████▍   | 7660/12000 [2:38:19<1:26:10,  1.19s/step]Training:  64%|██████▍   | 7661/12000 [2:38:21<1:26:00,  1.19s/step]Training:  64%|██████▍   | 7662/12000 [2:38:22<1:26:04,  1.19s/step]Training:  64%|██████▍   | 7663/12000 [2:38:23<1:25:36,  1.18s/step]Training:  64%|██████▍   | 7664/12000 [2:38:24<1:25:16,  1.18s/step]Training:  64%|██████▍   | 7665/12000 [2:38:25<1:24:59,  1.18s/step]Training:  64%|██████▍   | 7666/12000 [2:38:26<1:24:53,  1.18s/step]Training:  64%|██████▍   | 7667/12000 [2:38:28<1:25:08,  1.18s/step]Training:  64%|██████▍   | 7668/12000 [2:38:29<1:25:09,  1.18s/step]Training:  64%|██████▍   | 7669/12000 [2:38:30<1:25:06,  1.18s/step]Training:  64%|██████▍   | 7670/12000 [2:38:31<1:25:34,  1.19s/step]Training:  64%|██████▍   | 7671/12000 [2:38:32<1:25:58,  1.19s/step]Training:  64%|██████▍   | 7672/12000 [2:38:34<1:26:20,  1.20s/step]Training:  64%|██████▍   | 7673/12000 [2:38:35<1:26:02,  1.19s/step]Training:  64%|██████▍   | 7674/12000 [2:38:36<1:25:31,  1.19s/step]Training:  64%|██████▍   | 7675/12000 [2:38:37<1:25:07,  1.18s/step]Training:  64%|██████▍   | 7676/12000 [2:38:38<1:24:53,  1.18s/step]Training:  64%|██████▍   | 7677/12000 [2:38:39<1:24:39,  1.18s/step]Training:  64%|██████▍   | 7678/12000 [2:38:41<1:24:31,  1.17s/step]Training:  64%|██████▍   | 7679/12000 [2:38:42<1:24:56,  1.18s/step]Training:  64%|██████▍   | 7680/12000 [2:38:43<1:24:54,  1.18s/step]Training:  64%|██████▍   | 7681/12000 [2:38:44<1:25:09,  1.18s/step]Training:  64%|██████▍   | 7682/12000 [2:38:45<1:24:57,  1.18s/step]Training:  64%|██████▍   | 7683/12000 [2:38:47<1:24:49,  1.18s/step]Training:  64%|██████▍   | 7684/12000 [2:38:48<1:24:59,  1.18s/step]Training:  64%|██████▍   | 7685/12000 [2:38:49<1:24:50,  1.18s/step]Training:  64%|██████▍   | 7686/12000 [2:38:50<1:24:43,  1.18s/step]Training:  64%|██████▍   | 7687/12000 [2:38:51<1:24:31,  1.18s/step]Training:  64%|██████▍   | 7688/12000 [2:38:52<1:24:28,  1.18s/step]Training:  64%|██████▍   | 7689/12000 [2:38:54<1:24:56,  1.18s/step]Training:  64%|██████▍   | 7690/12000 [2:38:55<1:26:09,  1.20s/step]Training:  64%|██████▍   | 7691/12000 [2:38:56<1:25:41,  1.19s/step]Training:  64%|██████▍   | 7692/12000 [2:38:57<1:25:12,  1.19s/step]Training:  64%|██████▍   | 7693/12000 [2:38:58<1:25:06,  1.19s/step]Training:  64%|██████▍   | 7694/12000 [2:39:00<1:24:48,  1.18s/step]Training:  64%|██████▍   | 7695/12000 [2:39:01<1:24:39,  1.18s/step]Training:  64%|██████▍   | 7696/12000 [2:39:02<1:24:33,  1.18s/step]Training:  64%|██████▍   | 7697/12000 [2:39:03<1:24:28,  1.18s/step]Training:  64%|██████▍   | 7698/12000 [2:39:04<1:24:35,  1.18s/step]Training:  64%|██████▍   | 7699/12000 [2:39:05<1:24:40,  1.18s/step]Training:  64%|██████▍   | 7700/12000 [2:39:07<1:24:44,  1.18s/step]Training:  64%|██████▍   | 7701/12000 [2:39:08<1:24:44,  1.18s/step]Training:  64%|██████▍   | 7702/12000 [2:39:09<1:24:44,  1.18s/step]Training:  64%|██████▍   | 7703/12000 [2:39:10<1:24:32,  1.18s/step]Training:  64%|██████▍   | 7704/12000 [2:39:11<1:24:21,  1.18s/step]Training:  64%|██████▍   | 7705/12000 [2:39:13<1:24:14,  1.18s/step]Training:  64%|██████▍   | 7706/12000 [2:39:14<1:24:12,  1.18s/step]Training:  64%|██████▍   | 7707/12000 [2:39:15<1:24:50,  1.19s/step]Training:  64%|██████▍   | 7708/12000 [2:39:16<1:25:36,  1.20s/step]Training:  64%|██████▍   | 7709/12000 [2:39:17<1:25:07,  1.19s/step]Training:  64%|██████▍   | 7710/12000 [2:39:18<1:24:48,  1.19s/step]Training:  64%|██████▍   | 7711/12000 [2:39:20<1:24:31,  1.18s/step]Training:  64%|██████▍   | 7712/12000 [2:39:21<1:24:20,  1.18s/step]Training:  64%|██████▍   | 7713/12000 [2:39:22<1:24:13,  1.18s/step]Training:  64%|██████▍   | 7714/12000 [2:39:23<1:24:07,  1.18s/step]Training:  64%|██████▍   | 7715/12000 [2:39:24<1:24:03,  1.18s/step]Training:  64%|██████▍   | 7716/12000 [2:39:26<1:23:57,  1.18s/step]Training:  64%|██████▍   | 7717/12000 [2:39:27<1:23:55,  1.18s/step]Training:  64%|██████▍   | 7718/12000 [2:39:28<1:23:54,  1.18s/step]Training:  64%|██████▍   | 7719/12000 [2:39:29<1:23:53,  1.18s/step]Training:  64%|██████▍   | 7720/12000 [2:39:30<1:23:50,  1.18s/step]Training:  64%|██████▍   | 7721/12000 [2:39:31<1:23:49,  1.18s/step]Training:  64%|██████▍   | 7722/12000 [2:39:33<1:23:49,  1.18s/step]Training:  64%|██████▍   | 7723/12000 [2:39:34<1:23:47,  1.18s/step]Training:  64%|██████▍   | 7724/12000 [2:39:35<1:23:49,  1.18s/step]Training:  64%|██████▍   | 7725/12000 [2:39:36<1:24:49,  1.19s/step]Training:  64%|██████▍   | 7726/12000 [2:39:37<1:25:50,  1.21s/step]Training:  64%|██████▍   | 7727/12000 [2:39:39<1:25:09,  1.20s/step]Training:  64%|██████▍   | 7728/12000 [2:39:40<1:24:43,  1.19s/step]Training:  64%|██████▍   | 7729/12000 [2:39:41<1:24:26,  1.19s/step]Training:  64%|██████▍   | 7730/12000 [2:39:42<1:24:24,  1.19s/step]Training:  64%|██████▍   | 7731/12000 [2:39:43<1:24:28,  1.19s/step]Training:  64%|██████▍   | 7732/12000 [2:39:45<1:24:49,  1.19s/step]Training:  64%|██████▍   | 7733/12000 [2:39:46<1:25:00,  1.20s/step]Training:  64%|██████▍   | 7734/12000 [2:39:47<1:24:43,  1.19s/step]Training:  64%|██████▍   | 7735/12000 [2:39:48<1:24:22,  1.19s/step]Training:  64%|██████▍   | 7736/12000 [2:39:49<1:24:07,  1.18s/step]Training:  64%|██████▍   | 7737/12000 [2:39:50<1:23:57,  1.18s/step]Training:  64%|██████▍   | 7738/12000 [2:39:52<1:24:07,  1.18s/step]Training:  64%|██████▍   | 7739/12000 [2:39:53<1:23:59,  1.18s/step]Training:  64%|██████▍   | 7740/12000 [2:39:54<1:24:19,  1.19s/step]Training:  65%|██████▍   | 7741/12000 [2:39:55<1:24:43,  1.19s/step]Training:  65%|██████▍   | 7742/12000 [2:39:56<1:25:11,  1.20s/step]Training:  65%|██████▍   | 7743/12000 [2:39:58<1:24:41,  1.19s/step]Training:  65%|██████▍   | 7744/12000 [2:39:59<1:24:21,  1.19s/step]Training:  65%|██████▍   | 7745/12000 [2:40:00<1:24:04,  1.19s/step]Training:  65%|██████▍   | 7746/12000 [2:40:01<1:24:01,  1.19s/step]Training:  65%|██████▍   | 7747/12000 [2:40:02<1:24:12,  1.19s/step]Training:  65%|██████▍   | 7748/12000 [2:40:04<1:24:03,  1.19s/step]Training:  65%|██████▍   | 7749/12000 [2:40:05<1:23:51,  1.18s/step]Training:  65%|██████▍   | 7750/12000 [2:40:06<1:23:42,  1.18s/step]Training:  65%|██████▍   | 7751/12000 [2:40:07<1:23:51,  1.18s/step]Training:  65%|██████▍   | 7752/12000 [2:40:08<1:24:03,  1.19s/step]Training:  65%|██████▍   | 7753/12000 [2:40:09<1:24:10,  1.19s/step]Training:  65%|██████▍   | 7754/12000 [2:40:11<1:23:53,  1.19s/step]Training:  65%|██████▍   | 7755/12000 [2:40:12<1:23:39,  1.18s/step]Training:  65%|██████▍   | 7756/12000 [2:40:13<1:23:34,  1.18s/step]Training:  65%|██████▍   | 7757/12000 [2:40:14<1:24:24,  1.19s/step]Training:  65%|██████▍   | 7758/12000 [2:40:15<1:24:55,  1.20s/step]Training:  65%|██████▍   | 7759/12000 [2:40:17<1:24:37,  1.20s/step]Training:  65%|██████▍   | 7760/12000 [2:40:18<1:24:09,  1.19s/step]Training:  65%|██████▍   | 7761/12000 [2:40:19<1:24:15,  1.19s/step]Training:  65%|██████▍   | 7762/12000 [2:40:20<1:24:00,  1.19s/step]Training:  65%|██████▍   | 7763/12000 [2:40:21<1:24:03,  1.19s/step]Training:  65%|██████▍   | 7764/12000 [2:40:23<1:24:34,  1.20s/step]Training:  65%|██████▍   | 7765/12000 [2:40:24<1:24:16,  1.19s/step]Training:  65%|██████▍   | 7766/12000 [2:40:25<1:24:07,  1.19s/step]Training:  65%|██████▍   | 7767/12000 [2:40:26<1:23:38,  1.19s/step]Training:  65%|██████▍   | 7768/12000 [2:40:27<1:23:21,  1.18s/step]Training:  65%|██████▍   | 7769/12000 [2:40:28<1:23:31,  1.18s/step]Training:  65%|██████▍   | 7770/12000 [2:40:30<1:23:13,  1.18s/step]Training:  65%|██████▍   | 7771/12000 [2:40:31<1:22:57,  1.18s/step]Training:  65%|██████▍   | 7772/12000 [2:40:32<1:22:50,  1.18s/step]Training:  65%|██████▍   | 7773/12000 [2:40:33<1:23:06,  1.18s/step]Training:  65%|██████▍   | 7774/12000 [2:40:34<1:23:24,  1.18s/step]Training:  65%|██████▍   | 7775/12000 [2:40:36<1:23:50,  1.19s/step]Training:  65%|██████▍   | 7776/12000 [2:40:37<1:23:30,  1.19s/step]Training:  65%|██████▍   | 7777/12000 [2:40:38<1:23:09,  1.18s/step]Training:  65%|██████▍   | 7778/12000 [2:40:39<1:22:48,  1.18s/step]Training:  65%|██████▍   | 7779/12000 [2:40:40<1:22:38,  1.17s/step]Training:  65%|██████▍   | 7780/12000 [2:40:41<1:22:27,  1.17s/step]Training:  65%|██████▍   | 7781/12000 [2:40:43<1:22:19,  1.17s/step]Training:  65%|██████▍   | 7782/12000 [2:40:44<1:22:13,  1.17s/step]Training:  65%|██████▍   | 7783/12000 [2:40:45<1:22:31,  1.17s/step]Training:  65%|██████▍   | 7784/12000 [2:40:46<1:22:25,  1.17s/step]Training:  65%|██████▍   | 7785/12000 [2:40:47<1:22:16,  1.17s/step]Training:  65%|██████▍   | 7786/12000 [2:40:48<1:22:13,  1.17s/step]Training:  65%|██████▍   | 7787/12000 [2:40:50<1:22:32,  1.18s/step]Training:  65%|██████▍   | 7788/12000 [2:40:51<1:22:19,  1.17s/step]Training:  65%|██████▍   | 7789/12000 [2:40:52<1:22:12,  1.17s/step]Training:  65%|██████▍   | 7790/12000 [2:40:53<1:22:04,  1.17s/step]Training:  65%|██████▍   | 7791/12000 [2:40:54<1:21:59,  1.17s/step]Training:  65%|██████▍   | 7792/12000 [2:40:55<1:21:58,  1.17s/step]Training:  65%|██████▍   | 7793/12000 [2:40:57<1:22:01,  1.17s/step]Training:  65%|██████▍   | 7794/12000 [2:40:58<1:22:47,  1.18s/step]Training:  65%|██████▍   | 7795/12000 [2:40:59<1:23:36,  1.19s/step]Training:  65%|██████▍   | 7796/12000 [2:41:00<1:23:34,  1.19s/step]Training:  65%|██████▍   | 7797/12000 [2:41:01<1:23:11,  1.19s/step]Training:  65%|██████▍   | 7798/12000 [2:41:03<1:22:45,  1.18s/step]Training:  65%|██████▍   | 7799/12000 [2:41:04<1:22:23,  1.18s/step]Training:  65%|██████▌   | 7800/12000 [2:41:05<1:22:13,  1.17s/step]INFO 2026-09-16 06:35:10 ot_train.py:670 step:8K smpl:499K ep:6K epch:18.37 loss:0.054 grdn:0.836 lr:3.0e-05 updt_s:0.977 data_s:0.046 smp/s:63 mem_gb:14.26 losses_after_forward:0.055 losses_after_in_ep_bound:0.038 losses_after_rm_padding:0.038
Training:  65%|██████▌   | 7801/12000 [2:41:06<1:22:02,  1.17s/step]Training:  65%|██████▌   | 7802/12000 [2:41:07<1:21:55,  1.17s/step]Training:  65%|██████▌   | 7803/12000 [2:41:08<1:21:48,  1.17s/step]Training:  65%|██████▌   | 7804/12000 [2:41:10<1:21:45,  1.17s/step]Training:  65%|██████▌   | 7805/12000 [2:41:11<1:21:42,  1.17s/step]Training:  65%|██████▌   | 7806/12000 [2:41:12<1:21:39,  1.17s/step]Training:  65%|██████▌   | 7807/12000 [2:41:13<1:21:28,  1.17s/step]Training:  65%|██████▌   | 7808/12000 [2:41:14<1:21:46,  1.17s/step]Training:  65%|██████▌   | 7809/12000 [2:41:15<1:21:34,  1.17s/step]Training:  65%|██████▌   | 7810/12000 [2:41:17<1:21:26,  1.17s/step]Training:  65%|██████▌   | 7811/12000 [2:41:18<1:21:27,  1.17s/step]Training:  65%|██████▌   | 7812/12000 [2:41:19<1:21:19,  1.17s/step]Training:  65%|██████▌   | 7813/12000 [2:41:20<1:21:13,  1.16s/step]Training:  65%|██████▌   | 7814/12000 [2:41:21<1:21:32,  1.17s/step]Training:  65%|██████▌   | 7815/12000 [2:41:22<1:21:56,  1.17s/step]Training:  65%|██████▌   | 7816/12000 [2:41:24<1:22:06,  1.18s/step]Training:  65%|██████▌   | 7817/12000 [2:41:25<1:22:34,  1.18s/step]Training:  65%|██████▌   | 7818/12000 [2:41:26<1:22:05,  1.18s/step]Training:  65%|██████▌   | 7819/12000 [2:41:27<1:21:45,  1.17s/step]Training:  65%|██████▌   | 7820/12000 [2:41:28<1:21:28,  1.17s/step]Training:  65%|██████▌   | 7821/12000 [2:41:30<1:21:17,  1.17s/step]Training:  65%|██████▌   | 7822/12000 [2:41:31<1:21:10,  1.17s/step]Training:  65%|██████▌   | 7823/12000 [2:41:32<1:21:03,  1.16s/step]Training:  65%|██████▌   | 7824/12000 [2:41:33<1:21:33,  1.17s/step]Training:  65%|██████▌   | 7825/12000 [2:41:34<1:21:18,  1.17s/step]Training:  65%|██████▌   | 7826/12000 [2:41:35<1:21:16,  1.17s/step]Training:  65%|██████▌   | 7827/12000 [2:41:37<1:21:53,  1.18s/step]Training:  65%|██████▌   | 7828/12000 [2:41:38<1:21:48,  1.18s/step]Training:  65%|██████▌   | 7829/12000 [2:41:39<1:21:41,  1.18s/step]Training:  65%|██████▌   | 7830/12000 [2:41:40<1:21:29,  1.17s/step]Training:  65%|██████▌   | 7831/12000 [2:41:41<1:21:12,  1.17s/step]Training:  65%|██████▌   | 7832/12000 [2:41:42<1:21:17,  1.17s/step]Training:  65%|██████▌   | 7833/12000 [2:41:44<1:21:06,  1.17s/step]Training:  65%|██████▌   | 7834/12000 [2:41:45<1:20:56,  1.17s/step]Training:  65%|██████▌   | 7835/12000 [2:41:46<1:21:04,  1.17s/step]Training:  65%|██████▌   | 7836/12000 [2:41:47<1:21:21,  1.17s/step]Training:  65%|██████▌   | 7837/12000 [2:41:48<1:21:28,  1.17s/step]Training:  65%|██████▌   | 7838/12000 [2:41:49<1:21:51,  1.18s/step]Training:  65%|██████▌   | 7839/12000 [2:41:51<1:21:47,  1.18s/step]Training:  65%|██████▌   | 7840/12000 [2:41:52<1:21:24,  1.17s/step]Training:  65%|██████▌   | 7841/12000 [2:41:53<1:21:08,  1.17s/step]Training:  65%|██████▌   | 7842/12000 [2:41:54<1:20:58,  1.17s/step]Training:  65%|██████▌   | 7843/12000 [2:41:55<1:20:48,  1.17s/step]Training:  65%|██████▌   | 7844/12000 [2:41:56<1:20:42,  1.17s/step]Training:  65%|██████▌   | 7845/12000 [2:41:58<1:20:36,  1.16s/step]Training:  65%|██████▌   | 7846/12000 [2:41:59<1:20:29,  1.16s/step]Training:  65%|██████▌   | 7847/12000 [2:42:00<1:20:24,  1.16s/step]Training:  65%|██████▌   | 7848/12000 [2:42:01<1:20:44,  1.17s/step]Training:  65%|██████▌   | 7849/12000 [2:42:02<1:20:40,  1.17s/step]Training:  65%|██████▌   | 7850/12000 [2:42:03<1:20:30,  1.16s/step]Training:  65%|██████▌   | 7851/12000 [2:42:05<1:20:25,  1.16s/step]Training:  65%|██████▌   | 7852/12000 [2:42:06<1:20:21,  1.16s/step]Training:  65%|██████▌   | 7853/12000 [2:42:07<1:20:15,  1.16s/step]Training:  65%|██████▌   | 7854/12000 [2:42:08<1:20:12,  1.16s/step]Training:  65%|██████▌   | 7855/12000 [2:42:09<1:20:08,  1.16s/step]Training:  65%|██████▌   | 7856/12000 [2:42:10<1:20:13,  1.16s/step]Training:  65%|██████▌   | 7857/12000 [2:42:12<1:20:11,  1.16s/step]Training:  65%|██████▌   | 7858/12000 [2:42:13<1:20:11,  1.16s/step]Training:  65%|██████▌   | 7859/12000 [2:42:14<1:20:22,  1.16s/step]Training:  66%|██████▌   | 7860/12000 [2:42:15<1:21:20,  1.18s/step]Training:  66%|██████▌   | 7861/12000 [2:42:16<1:21:48,  1.19s/step]Training:  66%|██████▌   | 7862/12000 [2:42:17<1:21:44,  1.19s/step]Training:  66%|██████▌   | 7863/12000 [2:42:19<1:21:21,  1.18s/step]Training:  66%|██████▌   | 7864/12000 [2:42:20<1:20:55,  1.17s/step]Training:  66%|██████▌   | 7865/12000 [2:42:21<1:20:39,  1.17s/step]Training:  66%|██████▌   | 7866/12000 [2:42:22<1:20:27,  1.17s/step]Training:  66%|██████▌   | 7867/12000 [2:42:23<1:20:16,  1.17s/step]Training:  66%|██████▌   | 7868/12000 [2:42:24<1:20:11,  1.16s/step]Training:  66%|██████▌   | 7869/12000 [2:42:26<1:20:37,  1.17s/step]Training:  66%|██████▌   | 7870/12000 [2:42:27<1:20:24,  1.17s/step]Training:  66%|██████▌   | 7871/12000 [2:42:28<1:20:20,  1.17s/step]Training:  66%|██████▌   | 7872/12000 [2:42:29<1:20:10,  1.17s/step]Training:  66%|██████▌   | 7873/12000 [2:42:30<1:20:03,  1.16s/step]Training:  66%|██████▌   | 7874/12000 [2:42:31<1:19:57,  1.16s/step]Training:  66%|██████▌   | 7875/12000 [2:42:33<1:20:13,  1.17s/step]Training:  66%|██████▌   | 7876/12000 [2:42:34<1:20:06,  1.17s/step]Training:  66%|██████▌   | 7877/12000 [2:42:35<1:19:56,  1.16s/step]Training:  66%|██████▌   | 7878/12000 [2:42:36<1:19:51,  1.16s/step]Training:  66%|██████▌   | 7879/12000 [2:42:37<1:19:46,  1.16s/step]Training:  66%|██████▌   | 7880/12000 [2:42:38<1:19:43,  1.16s/step]Training:  66%|██████▌   | 7881/12000 [2:42:40<1:19:43,  1.16s/step]Training:  66%|██████▌   | 7882/12000 [2:42:41<1:19:57,  1.17s/step]Training:  66%|██████▌   | 7883/12000 [2:42:42<1:20:30,  1.17s/step]Training:  66%|██████▌   | 7884/12000 [2:42:43<1:20:54,  1.18s/step]Training:  66%|██████▌   | 7885/12000 [2:42:44<1:20:57,  1.18s/step]Training:  66%|██████▌   | 7886/12000 [2:42:45<1:20:30,  1.17s/step]Training:  66%|██████▌   | 7887/12000 [2:42:47<1:20:11,  1.17s/step]Training:  66%|██████▌   | 7888/12000 [2:42:48<1:20:01,  1.17s/step]Training:  66%|██████▌   | 7889/12000 [2:42:49<1:20:16,  1.17s/step]Training:  66%|██████▌   | 7890/12000 [2:42:50<1:20:04,  1.17s/step]Training:  66%|██████▌   | 7891/12000 [2:42:51<1:20:10,  1.17s/step]Training:  66%|██████▌   | 7892/12000 [2:42:53<1:20:29,  1.18s/step]Training:  66%|██████▌   | 7893/12000 [2:42:54<1:20:20,  1.17s/step]Training:  66%|██████▌   | 7894/12000 [2:42:55<1:20:12,  1.17s/step]Training:  66%|██████▌   | 7895/12000 [2:42:56<1:19:57,  1.17s/step]Training:  66%|██████▌   | 7896/12000 [2:42:57<1:19:48,  1.17s/step]Training:  66%|██████▌   | 7897/12000 [2:42:58<1:19:38,  1.16s/step]Training:  66%|██████▌   | 7898/12000 [2:42:59<1:19:32,  1.16s/step]Training:  66%|██████▌   | 7899/12000 [2:43:01<1:19:28,  1.16s/step]Training:  66%|██████▌   | 7900/12000 [2:43:02<1:19:26,  1.16s/step]Training:  66%|██████▌   | 7901/12000 [2:43:03<1:19:55,  1.17s/step]Training:  66%|██████▌   | 7902/12000 [2:43:04<1:19:47,  1.17s/step]Training:  66%|██████▌   | 7903/12000 [2:43:05<1:19:39,  1.17s/step]Training:  66%|██████▌   | 7904/12000 [2:43:07<1:19:50,  1.17s/step]Training:  66%|██████▌   | 7905/12000 [2:43:08<1:20:36,  1.18s/step]Training:  66%|██████▌   | 7906/12000 [2:43:09<1:21:06,  1.19s/step]Training:  66%|██████▌   | 7907/12000 [2:43:10<1:20:28,  1.18s/step]Training:  66%|██████▌   | 7908/12000 [2:43:11<1:20:04,  1.17s/step]Training:  66%|██████▌   | 7909/12000 [2:43:12<1:19:44,  1.17s/step]Training:  66%|██████▌   | 7910/12000 [2:43:14<1:19:29,  1.17s/step]Training:  66%|██████▌   | 7911/12000 [2:43:15<1:19:20,  1.16s/step]Training:  66%|██████▌   | 7912/12000 [2:43:16<1:19:11,  1.16s/step]Training:  66%|██████▌   | 7913/12000 [2:43:17<1:19:08,  1.16s/step]Training:  66%|██████▌   | 7914/12000 [2:43:18<1:19:04,  1.16s/step]Training:  66%|██████▌   | 7915/12000 [2:43:19<1:19:01,  1.16s/step]Training:  66%|██████▌   | 7916/12000 [2:43:21<1:19:07,  1.16s/step]Training:  66%|██████▌   | 7917/12000 [2:43:22<1:19:04,  1.16s/step]Training:  66%|██████▌   | 7918/12000 [2:43:23<1:19:00,  1.16s/step]Training:  66%|██████▌   | 7919/12000 [2:43:24<1:18:56,  1.16s/step]Training:  66%|██████▌   | 7920/12000 [2:43:25<1:18:56,  1.16s/step]Training:  66%|██████▌   | 7921/12000 [2:43:26<1:18:53,  1.16s/step]Training:  66%|██████▌   | 7922/12000 [2:43:27<1:18:56,  1.16s/step]Training:  66%|██████▌   | 7923/12000 [2:43:29<1:19:00,  1.16s/step]Training:  66%|██████▌   | 7924/12000 [2:43:30<1:19:08,  1.16s/step]Training:  66%|██████▌   | 7925/12000 [2:43:31<1:19:14,  1.17s/step]Training:  66%|██████▌   | 7926/12000 [2:43:32<1:19:18,  1.17s/step]Training:  66%|██████▌   | 7927/12000 [2:43:33<1:19:19,  1.17s/step]Training:  66%|██████▌   | 7928/12000 [2:43:35<1:19:16,  1.17s/step]Training:  66%|██████▌   | 7929/12000 [2:43:36<1:19:39,  1.17s/step]Training:  66%|██████▌   | 7930/12000 [2:43:37<1:20:18,  1.18s/step]Training:  66%|██████▌   | 7931/12000 [2:43:38<1:19:48,  1.18s/step]Training:  66%|██████▌   | 7932/12000 [2:43:39<1:19:27,  1.17s/step]Training:  66%|██████▌   | 7933/12000 [2:43:40<1:19:11,  1.17s/step]Training:  66%|██████▌   | 7934/12000 [2:43:42<1:18:58,  1.17s/step]Training:  66%|██████▌   | 7935/12000 [2:43:43<1:18:50,  1.16s/step]Training:  66%|██████▌   | 7936/12000 [2:43:44<1:19:13,  1.17s/step]Training:  66%|██████▌   | 7937/12000 [2:43:45<1:19:00,  1.17s/step]Training:  66%|██████▌   | 7938/12000 [2:43:46<1:18:49,  1.16s/step]Training:  66%|██████▌   | 7939/12000 [2:43:47<1:18:42,  1.16s/step]Training:  66%|██████▌   | 7940/12000 [2:43:49<1:18:55,  1.17s/step]Training:  66%|██████▌   | 7941/12000 [2:43:50<1:18:44,  1.16s/step]Training:  66%|██████▌   | 7942/12000 [2:43:51<1:18:39,  1.16s/step]Training:  66%|██████▌   | 7943/12000 [2:43:52<1:18:32,  1.16s/step]Training:  66%|██████▌   | 7944/12000 [2:43:53<1:18:27,  1.16s/step]Training:  66%|██████▌   | 7945/12000 [2:43:54<1:18:26,  1.16s/step]Training:  66%|██████▌   | 7946/12000 [2:43:55<1:18:24,  1.16s/step]Training:  66%|██████▌   | 7947/12000 [2:43:57<1:18:36,  1.16s/step]Training:  66%|██████▌   | 7948/12000 [2:43:58<1:18:32,  1.16s/step]Training:  66%|██████▌   | 7949/12000 [2:43:59<1:18:25,  1.16s/step]Training:  66%|██████▋   | 7950/12000 [2:44:00<1:18:19,  1.16s/step]Training:  66%|██████▋   | 7951/12000 [2:44:01<1:18:31,  1.16s/step]Training:  66%|██████▋   | 7952/12000 [2:44:03<1:19:20,  1.18s/step]Training:  66%|██████▋   | 7953/12000 [2:44:04<1:19:21,  1.18s/step]Training:  66%|██████▋   | 7954/12000 [2:44:05<1:19:46,  1.18s/step]Training:  66%|██████▋   | 7955/12000 [2:44:06<1:19:27,  1.18s/step]Training:  66%|██████▋   | 7956/12000 [2:44:07<1:19:15,  1.18s/step]Training:  66%|██████▋   | 7957/12000 [2:44:08<1:19:22,  1.18s/step]Training:  66%|██████▋   | 7958/12000 [2:44:10<1:19:09,  1.18s/step]Training:  66%|██████▋   | 7959/12000 [2:44:11<1:19:01,  1.17s/step]Training:  66%|██████▋   | 7960/12000 [2:44:12<1:18:42,  1.17s/step]Training:  66%|██████▋   | 7961/12000 [2:44:13<1:18:32,  1.17s/step]Training:  66%|██████▋   | 7962/12000 [2:44:14<1:18:30,  1.17s/step]Training:  66%|██████▋   | 7963/12000 [2:44:15<1:18:16,  1.16s/step]Training:  66%|██████▋   | 7964/12000 [2:44:17<1:18:11,  1.16s/step]Training:  66%|██████▋   | 7965/12000 [2:44:18<1:18:05,  1.16s/step]Training:  66%|██████▋   | 7966/12000 [2:44:19<1:18:02,  1.16s/step]Training:  66%|██████▋   | 7967/12000 [2:44:20<1:18:01,  1.16s/step]Training:  66%|██████▋   | 7968/12000 [2:44:21<1:17:58,  1.16s/step]Training:  66%|██████▋   | 7969/12000 [2:44:22<1:17:55,  1.16s/step]Training:  66%|██████▋   | 7970/12000 [2:44:24<1:17:52,  1.16s/step]Training:  66%|██████▋   | 7971/12000 [2:44:25<1:17:53,  1.16s/step]Training:  66%|██████▋   | 7972/12000 [2:44:26<1:17:56,  1.16s/step]Training:  66%|██████▋   | 7973/12000 [2:44:27<1:17:52,  1.16s/step]Training:  66%|██████▋   | 7974/12000 [2:44:28<1:17:52,  1.16s/step]Training:  66%|██████▋   | 7975/12000 [2:44:29<1:18:05,  1.16s/step]Training:  66%|██████▋   | 7976/12000 [2:44:31<1:18:34,  1.17s/step]Training:  66%|██████▋   | 7977/12000 [2:44:32<1:18:53,  1.18s/step]Training:  66%|██████▋   | 7978/12000 [2:44:33<1:19:02,  1.18s/step]Training:  66%|██████▋   | 7979/12000 [2:44:34<1:18:35,  1.17s/step]Training:  66%|██████▋   | 7980/12000 [2:44:35<1:18:28,  1.17s/step]Training:  67%|██████▋   | 7981/12000 [2:44:36<1:18:12,  1.17s/step]Training:  67%|██████▋   | 7982/12000 [2:44:38<1:18:01,  1.17s/step]Training:  67%|██████▋   | 7983/12000 [2:44:39<1:17:50,  1.16s/step]Training:  67%|██████▋   | 7984/12000 [2:44:40<1:18:10,  1.17s/step]Training:  67%|██████▋   | 7985/12000 [2:44:41<1:17:57,  1.17s/step]Training:  67%|██████▋   | 7986/12000 [2:44:42<1:17:49,  1.16s/step]Training:  67%|██████▋   | 7987/12000 [2:44:43<1:18:07,  1.17s/step]Training:  67%|██████▋   | 7988/12000 [2:44:45<1:18:12,  1.17s/step]Training:  67%|██████▋   | 7989/12000 [2:44:46<1:18:12,  1.17s/step]Training:  67%|██████▋   | 7990/12000 [2:44:47<1:18:08,  1.17s/step]Training:  67%|██████▋   | 7991/12000 [2:44:48<1:18:06,  1.17s/step]Training:  67%|██████▋   | 7992/12000 [2:44:49<1:17:53,  1.17s/step]Training:  67%|██████▋   | 7993/12000 [2:44:50<1:17:44,  1.16s/step]Training:  67%|██████▋   | 7994/12000 [2:44:52<1:17:36,  1.16s/step]Training:  67%|██████▋   | 7995/12000 [2:44:53<1:17:29,  1.16s/step]Training:  67%|██████▋   | 7996/12000 [2:44:54<1:17:26,  1.16s/step]Training:  67%|██████▋   | 7997/12000 [2:44:55<1:17:42,  1.16s/step]Training:  67%|██████▋   | 7998/12000 [2:44:56<1:17:48,  1.17s/step]Training:  67%|██████▋   | 7999/12000 [2:44:57<1:18:08,  1.17s/step]Training:  67%|██████▋   | 8000/12000 [2:44:59<1:18:40,  1.18s/step]INFO 2026-09-16 06:39:03 ot_train.py:670 step:8K smpl:512K ep:6K epch:18.84 loss:0.053 grdn:0.823 lr:2.8e-05 updt_s:0.966 data_s:0.038 smp/s:64 mem_gb:14.29 losses_after_forward:0.057 losses_after_in_ep_bound:0.037 losses_after_rm_padding:0.037
INFO 2026-09-16 06:39:03 ot_train.py:716 Checkpoint policy after step 8000
Training:  67%|██████▋   | 8001/12000 [2:45:26<10:06:50,  9.10s/step]Training:  67%|██████▋   | 8002/12000 [2:45:27<7:27:39,  6.72s/step] Training:  67%|██████▋   | 8003/12000 [2:45:28<5:36:16,  5.05s/step]Training:  67%|██████▋   | 8004/12000 [2:45:30<4:18:20,  3.88s/step]Training:  67%|██████▋   | 8005/12000 [2:45:31<3:24:00,  3.06s/step]Training:  67%|██████▋   | 8006/12000 [2:45:32<2:46:18,  2.50s/step]Training:  67%|██████▋   | 8007/12000 [2:45:33<2:19:41,  2.10s/step]Training:  67%|██████▋   | 8008/12000 [2:45:34<2:01:24,  1.82s/step]Training:  67%|██████▋   | 8009/12000 [2:45:35<1:48:11,  1.63s/step]Training:  67%|██████▋   | 8010/12000 [2:45:37<1:38:40,  1.48s/step]Training:  67%|██████▋   | 8011/12000 [2:45:38<1:32:02,  1.38s/step]Training:  67%|██████▋   | 8012/12000 [2:45:39<1:27:19,  1.31s/step]Training:  67%|██████▋   | 8013/12000 [2:45:40<1:24:03,  1.26s/step]Training:  67%|██████▋   | 8014/12000 [2:45:41<1:21:44,  1.23s/step]Training:  67%|██████▋   | 8015/12000 [2:45:42<1:20:07,  1.21s/step]Training:  67%|██████▋   | 8016/12000 [2:45:44<1:18:58,  1.19s/step]Training:  67%|██████▋   | 8017/12000 [2:45:45<1:18:11,  1.18s/step]Training:  67%|██████▋   | 8018/12000 [2:45:46<1:17:37,  1.17s/step]Training:  67%|██████▋   | 8019/12000 [2:45:47<1:17:15,  1.16s/step]Training:  67%|██████▋   | 8020/12000 [2:45:48<1:17:13,  1.16s/step]Training:  67%|██████▋   | 8021/12000 [2:45:49<1:16:58,  1.16s/step]Training:  67%|██████▋   | 8022/12000 [2:45:50<1:16:45,  1.16s/step]Training:  67%|██████▋   | 8023/12000 [2:45:52<1:16:36,  1.16s/step]Training:  67%|██████▋   | 8024/12000 [2:45:53<1:16:33,  1.16s/step]Training:  67%|██████▋   | 8025/12000 [2:45:54<1:16:26,  1.15s/step]Training:  67%|██████▋   | 8026/12000 [2:45:55<1:16:28,  1.15s/step]Training:  67%|██████▋   | 8027/12000 [2:45:56<1:16:38,  1.16s/step]Training:  67%|██████▋   | 8028/12000 [2:45:57<1:16:44,  1.16s/step]Training:  67%|██████▋   | 8029/12000 [2:45:59<1:16:48,  1.16s/step]Training:  67%|██████▋   | 8030/12000 [2:46:00<1:16:50,  1.16s/step]Training:  67%|██████▋   | 8031/12000 [2:46:01<1:16:39,  1.16s/step]Training:  67%|██████▋   | 8032/12000 [2:46:02<1:16:31,  1.16s/step]Training:  67%|██████▋   | 8033/12000 [2:46:03<1:16:27,  1.16s/step]Training:  67%|██████▋   | 8034/12000 [2:46:04<1:16:38,  1.16s/step]Training:  67%|██████▋   | 8035/12000 [2:46:06<1:17:24,  1.17s/step]Training:  67%|██████▋   | 8036/12000 [2:46:07<1:17:52,  1.18s/step]Training:  67%|██████▋   | 8037/12000 [2:46:08<1:17:49,  1.18s/step]Training:  67%|██████▋   | 8038/12000 [2:46:09<1:17:21,  1.17s/step]Training:  67%|██████▋   | 8039/12000 [2:46:10<1:16:59,  1.17s/step]Training:  67%|██████▋   | 8040/12000 [2:46:11<1:16:45,  1.16s/step]Training:  67%|██████▋   | 8041/12000 [2:46:13<1:16:33,  1.16s/step]Training:  67%|██████▋   | 8042/12000 [2:46:14<1:16:28,  1.16s/step]Training:  67%|██████▋   | 8043/12000 [2:46:15<1:16:19,  1.16s/step]Training:  67%|██████▋   | 8044/12000 [2:46:16<1:16:15,  1.16s/step]Training:  67%|██████▋   | 8045/12000 [2:46:17<1:16:10,  1.16s/step]Training:  67%|██████▋   | 8046/12000 [2:46:18<1:16:10,  1.16s/step]Training:  67%|██████▋   | 8047/12000 [2:46:19<1:16:06,  1.16s/step]Training:  67%|██████▋   | 8048/12000 [2:46:21<1:16:17,  1.16s/step]Training:  67%|██████▋   | 8049/12000 [2:46:22<1:16:10,  1.16s/step]Training:  67%|██████▋   | 8050/12000 [2:46:23<1:16:06,  1.16s/step]Training:  67%|██████▋   | 8051/12000 [2:46:24<1:16:03,  1.16s/step]Training:  67%|██████▋   | 8052/12000 [2:46:25<1:16:03,  1.16s/step]Training:  67%|██████▋   | 8053/12000 [2:46:26<1:16:00,  1.16s/step]Training:  67%|██████▋   | 8054/12000 [2:46:28<1:15:58,  1.16s/step]Training:  67%|██████▋   | 8055/12000 [2:46:29<1:15:56,  1.15s/step]Training:  67%|██████▋   | 8056/12000 [2:46:30<1:15:55,  1.16s/step]Training:  67%|██████▋   | 8057/12000 [2:46:31<1:15:57,  1.16s/step]Training:  67%|██████▋   | 8058/12000 [2:46:32<1:15:57,  1.16s/step]Training:  67%|██████▋   | 8059/12000 [2:46:33<1:16:06,  1.16s/step]Training:  67%|██████▋   | 8060/12000 [2:46:35<1:16:16,  1.16s/step]Training:  67%|██████▋   | 8061/12000 [2:46:36<1:16:47,  1.17s/step]Training:  67%|██████▋   | 8062/12000 [2:46:37<1:17:21,  1.18s/step]Training:  67%|██████▋   | 8063/12000 [2:46:38<1:17:49,  1.19s/step]Training:  67%|██████▋   | 8064/12000 [2:46:39<1:17:12,  1.18s/step]Training:  67%|██████▋   | 8065/12000 [2:46:40<1:16:44,  1.17s/step]Training:  67%|██████▋   | 8066/12000 [2:46:42<1:16:25,  1.17s/step]Training:  67%|██████▋   | 8067/12000 [2:46:43<1:16:13,  1.16s/step]Training:  67%|██████▋   | 8068/12000 [2:46:44<1:16:04,  1.16s/step]Training:  67%|██████▋   | 8069/12000 [2:46:45<1:15:55,  1.16s/step]Training:  67%|██████▋   | 8070/12000 [2:46:46<1:15:49,  1.16s/step]Training:  67%|██████▋   | 8071/12000 [2:46:47<1:15:43,  1.16s/step]Training:  67%|██████▋   | 8072/12000 [2:46:48<1:15:42,  1.16s/step]Training:  67%|██████▋   | 8073/12000 [2:46:50<1:15:40,  1.16s/step]Training:  67%|██████▋   | 8074/12000 [2:46:51<1:15:41,  1.16s/step]Training:  67%|██████▋   | 8075/12000 [2:46:52<1:07:30,  1.03s/step]Training:  67%|██████▋   | 8076/12000 [2:46:55<1:48:12,  1.65s/step]Training:  67%|██████▋   | 8077/12000 [2:46:56<1:40:30,  1.54s/step]Training:  67%|██████▋   | 8078/12000 [2:46:57<1:35:55,  1.47s/step]Training:  67%|██████▋   | 8079/12000 [2:46:58<1:30:37,  1.39s/step]Training:  67%|██████▋   | 8080/12000 [2:47:00<1:26:37,  1.33s/step]Training:  67%|██████▋   | 8081/12000 [2:47:01<1:23:16,  1.28s/step]Training:  67%|██████▋   | 8082/12000 [2:47:02<1:21:08,  1.24s/step]Training:  67%|██████▋   | 8083/12000 [2:47:03<1:19:29,  1.22s/step]Training:  67%|██████▋   | 8084/12000 [2:47:04<1:18:35,  1.20s/step]Training:  67%|██████▋   | 8085/12000 [2:47:05<1:17:39,  1.19s/step]Training:  67%|██████▋   | 8086/12000 [2:47:07<1:16:58,  1.18s/step]Training:  67%|██████▋   | 8087/12000 [2:47:08<1:16:28,  1.17s/step]Training:  67%|██████▋   | 8088/12000 [2:47:09<1:16:10,  1.17s/step]Training:  67%|██████▋   | 8089/12000 [2:47:10<1:16:05,  1.17s/step]Training:  67%|██████▋   | 8090/12000 [2:47:11<1:16:05,  1.17s/step]Training:  67%|██████▋   | 8091/12000 [2:47:12<1:16:08,  1.17s/step]Training:  67%|██████▋   | 8092/12000 [2:47:14<1:16:07,  1.17s/step]Training:  67%|██████▋   | 8093/12000 [2:47:15<1:16:06,  1.17s/step]Training:  67%|██████▋   | 8094/12000 [2:47:16<1:16:10,  1.17s/step]Training:  67%|██████▋   | 8095/12000 [2:47:17<1:16:04,  1.17s/step]Training:  67%|██████▋   | 8096/12000 [2:47:18<1:15:50,  1.17s/step]Training:  67%|██████▋   | 8097/12000 [2:47:19<1:16:02,  1.17s/step]Training:  67%|██████▋   | 8098/12000 [2:47:21<1:16:33,  1.18s/step]Training:  67%|██████▋   | 8099/12000 [2:47:22<1:17:11,  1.19s/step]Training:  68%|██████▊   | 8100/12000 [2:47:23<1:16:33,  1.18s/step]Training:  68%|██████▊   | 8101/12000 [2:47:24<1:16:11,  1.17s/step]Training:  68%|██████▊   | 8102/12000 [2:47:25<1:16:14,  1.17s/step]Training:  68%|██████▊   | 8103/12000 [2:47:26<1:15:54,  1.17s/step]Training:  68%|██████▊   | 8104/12000 [2:47:28<1:15:41,  1.17s/step]Training:  68%|██████▊   | 8105/12000 [2:47:29<1:15:38,  1.17s/step]Training:  68%|██████▊   | 8106/12000 [2:47:30<1:15:29,  1.16s/step]Training:  68%|██████▊   | 8107/12000 [2:47:31<1:15:31,  1.16s/step]Training:  68%|██████▊   | 8108/12000 [2:47:32<1:15:24,  1.16s/step]Training:  68%|██████▊   | 8109/12000 [2:47:33<1:15:18,  1.16s/step]Training:  68%|██████▊   | 8110/12000 [2:47:35<1:15:13,  1.16s/step]Training:  68%|██████▊   | 8111/12000 [2:47:36<1:15:10,  1.16s/step]Training:  68%|██████▊   | 8112/12000 [2:47:37<1:15:06,  1.16s/step]Training:  68%|██████▊   | 8113/12000 [2:47:38<1:15:09,  1.16s/step]Training:  68%|██████▊   | 8114/12000 [2:47:39<1:15:05,  1.16s/step]Training:  68%|██████▊   | 8115/12000 [2:47:40<1:15:04,  1.16s/step]Training:  68%|██████▊   | 8116/12000 [2:47:42<1:15:00,  1.16s/step]Training:  68%|██████▊   | 8117/12000 [2:47:43<1:15:03,  1.16s/step]Training:  68%|██████▊   | 8118/12000 [2:47:44<1:15:00,  1.16s/step]Training:  68%|██████▊   | 8119/12000 [2:47:45<1:14:58,  1.16s/step]Training:  68%|██████▊   | 8120/12000 [2:47:46<1:14:55,  1.16s/step]Training:  68%|██████▊   | 8121/12000 [2:47:47<1:15:42,  1.17s/step]Training:  68%|██████▊   | 8122/12000 [2:47:49<1:16:30,  1.18s/step]Training:  68%|██████▊   | 8123/12000 [2:47:50<1:16:48,  1.19s/step]Training:  68%|██████▊   | 8124/12000 [2:47:51<1:16:24,  1.18s/step]Training:  68%|██████▊   | 8125/12000 [2:47:52<1:16:16,  1.18s/step]Training:  68%|██████▊   | 8126/12000 [2:47:53<1:15:58,  1.18s/step]Training:  68%|██████▊   | 8127/12000 [2:47:54<1:15:36,  1.17s/step]Training:  68%|██████▊   | 8128/12000 [2:47:56<1:15:19,  1.17s/step]Training:  68%|██████▊   | 8129/12000 [2:47:57<1:15:07,  1.16s/step]Training:  68%|██████▊   | 8130/12000 [2:47:58<1:15:20,  1.17s/step]Training:  68%|██████▊   | 8131/12000 [2:47:59<1:15:10,  1.17s/step]Training:  68%|██████▊   | 8132/12000 [2:48:00<1:14:59,  1.16s/step]Training:  68%|██████▊   | 8133/12000 [2:48:01<1:14:53,  1.16s/step]Training:  68%|██████▊   | 8134/12000 [2:48:03<1:14:49,  1.16s/step]Training:  68%|██████▊   | 8135/12000 [2:48:04<1:14:45,  1.16s/step]Training:  68%|██████▊   | 8136/12000 [2:48:05<1:14:40,  1.16s/step]Training:  68%|██████▊   | 8137/12000 [2:48:06<1:14:37,  1.16s/step]Training:  68%|██████▊   | 8138/12000 [2:48:07<1:14:48,  1.16s/step]Training:  68%|██████▊   | 8139/12000 [2:48:08<1:14:43,  1.16s/step]Training:  68%|██████▊   | 8140/12000 [2:48:10<1:14:42,  1.16s/step]Training:  68%|██████▊   | 8141/12000 [2:48:11<1:14:55,  1.17s/step]Training:  68%|██████▊   | 8142/12000 [2:48:12<1:14:46,  1.16s/step]Training:  68%|██████▊   | 8143/12000 [2:48:13<1:14:41,  1.16s/step]Training:  68%|██████▊   | 8144/12000 [2:48:14<1:14:58,  1.17s/step]Training:  68%|██████▊   | 8145/12000 [2:48:15<1:15:05,  1.17s/step]Training:  68%|██████▊   | 8146/12000 [2:48:17<1:15:53,  1.18s/step]Training:  68%|██████▊   | 8147/12000 [2:48:18<1:15:42,  1.18s/step]Training:  68%|██████▊   | 8148/12000 [2:48:19<1:15:14,  1.17s/step]Training:  68%|██████▊   | 8149/12000 [2:48:20<1:14:57,  1.17s/step]Training:  68%|██████▊   | 8150/12000 [2:48:21<1:14:45,  1.16s/step]Training:  68%|██████▊   | 8151/12000 [2:48:22<1:14:37,  1.16s/step]Training:  68%|██████▊   | 8152/12000 [2:48:24<1:14:33,  1.16s/step]Training:  68%|██████▊   | 8153/12000 [2:48:25<1:14:53,  1.17s/step]Training:  68%|██████▊   | 8154/12000 [2:48:26<1:14:42,  1.17s/step]Training:  68%|██████▊   | 8155/12000 [2:48:27<1:15:10,  1.17s/step]Training:  68%|██████▊   | 8156/12000 [2:48:28<1:15:06,  1.17s/step]Training:  68%|██████▊   | 8157/12000 [2:48:29<1:15:01,  1.17s/step]Training:  68%|██████▊   | 8158/12000 [2:48:31<1:14:53,  1.17s/step]Training:  68%|██████▊   | 8159/12000 [2:48:32<1:14:41,  1.17s/step]Training:  68%|██████▊   | 8160/12000 [2:48:33<1:14:29,  1.16s/step]Training:  68%|██████▊   | 8161/12000 [2:48:34<1:14:31,  1.16s/step]Training:  68%|██████▊   | 8162/12000 [2:48:35<1:14:35,  1.17s/step]Training:  68%|██████▊   | 8163/12000 [2:48:36<1:14:47,  1.17s/step]Training:  68%|██████▊   | 8164/12000 [2:48:38<1:14:34,  1.17s/step]Training:  68%|██████▊   | 8165/12000 [2:48:39<1:14:27,  1.16s/step]Training:  68%|██████▊   | 8166/12000 [2:48:40<1:14:21,  1.16s/step]Training:  68%|██████▊   | 8167/12000 [2:48:41<1:14:45,  1.17s/step]Training:  68%|██████▊   | 8168/12000 [2:48:42<1:14:58,  1.17s/step]Training:  68%|██████▊   | 8169/12000 [2:48:43<1:15:32,  1.18s/step]Training:  68%|██████▊   | 8170/12000 [2:48:45<1:15:01,  1.18s/step]Training:  68%|██████▊   | 8171/12000 [2:48:46<1:14:38,  1.17s/step]Training:  68%|██████▊   | 8172/12000 [2:48:47<1:14:48,  1.17s/step]Training:  68%|██████▊   | 8173/12000 [2:48:48<1:14:30,  1.17s/step]Training:  68%|██████▊   | 8174/12000 [2:48:49<1:14:16,  1.16s/step]Training:  68%|██████▊   | 8175/12000 [2:48:50<1:14:07,  1.16s/step]Training:  68%|██████▊   | 8176/12000 [2:48:52<1:14:01,  1.16s/step]Training:  68%|██████▊   | 8177/12000 [2:48:53<1:13:55,  1.16s/step]Training:  68%|██████▊   | 8178/12000 [2:48:54<1:13:51,  1.16s/step]Training:  68%|██████▊   | 8179/12000 [2:48:55<1:14:06,  1.16s/step]Training:  68%|██████▊   | 8180/12000 [2:48:56<1:13:56,  1.16s/step]Training:  68%|██████▊   | 8181/12000 [2:48:57<1:13:52,  1.16s/step]Training:  68%|██████▊   | 8182/12000 [2:48:59<1:13:45,  1.16s/step]Training:  68%|██████▊   | 8183/12000 [2:49:00<1:13:42,  1.16s/step]Training:  68%|██████▊   | 8184/12000 [2:49:01<1:13:40,  1.16s/step]Training:  68%|██████▊   | 8185/12000 [2:49:02<1:13:40,  1.16s/step]Training:  68%|██████▊   | 8186/12000 [2:49:03<1:13:39,  1.16s/step]Training:  68%|██████▊   | 8187/12000 [2:49:04<1:13:38,  1.16s/step]Training:  68%|██████▊   | 8188/12000 [2:49:06<1:14:06,  1.17s/step]Training:  68%|██████▊   | 8189/12000 [2:49:07<1:14:07,  1.17s/step]Training:  68%|██████▊   | 8190/12000 [2:49:08<1:14:05,  1.17s/step]Training:  68%|██████▊   | 8191/12000 [2:49:09<1:14:13,  1.17s/step]Training:  68%|██████▊   | 8192/12000 [2:49:10<1:14:26,  1.17s/step]Training:  68%|██████▊   | 8193/12000 [2:49:11<1:14:41,  1.18s/step]Training:  68%|██████▊   | 8194/12000 [2:49:13<1:14:51,  1.18s/step]Training:  68%|██████▊   | 8195/12000 [2:49:14<1:14:25,  1.17s/step]Training:  68%|██████▊   | 8196/12000 [2:49:15<1:14:05,  1.17s/step]Training:  68%|██████▊   | 8197/12000 [2:49:16<1:13:57,  1.17s/step]Training:  68%|██████▊   | 8198/12000 [2:49:17<1:13:55,  1.17s/step]Training:  68%|██████▊   | 8199/12000 [2:49:18<1:13:42,  1.16s/step]Training:  68%|██████▊   | 8200/12000 [2:49:20<1:13:33,  1.16s/step]INFO 2026-09-16 06:43:24 ot_train.py:670 step:8K smpl:525K ep:6K epch:19.32 loss:0.051 grdn:0.819 lr:2.6e-05 updt_s:0.961 data_s:0.047 smp/s:63 mem_gb:14.26 losses_after_forward:0.055 losses_after_in_ep_bound:0.036 losses_after_rm_padding:0.036
Training:  68%|██████▊   | 8201/12000 [2:49:21<1:13:37,  1.16s/step]Training:  68%|██████▊   | 8202/12000 [2:49:22<1:13:28,  1.16s/step]Training:  68%|██████▊   | 8203/12000 [2:49:23<1:13:22,  1.16s/step]Training:  68%|██████▊   | 8204/12000 [2:49:24<1:13:19,  1.16s/step]Training:  68%|██████▊   | 8205/12000 [2:49:25<1:13:18,  1.16s/step]Training:  68%|██████▊   | 8206/12000 [2:49:27<1:13:15,  1.16s/step]Training:  68%|██████▊   | 8207/12000 [2:49:28<1:13:14,  1.16s/step]Training:  68%|██████▊   | 8208/12000 [2:49:29<1:13:10,  1.16s/step]Training:  68%|██████▊   | 8209/12000 [2:49:30<1:13:09,  1.16s/step]Training:  68%|██████▊   | 8210/12000 [2:49:31<1:13:09,  1.16s/step]Training:  68%|██████▊   | 8211/12000 [2:49:32<1:13:05,  1.16s/step]Training:  68%|██████▊   | 8212/12000 [2:49:33<1:13:04,  1.16s/step]Training:  68%|██████▊   | 8213/12000 [2:49:35<1:13:03,  1.16s/step]Training:  68%|██████▊   | 8214/12000 [2:49:36<1:13:04,  1.16s/step]Training:  68%|██████▊   | 8215/12000 [2:49:37<1:13:25,  1.16s/step]Training:  68%|██████▊   | 8216/12000 [2:49:38<1:13:19,  1.16s/step]Training:  68%|██████▊   | 8217/12000 [2:49:39<1:13:29,  1.17s/step]Training:  68%|██████▊   | 8218/12000 [2:49:40<1:13:53,  1.17s/step]Training:  68%|██████▊   | 8219/12000 [2:49:42<1:14:14,  1.18s/step]Training:  68%|██████▊   | 8220/12000 [2:49:43<1:14:24,  1.18s/step]Training:  69%|██████▊   | 8221/12000 [2:49:44<1:14:09,  1.18s/step]Training:  69%|██████▊   | 8222/12000 [2:49:45<1:13:59,  1.17s/step]Training:  69%|██████▊   | 8223/12000 [2:49:46<1:13:50,  1.17s/step]Training:  69%|██████▊   | 8224/12000 [2:49:48<1:13:37,  1.17s/step]Training:  69%|██████▊   | 8225/12000 [2:49:49<1:13:25,  1.17s/step]Training:  69%|██████▊   | 8226/12000 [2:49:50<1:13:12,  1.16s/step]Training:  69%|██████▊   | 8227/12000 [2:49:51<1:13:03,  1.16s/step]Training:  69%|██████▊   | 8228/12000 [2:49:52<1:12:54,  1.16s/step]Training:  69%|██████▊   | 8229/12000 [2:49:53<1:12:52,  1.16s/step]Training:  69%|██████▊   | 8230/12000 [2:49:54<1:12:48,  1.16s/step]Training:  69%|██████▊   | 8231/12000 [2:49:56<1:12:47,  1.16s/step]Training:  69%|██████▊   | 8232/12000 [2:49:57<1:12:45,  1.16s/step]Training:  69%|██████▊   | 8233/12000 [2:49:58<1:12:52,  1.16s/step]Training:  69%|██████▊   | 8234/12000 [2:49:59<1:12:46,  1.16s/step]Training:  69%|██████▊   | 8235/12000 [2:50:00<1:12:43,  1.16s/step]Training:  69%|██████▊   | 8236/12000 [2:50:01<1:13:05,  1.17s/step]Training:  69%|██████▊   | 8237/12000 [2:50:03<1:12:56,  1.16s/step]Training:  69%|██████▊   | 8238/12000 [2:50:04<1:12:48,  1.16s/step]Training:  69%|██████▊   | 8239/12000 [2:50:05<1:12:44,  1.16s/step]Training:  69%|██████▊   | 8240/12000 [2:50:06<1:12:42,  1.16s/step]Training:  69%|██████▊   | 8241/12000 [2:50:07<1:12:40,  1.16s/step]Training:  69%|██████▊   | 8242/12000 [2:50:08<1:13:20,  1.17s/step]Training:  69%|██████▊   | 8243/12000 [2:50:10<1:13:51,  1.18s/step]Training:  69%|██████▊   | 8244/12000 [2:50:11<1:14:00,  1.18s/step]Training:  69%|██████▊   | 8245/12000 [2:50:12<1:13:33,  1.18s/step]Training:  69%|██████▊   | 8246/12000 [2:50:13<1:13:13,  1.17s/step]Training:  69%|██████▊   | 8247/12000 [2:50:14<1:13:18,  1.17s/step]Training:  69%|██████▊   | 8248/12000 [2:50:15<1:13:02,  1.17s/step]Training:  69%|██████▊   | 8249/12000 [2:50:17<1:13:06,  1.17s/step]Training:  69%|██████▉   | 8250/12000 [2:50:18<1:12:51,  1.17s/step]Training:  69%|██████▉   | 8251/12000 [2:50:19<1:12:40,  1.16s/step]Training:  69%|██████▉   | 8252/12000 [2:50:20<1:12:58,  1.17s/step]Training:  69%|██████▉   | 8253/12000 [2:50:21<1:13:11,  1.17s/step]Training:  69%|██████▉   | 8254/12000 [2:50:23<1:13:12,  1.17s/step]Training:  69%|██████▉   | 8255/12000 [2:50:24<1:13:19,  1.17s/step]Training:  69%|██████▉   | 8256/12000 [2:50:25<1:13:21,  1.18s/step]Training:  69%|██████▉   | 8257/12000 [2:50:26<1:13:25,  1.18s/step]Training:  69%|██████▉   | 8258/12000 [2:50:27<1:13:02,  1.17s/step]Training:  69%|██████▉   | 8259/12000 [2:50:28<1:12:46,  1.17s/step]Training:  69%|██████▉   | 8260/12000 [2:50:30<1:12:31,  1.16s/step]Training:  69%|██████▉   | 8261/12000 [2:50:31<1:12:23,  1.16s/step]Training:  69%|██████▉   | 8262/12000 [2:50:32<1:12:28,  1.16s/step]Training:  69%|██████▉   | 8263/12000 [2:50:33<1:12:34,  1.17s/step]Training:  69%|██████▉   | 8264/12000 [2:50:34<1:12:51,  1.17s/step]Training:  69%|██████▉   | 8265/12000 [2:50:35<1:13:20,  1.18s/step]Training:  69%|██████▉   | 8266/12000 [2:50:37<1:13:14,  1.18s/step]Training:  69%|██████▉   | 8267/12000 [2:50:38<1:12:51,  1.17s/step]Training:  69%|██████▉   | 8268/12000 [2:50:39<1:12:34,  1.17s/step]Training:  69%|██████▉   | 8269/12000 [2:50:40<1:12:23,  1.16s/step]Training:  69%|██████▉   | 8270/12000 [2:50:41<1:12:12,  1.16s/step]Training:  69%|██████▉   | 8271/12000 [2:50:42<1:12:07,  1.16s/step]Training:  69%|██████▉   | 8272/12000 [2:50:44<1:12:00,  1.16s/step]Training:  69%|██████▉   | 8273/12000 [2:50:45<1:11:58,  1.16s/step]Training:  69%|██████▉   | 8274/12000 [2:50:46<1:11:56,  1.16s/step]Training:  69%|██████▉   | 8275/12000 [2:50:47<1:11:54,  1.16s/step]Training:  69%|██████▉   | 8276/12000 [2:50:48<1:11:51,  1.16s/step]Training:  69%|██████▉   | 8277/12000 [2:50:49<1:11:53,  1.16s/step]Training:  69%|██████▉   | 8278/12000 [2:50:50<1:11:49,  1.16s/step]Training:  69%|██████▉   | 8279/12000 [2:50:52<1:11:45,  1.16s/step]Training:  69%|██████▉   | 8280/12000 [2:50:53<1:11:45,  1.16s/step]Training:  69%|██████▉   | 8281/12000 [2:50:54<1:11:45,  1.16s/step]Training:  69%|██████▉   | 8282/12000 [2:50:55<1:11:45,  1.16s/step]Training:  69%|██████▉   | 8283/12000 [2:50:56<1:11:45,  1.16s/step]Training:  69%|██████▉   | 8284/12000 [2:50:57<1:11:45,  1.16s/step]Training:  69%|██████▉   | 8285/12000 [2:50:59<1:11:51,  1.16s/step]Training:  69%|██████▉   | 8286/12000 [2:51:00<1:12:15,  1.17s/step]Training:  69%|██████▉   | 8287/12000 [2:51:01<1:12:12,  1.17s/step]Training:  69%|██████▉   | 8288/12000 [2:51:02<1:12:41,  1.17s/step]Training:  69%|██████▉   | 8289/12000 [2:51:03<1:12:48,  1.18s/step]Training:  69%|██████▉   | 8290/12000 [2:51:04<1:13:01,  1.18s/step]Training:  69%|██████▉   | 8291/12000 [2:51:06<1:13:02,  1.18s/step]Training:  69%|██████▉   | 8292/12000 [2:51:07<1:12:33,  1.17s/step]Training:  69%|██████▉   | 8293/12000 [2:51:08<1:12:13,  1.17s/step]Training:  69%|██████▉   | 8294/12000 [2:51:09<1:11:58,  1.17s/step]Training:  69%|██████▉   | 8295/12000 [2:51:10<1:11:50,  1.16s/step]Training:  69%|██████▉   | 8296/12000 [2:51:11<1:11:44,  1.16s/step]Training:  69%|██████▉   | 8297/12000 [2:51:13<1:11:55,  1.17s/step]Training:  69%|██████▉   | 8298/12000 [2:51:14<1:11:43,  1.16s/step]Training:  69%|██████▉   | 8299/12000 [2:51:15<1:11:35,  1.16s/step]Training:  69%|██████▉   | 8300/12000 [2:51:16<1:11:31,  1.16s/step]Training:  69%|██████▉   | 8301/12000 [2:51:17<1:11:47,  1.16s/step]Training:  69%|██████▉   | 8302/12000 [2:51:18<1:11:36,  1.16s/step]Training:  69%|██████▉   | 8303/12000 [2:51:20<1:11:31,  1.16s/step]Training:  69%|██████▉   | 8304/12000 [2:51:21<1:11:23,  1.16s/step]Training:  69%|██████▉   | 8305/12000 [2:51:22<1:11:19,  1.16s/step]Training:  69%|██████▉   | 8306/12000 [2:51:23<1:11:17,  1.16s/step]Training:  69%|██████▉   | 8307/12000 [2:51:24<1:11:19,  1.16s/step]Training:  69%|██████▉   | 8308/12000 [2:51:25<1:11:14,  1.16s/step]Training:  69%|██████▉   | 8309/12000 [2:51:27<1:11:13,  1.16s/step]Training:  69%|██████▉   | 8310/12000 [2:51:28<1:11:11,  1.16s/step]Training:  69%|██████▉   | 8311/12000 [2:51:29<1:11:07,  1.16s/step]Training:  69%|██████▉   | 8312/12000 [2:51:30<1:11:04,  1.16s/step]Training:  69%|██████▉   | 8313/12000 [2:51:31<1:11:26,  1.16s/step]Training:  69%|██████▉   | 8314/12000 [2:51:32<1:11:46,  1.17s/step]Training:  69%|██████▉   | 8315/12000 [2:51:34<1:11:54,  1.17s/step]Training:  69%|██████▉   | 8316/12000 [2:51:35<1:12:24,  1.18s/step]Training:  69%|██████▉   | 8317/12000 [2:51:36<1:12:14,  1.18s/step]Training:  69%|██████▉   | 8318/12000 [2:51:37<1:12:03,  1.17s/step]Training:  69%|██████▉   | 8319/12000 [2:51:38<1:11:52,  1.17s/step]Training:  69%|██████▉   | 8320/12000 [2:51:39<1:12:03,  1.17s/step]Training:  69%|██████▉   | 8321/12000 [2:51:41<1:11:51,  1.17s/step]Training:  69%|██████▉   | 8322/12000 [2:51:42<1:11:33,  1.17s/step]Training:  69%|██████▉   | 8323/12000 [2:51:43<1:11:23,  1.16s/step]Training:  69%|██████▉   | 8324/12000 [2:51:44<1:11:10,  1.16s/step]Training:  69%|██████▉   | 8325/12000 [2:51:45<1:11:04,  1.16s/step]Training:  69%|██████▉   | 8326/12000 [2:51:46<1:10:56,  1.16s/step]Training:  69%|██████▉   | 8327/12000 [2:51:48<1:10:55,  1.16s/step]Training:  69%|██████▉   | 8328/12000 [2:51:49<1:10:52,  1.16s/step]Training:  69%|██████▉   | 8329/12000 [2:51:50<1:11:12,  1.16s/step]Training:  69%|██████▉   | 8330/12000 [2:51:51<1:11:02,  1.16s/step]Training:  69%|██████▉   | 8331/12000 [2:51:52<1:10:56,  1.16s/step]Training:  69%|██████▉   | 8332/12000 [2:51:53<1:10:54,  1.16s/step]Training:  69%|██████▉   | 8333/12000 [2:51:54<1:10:48,  1.16s/step]Training:  69%|██████▉   | 8334/12000 [2:51:56<1:10:43,  1.16s/step]Training:  69%|██████▉   | 8335/12000 [2:51:57<1:10:49,  1.16s/step]Training:  69%|██████▉   | 8336/12000 [2:51:58<1:10:43,  1.16s/step]Training:  69%|██████▉   | 8337/12000 [2:51:59<1:11:03,  1.16s/step]Training:  69%|██████▉   | 8338/12000 [2:52:00<1:11:25,  1.17s/step]Training:  69%|██████▉   | 8339/12000 [2:52:02<1:11:47,  1.18s/step]Training:  70%|██████▉   | 8340/12000 [2:52:03<1:12:08,  1.18s/step]Training:  70%|██████▉   | 8341/12000 [2:52:04<1:11:56,  1.18s/step]Training:  70%|██████▉   | 8342/12000 [2:52:05<1:11:29,  1.17s/step]Training:  70%|██████▉   | 8343/12000 [2:52:06<1:11:11,  1.17s/step]Training:  70%|██████▉   | 8344/12000 [2:52:07<1:11:03,  1.17s/step]Training:  70%|██████▉   | 8345/12000 [2:52:09<1:10:54,  1.16s/step]Training:  70%|██████▉   | 8346/12000 [2:52:10<1:10:48,  1.16s/step]Training:  70%|██████▉   | 8347/12000 [2:52:11<1:10:40,  1.16s/step]Training:  70%|██████▉   | 8348/12000 [2:52:12<1:10:35,  1.16s/step]Training:  70%|██████▉   | 8349/12000 [2:52:13<1:10:58,  1.17s/step]Training:  70%|██████▉   | 8350/12000 [2:52:14<1:11:00,  1.17s/step]Training:  70%|██████▉   | 8351/12000 [2:52:16<1:10:57,  1.17s/step]Training:  70%|██████▉   | 8352/12000 [2:52:17<1:10:59,  1.17s/step]Training:  70%|██████▉   | 8353/12000 [2:52:18<1:10:53,  1.17s/step]Training:  70%|██████▉   | 8354/12000 [2:52:19<1:10:42,  1.16s/step]Training:  70%|██████▉   | 8355/12000 [2:52:20<1:10:33,  1.16s/step]Training:  70%|██████▉   | 8356/12000 [2:52:21<1:10:26,  1.16s/step]Training:  70%|██████▉   | 8357/12000 [2:52:22<1:10:25,  1.16s/step]Training:  70%|██████▉   | 8358/12000 [2:52:24<1:10:17,  1.16s/step]Training:  70%|██████▉   | 8359/12000 [2:52:25<1:10:14,  1.16s/step]Training:  70%|██████▉   | 8360/12000 [2:52:26<1:10:12,  1.16s/step]Training:  70%|██████▉   | 8361/12000 [2:52:27<1:10:12,  1.16s/step]Training:  70%|██████▉   | 8362/12000 [2:52:28<1:10:31,  1.16s/step]Training:  70%|██████▉   | 8363/12000 [2:52:29<1:10:51,  1.17s/step]Training:  70%|██████▉   | 8364/12000 [2:52:31<1:11:25,  1.18s/step]Training:  70%|██████▉   | 8365/12000 [2:52:32<1:11:33,  1.18s/step]Training:  70%|██████▉   | 8366/12000 [2:52:33<1:11:02,  1.17s/step]Training:  70%|██████▉   | 8367/12000 [2:52:34<1:10:44,  1.17s/step]Training:  70%|██████▉   | 8368/12000 [2:52:35<1:10:28,  1.16s/step]Training:  70%|██████▉   | 8369/12000 [2:52:36<1:10:19,  1.16s/step]Training:  70%|██████▉   | 8370/12000 [2:52:38<1:10:35,  1.17s/step]Training:  70%|██████▉   | 8371/12000 [2:52:39<1:10:22,  1.16s/step]Training:  70%|██████▉   | 8372/12000 [2:52:40<1:10:10,  1.16s/step]Training:  70%|██████▉   | 8373/12000 [2:52:41<1:10:03,  1.16s/step]Training:  70%|██████▉   | 8374/12000 [2:52:42<1:10:22,  1.16s/step]Training:  70%|██████▉   | 8375/12000 [2:52:43<1:10:13,  1.16s/step]Training:  70%|██████▉   | 8376/12000 [2:52:45<1:10:09,  1.16s/step]Training:  70%|██████▉   | 8377/12000 [2:52:46<1:10:07,  1.16s/step]Training:  70%|██████▉   | 8378/12000 [2:52:47<1:10:04,  1.16s/step]Training:  70%|██████▉   | 8379/12000 [2:52:48<1:09:59,  1.16s/step]Training:  70%|██████▉   | 8380/12000 [2:52:49<1:09:59,  1.16s/step]Training:  70%|██████▉   | 8381/12000 [2:52:50<1:09:56,  1.16s/step]Training:  70%|██████▉   | 8382/12000 [2:52:52<1:10:03,  1.16s/step]Training:  70%|██████▉   | 8383/12000 [2:52:53<1:10:21,  1.17s/step]Training:  70%|██████▉   | 8384/12000 [2:52:54<1:10:20,  1.17s/step]Training:  70%|██████▉   | 8385/12000 [2:52:55<1:10:45,  1.17s/step]Training:  70%|██████▉   | 8386/12000 [2:52:56<1:11:07,  1.18s/step]Training:  70%|██████▉   | 8387/12000 [2:52:57<1:11:18,  1.18s/step]Training:  70%|██████▉   | 8388/12000 [2:52:59<1:11:14,  1.18s/step]Training:  70%|██████▉   | 8389/12000 [2:53:00<1:10:43,  1.18s/step]Training:  70%|██████▉   | 8390/12000 [2:53:01<1:10:21,  1.17s/step]Training:  70%|██████▉   | 8391/12000 [2:53:02<1:10:04,  1.16s/step]Training:  70%|██████▉   | 8392/12000 [2:53:03<1:09:54,  1.16s/step]Training:  70%|██████▉   | 8393/12000 [2:53:04<1:09:49,  1.16s/step]Training:  70%|██████▉   | 8394/12000 [2:53:06<1:09:45,  1.16s/step]Training:  70%|██████▉   | 8395/12000 [2:53:07<1:09:39,  1.16s/step]Training:  70%|██████▉   | 8396/12000 [2:53:08<1:09:35,  1.16s/step]Training:  70%|██████▉   | 8397/12000 [2:53:09<1:09:33,  1.16s/step]Training:  70%|██████▉   | 8398/12000 [2:53:10<1:09:28,  1.16s/step]Training:  70%|██████▉   | 8399/12000 [2:53:11<1:09:26,  1.16s/step]Training:  70%|███████   | 8400/12000 [2:53:13<1:09:26,  1.16s/step]INFO 2026-09-16 06:47:17 ot_train.py:670 step:8K smpl:538K ep:7K epch:19.79 loss:0.048 grdn:0.787 lr:2.4e-05 updt_s:0.963 data_s:0.038 smp/s:64 mem_gb:14.29 losses_after_forward:0.051 losses_after_in_ep_bound:0.034 losses_after_rm_padding:0.034
Training:  70%|███████   | 8401/12000 [2:53:14<1:09:29,  1.16s/step]Training:  70%|███████   | 8402/12000 [2:53:15<1:09:27,  1.16s/step]Training:  70%|███████   | 8403/12000 [2:53:16<1:09:51,  1.17s/step]Training:  70%|███████   | 8404/12000 [2:53:17<1:09:42,  1.16s/step]Training:  70%|███████   | 8405/12000 [2:53:18<1:09:35,  1.16s/step]Training:  70%|███████   | 8406/12000 [2:53:20<1:09:29,  1.16s/step]Training:  70%|███████   | 8407/12000 [2:53:21<1:09:23,  1.16s/step]Training:  70%|███████   | 8408/12000 [2:53:22<1:09:18,  1.16s/step]Training:  70%|███████   | 8409/12000 [2:53:23<1:09:16,  1.16s/step]Training:  70%|███████   | 8410/12000 [2:53:24<1:09:14,  1.16s/step]Training:  70%|███████   | 8411/12000 [2:53:25<1:09:19,  1.16s/step]Training:  70%|███████   | 8412/12000 [2:53:27<1:10:00,  1.17s/step]Training:  70%|███████   | 8413/12000 [2:53:28<1:10:48,  1.18s/step]Training:  70%|███████   | 8414/12000 [2:53:29<1:10:39,  1.18s/step]Training:  70%|███████   | 8415/12000 [2:53:30<1:10:22,  1.18s/step]Training:  70%|███████   | 8416/12000 [2:53:31<1:10:09,  1.17s/step]Training:  70%|███████   | 8417/12000 [2:53:32<1:10:07,  1.17s/step]Training:  70%|███████   | 8418/12000 [2:53:34<1:09:58,  1.17s/step]Training:  70%|███████   | 8419/12000 [2:53:35<1:09:42,  1.17s/step]Training:  70%|███████   | 8420/12000 [2:53:36<1:09:26,  1.16s/step]Training:  70%|███████   | 8421/12000 [2:53:37<1:09:18,  1.16s/step]Training:  70%|███████   | 8422/12000 [2:53:38<1:09:39,  1.17s/step]Training:  70%|███████   | 8423/12000 [2:53:39<1:09:26,  1.16s/step]Training:  70%|███████   | 8424/12000 [2:53:41<1:09:19,  1.16s/step]Training:  70%|███████   | 8425/12000 [2:53:42<1:09:12,  1.16s/step]Training:  70%|███████   | 8426/12000 [2:53:43<1:09:07,  1.16s/step]Training:  70%|███████   | 8427/12000 [2:53:44<1:09:02,  1.16s/step]Training:  70%|███████   | 8428/12000 [2:53:45<1:09:00,  1.16s/step]Training:  70%|███████   | 8429/12000 [2:53:46<1:08:58,  1.16s/step]Training:  70%|███████   | 8430/12000 [2:53:48<1:08:54,  1.16s/step]Training:  70%|███████   | 8431/12000 [2:53:49<1:08:51,  1.16s/step]Training:  70%|███████   | 8432/12000 [2:53:50<1:08:54,  1.16s/step]Training:  70%|███████   | 8433/12000 [2:53:51<1:08:50,  1.16s/step]Training:  70%|███████   | 8434/12000 [2:53:52<1:08:52,  1.16s/step]Training:  70%|███████   | 8435/12000 [2:53:53<1:09:07,  1.16s/step]Training:  70%|███████   | 8436/12000 [2:53:55<1:09:39,  1.17s/step]Training:  70%|███████   | 8437/12000 [2:53:56<1:10:05,  1.18s/step]Training:  70%|███████   | 8438/12000 [2:53:57<1:09:50,  1.18s/step]Training:  70%|███████   | 8439/12000 [2:53:58<1:09:28,  1.17s/step]Training:  70%|███████   | 8440/12000 [2:53:59<1:09:13,  1.17s/step]Training:  70%|███████   | 8441/12000 [2:54:00<1:08:59,  1.16s/step]Training:  70%|███████   | 8442/12000 [2:54:01<1:08:48,  1.16s/step]Training:  70%|███████   | 8443/12000 [2:54:03<1:08:41,  1.16s/step]Training:  70%|███████   | 8444/12000 [2:54:04<1:08:36,  1.16s/step]Training:  70%|███████   | 8445/12000 [2:54:05<1:08:35,  1.16s/step]Training:  70%|███████   | 8446/12000 [2:54:06<1:08:42,  1.16s/step]Training:  70%|███████   | 8447/12000 [2:54:07<1:09:21,  1.17s/step]Training:  70%|███████   | 8448/12000 [2:54:08<1:09:14,  1.17s/step]Training:  70%|███████   | 8449/12000 [2:54:10<1:09:09,  1.17s/step]Training:  70%|███████   | 8450/12000 [2:54:11<1:09:02,  1.17s/step]Training:  70%|███████   | 8451/12000 [2:54:12<1:08:49,  1.16s/step]Training:  70%|███████   | 8452/12000 [2:54:13<1:08:39,  1.16s/step]Training:  70%|███████   | 8453/12000 [2:54:14<1:08:33,  1.16s/step]Training:  70%|███████   | 8454/12000 [2:54:15<1:08:27,  1.16s/step]Training:  70%|███████   | 8455/12000 [2:54:17<1:08:25,  1.16s/step]Training:  70%|███████   | 8456/12000 [2:54:18<1:08:21,  1.16s/step]Training:  70%|███████   | 8457/12000 [2:54:19<1:08:18,  1.16s/step]Training:  70%|███████   | 8458/12000 [2:54:20<1:08:14,  1.16s/step]Training:  70%|███████   | 8459/12000 [2:54:21<1:08:16,  1.16s/step]Training:  70%|███████   | 8460/12000 [2:54:22<1:08:48,  1.17s/step]Training:  71%|███████   | 8461/12000 [2:54:24<1:09:15,  1.17s/step]Training:  71%|███████   | 8462/12000 [2:54:25<1:09:45,  1.18s/step]Training:  71%|███████   | 8463/12000 [2:54:26<1:09:17,  1.18s/step]Training:  71%|███████   | 8464/12000 [2:54:27<1:08:53,  1.17s/step]Training:  71%|███████   | 8465/12000 [2:54:28<1:08:39,  1.17s/step]Training:  71%|███████   | 8466/12000 [2:54:29<1:08:27,  1.16s/step]Training:  71%|███████   | 8467/12000 [2:54:31<1:08:22,  1.16s/step]Training:  71%|███████   | 8468/12000 [2:54:32<1:08:14,  1.16s/step]Training:  71%|███████   | 8469/12000 [2:54:33<1:08:10,  1.16s/step]Training:  71%|███████   | 8470/12000 [2:54:34<1:08:06,  1.16s/step]Training:  71%|███████   | 8471/12000 [2:54:35<1:08:04,  1.16s/step]Training:  71%|███████   | 8472/12000 [2:54:36<1:08:02,  1.16s/step]Training:  71%|███████   | 8473/12000 [2:54:38<1:08:07,  1.16s/step]Training:  71%|███████   | 8474/12000 [2:54:39<1:08:02,  1.16s/step]Training:  71%|███████   | 8475/12000 [2:54:40<1:07:59,  1.16s/step]Training:  71%|███████   | 8476/12000 [2:54:41<1:07:55,  1.16s/step]Training:  71%|███████   | 8477/12000 [2:54:42<1:07:55,  1.16s/step]Training:  71%|███████   | 8478/12000 [2:54:43<1:07:56,  1.16s/step]Training:  71%|███████   | 8479/12000 [2:54:44<1:08:04,  1.16s/step]Training:  71%|███████   | 8480/12000 [2:54:46<1:08:08,  1.16s/step]Training:  71%|███████   | 8481/12000 [2:54:47<1:08:14,  1.16s/step]Training:  71%|███████   | 8482/12000 [2:54:48<1:08:14,  1.16s/step]Training:  71%|███████   | 8483/12000 [2:54:49<1:08:06,  1.16s/step]Training:  71%|███████   | 8484/12000 [2:54:50<1:07:58,  1.16s/step]Training:  71%|███████   | 8485/12000 [2:54:51<1:07:55,  1.16s/step]Training:  71%|███████   | 8486/12000 [2:54:53<1:07:55,  1.16s/step]Training:  71%|███████   | 8487/12000 [2:54:54<1:08:17,  1.17s/step]Training:  71%|███████   | 8488/12000 [2:54:55<1:08:35,  1.17s/step]Training:  71%|███████   | 8489/12000 [2:54:56<1:08:55,  1.18s/step]Training:  71%|███████   | 8490/12000 [2:54:57<1:08:33,  1.17s/step]Training:  71%|███████   | 8491/12000 [2:54:58<1:08:19,  1.17s/step]Training:  71%|███████   | 8492/12000 [2:55:00<1:08:05,  1.16s/step]Training:  71%|███████   | 8493/12000 [2:55:01<1:07:57,  1.16s/step]Training:  71%|███████   | 8494/12000 [2:55:02<1:07:51,  1.16s/step]Training:  71%|███████   | 8495/12000 [2:55:03<1:07:49,  1.16s/step]Training:  71%|███████   | 8496/12000 [2:55:04<1:07:46,  1.16s/step]Training:  71%|███████   | 8497/12000 [2:55:05<1:07:44,  1.16s/step]Training:  71%|███████   | 8498/12000 [2:55:07<1:07:42,  1.16s/step]Training:  71%|███████   | 8499/12000 [2:55:08<1:07:40,  1.16s/step]Training:  71%|███████   | 8500/12000 [2:55:08<1:00:06,  1.03s/step]Training:  71%|███████   | 8501/12000 [2:55:12<1:41:00,  1.73s/step]Training:  71%|███████   | 8502/12000 [2:55:13<1:31:42,  1.57s/step]Training:  71%|███████   | 8503/12000 [2:55:14<1:25:22,  1.46s/step]Training:  71%|███████   | 8504/12000 [2:55:15<1:20:32,  1.38s/step]Training:  71%|███████   | 8505/12000 [2:55:17<1:16:36,  1.32s/step]Training:  71%|███████   | 8506/12000 [2:55:18<1:13:52,  1.27s/step]Training:  71%|███████   | 8507/12000 [2:55:19<1:12:18,  1.24s/step]Training:  71%|███████   | 8508/12000 [2:55:20<1:10:59,  1.22s/step]Training:  71%|███████   | 8509/12000 [2:55:21<1:10:02,  1.20s/step]Training:  71%|███████   | 8510/12000 [2:55:22<1:09:35,  1.20s/step]Training:  71%|███████   | 8511/12000 [2:55:24<1:09:08,  1.19s/step]Training:  71%|███████   | 8512/12000 [2:55:25<1:08:44,  1.18s/step]Training:  71%|███████   | 8513/12000 [2:55:26<1:08:28,  1.18s/step]Training:  71%|███████   | 8514/12000 [2:55:27<1:08:09,  1.17s/step]Training:  71%|███████   | 8515/12000 [2:55:28<1:07:53,  1.17s/step]Training:  71%|███████   | 8516/12000 [2:55:29<1:07:41,  1.17s/step]Training:  71%|███████   | 8517/12000 [2:55:31<1:07:57,  1.17s/step]Training:  71%|███████   | 8518/12000 [2:55:32<1:07:48,  1.17s/step]Training:  71%|███████   | 8519/12000 [2:55:33<1:07:56,  1.17s/step]Training:  71%|███████   | 8520/12000 [2:55:34<1:08:04,  1.17s/step]Training:  71%|███████   | 8521/12000 [2:55:35<1:08:22,  1.18s/step]Training:  71%|███████   | 8522/12000 [2:55:37<1:08:16,  1.18s/step]Training:  71%|███████   | 8523/12000 [2:55:38<1:07:57,  1.17s/step]Training:  71%|███████   | 8524/12000 [2:55:39<1:07:46,  1.17s/step]Training:  71%|███████   | 8525/12000 [2:55:40<1:07:36,  1.17s/step]Training:  71%|███████   | 8526/12000 [2:55:41<1:07:32,  1.17s/step]Training:  71%|███████   | 8527/12000 [2:55:42<1:07:27,  1.17s/step]Training:  71%|███████   | 8528/12000 [2:55:44<1:07:21,  1.16s/step]Training:  71%|███████   | 8529/12000 [2:55:45<1:07:21,  1.16s/step]Training:  71%|███████   | 8530/12000 [2:55:46<1:07:20,  1.16s/step]Training:  71%|███████   | 8531/12000 [2:55:47<1:07:25,  1.17s/step]Training:  71%|███████   | 8532/12000 [2:55:48<1:07:19,  1.16s/step]Training:  71%|███████   | 8533/12000 [2:55:49<1:07:15,  1.16s/step]Training:  71%|███████   | 8534/12000 [2:55:50<1:07:14,  1.16s/step]Training:  71%|███████   | 8535/12000 [2:55:52<1:07:09,  1.16s/step]Training:  71%|███████   | 8536/12000 [2:55:53<1:07:08,  1.16s/step]Training:  71%|███████   | 8537/12000 [2:55:54<1:07:08,  1.16s/step]Training:  71%|███████   | 8538/12000 [2:55:55<1:07:09,  1.16s/step]Training:  71%|███████   | 8539/12000 [2:55:56<1:07:07,  1.16s/step]Training:  71%|███████   | 8540/12000 [2:55:57<1:07:05,  1.16s/step]Training:  71%|███████   | 8541/12000 [2:55:59<1:07:06,  1.16s/step]Training:  71%|███████   | 8542/12000 [2:56:00<1:07:31,  1.17s/step]Training:  71%|███████   | 8543/12000 [2:56:01<1:08:07,  1.18s/step]Training:  71%|███████   | 8544/12000 [2:56:02<1:08:44,  1.19s/step]Training:  71%|███████   | 8545/12000 [2:56:03<1:08:25,  1.19s/step]Training:  71%|███████   | 8546/12000 [2:56:05<1:08:05,  1.18s/step]Training:  71%|███████   | 8547/12000 [2:56:06<1:07:42,  1.18s/step]Training:  71%|███████   | 8548/12000 [2:56:07<1:07:26,  1.17s/step]Training:  71%|███████   | 8549/12000 [2:56:08<1:07:15,  1.17s/step]Training:  71%|███████▏  | 8550/12000 [2:56:09<1:07:08,  1.17s/step]Training:  71%|███████▏  | 8551/12000 [2:56:10<1:07:04,  1.17s/step]Training:  71%|███████▏  | 8552/12000 [2:56:12<1:07:11,  1.17s/step]Training:  71%|███████▏  | 8553/12000 [2:56:13<1:07:03,  1.17s/step]Training:  71%|███████▏  | 8554/12000 [2:56:14<1:07:00,  1.17s/step]Training:  71%|███████▏  | 8555/12000 [2:56:15<1:06:55,  1.17s/step]Training:  71%|███████▏  | 8556/12000 [2:56:16<1:06:52,  1.17s/step]Training:  71%|███████▏  | 8557/12000 [2:56:17<1:06:48,  1.16s/step]Training:  71%|███████▏  | 8558/12000 [2:56:19<1:06:46,  1.16s/step]Training:  71%|███████▏  | 8559/12000 [2:56:20<1:06:43,  1.16s/step]Training:  71%|███████▏  | 8560/12000 [2:56:21<1:06:41,  1.16s/step]Training:  71%|███████▏  | 8561/12000 [2:56:22<1:06:40,  1.16s/step]Training:  71%|███████▏  | 8562/12000 [2:56:23<1:06:41,  1.16s/step]Training:  71%|███████▏  | 8563/12000 [2:56:24<1:07:03,  1.17s/step]Training:  71%|███████▏  | 8564/12000 [2:56:26<1:07:40,  1.18s/step]Training:  71%|███████▏  | 8565/12000 [2:56:27<1:07:53,  1.19s/step]Training:  71%|███████▏  | 8566/12000 [2:56:28<1:07:57,  1.19s/step]Training:  71%|███████▏  | 8567/12000 [2:56:29<1:07:31,  1.18s/step]Training:  71%|███████▏  | 8568/12000 [2:56:30<1:07:29,  1.18s/step]Training:  71%|███████▏  | 8569/12000 [2:56:32<1:07:18,  1.18s/step]Training:  71%|███████▏  | 8570/12000 [2:56:33<1:07:02,  1.17s/step]Training:  71%|███████▏  | 8571/12000 [2:56:34<1:07:12,  1.18s/step]Training:  71%|███████▏  | 8572/12000 [2:56:35<1:07:00,  1.17s/step]Training:  71%|███████▏  | 8573/12000 [2:56:36<1:06:55,  1.17s/step]Training:  71%|███████▏  | 8574/12000 [2:56:37<1:06:58,  1.17s/step]Training:  71%|███████▏  | 8575/12000 [2:56:39<1:07:00,  1.17s/step]Training:  71%|███████▏  | 8576/12000 [2:56:40<1:06:58,  1.17s/step]Training:  71%|███████▏  | 8577/12000 [2:56:41<1:06:58,  1.17s/step]Training:  71%|███████▏  | 8578/12000 [2:56:42<1:07:08,  1.18s/step]Training:  71%|███████▏  | 8579/12000 [2:56:43<1:06:54,  1.17s/step]Training:  72%|███████▏  | 8580/12000 [2:56:44<1:06:42,  1.17s/step]Training:  72%|███████▏  | 8581/12000 [2:56:46<1:06:33,  1.17s/step]Training:  72%|███████▏  | 8582/12000 [2:56:47<1:06:30,  1.17s/step]Training:  72%|███████▏  | 8583/12000 [2:56:48<1:06:26,  1.17s/step]Training:  72%|███████▏  | 8584/12000 [2:56:49<1:06:35,  1.17s/step]Training:  72%|███████▏  | 8585/12000 [2:56:50<1:06:49,  1.17s/step]Training:  72%|███████▏  | 8586/12000 [2:56:51<1:07:32,  1.19s/step]Training:  72%|███████▏  | 8587/12000 [2:56:53<1:07:10,  1.18s/step]Training:  72%|███████▏  | 8588/12000 [2:56:54<1:07:00,  1.18s/step]Training:  72%|███████▏  | 8589/12000 [2:56:55<1:06:45,  1.17s/step]Training:  72%|███████▏  | 8590/12000 [2:56:56<1:06:35,  1.17s/step]Training:  72%|███████▏  | 8591/12000 [2:56:57<1:06:25,  1.17s/step]Training:  72%|███████▏  | 8592/12000 [2:56:58<1:06:21,  1.17s/step]Training:  72%|███████▏  | 8593/12000 [2:57:00<1:06:18,  1.17s/step]Training:  72%|███████▏  | 8594/12000 [2:57:01<1:06:24,  1.17s/step]Training:  72%|███████▏  | 8595/12000 [2:57:02<1:06:41,  1.18s/step]Training:  72%|███████▏  | 8596/12000 [2:57:03<1:06:36,  1.17s/step]Training:  72%|███████▏  | 8597/12000 [2:57:04<1:06:24,  1.17s/step]Training:  72%|███████▏  | 8598/12000 [2:57:06<1:06:15,  1.17s/step]Training:  72%|███████▏  | 8599/12000 [2:57:07<1:06:07,  1.17s/step]Training:  72%|███████▏  | 8600/12000 [2:57:08<1:06:04,  1.17s/step]INFO 2026-09-16 06:51:13 ot_train.py:670 step:9K smpl:550K ep:7K epch:20.26 loss:0.049 grdn:0.806 lr:2.2e-05 updt_s:0.964 data_s:0.048 smp/s:63 mem_gb:14.26 losses_after_forward:0.054 losses_after_in_ep_bound:0.034 losses_after_rm_padding:0.034
Training:  72%|███████▏  | 8601/12000 [2:57:09<1:06:02,  1.17s/step]Training:  72%|███████▏  | 8602/12000 [2:57:10<1:05:59,  1.17s/step]Training:  72%|███████▏  | 8603/12000 [2:57:11<1:05:55,  1.16s/step]Training:  72%|███████▏  | 8604/12000 [2:57:12<1:05:54,  1.16s/step]Training:  72%|███████▏  | 8605/12000 [2:57:14<1:05:55,  1.17s/step]Training:  72%|███████▏  | 8606/12000 [2:57:15<1:06:13,  1.17s/step]Training:  72%|███████▏  | 8607/12000 [2:57:16<1:07:16,  1.19s/step]Training:  72%|███████▏  | 8608/12000 [2:57:17<1:07:05,  1.19s/step]Training:  72%|███████▏  | 8609/12000 [2:57:18<1:06:50,  1.18s/step]Training:  72%|███████▏  | 8610/12000 [2:57:20<1:06:54,  1.18s/step]Training:  72%|███████▏  | 8611/12000 [2:57:21<1:06:33,  1.18s/step]Training:  72%|███████▏  | 8612/12000 [2:57:22<1:06:20,  1.17s/step]Training:  72%|███████▏  | 8613/12000 [2:57:23<1:06:18,  1.17s/step]Training:  72%|███████▏  | 8614/12000 [2:57:24<1:06:06,  1.17s/step]Training:  72%|███████▏  | 8615/12000 [2:57:25<1:05:58,  1.17s/step]Training:  72%|███████▏  | 8616/12000 [2:57:27<1:05:52,  1.17s/step]Training:  72%|███████▏  | 8617/12000 [2:57:28<1:05:47,  1.17s/step]Training:  72%|███████▏  | 8618/12000 [2:57:29<1:06:00,  1.17s/step]Training:  72%|███████▏  | 8619/12000 [2:57:30<1:05:53,  1.17s/step]Training:  72%|███████▏  | 8620/12000 [2:57:31<1:05:48,  1.17s/step]Training:  72%|███████▏  | 8621/12000 [2:57:32<1:05:43,  1.17s/step]Training:  72%|███████▏  | 8622/12000 [2:57:34<1:05:40,  1.17s/step]Training:  72%|███████▏  | 8623/12000 [2:57:35<1:05:38,  1.17s/step]Training:  72%|███████▏  | 8624/12000 [2:57:36<1:05:36,  1.17s/step]Training:  72%|███████▏  | 8625/12000 [2:57:37<1:05:35,  1.17s/step]Training:  72%|███████▏  | 8626/12000 [2:57:38<1:05:41,  1.17s/step]Training:  72%|███████▏  | 8627/12000 [2:57:39<1:06:05,  1.18s/step]Training:  72%|███████▏  | 8628/12000 [2:57:41<1:06:32,  1.18s/step]Training:  72%|███████▏  | 8629/12000 [2:57:42<1:06:36,  1.19s/step]Training:  72%|███████▏  | 8630/12000 [2:57:43<1:06:15,  1.18s/step]Training:  72%|███████▏  | 8631/12000 [2:57:44<1:06:01,  1.18s/step]Training:  72%|███████▏  | 8632/12000 [2:57:45<1:05:49,  1.17s/step]Training:  72%|███████▏  | 8633/12000 [2:57:47<1:05:38,  1.17s/step]Training:  72%|███████▏  | 8634/12000 [2:57:48<1:05:32,  1.17s/step]Training:  72%|███████▏  | 8635/12000 [2:57:49<1:05:31,  1.17s/step]Training:  72%|███████▏  | 8636/12000 [2:57:50<1:05:30,  1.17s/step]Training:  72%|███████▏  | 8637/12000 [2:57:51<1:05:24,  1.17s/step]Training:  72%|███████▏  | 8638/12000 [2:57:52<1:05:26,  1.17s/step]Training:  72%|███████▏  | 8639/12000 [2:57:54<1:05:56,  1.18s/step]Training:  72%|███████▏  | 8640/12000 [2:57:55<1:05:56,  1.18s/step]Training:  72%|███████▏  | 8641/12000 [2:57:56<1:05:55,  1.18s/step]Training:  72%|███████▏  | 8642/12000 [2:57:57<1:05:54,  1.18s/step]Training:  72%|███████▏  | 8643/12000 [2:57:58<1:05:40,  1.17s/step]Training:  72%|███████▏  | 8644/12000 [2:57:59<1:05:29,  1.17s/step]Training:  72%|███████▏  | 8645/12000 [2:58:01<1:05:22,  1.17s/step]Training:  72%|███████▏  | 8646/12000 [2:58:02<1:05:20,  1.17s/step]Training:  72%|███████▏  | 8647/12000 [2:58:03<1:05:25,  1.17s/step]Training:  72%|███████▏  | 8648/12000 [2:58:04<1:05:45,  1.18s/step]Training:  72%|███████▏  | 8649/12000 [2:58:05<1:06:04,  1.18s/step]Training:  72%|███████▏  | 8650/12000 [2:58:07<1:05:57,  1.18s/step]Training:  72%|███████▏  | 8651/12000 [2:58:08<1:05:43,  1.18s/step]Training:  72%|███████▏  | 8652/12000 [2:58:09<1:05:32,  1.17s/step]Training:  72%|███████▏  | 8653/12000 [2:58:10<1:05:21,  1.17s/step]Training:  72%|███████▏  | 8654/12000 [2:58:11<1:05:15,  1.17s/step]Training:  72%|███████▏  | 8655/12000 [2:58:12<1:05:11,  1.17s/step]Training:  72%|███████▏  | 8656/12000 [2:58:14<1:05:06,  1.17s/step]Training:  72%|███████▏  | 8657/12000 [2:58:15<1:05:02,  1.17s/step]Training:  72%|███████▏  | 8658/12000 [2:58:16<1:05:10,  1.17s/step]Training:  72%|███████▏  | 8659/12000 [2:58:17<1:05:05,  1.17s/step]Training:  72%|███████▏  | 8660/12000 [2:58:18<1:05:01,  1.17s/step]Training:  72%|███████▏  | 8661/12000 [2:58:19<1:05:00,  1.17s/step]Training:  72%|███████▏  | 8662/12000 [2:58:21<1:04:59,  1.17s/step]Training:  72%|███████▏  | 8663/12000 [2:58:22<1:05:02,  1.17s/step]Training:  72%|███████▏  | 8664/12000 [2:58:23<1:04:58,  1.17s/step]Training:  72%|███████▏  | 8665/12000 [2:58:24<1:04:53,  1.17s/step]Training:  72%|███████▏  | 8666/12000 [2:58:25<1:04:57,  1.17s/step]Training:  72%|███████▏  | 8667/12000 [2:58:26<1:04:53,  1.17s/step]Training:  72%|███████▏  | 8668/12000 [2:58:28<1:04:54,  1.17s/step]Training:  72%|███████▏  | 8669/12000 [2:58:29<1:05:29,  1.18s/step]Training:  72%|███████▏  | 8670/12000 [2:58:30<1:06:03,  1.19s/step]Training:  72%|███████▏  | 8671/12000 [2:58:31<1:06:02,  1.19s/step]Training:  72%|███████▏  | 8672/12000 [2:58:32<1:05:50,  1.19s/step]Training:  72%|███████▏  | 8673/12000 [2:58:34<1:05:40,  1.18s/step]Training:  72%|███████▏  | 8674/12000 [2:58:35<1:05:34,  1.18s/step]Training:  72%|███████▏  | 8675/12000 [2:58:36<1:05:15,  1.18s/step]Training:  72%|███████▏  | 8676/12000 [2:58:37<1:05:05,  1.17s/step]Training:  72%|███████▏  | 8677/12000 [2:58:38<1:05:13,  1.18s/step]Training:  72%|███████▏  | 8678/12000 [2:58:39<1:05:04,  1.18s/step]Training:  72%|███████▏  | 8679/12000 [2:58:41<1:05:14,  1.18s/step]Training:  72%|███████▏  | 8680/12000 [2:58:42<1:05:02,  1.18s/step]Training:  72%|███████▏  | 8681/12000 [2:58:43<1:05:06,  1.18s/step]Training:  72%|███████▏  | 8682/12000 [2:58:44<1:04:56,  1.17s/step]Training:  72%|███████▏  | 8683/12000 [2:58:45<1:04:49,  1.17s/step]Training:  72%|███████▏  | 8684/12000 [2:58:46<1:04:46,  1.17s/step]Training:  72%|███████▏  | 8685/12000 [2:58:48<1:04:44,  1.17s/step]Training:  72%|███████▏  | 8686/12000 [2:58:49<1:04:59,  1.18s/step]Training:  72%|███████▏  | 8687/12000 [2:58:50<1:05:06,  1.18s/step]Training:  72%|███████▏  | 8688/12000 [2:58:51<1:05:09,  1.18s/step]Training:  72%|███████▏  | 8689/12000 [2:58:52<1:05:30,  1.19s/step]Training:  72%|███████▏  | 8690/12000 [2:58:54<1:05:12,  1.18s/step]Training:  72%|███████▏  | 8691/12000 [2:58:55<1:04:57,  1.18s/step]Training:  72%|███████▏  | 8692/12000 [2:58:56<1:04:47,  1.18s/step]Training:  72%|███████▏  | 8693/12000 [2:58:57<1:04:37,  1.17s/step]Training:  72%|███████▏  | 8694/12000 [2:58:58<1:04:33,  1.17s/step]Training:  72%|███████▏  | 8695/12000 [2:58:59<1:04:27,  1.17s/step]Training:  72%|███████▏  | 8696/12000 [2:59:01<1:04:26,  1.17s/step]Training:  72%|███████▏  | 8697/12000 [2:59:02<1:04:23,  1.17s/step]Training:  72%|███████▏  | 8698/12000 [2:59:03<1:04:21,  1.17s/step]Training:  72%|███████▏  | 8699/12000 [2:59:04<1:04:19,  1.17s/step]Training:  72%|███████▎  | 8700/12000 [2:59:05<1:04:16,  1.17s/step]Training:  73%|███████▎  | 8701/12000 [2:59:06<1:04:14,  1.17s/step]Training:  73%|███████▎  | 8702/12000 [2:59:08<1:04:18,  1.17s/step]Training:  73%|███████▎  | 8703/12000 [2:59:09<1:04:23,  1.17s/step]Training:  73%|███████▎  | 8704/12000 [2:59:10<1:04:29,  1.17s/step]Training:  73%|███████▎  | 8705/12000 [2:59:11<1:04:34,  1.18s/step]Training:  73%|███████▎  | 8706/12000 [2:59:12<1:04:35,  1.18s/step]Training:  73%|███████▎  | 8707/12000 [2:59:13<1:04:26,  1.17s/step]Training:  73%|███████▎  | 8708/12000 [2:59:15<1:04:33,  1.18s/step]Training:  73%|███████▎  | 8709/12000 [2:59:16<1:04:51,  1.18s/step]Training:  73%|███████▎  | 8710/12000 [2:59:17<1:05:11,  1.19s/step]Training:  73%|███████▎  | 8711/12000 [2:59:18<1:04:48,  1.18s/step]Training:  73%|███████▎  | 8712/12000 [2:59:19<1:04:33,  1.18s/step]Training:  73%|███████▎  | 8713/12000 [2:59:21<1:04:32,  1.18s/step]Training:  73%|███████▎  | 8714/12000 [2:59:22<1:04:44,  1.18s/step]Training:  73%|███████▎  | 8715/12000 [2:59:23<1:04:30,  1.18s/step]Training:  73%|███████▎  | 8716/12000 [2:59:24<1:04:32,  1.18s/step]Training:  73%|███████▎  | 8717/12000 [2:59:25<1:04:21,  1.18s/step]Training:  73%|███████▎  | 8718/12000 [2:59:26<1:04:15,  1.17s/step]Training:  73%|███████▎  | 8719/12000 [2:59:28<1:04:09,  1.17s/step]Training:  73%|███████▎  | 8720/12000 [2:59:29<1:04:03,  1.17s/step]Training:  73%|███████▎  | 8721/12000 [2:59:30<1:03:57,  1.17s/step]Training:  73%|███████▎  | 8722/12000 [2:59:31<1:04:14,  1.18s/step]Training:  73%|███████▎  | 8723/12000 [2:59:32<1:04:08,  1.17s/step]Training:  73%|███████▎  | 8724/12000 [2:59:33<1:03:59,  1.17s/step]Training:  73%|███████▎  | 8725/12000 [2:59:35<1:03:58,  1.17s/step]Training:  73%|███████▎  | 8726/12000 [2:59:36<1:03:54,  1.17s/step]Training:  73%|███████▎  | 8727/12000 [2:59:37<1:03:59,  1.17s/step]Training:  73%|███████▎  | 8728/12000 [2:59:38<1:04:41,  1.19s/step]Training:  73%|███████▎  | 8729/12000 [2:59:39<1:04:55,  1.19s/step]Training:  73%|███████▎  | 8730/12000 [2:59:41<1:04:36,  1.19s/step]Training:  73%|███████▎  | 8731/12000 [2:59:42<1:04:18,  1.18s/step]Training:  73%|███████▎  | 8732/12000 [2:59:43<1:04:04,  1.18s/step]Training:  73%|███████▎  | 8733/12000 [2:59:44<1:03:53,  1.17s/step]Training:  73%|███████▎  | 8734/12000 [2:59:45<1:03:54,  1.17s/step]Training:  73%|███████▎  | 8735/12000 [2:59:46<1:04:06,  1.18s/step]Training:  73%|███████▎  | 8736/12000 [2:59:48<1:04:42,  1.19s/step]Training:  73%|███████▎  | 8737/12000 [2:59:49<1:04:30,  1.19s/step]Training:  73%|███████▎  | 8738/12000 [2:59:50<1:04:33,  1.19s/step]Training:  73%|███████▎  | 8739/12000 [2:59:51<1:04:13,  1.18s/step]Training:  73%|███████▎  | 8740/12000 [2:59:52<1:04:01,  1.18s/step]Training:  73%|███████▎  | 8741/12000 [2:59:53<1:03:50,  1.18s/step]Training:  73%|███████▎  | 8742/12000 [2:59:55<1:03:43,  1.17s/step]Training:  73%|███████▎  | 8743/12000 [2:59:56<1:03:38,  1.17s/step]Training:  73%|███████▎  | 8744/12000 [2:59:57<1:03:34,  1.17s/step]Training:  73%|███████▎  | 8745/12000 [2:59:58<1:03:31,  1.17s/step]Training:  73%|███████▎  | 8746/12000 [2:59:59<1:03:36,  1.17s/step]Training:  73%|███████▎  | 8747/12000 [3:00:01<1:03:57,  1.18s/step]Training:  73%|███████▎  | 8748/12000 [3:00:02<1:04:29,  1.19s/step]Training:  73%|███████▎  | 8749/12000 [3:00:03<1:04:06,  1.18s/step]Training:  73%|███████▎  | 8750/12000 [3:00:04<1:03:50,  1.18s/step]Training:  73%|███████▎  | 8751/12000 [3:00:05<1:03:50,  1.18s/step]Training:  73%|███████▎  | 8752/12000 [3:00:06<1:03:39,  1.18s/step]Training:  73%|███████▎  | 8753/12000 [3:00:08<1:03:31,  1.17s/step]Training:  73%|███████▎  | 8754/12000 [3:00:09<1:03:25,  1.17s/step]Training:  73%|███████▎  | 8755/12000 [3:00:10<1:03:21,  1.17s/step]Training:  73%|███████▎  | 8756/12000 [3:00:11<1:03:24,  1.17s/step]Training:  73%|███████▎  | 8757/12000 [3:00:12<1:03:30,  1.18s/step]Training:  73%|███████▎  | 8758/12000 [3:00:13<1:03:23,  1.17s/step]Training:  73%|███████▎  | 8759/12000 [3:00:15<1:03:17,  1.17s/step]Training:  73%|███████▎  | 8760/12000 [3:00:16<1:03:20,  1.17s/step]Training:  73%|███████▎  | 8761/12000 [3:00:17<1:03:14,  1.17s/step]Training:  73%|███████▎  | 8762/12000 [3:00:18<1:03:30,  1.18s/step]Training:  73%|███████▎  | 8763/12000 [3:00:19<1:03:22,  1.17s/step]Training:  73%|███████▎  | 8764/12000 [3:00:21<1:03:20,  1.17s/step]Training:  73%|███████▎  | 8765/12000 [3:00:22<1:04:02,  1.19s/step]Training:  73%|███████▎  | 8766/12000 [3:00:23<1:04:30,  1.20s/step]Training:  73%|███████▎  | 8767/12000 [3:00:24<1:04:35,  1.20s/step]Training:  73%|███████▎  | 8768/12000 [3:00:25<1:04:20,  1.19s/step]Training:  73%|███████▎  | 8769/12000 [3:00:27<1:04:06,  1.19s/step]Training:  73%|███████▎  | 8770/12000 [3:00:28<1:04:05,  1.19s/step]Training:  73%|███████▎  | 8771/12000 [3:00:29<1:03:44,  1.18s/step]Training:  73%|███████▎  | 8772/12000 [3:00:30<1:03:30,  1.18s/step]Training:  73%|███████▎  | 8773/12000 [3:00:31<1:03:21,  1.18s/step]Training:  73%|███████▎  | 8774/12000 [3:00:32<1:03:15,  1.18s/step]Training:  73%|███████▎  | 8775/12000 [3:00:34<1:03:08,  1.17s/step]Training:  73%|███████▎  | 8776/12000 [3:00:35<1:03:02,  1.17s/step]Training:  73%|███████▎  | 8777/12000 [3:00:36<1:03:00,  1.17s/step]Training:  73%|███████▎  | 8778/12000 [3:00:37<1:02:57,  1.17s/step]Training:  73%|███████▎  | 8779/12000 [3:00:38<1:02:56,  1.17s/step]Training:  73%|███████▎  | 8780/12000 [3:00:39<1:02:55,  1.17s/step]Training:  73%|███████▎  | 8781/12000 [3:00:41<1:02:51,  1.17s/step]Training:  73%|███████▎  | 8782/12000 [3:00:42<1:02:54,  1.17s/step]Training:  73%|███████▎  | 8783/12000 [3:00:43<1:02:57,  1.17s/step]Training:  73%|███████▎  | 8784/12000 [3:00:44<1:03:23,  1.18s/step]Training:  73%|███████▎  | 8785/12000 [3:00:45<1:03:43,  1.19s/step]Training:  73%|███████▎  | 8786/12000 [3:00:47<1:03:30,  1.19s/step]Training:  73%|███████▎  | 8787/12000 [3:00:48<1:03:16,  1.18s/step]Training:  73%|███████▎  | 8788/12000 [3:00:49<1:03:06,  1.18s/step]Training:  73%|███████▎  | 8789/12000 [3:00:50<1:03:00,  1.18s/step]Training:  73%|███████▎  | 8790/12000 [3:00:51<1:02:57,  1.18s/step]Training:  73%|███████▎  | 8791/12000 [3:00:52<1:02:52,  1.18s/step]Training:  73%|███████▎  | 8792/12000 [3:00:54<1:02:47,  1.17s/step]Training:  73%|███████▎  | 8793/12000 [3:00:55<1:02:55,  1.18s/step]Training:  73%|███████▎  | 8794/12000 [3:00:56<1:02:59,  1.18s/step]Training:  73%|███████▎  | 8795/12000 [3:00:57<1:02:59,  1.18s/step]Training:  73%|███████▎  | 8796/12000 [3:00:58<1:02:58,  1.18s/step]Training:  73%|███████▎  | 8797/12000 [3:00:59<1:02:48,  1.18s/step]Training:  73%|███████▎  | 8798/12000 [3:01:01<1:02:47,  1.18s/step]Training:  73%|███████▎  | 8799/12000 [3:01:02<1:02:54,  1.18s/step]Training:  73%|███████▎  | 8800/12000 [3:01:03<1:02:58,  1.18s/step]INFO 2026-09-16 06:55:08 ot_train.py:670 step:9K smpl:563K ep:7K epch:20.73 loss:0.048 grdn:0.816 lr:2.0e-05 updt_s:0.974 data_s:0.038 smp/s:63 mem_gb:14.29 losses_after_forward:0.054 losses_after_in_ep_bound:0.034 losses_after_rm_padding:0.034
Training:  73%|███████▎  | 8801/12000 [3:01:04<1:03:02,  1.18s/step]Training:  73%|███████▎  | 8802/12000 [3:01:05<1:03:40,  1.19s/step]Training:  73%|███████▎  | 8803/12000 [3:01:07<1:04:06,  1.20s/step]Training:  73%|███████▎  | 8804/12000 [3:01:08<1:03:37,  1.19s/step]Training:  73%|███████▎  | 8805/12000 [3:01:09<1:03:28,  1.19s/step]Training:  73%|███████▎  | 8806/12000 [3:01:10<1:03:10,  1.19s/step]Training:  73%|███████▎  | 8807/12000 [3:01:11<1:02:57,  1.18s/step]Training:  73%|███████▎  | 8808/12000 [3:01:13<1:02:44,  1.18s/step]Training:  73%|███████▎  | 8809/12000 [3:01:14<1:02:40,  1.18s/step]Training:  73%|███████▎  | 8810/12000 [3:01:15<1:02:33,  1.18s/step]Training:  73%|███████▎  | 8811/12000 [3:01:16<1:02:34,  1.18s/step]Training:  73%|███████▎  | 8812/12000 [3:01:17<1:02:43,  1.18s/step]Training:  73%|███████▎  | 8813/12000 [3:01:18<1:02:37,  1.18s/step]Training:  73%|███████▎  | 8814/12000 [3:01:20<1:02:29,  1.18s/step]Training:  73%|███████▎  | 8815/12000 [3:01:21<1:02:23,  1.18s/step]Training:  73%|███████▎  | 8816/12000 [3:01:22<1:02:21,  1.18s/step]Training:  73%|███████▎  | 8817/12000 [3:01:23<1:02:16,  1.17s/step]Training:  73%|███████▎  | 8818/12000 [3:01:24<1:02:14,  1.17s/step]Training:  73%|███████▎  | 8819/12000 [3:01:25<1:02:29,  1.18s/step]Training:  74%|███████▎  | 8820/12000 [3:01:27<1:02:55,  1.19s/step]Training:  74%|███████▎  | 8821/12000 [3:01:28<1:03:12,  1.19s/step]Training:  74%|███████▎  | 8822/12000 [3:01:29<1:02:56,  1.19s/step]Training:  74%|███████▎  | 8823/12000 [3:01:30<1:02:39,  1.18s/step]Training:  74%|███████▎  | 8824/12000 [3:01:31<1:02:26,  1.18s/step]Training:  74%|███████▎  | 8825/12000 [3:01:33<1:02:17,  1.18s/step]Training:  74%|███████▎  | 8826/12000 [3:01:34<1:02:12,  1.18s/step]Training:  74%|███████▎  | 8827/12000 [3:01:35<1:02:06,  1.17s/step]Training:  74%|███████▎  | 8828/12000 [3:01:36<1:02:04,  1.17s/step]Training:  74%|███████▎  | 8829/12000 [3:01:37<1:02:17,  1.18s/step]Training:  74%|███████▎  | 8830/12000 [3:01:38<1:02:22,  1.18s/step]Training:  74%|███████▎  | 8831/12000 [3:01:40<1:02:23,  1.18s/step]Training:  74%|███████▎  | 8832/12000 [3:01:41<1:02:22,  1.18s/step]Training:  74%|███████▎  | 8833/12000 [3:01:42<1:02:25,  1.18s/step]Training:  74%|███████▎  | 8834/12000 [3:01:43<1:02:25,  1.18s/step]Training:  74%|███████▎  | 8835/12000 [3:01:44<1:02:26,  1.18s/step]Training:  74%|███████▎  | 8836/12000 [3:01:46<1:02:24,  1.18s/step]Training:  74%|███████▎  | 8837/12000 [3:01:47<1:03:12,  1.20s/step]Training:  74%|███████▎  | 8838/12000 [3:01:48<1:03:31,  1.21s/step]Training:  74%|███████▎  | 8839/12000 [3:01:49<1:03:03,  1.20s/step]Training:  74%|███████▎  | 8840/12000 [3:01:50<1:02:38,  1.19s/step]Training:  74%|███████▎  | 8841/12000 [3:01:52<1:02:20,  1.18s/step]Training:  74%|███████▎  | 8842/12000 [3:01:53<1:02:05,  1.18s/step]Training:  74%|███████▎  | 8843/12000 [3:01:54<1:02:12,  1.18s/step]Training:  74%|███████▎  | 8844/12000 [3:01:55<1:02:05,  1.18s/step]Training:  74%|███████▎  | 8845/12000 [3:01:56<1:01:55,  1.18s/step]Training:  74%|███████▎  | 8846/12000 [3:01:57<1:01:51,  1.18s/step]Training:  74%|███████▎  | 8847/12000 [3:01:59<1:01:45,  1.18s/step]Training:  74%|███████▎  | 8848/12000 [3:02:00<1:01:41,  1.17s/step]Training:  74%|███████▎  | 8849/12000 [3:02:01<1:01:38,  1.17s/step]Training:  74%|███████▍  | 8850/12000 [3:02:02<1:01:49,  1.18s/step]Training:  74%|███████▍  | 8851/12000 [3:02:03<1:02:00,  1.18s/step]Training:  74%|███████▍  | 8852/12000 [3:02:04<1:01:48,  1.18s/step]Training:  74%|███████▍  | 8853/12000 [3:02:06<1:01:40,  1.18s/step]Training:  74%|███████▍  | 8854/12000 [3:02:07<1:01:34,  1.17s/step]Training:  74%|███████▍  | 8855/12000 [3:02:08<1:01:48,  1.18s/step]Training:  74%|███████▍  | 8856/12000 [3:02:09<1:02:25,  1.19s/step]Training:  74%|███████▍  | 8857/12000 [3:02:10<1:02:38,  1.20s/step]Training:  74%|███████▍  | 8858/12000 [3:02:12<1:02:13,  1.19s/step]Training:  74%|███████▍  | 8859/12000 [3:02:13<1:01:56,  1.18s/step]Training:  74%|███████▍  | 8860/12000 [3:02:14<1:01:44,  1.18s/step]Training:  74%|███████▍  | 8861/12000 [3:02:15<1:01:32,  1.18s/step]Training:  74%|███████▍  | 8862/12000 [3:02:16<1:01:24,  1.17s/step]Training:  74%|███████▍  | 8863/12000 [3:02:17<1:01:16,  1.17s/step]Training:  74%|███████▍  | 8864/12000 [3:02:19<1:01:15,  1.17s/step]Training:  74%|███████▍  | 8865/12000 [3:02:20<1:01:09,  1.17s/step]Training:  74%|███████▍  | 8866/12000 [3:02:21<1:01:10,  1.17s/step]Training:  74%|███████▍  | 8867/12000 [3:02:22<1:01:12,  1.17s/step]Training:  74%|███████▍  | 8868/12000 [3:02:23<1:01:17,  1.17s/step]Training:  74%|███████▍  | 8869/12000 [3:02:25<1:01:22,  1.18s/step]Training:  74%|███████▍  | 8870/12000 [3:02:26<1:01:23,  1.18s/step]Training:  74%|███████▍  | 8871/12000 [3:02:27<1:01:16,  1.17s/step]Training:  74%|███████▍  | 8872/12000 [3:02:28<1:01:11,  1.17s/step]Training:  74%|███████▍  | 8873/12000 [3:02:29<1:01:04,  1.17s/step]Training:  74%|███████▍  | 8874/12000 [3:02:30<1:01:04,  1.17s/step]Training:  74%|███████▍  | 8875/12000 [3:02:32<1:01:54,  1.19s/step]Training:  74%|███████▍  | 8876/12000 [3:02:33<1:02:22,  1.20s/step]Training:  74%|███████▍  | 8877/12000 [3:02:34<1:01:52,  1.19s/step]Training:  74%|███████▍  | 8878/12000 [3:02:35<1:01:35,  1.18s/step]Training:  74%|███████▍  | 8879/12000 [3:02:36<1:01:17,  1.18s/step]Training:  74%|███████▍  | 8880/12000 [3:02:38<1:01:08,  1.18s/step]Training:  74%|███████▍  | 8881/12000 [3:02:39<1:00:58,  1.17s/step]Training:  74%|███████▍  | 8882/12000 [3:02:40<1:00:53,  1.17s/step]Training:  74%|███████▍  | 8883/12000 [3:02:41<1:00:48,  1.17s/step]Training:  74%|███████▍  | 8884/12000 [3:02:42<1:00:59,  1.17s/step]Training:  74%|███████▍  | 8885/12000 [3:02:43<1:00:54,  1.17s/step]Training:  74%|███████▍  | 8886/12000 [3:02:45<1:00:47,  1.17s/step]Training:  74%|███████▍  | 8887/12000 [3:02:46<1:00:45,  1.17s/step]Training:  74%|███████▍  | 8888/12000 [3:02:47<1:00:41,  1.17s/step]Training:  74%|███████▍  | 8889/12000 [3:02:48<1:00:39,  1.17s/step]Training:  74%|███████▍  | 8890/12000 [3:02:49<1:00:37,  1.17s/step]Training:  74%|███████▍  | 8891/12000 [3:02:50<1:00:36,  1.17s/step]Training:  74%|███████▍  | 8892/12000 [3:02:52<1:00:34,  1.17s/step]Training:  74%|███████▍  | 8893/12000 [3:02:53<1:00:32,  1.17s/step]Training:  74%|███████▍  | 8894/12000 [3:02:54<1:00:39,  1.17s/step]Training:  74%|███████▍  | 8895/12000 [3:02:55<1:00:54,  1.18s/step]Training:  74%|███████▍  | 8896/12000 [3:02:56<1:01:31,  1.19s/step]Training:  74%|███████▍  | 8897/12000 [3:02:57<1:01:09,  1.18s/step]Training:  74%|███████▍  | 8898/12000 [3:02:59<1:00:57,  1.18s/step]Training:  74%|███████▍  | 8899/12000 [3:03:00<1:00:56,  1.18s/step]Training:  74%|███████▍  | 8900/12000 [3:03:01<1:00:55,  1.18s/step]Training:  74%|███████▍  | 8901/12000 [3:03:02<1:00:58,  1.18s/step]Training:  74%|███████▍  | 8902/12000 [3:03:03<1:01:13,  1.19s/step]Training:  74%|███████▍  | 8903/12000 [3:03:05<1:01:11,  1.19s/step]Training:  74%|███████▍  | 8904/12000 [3:03:06<1:00:56,  1.18s/step]Training:  74%|███████▍  | 8905/12000 [3:03:07<1:00:44,  1.18s/step]Training:  74%|███████▍  | 8906/12000 [3:03:08<1:00:36,  1.18s/step]Training:  74%|███████▍  | 8907/12000 [3:03:09<1:00:28,  1.17s/step]Training:  74%|███████▍  | 8908/12000 [3:03:10<1:00:23,  1.17s/step]Training:  74%|███████▍  | 8909/12000 [3:03:12<1:00:19,  1.17s/step]Training:  74%|███████▍  | 8910/12000 [3:03:13<1:00:16,  1.17s/step]Training:  74%|███████▍  | 8911/12000 [3:03:14<1:00:14,  1.17s/step]Training:  74%|███████▍  | 8912/12000 [3:03:15<1:00:12,  1.17s/step]Training:  74%|███████▍  | 8913/12000 [3:03:16<1:00:28,  1.18s/step]Training:  74%|███████▍  | 8914/12000 [3:03:17<1:00:56,  1.18s/step]Training:  74%|███████▍  | 8915/12000 [3:03:19<1:01:24,  1.19s/step]Training:  74%|███████▍  | 8916/12000 [3:03:20<1:01:00,  1.19s/step]Training:  74%|███████▍  | 8917/12000 [3:03:21<1:00:43,  1.18s/step]Training:  74%|███████▍  | 8918/12000 [3:03:22<1:00:30,  1.18s/step]Training:  74%|███████▍  | 8919/12000 [3:03:23<1:00:21,  1.18s/step]Training:  74%|███████▍  | 8920/12000 [3:03:25<1:00:17,  1.17s/step]Training:  74%|███████▍  | 8921/12000 [3:03:26<1:00:11,  1.17s/step]Training:  74%|███████▍  | 8922/12000 [3:03:27<1:00:07,  1.17s/step]Training:  74%|███████▍  | 8923/12000 [3:03:28<1:00:03,  1.17s/step]Training:  74%|███████▍  | 8924/12000 [3:03:29<1:00:02,  1.17s/step]Training:  74%|███████▍  | 8925/12000 [3:03:30<52:44,  1.03s/step]  Training:  74%|███████▍  | 8926/12000 [3:03:33<1:24:30,  1.65s/step]Training:  74%|███████▍  | 8927/12000 [3:03:34<1:18:12,  1.53s/step]Training:  74%|███████▍  | 8928/12000 [3:03:36<1:14:11,  1.45s/step]Training:  74%|███████▍  | 8929/12000 [3:03:37<1:10:57,  1.39s/step]Training:  74%|███████▍  | 8930/12000 [3:03:38<1:07:43,  1.32s/step]Training:  74%|███████▍  | 8931/12000 [3:03:39<1:05:36,  1.28s/step]Training:  74%|███████▍  | 8932/12000 [3:03:40<1:04:19,  1.26s/step]Training:  74%|███████▍  | 8933/12000 [3:03:42<1:03:19,  1.24s/step]Training:  74%|███████▍  | 8934/12000 [3:03:43<1:02:09,  1.22s/step]Training:  74%|███████▍  | 8935/12000 [3:03:44<1:01:23,  1.20s/step]Training:  74%|███████▍  | 8936/12000 [3:03:45<1:00:50,  1.19s/step]Training:  74%|███████▍  | 8937/12000 [3:03:46<1:00:26,  1.18s/step]Training:  74%|███████▍  | 8938/12000 [3:03:47<1:00:10,  1.18s/step]Training:  74%|███████▍  | 8939/12000 [3:03:49<59:58,  1.18s/step]  Training:  74%|███████▍  | 8940/12000 [3:03:50<1:00:02,  1.18s/step]Training:  75%|███████▍  | 8941/12000 [3:03:51<59:51,  1.17s/step]  Training:  75%|███████▍  | 8942/12000 [3:03:52<59:43,  1.17s/step]Training:  75%|███████▍  | 8943/12000 [3:03:53<59:47,  1.17s/step]Training:  75%|███████▍  | 8944/12000 [3:03:54<1:00:18,  1.18s/step]Training:  75%|███████▍  | 8945/12000 [3:03:56<1:00:44,  1.19s/step]Training:  75%|███████▍  | 8946/12000 [3:03:57<1:00:17,  1.18s/step]Training:  75%|███████▍  | 8947/12000 [3:03:58<1:00:12,  1.18s/step]Training:  75%|███████▍  | 8948/12000 [3:03:59<59:57,  1.18s/step]  Training:  75%|███████▍  | 8949/12000 [3:04:00<59:47,  1.18s/step]Training:  75%|███████▍  | 8950/12000 [3:04:01<59:40,  1.17s/step]Training:  75%|███████▍  | 8951/12000 [3:04:03<59:32,  1.17s/step]Training:  75%|███████▍  | 8952/12000 [3:04:04<59:24,  1.17s/step]Training:  75%|███████▍  | 8953/12000 [3:04:05<59:31,  1.17s/step]Training:  75%|███████▍  | 8954/12000 [3:04:06<59:26,  1.17s/step]Training:  75%|███████▍  | 8955/12000 [3:04:07<59:45,  1.18s/step]Training:  75%|███████▍  | 8956/12000 [3:04:09<59:42,  1.18s/step]Training:  75%|███████▍  | 8957/12000 [3:04:10<59:33,  1.17s/step]Training:  75%|███████▍  | 8958/12000 [3:04:11<59:40,  1.18s/step]Training:  75%|███████▍  | 8959/12000 [3:04:12<59:32,  1.17s/step]Training:  75%|███████▍  | 8960/12000 [3:04:13<59:26,  1.17s/step]Training:  75%|███████▍  | 8961/12000 [3:04:14<59:30,  1.17s/step]Training:  75%|███████▍  | 8962/12000 [3:04:16<59:36,  1.18s/step]Training:  75%|███████▍  | 8963/12000 [3:04:17<1:00:09,  1.19s/step]Training:  75%|███████▍  | 8964/12000 [3:04:18<1:00:48,  1.20s/step]Training:  75%|███████▍  | 8965/12000 [3:04:19<1:00:27,  1.20s/step]Training:  75%|███████▍  | 8966/12000 [3:04:20<1:00:02,  1.19s/step]Training:  75%|███████▍  | 8967/12000 [3:04:22<59:46,  1.18s/step]  Training:  75%|███████▍  | 8968/12000 [3:04:23<59:36,  1.18s/step]Training:  75%|███████▍  | 8969/12000 [3:04:24<59:25,  1.18s/step]Training:  75%|███████▍  | 8970/12000 [3:04:25<59:19,  1.17s/step]Training:  75%|███████▍  | 8971/12000 [3:04:26<59:42,  1.18s/step]Training:  75%|███████▍  | 8972/12000 [3:04:27<59:46,  1.18s/step]Training:  75%|███████▍  | 8973/12000 [3:04:29<59:32,  1.18s/step]Training:  75%|███████▍  | 8974/12000 [3:04:30<59:23,  1.18s/step]Training:  75%|███████▍  | 8975/12000 [3:04:31<59:16,  1.18s/step]Training:  75%|███████▍  | 8976/12000 [3:04:32<59:13,  1.18s/step]Training:  75%|███████▍  | 8977/12000 [3:04:33<59:08,  1.17s/step]Training:  75%|███████▍  | 8978/12000 [3:04:35<59:16,  1.18s/step]Training:  75%|███████▍  | 8979/12000 [3:04:36<59:10,  1.18s/step]Training:  75%|███████▍  | 8980/12000 [3:04:37<59:11,  1.18s/step]Training:  75%|███████▍  | 8981/12000 [3:04:38<59:56,  1.19s/step]Training:  75%|███████▍  | 8982/12000 [3:04:39<1:00:14,  1.20s/step]Training:  75%|███████▍  | 8983/12000 [3:04:40<59:49,  1.19s/step]  Training:  75%|███████▍  | 8984/12000 [3:04:42<59:31,  1.18s/step]Training:  75%|███████▍  | 8985/12000 [3:04:43<59:20,  1.18s/step]Training:  75%|███████▍  | 8986/12000 [3:04:44<59:18,  1.18s/step]Training:  75%|███████▍  | 8987/12000 [3:04:45<59:11,  1.18s/step]Training:  75%|███████▍  | 8988/12000 [3:04:46<59:21,  1.18s/step]Training:  75%|███████▍  | 8989/12000 [3:04:48<59:13,  1.18s/step]Training:  75%|███████▍  | 8990/12000 [3:04:49<59:05,  1.18s/step]Training:  75%|███████▍  | 8991/12000 [3:04:50<59:03,  1.18s/step]Training:  75%|███████▍  | 8992/12000 [3:04:51<58:58,  1.18s/step]Training:  75%|███████▍  | 8993/12000 [3:04:52<59:04,  1.18s/step]Training:  75%|███████▍  | 8994/12000 [3:04:53<59:07,  1.18s/step]Training:  75%|███████▍  | 8995/12000 [3:04:55<59:09,  1.18s/step]Training:  75%|███████▍  | 8996/12000 [3:04:56<59:14,  1.18s/step]Training:  75%|███████▍  | 8997/12000 [3:04:57<59:20,  1.19s/step]Training:  75%|███████▍  | 8998/12000 [3:04:58<59:50,  1.20s/step]Training:  75%|███████▍  | 8999/12000 [3:04:59<1:00:08,  1.20s/step]Training:  75%|███████▌  | 9000/12000 [3:05:01<59:43,  1.19s/step]  INFO 2026-09-16 06:59:05 ot_train.py:670 step:9K smpl:576K ep:7K epch:21.20 loss:0.046 grdn:0.802 lr:1.8e-05 updt_s:0.975 data_s:0.047 smp/s:63 mem_gb:14.26 losses_after_forward:0.050 losses_after_in_ep_bound:0.033 losses_after_rm_padding:0.033
Training:  75%|███████▌  | 9001/12000 [3:05:02<59:25,  1.19s/step]Training:  75%|███████▌  | 9002/12000 [3:05:03<59:12,  1.18s/step]Training:  75%|███████▌  | 9003/12000 [3:05:04<59:06,  1.18s/step]Training:  75%|███████▌  | 9004/12000 [3:05:05<58:57,  1.18s/step]Training:  75%|███████▌  | 9005/12000 [3:05:06<58:55,  1.18s/step]Training:  75%|███████▌  | 9006/12000 [3:05:08<58:55,  1.18s/step]Training:  75%|███████▌  | 9007/12000 [3:05:09<58:51,  1.18s/step]Training:  75%|███████▌  | 9008/12000 [3:05:10<58:46,  1.18s/step]Training:  75%|███████▌  | 9009/12000 [3:05:11<58:43,  1.18s/step]Training:  75%|███████▌  | 9010/12000 [3:05:12<58:40,  1.18s/step]Training:  75%|███████▌  | 9011/12000 [3:05:14<58:38,  1.18s/step]Training:  75%|███████▌  | 9012/12000 [3:05:15<58:48,  1.18s/step]Training:  75%|███████▌  | 9013/12000 [3:05:16<59:02,  1.19s/step]Training:  75%|███████▌  | 9014/12000 [3:05:17<58:57,  1.18s/step]Training:  75%|███████▌  | 9015/12000 [3:05:18<59:32,  1.20s/step]Training:  75%|███████▌  | 9016/12000 [3:05:20<59:39,  1.20s/step]Training:  75%|███████▌  | 9017/12000 [3:05:21<59:33,  1.20s/step]Training:  75%|███████▌  | 9018/12000 [3:05:22<59:12,  1.19s/step]Training:  75%|███████▌  | 9019/12000 [3:05:23<58:58,  1.19s/step]Training:  75%|███████▌  | 9020/12000 [3:05:24<58:45,  1.18s/step]Training:  75%|███████▌  | 9021/12000 [3:05:25<58:37,  1.18s/step]Training:  75%|███████▌  | 9022/12000 [3:05:27<58:35,  1.18s/step]Training:  75%|███████▌  | 9023/12000 [3:05:28<58:47,  1.18s/step]Training:  75%|███████▌  | 9024/12000 [3:05:29<58:36,  1.18s/step]Training:  75%|███████▌  | 9025/12000 [3:05:30<58:37,  1.18s/step]Training:  75%|███████▌  | 9026/12000 [3:05:31<58:37,  1.18s/step]Training:  75%|███████▌  | 9027/12000 [3:05:33<58:50,  1.19s/step]Training:  75%|███████▌  | 9028/12000 [3:05:34<58:45,  1.19s/step]Training:  75%|███████▌  | 9029/12000 [3:05:35<58:37,  1.18s/step]Training:  75%|███████▌  | 9030/12000 [3:05:36<58:27,  1.18s/step]Training:  75%|███████▌  | 9031/12000 [3:05:37<58:23,  1.18s/step]Training:  75%|███████▌  | 9032/12000 [3:05:38<58:32,  1.18s/step]Training:  75%|███████▌  | 9033/12000 [3:05:40<58:37,  1.19s/step]Training:  75%|███████▌  | 9034/12000 [3:05:41<59:05,  1.20s/step]Training:  75%|███████▌  | 9035/12000 [3:05:42<58:45,  1.19s/step]Training:  75%|███████▌  | 9036/12000 [3:05:43<58:28,  1.18s/step]Training:  75%|███████▌  | 9037/12000 [3:05:44<58:16,  1.18s/step]Training:  75%|███████▌  | 9038/12000 [3:05:46<58:06,  1.18s/step]Training:  75%|███████▌  | 9039/12000 [3:05:47<58:00,  1.18s/step]Training:  75%|███████▌  | 9040/12000 [3:05:48<57:51,  1.17s/step]Training:  75%|███████▌  | 9041/12000 [3:05:49<57:54,  1.17s/step]Training:  75%|███████▌  | 9042/12000 [3:05:50<57:47,  1.17s/step]Training:  75%|███████▌  | 9043/12000 [3:05:51<57:40,  1.17s/step]Training:  75%|███████▌  | 9044/12000 [3:05:53<57:36,  1.17s/step]Training:  75%|███████▌  | 9045/12000 [3:05:54<57:34,  1.17s/step]Training:  75%|███████▌  | 9046/12000 [3:05:55<57:30,  1.17s/step]Training:  75%|███████▌  | 9047/12000 [3:05:56<57:27,  1.17s/step]Training:  75%|███████▌  | 9048/12000 [3:05:57<57:26,  1.17s/step]Training:  75%|███████▌  | 9049/12000 [3:05:58<57:23,  1.17s/step]Training:  75%|███████▌  | 9050/12000 [3:06:00<57:21,  1.17s/step]Training:  75%|███████▌  | 9051/12000 [3:06:01<57:22,  1.17s/step]Training:  75%|███████▌  | 9052/12000 [3:06:02<57:24,  1.17s/step]Training:  75%|███████▌  | 9053/12000 [3:06:03<57:54,  1.18s/step]Training:  75%|███████▌  | 9054/12000 [3:06:04<58:13,  1.19s/step]Training:  75%|███████▌  | 9055/12000 [3:06:05<58:04,  1.18s/step]Training:  75%|███████▌  | 9056/12000 [3:06:07<57:47,  1.18s/step]Training:  75%|███████▌  | 9057/12000 [3:06:08<57:40,  1.18s/step]Training:  75%|███████▌  | 9058/12000 [3:06:09<57:39,  1.18s/step]Training:  75%|███████▌  | 9059/12000 [3:06:10<57:37,  1.18s/step]Training:  76%|███████▌  | 9060/12000 [3:06:11<57:37,  1.18s/step]Training:  76%|███████▌  | 9061/12000 [3:06:13<57:35,  1.18s/step]Training:  76%|███████▌  | 9062/12000 [3:06:14<57:22,  1.17s/step]Training:  76%|███████▌  | 9063/12000 [3:06:15<57:17,  1.17s/step]Training:  76%|███████▌  | 9064/12000 [3:06:16<57:14,  1.17s/step]Training:  76%|███████▌  | 9065/12000 [3:06:17<57:09,  1.17s/step]Training:  76%|███████▌  | 9066/12000 [3:06:18<57:05,  1.17s/step]Training:  76%|███████▌  | 9067/12000 [3:06:20<57:03,  1.17s/step]Training:  76%|███████▌  | 9068/12000 [3:06:21<57:14,  1.17s/step]Training:  76%|███████▌  | 9069/12000 [3:06:22<57:21,  1.17s/step]Training:  76%|███████▌  | 9070/12000 [3:06:23<57:30,  1.18s/step]Training:  76%|███████▌  | 9071/12000 [3:06:24<57:16,  1.17s/step]Training:  76%|███████▌  | 9072/12000 [3:06:25<57:08,  1.17s/step]Training:  76%|███████▌  | 9073/12000 [3:06:27<57:41,  1.18s/step]Training:  76%|███████▌  | 9074/12000 [3:06:28<57:39,  1.18s/step]Training:  76%|███████▌  | 9075/12000 [3:06:29<57:51,  1.19s/step]Training:  76%|███████▌  | 9076/12000 [3:06:30<57:27,  1.18s/step]Training:  76%|███████▌  | 9077/12000 [3:06:31<57:13,  1.17s/step]Training:  76%|███████▌  | 9078/12000 [3:06:32<57:00,  1.17s/step]Training:  76%|███████▌  | 9079/12000 [3:06:34<56:58,  1.17s/step]Training:  76%|███████▌  | 9080/12000 [3:06:35<56:50,  1.17s/step]Training:  76%|███████▌  | 9081/12000 [3:06:36<56:46,  1.17s/step]Training:  76%|███████▌  | 9082/12000 [3:06:37<56:41,  1.17s/step]Training:  76%|███████▌  | 9083/12000 [3:06:38<56:53,  1.17s/step]Training:  76%|███████▌  | 9084/12000 [3:06:39<56:52,  1.17s/step]Training:  76%|███████▌  | 9085/12000 [3:06:41<56:45,  1.17s/step]Training:  76%|███████▌  | 9086/12000 [3:06:42<56:40,  1.17s/step]Training:  76%|███████▌  | 9087/12000 [3:06:43<56:35,  1.17s/step]Training:  76%|███████▌  | 9088/12000 [3:06:44<56:33,  1.17s/step]Training:  76%|███████▌  | 9089/12000 [3:06:45<56:36,  1.17s/step]Training:  76%|███████▌  | 9090/12000 [3:06:46<56:51,  1.17s/step]Training:  76%|███████▌  | 9091/12000 [3:06:48<57:03,  1.18s/step]Training:  76%|███████▌  | 9092/12000 [3:06:49<57:17,  1.18s/step]Training:  76%|███████▌  | 9093/12000 [3:06:50<57:17,  1.18s/step]Training:  76%|███████▌  | 9094/12000 [3:06:51<57:22,  1.18s/step]Training:  76%|███████▌  | 9095/12000 [3:06:52<57:30,  1.19s/step]Training:  76%|███████▌  | 9096/12000 [3:06:54<57:30,  1.19s/step]Training:  76%|███████▌  | 9097/12000 [3:06:55<57:05,  1.18s/step]Training:  76%|███████▌  | 9098/12000 [3:06:56<56:48,  1.17s/step]Training:  76%|███████▌  | 9099/12000 [3:06:57<56:38,  1.17s/step]Training:  76%|███████▌  | 9100/12000 [3:06:58<56:30,  1.17s/step]Training:  76%|███████▌  | 9101/12000 [3:06:59<56:35,  1.17s/step]Training:  76%|███████▌  | 9102/12000 [3:07:01<56:29,  1.17s/step]Training:  76%|███████▌  | 9103/12000 [3:07:02<56:21,  1.17s/step]Training:  76%|███████▌  | 9104/12000 [3:07:03<56:21,  1.17s/step]Training:  76%|███████▌  | 9105/12000 [3:07:04<56:15,  1.17s/step]Training:  76%|███████▌  | 9106/12000 [3:07:05<56:23,  1.17s/step]Training:  76%|███████▌  | 9107/12000 [3:07:06<56:18,  1.17s/step]Training:  76%|███████▌  | 9108/12000 [3:07:08<56:12,  1.17s/step]Training:  76%|███████▌  | 9109/12000 [3:07:09<56:14,  1.17s/step]Training:  76%|███████▌  | 9110/12000 [3:07:10<56:10,  1.17s/step]Training:  76%|███████▌  | 9111/12000 [3:07:11<56:05,  1.17s/step]Training:  76%|███████▌  | 9112/12000 [3:07:12<56:17,  1.17s/step]Training:  76%|███████▌  | 9113/12000 [3:07:13<56:11,  1.17s/step]Training:  76%|███████▌  | 9114/12000 [3:07:15<56:10,  1.17s/step]Training:  76%|███████▌  | 9115/12000 [3:07:16<56:16,  1.17s/step]Training:  76%|███████▌  | 9116/12000 [3:07:17<56:32,  1.18s/step]Training:  76%|███████▌  | 9117/12000 [3:07:18<56:52,  1.18s/step]Training:  76%|███████▌  | 9118/12000 [3:07:19<56:46,  1.18s/step]Training:  76%|███████▌  | 9119/12000 [3:07:21<56:47,  1.18s/step]Training:  76%|███████▌  | 9120/12000 [3:07:22<56:27,  1.18s/step]Training:  76%|███████▌  | 9121/12000 [3:07:23<56:16,  1.17s/step]Training:  76%|███████▌  | 9122/12000 [3:07:24<56:12,  1.17s/step]Training:  76%|███████▌  | 9123/12000 [3:07:25<56:10,  1.17s/step]Training:  76%|███████▌  | 9124/12000 [3:07:26<56:23,  1.18s/step]Training:  76%|███████▌  | 9125/12000 [3:07:28<56:38,  1.18s/step]Training:  76%|███████▌  | 9126/12000 [3:07:29<56:18,  1.18s/step]Training:  76%|███████▌  | 9127/12000 [3:07:30<56:04,  1.17s/step]Training:  76%|███████▌  | 9128/12000 [3:07:31<55:55,  1.17s/step]Training:  76%|███████▌  | 9129/12000 [3:07:32<55:49,  1.17s/step]Training:  76%|███████▌  | 9130/12000 [3:07:33<55:42,  1.16s/step]Training:  76%|███████▌  | 9131/12000 [3:07:35<55:40,  1.16s/step]Training:  76%|███████▌  | 9132/12000 [3:07:36<55:36,  1.16s/step]Training:  76%|███████▌  | 9133/12000 [3:07:37<55:32,  1.16s/step]Training:  76%|███████▌  | 9134/12000 [3:07:38<55:31,  1.16s/step]Training:  76%|███████▌  | 9135/12000 [3:07:39<55:30,  1.16s/step]Training:  76%|███████▌  | 9136/12000 [3:07:40<55:31,  1.16s/step]Training:  76%|███████▌  | 9137/12000 [3:07:42<56:12,  1.18s/step]Training:  76%|███████▌  | 9138/12000 [3:07:43<56:32,  1.19s/step]Training:  76%|███████▌  | 9139/12000 [3:07:44<56:35,  1.19s/step]Training:  76%|███████▌  | 9140/12000 [3:07:45<56:12,  1.18s/step]Training:  76%|███████▌  | 9141/12000 [3:07:46<55:55,  1.17s/step]Training:  76%|███████▌  | 9142/12000 [3:07:47<55:43,  1.17s/step]Training:  76%|███████▌  | 9143/12000 [3:07:49<55:35,  1.17s/step]Training:  76%|███████▌  | 9144/12000 [3:07:50<55:30,  1.17s/step]Training:  76%|███████▌  | 9145/12000 [3:07:51<55:25,  1.16s/step]Training:  76%|███████▌  | 9146/12000 [3:07:52<55:23,  1.16s/step]Training:  76%|███████▌  | 9147/12000 [3:07:53<55:21,  1.16s/step]Training:  76%|███████▌  | 9148/12000 [3:07:54<55:17,  1.16s/step]Training:  76%|███████▌  | 9149/12000 [3:07:56<55:15,  1.16s/step]Training:  76%|███████▋  | 9150/12000 [3:07:57<55:33,  1.17s/step]Training:  76%|███████▋  | 9151/12000 [3:07:58<55:43,  1.17s/step]Training:  76%|███████▋  | 9152/12000 [3:07:59<55:33,  1.17s/step]Training:  76%|███████▋  | 9153/12000 [3:08:00<55:30,  1.17s/step]Training:  76%|███████▋  | 9154/12000 [3:08:01<55:33,  1.17s/step]Training:  76%|███████▋  | 9155/12000 [3:08:03<55:32,  1.17s/step]Training:  76%|███████▋  | 9156/12000 [3:08:04<55:34,  1.17s/step]Training:  76%|███████▋  | 9157/12000 [3:08:05<55:56,  1.18s/step]Training:  76%|███████▋  | 9158/12000 [3:08:06<56:13,  1.19s/step]Training:  76%|███████▋  | 9159/12000 [3:08:07<56:03,  1.18s/step]Training:  76%|███████▋  | 9160/12000 [3:08:09<56:13,  1.19s/step]Training:  76%|███████▋  | 9161/12000 [3:08:10<55:49,  1.18s/step]Training:  76%|███████▋  | 9162/12000 [3:08:11<55:31,  1.17s/step]Training:  76%|███████▋  | 9163/12000 [3:08:12<55:19,  1.17s/step]Training:  76%|███████▋  | 9164/12000 [3:08:13<55:11,  1.17s/step]Training:  76%|███████▋  | 9165/12000 [3:08:14<55:03,  1.17s/step]Training:  76%|███████▋  | 9166/12000 [3:08:16<54:58,  1.16s/step]Training:  76%|███████▋  | 9167/12000 [3:08:17<54:57,  1.16s/step]Training:  76%|███████▋  | 9168/12000 [3:08:18<54:54,  1.16s/step]Training:  76%|███████▋  | 9169/12000 [3:08:19<54:53,  1.16s/step]Training:  76%|███████▋  | 9170/12000 [3:08:20<54:54,  1.16s/step]Training:  76%|███████▋  | 9171/12000 [3:08:21<54:51,  1.16s/step]Training:  76%|███████▋  | 9172/12000 [3:08:23<54:50,  1.16s/step]Training:  76%|███████▋  | 9173/12000 [3:08:24<54:48,  1.16s/step]Training:  76%|███████▋  | 9174/12000 [3:08:25<54:45,  1.16s/step]Training:  76%|███████▋  | 9175/12000 [3:08:26<54:43,  1.16s/step]Training:  76%|███████▋  | 9176/12000 [3:08:27<54:40,  1.16s/step]Training:  76%|███████▋  | 9177/12000 [3:08:28<54:37,  1.16s/step]Training:  76%|███████▋  | 9178/12000 [3:08:30<54:36,  1.16s/step]Training:  76%|███████▋  | 9179/12000 [3:08:31<54:35,  1.16s/step]Training:  76%|███████▋  | 9180/12000 [3:08:32<54:35,  1.16s/step]Training:  77%|███████▋  | 9181/12000 [3:08:33<54:34,  1.16s/step]Training:  77%|███████▋  | 9182/12000 [3:08:34<54:49,  1.17s/step]Training:  77%|███████▋  | 9183/12000 [3:08:35<54:58,  1.17s/step]Training:  77%|███████▋  | 9184/12000 [3:08:37<55:14,  1.18s/step]Training:  77%|███████▋  | 9185/12000 [3:08:38<55:12,  1.18s/step]Training:  77%|███████▋  | 9186/12000 [3:08:39<55:02,  1.17s/step]Training:  77%|███████▋  | 9187/12000 [3:08:40<55:00,  1.17s/step]Training:  77%|███████▋  | 9188/12000 [3:08:41<54:57,  1.17s/step]Training:  77%|███████▋  | 9189/12000 [3:08:42<54:56,  1.17s/step]Training:  77%|███████▋  | 9190/12000 [3:08:44<54:48,  1.17s/step]Training:  77%|███████▋  | 9191/12000 [3:08:45<54:40,  1.17s/step]Training:  77%|███████▋  | 9192/12000 [3:08:46<54:30,  1.16s/step]Training:  77%|███████▋  | 9193/12000 [3:08:47<54:26,  1.16s/step]Training:  77%|███████▋  | 9194/12000 [3:08:48<54:20,  1.16s/step]Training:  77%|███████▋  | 9195/12000 [3:08:49<54:18,  1.16s/step]Training:  77%|███████▋  | 9196/12000 [3:08:51<54:22,  1.16s/step]Training:  77%|███████▋  | 9197/12000 [3:08:52<54:19,  1.16s/step]Training:  77%|███████▋  | 9198/12000 [3:08:53<54:17,  1.16s/step]Training:  77%|███████▋  | 9199/12000 [3:08:54<54:17,  1.16s/step]Training:  77%|███████▋  | 9200/12000 [3:08:55<54:12,  1.16s/step]INFO 2026-09-16 07:03:00 ot_train.py:670 step:9K smpl:589K ep:7K epch:21.67 loss:0.047 grdn:0.790 lr:1.6e-05 updt_s:0.971 data_s:0.038 smp/s:63 mem_gb:14.29 losses_after_forward:0.052 losses_after_in_ep_bound:0.033 losses_after_rm_padding:0.033
Training:  77%|███████▋  | 9201/12000 [3:08:56<54:12,  1.16s/step]Training:  77%|███████▋  | 9202/12000 [3:08:58<54:09,  1.16s/step]Training:  77%|███████▋  | 9203/12000 [3:08:59<54:07,  1.16s/step]Training:  77%|███████▋  | 9204/12000 [3:09:00<54:06,  1.16s/step]Training:  77%|███████▋  | 9205/12000 [3:09:01<54:11,  1.16s/step]Training:  77%|███████▋  | 9206/12000 [3:09:02<54:35,  1.17s/step]Training:  77%|███████▋  | 9207/12000 [3:09:03<54:50,  1.18s/step]Training:  77%|███████▋  | 9208/12000 [3:09:05<55:05,  1.18s/step]Training:  77%|███████▋  | 9209/12000 [3:09:06<54:44,  1.18s/step]Training:  77%|███████▋  | 9210/12000 [3:09:07<54:28,  1.17s/step]Training:  77%|███████▋  | 9211/12000 [3:09:08<54:18,  1.17s/step]Training:  77%|███████▋  | 9212/12000 [3:09:09<54:09,  1.17s/step]Training:  77%|███████▋  | 9213/12000 [3:09:10<54:03,  1.16s/step]Training:  77%|███████▋  | 9214/12000 [3:09:12<53:58,  1.16s/step]Training:  77%|███████▋  | 9215/12000 [3:09:13<53:54,  1.16s/step]Training:  77%|███████▋  | 9216/12000 [3:09:14<53:50,  1.16s/step]Training:  77%|███████▋  | 9217/12000 [3:09:15<53:49,  1.16s/step]Training:  77%|███████▋  | 9218/12000 [3:09:16<53:50,  1.16s/step]Training:  77%|███████▋  | 9219/12000 [3:09:17<53:54,  1.16s/step]Training:  77%|███████▋  | 9220/12000 [3:09:19<53:57,  1.16s/step]Training:  77%|███████▋  | 9221/12000 [3:09:20<54:00,  1.17s/step]Training:  77%|███████▋  | 9222/12000 [3:09:21<54:03,  1.17s/step]Training:  77%|███████▋  | 9223/12000 [3:09:22<54:02,  1.17s/step]Training:  77%|███████▋  | 9224/12000 [3:09:23<53:55,  1.17s/step]Training:  77%|███████▋  | 9225/12000 [3:09:24<53:50,  1.16s/step]Training:  77%|███████▋  | 9226/12000 [3:09:26<53:46,  1.16s/step]Training:  77%|███████▋  | 9227/12000 [3:09:27<53:43,  1.16s/step]Training:  77%|███████▋  | 9228/12000 [3:09:28<53:41,  1.16s/step]Training:  77%|███████▋  | 9229/12000 [3:09:29<53:41,  1.16s/step]Training:  77%|███████▋  | 9230/12000 [3:09:30<54:19,  1.18s/step]Training:  77%|███████▋  | 9231/12000 [3:09:31<54:32,  1.18s/step]Training:  77%|███████▋  | 9232/12000 [3:09:33<54:17,  1.18s/step]Training:  77%|███████▋  | 9233/12000 [3:09:34<54:02,  1.17s/step]Training:  77%|███████▋  | 9234/12000 [3:09:35<53:55,  1.17s/step]Training:  77%|███████▋  | 9235/12000 [3:09:36<53:45,  1.17s/step]Training:  77%|███████▋  | 9236/12000 [3:09:37<53:38,  1.16s/step]Training:  77%|███████▋  | 9237/12000 [3:09:38<53:34,  1.16s/step]Training:  77%|███████▋  | 9238/12000 [3:09:40<53:30,  1.16s/step]Training:  77%|███████▋  | 9239/12000 [3:09:41<53:26,  1.16s/step]Training:  77%|███████▋  | 9240/12000 [3:09:42<53:23,  1.16s/step]Training:  77%|███████▋  | 9241/12000 [3:09:43<53:21,  1.16s/step]Training:  77%|███████▋  | 9242/12000 [3:09:44<53:28,  1.16s/step]Training:  77%|███████▋  | 9243/12000 [3:09:45<53:39,  1.17s/step]Training:  77%|███████▋  | 9244/12000 [3:09:47<53:32,  1.17s/step]Training:  77%|███████▋  | 9245/12000 [3:09:48<53:24,  1.16s/step]Training:  77%|███████▋  | 9246/12000 [3:09:49<53:26,  1.16s/step]Training:  77%|███████▋  | 9247/12000 [3:09:50<53:21,  1.16s/step]Training:  77%|███████▋  | 9248/12000 [3:09:51<53:17,  1.16s/step]Training:  77%|███████▋  | 9249/12000 [3:09:52<53:17,  1.16s/step]Training:  77%|███████▋  | 9250/12000 [3:09:54<53:35,  1.17s/step]Training:  77%|███████▋  | 9251/12000 [3:09:55<53:31,  1.17s/step]Training:  77%|███████▋  | 9252/12000 [3:09:56<54:06,  1.18s/step]Training:  77%|███████▋  | 9253/12000 [3:09:57<54:31,  1.19s/step]Training:  77%|███████▋  | 9254/12000 [3:09:58<54:34,  1.19s/step]Training:  77%|███████▋  | 9255/12000 [3:09:59<54:05,  1.18s/step]Training:  77%|███████▋  | 9256/12000 [3:10:01<53:46,  1.18s/step]Training:  77%|███████▋  | 9257/12000 [3:10:02<53:29,  1.17s/step]Training:  77%|███████▋  | 9258/12000 [3:10:03<53:21,  1.17s/step]Training:  77%|███████▋  | 9259/12000 [3:10:04<53:29,  1.17s/step]Training:  77%|███████▋  | 9260/12000 [3:10:05<53:35,  1.17s/step]Training:  77%|███████▋  | 9261/12000 [3:10:06<53:21,  1.17s/step]Training:  77%|███████▋  | 9262/12000 [3:10:08<53:11,  1.17s/step]Training:  77%|███████▋  | 9263/12000 [3:10:09<53:16,  1.17s/step]Training:  77%|███████▋  | 9264/12000 [3:10:10<53:06,  1.16s/step]Training:  77%|███████▋  | 9265/12000 [3:10:11<53:01,  1.16s/step]Training:  77%|███████▋  | 9266/12000 [3:10:12<52:56,  1.16s/step]Training:  77%|███████▋  | 9267/12000 [3:10:13<52:52,  1.16s/step]Training:  77%|███████▋  | 9268/12000 [3:10:15<52:52,  1.16s/step]Training:  77%|███████▋  | 9269/12000 [3:10:16<52:50,  1.16s/step]Training:  77%|███████▋  | 9270/12000 [3:10:17<52:46,  1.16s/step]Training:  77%|███████▋  | 9271/12000 [3:10:18<52:47,  1.16s/step]Training:  77%|███████▋  | 9272/12000 [3:10:19<52:50,  1.16s/step]Training:  77%|███████▋  | 9273/12000 [3:10:20<52:46,  1.16s/step]Training:  77%|███████▋  | 9274/12000 [3:10:22<52:43,  1.16s/step]Training:  77%|███████▋  | 9275/12000 [3:10:23<52:43,  1.16s/step]Training:  77%|███████▋  | 9276/12000 [3:10:24<52:53,  1.17s/step]Training:  77%|███████▋  | 9277/12000 [3:10:25<53:02,  1.17s/step]Training:  77%|███████▋  | 9278/12000 [3:10:26<53:36,  1.18s/step]Training:  77%|███████▋  | 9279/12000 [3:10:27<53:32,  1.18s/step]Training:  77%|███████▋  | 9280/12000 [3:10:29<53:10,  1.17s/step]Training:  77%|███████▋  | 9281/12000 [3:10:30<52:58,  1.17s/step]Training:  77%|███████▋  | 9282/12000 [3:10:31<53:10,  1.17s/step]Training:  77%|███████▋  | 9283/12000 [3:10:32<53:03,  1.17s/step]Training:  77%|███████▋  | 9284/12000 [3:10:33<52:59,  1.17s/step]Training:  77%|███████▋  | 9285/12000 [3:10:34<53:00,  1.17s/step]Training:  77%|███████▋  | 9286/12000 [3:10:36<53:16,  1.18s/step]Training:  77%|███████▋  | 9287/12000 [3:10:37<52:56,  1.17s/step]Training:  77%|███████▋  | 9288/12000 [3:10:38<52:40,  1.17s/step]Training:  77%|███████▋  | 9289/12000 [3:10:39<52:30,  1.16s/step]Training:  77%|███████▋  | 9290/12000 [3:10:40<52:22,  1.16s/step]Training:  77%|███████▋  | 9291/12000 [3:10:41<52:17,  1.16s/step]Training:  77%|███████▋  | 9292/12000 [3:10:43<52:13,  1.16s/step]Training:  77%|███████▋  | 9293/12000 [3:10:44<52:10,  1.16s/step]Training:  77%|███████▋  | 9294/12000 [3:10:45<52:07,  1.16s/step]Training:  77%|███████▋  | 9295/12000 [3:10:46<52:06,  1.16s/step]Training:  77%|███████▋  | 9296/12000 [3:10:47<52:02,  1.15s/step]Training:  77%|███████▋  | 9297/12000 [3:10:48<52:01,  1.15s/step]Training:  77%|███████▋  | 9298/12000 [3:10:50<52:00,  1.16s/step]Training:  77%|███████▋  | 9299/12000 [3:10:51<51:59,  1.15s/step]Training:  78%|███████▊  | 9300/12000 [3:10:52<52:05,  1.16s/step]Training:  78%|███████▊  | 9301/12000 [3:10:53<52:35,  1.17s/step]Training:  78%|███████▊  | 9302/12000 [3:10:54<52:54,  1.18s/step]Training:  78%|███████▊  | 9303/12000 [3:10:55<52:56,  1.18s/step]Training:  78%|███████▊  | 9304/12000 [3:10:57<52:36,  1.17s/step]Training:  78%|███████▊  | 9305/12000 [3:10:58<52:22,  1.17s/step]Training:  78%|███████▊  | 9306/12000 [3:10:59<52:10,  1.16s/step]Training:  78%|███████▊  | 9307/12000 [3:11:00<52:04,  1.16s/step]Training:  78%|███████▊  | 9308/12000 [3:11:01<51:58,  1.16s/step]Training:  78%|███████▊  | 9309/12000 [3:11:02<51:53,  1.16s/step]Training:  78%|███████▊  | 9310/12000 [3:11:03<51:48,  1.16s/step]Training:  78%|███████▊  | 9311/12000 [3:11:05<51:46,  1.16s/step]Training:  78%|███████▊  | 9312/12000 [3:11:06<51:43,  1.15s/step]Training:  78%|███████▊  | 9313/12000 [3:11:07<51:41,  1.15s/step]Training:  78%|███████▊  | 9314/12000 [3:11:08<51:46,  1.16s/step]Training:  78%|███████▊  | 9315/12000 [3:11:09<51:51,  1.16s/step]Training:  78%|███████▊  | 9316/12000 [3:11:10<51:54,  1.16s/step]Training:  78%|███████▊  | 9317/12000 [3:11:12<51:56,  1.16s/step]Training:  78%|███████▊  | 9318/12000 [3:11:13<51:58,  1.16s/step]Training:  78%|███████▊  | 9319/12000 [3:11:14<51:57,  1.16s/step]Training:  78%|███████▊  | 9320/12000 [3:11:15<51:48,  1.16s/step]Training:  78%|███████▊  | 9321/12000 [3:11:16<51:42,  1.16s/step]Training:  78%|███████▊  | 9322/12000 [3:11:17<51:36,  1.16s/step]Training:  78%|███████▊  | 9323/12000 [3:11:19<51:33,  1.16s/step]Training:  78%|███████▊  | 9324/12000 [3:11:20<51:30,  1.15s/step]Training:  78%|███████▊  | 9325/12000 [3:11:21<51:27,  1.15s/step]Training:  78%|███████▊  | 9326/12000 [3:11:22<51:24,  1.15s/step]Training:  78%|███████▊  | 9327/12000 [3:11:23<51:24,  1.15s/step]Training:  78%|███████▊  | 9328/12000 [3:11:24<52:03,  1.17s/step]Training:  78%|███████▊  | 9329/12000 [3:11:26<52:29,  1.18s/step]Training:  78%|███████▊  | 9330/12000 [3:11:27<52:28,  1.18s/step]Training:  78%|███████▊  | 9331/12000 [3:11:28<52:08,  1.17s/step]Training:  78%|███████▊  | 9332/12000 [3:11:29<51:52,  1.17s/step]Training:  78%|███████▊  | 9333/12000 [3:11:30<51:42,  1.16s/step]Training:  78%|███████▊  | 9334/12000 [3:11:31<51:32,  1.16s/step]Training:  78%|███████▊  | 9335/12000 [3:11:33<51:27,  1.16s/step]Training:  78%|███████▊  | 9336/12000 [3:11:34<51:22,  1.16s/step]Training:  78%|███████▊  | 9337/12000 [3:11:35<51:18,  1.16s/step]Training:  78%|███████▊  | 9338/12000 [3:11:36<51:13,  1.15s/step]Training:  78%|███████▊  | 9339/12000 [3:11:37<51:13,  1.15s/step]Training:  78%|███████▊  | 9340/12000 [3:11:38<51:11,  1.15s/step]Training:  78%|███████▊  | 9341/12000 [3:11:39<51:08,  1.15s/step]Training:  78%|███████▊  | 9342/12000 [3:11:41<51:05,  1.15s/step]Training:  78%|███████▊  | 9343/12000 [3:11:42<51:06,  1.15s/step]Training:  78%|███████▊  | 9344/12000 [3:11:43<51:02,  1.15s/step]Training:  78%|███████▊  | 9345/12000 [3:11:44<51:00,  1.15s/step]Training:  78%|███████▊  | 9346/12000 [3:11:45<50:59,  1.15s/step]Training:  78%|███████▊  | 9347/12000 [3:11:46<51:01,  1.15s/step]Training:  78%|███████▊  | 9348/12000 [3:11:48<51:07,  1.16s/step]Training:  78%|███████▊  | 9349/12000 [3:11:49<51:13,  1.16s/step]Training:  78%|███████▊  | 9350/12000 [3:11:49<45:22,  1.03s/step]Training:  78%|███████▊  | 9351/12000 [3:11:53<1:15:06,  1.70s/step]Training:  78%|███████▊  | 9352/12000 [3:11:54<1:08:57,  1.56s/step]Training:  78%|███████▊  | 9353/12000 [3:11:55<1:04:41,  1.47s/step]Training:  78%|███████▊  | 9354/12000 [3:11:56<1:00:51,  1.38s/step]Training:  78%|███████▊  | 9355/12000 [3:11:57<57:51,  1.31s/step]  Training:  78%|███████▊  | 9356/12000 [3:11:59<55:43,  1.26s/step]Training:  78%|███████▊  | 9357/12000 [3:12:00<54:24,  1.24s/step]Training:  78%|███████▊  | 9358/12000 [3:12:01<53:21,  1.21s/step]Training:  78%|███████▊  | 9359/12000 [3:12:02<52:34,  1.19s/step]Training:  78%|███████▊  | 9360/12000 [3:12:03<52:03,  1.18s/step]Training:  78%|███████▊  | 9361/12000 [3:12:04<51:38,  1.17s/step]Training:  78%|███████▊  | 9362/12000 [3:12:06<51:21,  1.17s/step]Training:  78%|███████▊  | 9363/12000 [3:12:07<51:09,  1.16s/step]Training:  78%|███████▊  | 9364/12000 [3:12:08<51:04,  1.16s/step]Training:  78%|███████▊  | 9365/12000 [3:12:09<51:07,  1.16s/step]Training:  78%|███████▊  | 9366/12000 [3:12:10<51:20,  1.17s/step]Training:  78%|███████▊  | 9367/12000 [3:12:11<51:35,  1.18s/step]Training:  78%|███████▊  | 9368/12000 [3:12:13<51:39,  1.18s/step]Training:  78%|███████▊  | 9369/12000 [3:12:14<51:21,  1.17s/step]Training:  78%|███████▊  | 9370/12000 [3:12:15<51:09,  1.17s/step]Training:  78%|███████▊  | 9371/12000 [3:12:16<50:57,  1.16s/step]Training:  78%|███████▊  | 9372/12000 [3:12:17<50:50,  1.16s/step]Training:  78%|███████▊  | 9373/12000 [3:12:18<50:43,  1.16s/step]Training:  78%|███████▊  | 9374/12000 [3:12:20<50:41,  1.16s/step]Training:  78%|███████▊  | 9375/12000 [3:12:21<50:38,  1.16s/step]Training:  78%|███████▊  | 9376/12000 [3:12:22<50:35,  1.16s/step]Training:  78%|███████▊  | 9377/12000 [3:12:23<50:35,  1.16s/step]Training:  78%|███████▊  | 9378/12000 [3:12:24<50:45,  1.16s/step]Training:  78%|███████▊  | 9379/12000 [3:12:25<50:47,  1.16s/step]Training:  78%|███████▊  | 9380/12000 [3:12:27<50:49,  1.16s/step]Training:  78%|███████▊  | 9381/12000 [3:12:28<50:59,  1.17s/step]Training:  78%|███████▊  | 9382/12000 [3:12:29<50:53,  1.17s/step]Training:  78%|███████▊  | 9383/12000 [3:12:30<50:47,  1.16s/step]Training:  78%|███████▊  | 9384/12000 [3:12:31<50:39,  1.16s/step]Training:  78%|███████▊  | 9385/12000 [3:12:32<50:33,  1.16s/step]Training:  78%|███████▊  | 9386/12000 [3:12:33<50:27,  1.16s/step]Training:  78%|███████▊  | 9387/12000 [3:12:35<50:24,  1.16s/step]Training:  78%|███████▊  | 9388/12000 [3:12:36<50:21,  1.16s/step]Training:  78%|███████▊  | 9389/12000 [3:12:37<50:19,  1.16s/step]Training:  78%|███████▊  | 9390/12000 [3:12:38<50:20,  1.16s/step]Training:  78%|███████▊  | 9391/12000 [3:12:39<50:35,  1.16s/step]Training:  78%|███████▊  | 9392/12000 [3:12:40<50:56,  1.17s/step]Training:  78%|███████▊  | 9393/12000 [3:12:42<51:20,  1.18s/step]Training:  78%|███████▊  | 9394/12000 [3:12:43<51:07,  1.18s/step]Training:  78%|███████▊  | 9395/12000 [3:12:44<50:48,  1.17s/step]Training:  78%|███████▊  | 9396/12000 [3:12:45<50:35,  1.17s/step]Training:  78%|███████▊  | 9397/12000 [3:12:46<50:28,  1.16s/step]Training:  78%|███████▊  | 9398/12000 [3:12:47<50:21,  1.16s/step]Training:  78%|███████▊  | 9399/12000 [3:12:49<50:14,  1.16s/step]Training:  78%|███████▊  | 9400/12000 [3:12:50<50:11,  1.16s/step]INFO 2026-09-16 07:06:55 ot_train.py:670 step:9K smpl:602K ep:7K epch:22.14 loss:0.044 grdn:0.756 lr:1.4e-05 updt_s:0.961 data_s:0.048 smp/s:63 mem_gb:14.26 losses_after_forward:0.052 losses_after_in_ep_bound:0.031 losses_after_rm_padding:0.031
Training:  78%|███████▊  | 9401/12000 [3:12:51<50:06,  1.16s/step]Training:  78%|███████▊  | 9402/12000 [3:12:52<50:04,  1.16s/step]Training:  78%|███████▊  | 9403/12000 [3:12:53<50:01,  1.16s/step]Training:  78%|███████▊  | 9404/12000 [3:12:54<49:58,  1.16s/step]Training:  78%|███████▊  | 9405/12000 [3:12:56<50:09,  1.16s/step]Training:  78%|███████▊  | 9406/12000 [3:12:57<50:06,  1.16s/step]Training:  78%|███████▊  | 9407/12000 [3:12:58<50:02,  1.16s/step]Training:  78%|███████▊  | 9408/12000 [3:12:59<49:59,  1.16s/step]Training:  78%|███████▊  | 9409/12000 [3:13:00<49:55,  1.16s/step]Training:  78%|███████▊  | 9410/12000 [3:13:01<49:55,  1.16s/step]Training:  78%|███████▊  | 9411/12000 [3:13:03<50:02,  1.16s/step]Training:  78%|███████▊  | 9412/12000 [3:13:04<50:09,  1.16s/step]Training:  78%|███████▊  | 9413/12000 [3:13:05<50:11,  1.16s/step]Training:  78%|███████▊  | 9414/12000 [3:13:06<50:07,  1.16s/step]Training:  78%|███████▊  | 9415/12000 [3:13:07<50:01,  1.16s/step]Training:  78%|███████▊  | 9416/12000 [3:13:08<49:56,  1.16s/step]Training:  78%|███████▊  | 9417/12000 [3:13:09<49:53,  1.16s/step]Training:  78%|███████▊  | 9418/12000 [3:13:11<49:59,  1.16s/step]Training:  78%|███████▊  | 9419/12000 [3:13:12<50:19,  1.17s/step]Training:  78%|███████▊  | 9420/12000 [3:13:13<50:41,  1.18s/step]Training:  79%|███████▊  | 9421/12000 [3:13:14<50:30,  1.18s/step]Training:  79%|███████▊  | 9422/12000 [3:13:15<50:12,  1.17s/step]Training:  79%|███████▊  | 9423/12000 [3:13:17<50:00,  1.16s/step]Training:  79%|███████▊  | 9424/12000 [3:13:18<49:50,  1.16s/step]Training:  79%|███████▊  | 9425/12000 [3:13:19<49:44,  1.16s/step]Training:  79%|███████▊  | 9426/12000 [3:13:20<49:38,  1.16s/step]Training:  79%|███████▊  | 9427/12000 [3:13:21<49:35,  1.16s/step]Training:  79%|███████▊  | 9428/12000 [3:13:22<49:48,  1.16s/step]Training:  79%|███████▊  | 9429/12000 [3:13:23<49:41,  1.16s/step]Training:  79%|███████▊  | 9430/12000 [3:13:25<49:36,  1.16s/step]Training:  79%|███████▊  | 9431/12000 [3:13:26<49:41,  1.16s/step]Training:  79%|███████▊  | 9432/12000 [3:13:27<49:39,  1.16s/step]Training:  79%|███████▊  | 9433/12000 [3:13:28<49:32,  1.16s/step]Training:  79%|███████▊  | 9434/12000 [3:13:29<49:27,  1.16s/step]Training:  79%|███████▊  | 9435/12000 [3:13:30<49:24,  1.16s/step]Training:  79%|███████▊  | 9436/12000 [3:13:32<49:22,  1.16s/step]Training:  79%|███████▊  | 9437/12000 [3:13:33<49:19,  1.15s/step]Training:  79%|███████▊  | 9438/12000 [3:13:34<49:17,  1.15s/step]Training:  79%|███████▊  | 9439/12000 [3:13:35<49:18,  1.16s/step]Training:  79%|███████▊  | 9440/12000 [3:13:36<49:16,  1.15s/step]Training:  79%|███████▊  | 9441/12000 [3:13:37<49:18,  1.16s/step]Training:  79%|███████▊  | 9442/12000 [3:13:38<49:17,  1.16s/step]Training:  79%|███████▊  | 9443/12000 [3:13:40<49:23,  1.16s/step]Training:  79%|███████▊  | 9444/12000 [3:13:41<49:32,  1.16s/step]Training:  79%|███████▊  | 9445/12000 [3:13:42<49:53,  1.17s/step]Training:  79%|███████▊  | 9446/12000 [3:13:43<49:59,  1.17s/step]Training:  79%|███████▊  | 9447/12000 [3:13:44<50:14,  1.18s/step]Training:  79%|███████▊  | 9448/12000 [3:13:46<49:57,  1.17s/step]Training:  79%|███████▊  | 9449/12000 [3:13:47<49:41,  1.17s/step]Training:  79%|███████▉  | 9450/12000 [3:13:48<49:30,  1.16s/step]Training:  79%|███████▉  | 9451/12000 [3:13:49<49:20,  1.16s/step]Training:  79%|███████▉  | 9452/12000 [3:13:50<49:13,  1.16s/step]Training:  79%|███████▉  | 9453/12000 [3:13:51<49:11,  1.16s/step]Training:  79%|███████▉  | 9454/12000 [3:13:52<49:06,  1.16s/step]Training:  79%|███████▉  | 9455/12000 [3:13:54<49:01,  1.16s/step]Training:  79%|███████▉  | 9456/12000 [3:13:55<49:00,  1.16s/step]Training:  79%|███████▉  | 9457/12000 [3:13:56<48:58,  1.16s/step]Training:  79%|███████▉  | 9458/12000 [3:13:57<48:58,  1.16s/step]Training:  79%|███████▉  | 9459/12000 [3:13:58<48:57,  1.16s/step]Training:  79%|███████▉  | 9460/12000 [3:13:59<48:55,  1.16s/step]Training:  79%|███████▉  | 9461/12000 [3:14:01<48:55,  1.16s/step]Training:  79%|███████▉  | 9462/12000 [3:14:02<48:52,  1.16s/step]Training:  79%|███████▉  | 9463/12000 [3:14:03<48:48,  1.15s/step]Training:  79%|███████▉  | 9464/12000 [3:14:04<48:59,  1.16s/step]Training:  79%|███████▉  | 9465/12000 [3:14:05<48:58,  1.16s/step]Training:  79%|███████▉  | 9466/12000 [3:14:06<48:54,  1.16s/step]Training:  79%|███████▉  | 9467/12000 [3:14:08<48:49,  1.16s/step]Training:  79%|███████▉  | 9468/12000 [3:14:09<48:47,  1.16s/step]Training:  79%|███████▉  | 9469/12000 [3:14:10<48:45,  1.16s/step]Training:  79%|███████▉  | 9470/12000 [3:14:11<48:44,  1.16s/step]Training:  79%|███████▉  | 9471/12000 [3:14:12<48:41,  1.16s/step]Training:  79%|███████▉  | 9472/12000 [3:14:13<48:45,  1.16s/step]Training:  79%|███████▉  | 9473/12000 [3:14:14<49:13,  1.17s/step]Training:  79%|███████▉  | 9474/12000 [3:14:16<49:27,  1.17s/step]Training:  79%|███████▉  | 9475/12000 [3:14:17<49:38,  1.18s/step]Training:  79%|███████▉  | 9476/12000 [3:14:18<49:28,  1.18s/step]Training:  79%|███████▉  | 9477/12000 [3:14:19<49:18,  1.17s/step]Training:  79%|███████▉  | 9478/12000 [3:14:20<49:22,  1.17s/step]Training:  79%|███████▉  | 9479/12000 [3:14:22<49:19,  1.17s/step]Training:  79%|███████▉  | 9480/12000 [3:14:23<49:03,  1.17s/step]Training:  79%|███████▉  | 9481/12000 [3:14:24<48:51,  1.16s/step]Training:  79%|███████▉  | 9482/12000 [3:14:25<48:45,  1.16s/step]Training:  79%|███████▉  | 9483/12000 [3:14:26<48:37,  1.16s/step]Training:  79%|███████▉  | 9484/12000 [3:14:27<48:32,  1.16s/step]Training:  79%|███████▉  | 9485/12000 [3:14:28<48:33,  1.16s/step]Training:  79%|███████▉  | 9486/12000 [3:14:30<48:28,  1.16s/step]Training:  79%|███████▉  | 9487/12000 [3:14:31<48:26,  1.16s/step]Training:  79%|███████▉  | 9488/12000 [3:14:32<48:23,  1.16s/step]Training:  79%|███████▉  | 9489/12000 [3:14:33<48:35,  1.16s/step]Training:  79%|███████▉  | 9490/12000 [3:14:34<48:29,  1.16s/step]Training:  79%|███████▉  | 9491/12000 [3:14:35<48:23,  1.16s/step]Training:  79%|███████▉  | 9492/12000 [3:14:37<48:33,  1.16s/step]Training:  79%|███████▉  | 9493/12000 [3:14:38<48:26,  1.16s/step]Training:  79%|███████▉  | 9494/12000 [3:14:39<48:20,  1.16s/step]Training:  79%|███████▉  | 9495/12000 [3:14:40<48:17,  1.16s/step]Training:  79%|███████▉  | 9496/12000 [3:14:41<48:13,  1.16s/step]Training:  79%|███████▉  | 9497/12000 [3:14:42<48:14,  1.16s/step]Training:  79%|███████▉  | 9498/12000 [3:14:44<49:00,  1.18s/step]Training:  79%|███████▉  | 9499/12000 [3:14:45<49:13,  1.18s/step]Training:  79%|███████▉  | 9500/12000 [3:14:46<49:17,  1.18s/step]Training:  79%|███████▉  | 9501/12000 [3:14:47<49:03,  1.18s/step]Training:  79%|███████▉  | 9502/12000 [3:14:48<48:45,  1.17s/step]Training:  79%|███████▉  | 9503/12000 [3:14:49<48:31,  1.17s/step]Training:  79%|███████▉  | 9504/12000 [3:14:51<48:24,  1.16s/step]Training:  79%|███████▉  | 9505/12000 [3:14:52<48:34,  1.17s/step]Training:  79%|███████▉  | 9506/12000 [3:14:53<48:22,  1.16s/step]Training:  79%|███████▉  | 9507/12000 [3:14:54<48:24,  1.16s/step]Training:  79%|███████▉  | 9508/12000 [3:14:55<48:51,  1.18s/step]Training:  79%|███████▉  | 9509/12000 [3:14:56<48:41,  1.17s/step]Training:  79%|███████▉  | 9510/12000 [3:14:58<48:36,  1.17s/step]Training:  79%|███████▉  | 9511/12000 [3:14:59<48:29,  1.17s/step]Training:  79%|███████▉  | 9512/12000 [3:15:00<48:21,  1.17s/step]Training:  79%|███████▉  | 9513/12000 [3:15:01<48:11,  1.16s/step]Training:  79%|███████▉  | 9514/12000 [3:15:02<48:05,  1.16s/step]Training:  79%|███████▉  | 9515/12000 [3:15:03<47:57,  1.16s/step]Training:  79%|███████▉  | 9516/12000 [3:15:05<47:53,  1.16s/step]Training:  79%|███████▉  | 9517/12000 [3:15:06<47:50,  1.16s/step]Training:  79%|███████▉  | 9518/12000 [3:15:07<47:52,  1.16s/step]Training:  79%|███████▉  | 9519/12000 [3:15:08<47:48,  1.16s/step]Training:  79%|███████▉  | 9520/12000 [3:15:09<47:48,  1.16s/step]Training:  79%|███████▉  | 9521/12000 [3:15:10<47:47,  1.16s/step]Training:  79%|███████▉  | 9522/12000 [3:15:12<47:56,  1.16s/step]Training:  79%|███████▉  | 9523/12000 [3:15:13<48:08,  1.17s/step]Training:  79%|███████▉  | 9524/12000 [3:15:14<48:30,  1.18s/step]Training:  79%|███████▉  | 9525/12000 [3:15:15<48:23,  1.17s/step]Training:  79%|███████▉  | 9526/12000 [3:15:16<48:09,  1.17s/step]Training:  79%|███████▉  | 9527/12000 [3:15:17<47:58,  1.16s/step]Training:  79%|███████▉  | 9528/12000 [3:15:19<47:49,  1.16s/step]Training:  79%|███████▉  | 9529/12000 [3:15:20<47:44,  1.16s/step]Training:  79%|███████▉  | 9530/12000 [3:15:21<47:39,  1.16s/step]Training:  79%|███████▉  | 9531/12000 [3:15:22<47:36,  1.16s/step]Training:  79%|███████▉  | 9532/12000 [3:15:23<47:33,  1.16s/step]Training:  79%|███████▉  | 9533/12000 [3:15:24<47:29,  1.16s/step]Training:  79%|███████▉  | 9534/12000 [3:15:25<47:28,  1.16s/step]Training:  79%|███████▉  | 9535/12000 [3:15:27<47:26,  1.15s/step]Training:  79%|███████▉  | 9536/12000 [3:15:28<47:26,  1.16s/step]Training:  79%|███████▉  | 9537/12000 [3:15:29<47:24,  1.15s/step]Training:  79%|███████▉  | 9538/12000 [3:15:30<47:22,  1.15s/step]Training:  79%|███████▉  | 9539/12000 [3:15:31<47:25,  1.16s/step]Training:  80%|███████▉  | 9540/12000 [3:15:32<47:30,  1.16s/step]Training:  80%|███████▉  | 9541/12000 [3:15:34<47:47,  1.17s/step]Training:  80%|███████▉  | 9542/12000 [3:15:35<47:47,  1.17s/step]Training:  80%|███████▉  | 9543/12000 [3:15:36<47:45,  1.17s/step]Training:  80%|███████▉  | 9544/12000 [3:15:37<47:44,  1.17s/step]Training:  80%|███████▉  | 9545/12000 [3:15:38<47:32,  1.16s/step]Training:  80%|███████▉  | 9546/12000 [3:15:39<47:27,  1.16s/step]Training:  80%|███████▉  | 9547/12000 [3:15:41<47:21,  1.16s/step]Training:  80%|███████▉  | 9548/12000 [3:15:42<47:19,  1.16s/step]Training:  80%|███████▉  | 9549/12000 [3:15:43<47:54,  1.17s/step]Training:  80%|███████▉  | 9550/12000 [3:15:44<48:01,  1.18s/step]Training:  80%|███████▉  | 9551/12000 [3:15:45<48:03,  1.18s/step]Training:  80%|███████▉  | 9552/12000 [3:15:46<47:46,  1.17s/step]Training:  80%|███████▉  | 9553/12000 [3:15:48<47:32,  1.17s/step]Training:  80%|███████▉  | 9554/12000 [3:15:49<47:38,  1.17s/step]Training:  80%|███████▉  | 9555/12000 [3:15:50<47:27,  1.16s/step]Training:  80%|███████▉  | 9556/12000 [3:15:51<47:29,  1.17s/step]Training:  80%|███████▉  | 9557/12000 [3:15:52<47:19,  1.16s/step]Training:  80%|███████▉  | 9558/12000 [3:15:53<47:11,  1.16s/step]Training:  80%|███████▉  | 9559/12000 [3:15:55<47:06,  1.16s/step]Training:  80%|███████▉  | 9560/12000 [3:15:56<47:02,  1.16s/step]Training:  80%|███████▉  | 9561/12000 [3:15:57<46:59,  1.16s/step]Training:  80%|███████▉  | 9562/12000 [3:15:58<46:57,  1.16s/step]Training:  80%|███████▉  | 9563/12000 [3:15:59<47:08,  1.16s/step]Training:  80%|███████▉  | 9564/12000 [3:16:00<47:02,  1.16s/step]Training:  80%|███████▉  | 9565/12000 [3:16:02<46:57,  1.16s/step]Training:  80%|███████▉  | 9566/12000 [3:16:03<46:54,  1.16s/step]Training:  80%|███████▉  | 9567/12000 [3:16:04<46:50,  1.16s/step]Training:  80%|███████▉  | 9568/12000 [3:16:05<46:48,  1.15s/step]Training:  80%|███████▉  | 9569/12000 [3:16:06<46:52,  1.16s/step]Training:  80%|███████▉  | 9570/12000 [3:16:07<46:49,  1.16s/step]Training:  80%|███████▉  | 9571/12000 [3:16:08<46:50,  1.16s/step]Training:  80%|███████▉  | 9572/12000 [3:16:10<47:10,  1.17s/step]Training:  80%|███████▉  | 9573/12000 [3:16:11<47:23,  1.17s/step]Training:  80%|███████▉  | 9574/12000 [3:16:12<47:46,  1.18s/step]Training:  80%|███████▉  | 9575/12000 [3:16:13<48:00,  1.19s/step]Training:  80%|███████▉  | 9576/12000 [3:16:14<47:59,  1.19s/step]Training:  80%|███████▉  | 9577/12000 [3:16:16<47:31,  1.18s/step]Training:  80%|███████▉  | 9578/12000 [3:16:17<47:16,  1.17s/step]Training:  80%|███████▉  | 9579/12000 [3:16:18<47:02,  1.17s/step]Training:  80%|███████▉  | 9580/12000 [3:16:19<46:52,  1.16s/step]Training:  80%|███████▉  | 9581/12000 [3:16:20<46:46,  1.16s/step]Training:  80%|███████▉  | 9582/12000 [3:16:21<46:41,  1.16s/step]Training:  80%|███████▉  | 9583/12000 [3:16:22<46:36,  1.16s/step]Training:  80%|███████▉  | 9584/12000 [3:16:24<46:32,  1.16s/step]Training:  80%|███████▉  | 9585/12000 [3:16:25<46:28,  1.15s/step]Training:  80%|███████▉  | 9586/12000 [3:16:26<46:25,  1.15s/step]Training:  80%|███████▉  | 9587/12000 [3:16:27<46:24,  1.15s/step]Training:  80%|███████▉  | 9588/12000 [3:16:28<46:23,  1.15s/step]Training:  80%|███████▉  | 9589/12000 [3:16:29<46:22,  1.15s/step]Training:  80%|███████▉  | 9590/12000 [3:16:31<46:21,  1.15s/step]Training:  80%|███████▉  | 9591/12000 [3:16:32<46:19,  1.15s/step]Training:  80%|███████▉  | 9592/12000 [3:16:33<46:17,  1.15s/step]Training:  80%|███████▉  | 9593/12000 [3:16:34<46:16,  1.15s/step]Training:  80%|███████▉  | 9594/12000 [3:16:35<46:16,  1.15s/step]Training:  80%|███████▉  | 9595/12000 [3:16:36<46:14,  1.15s/step]Training:  80%|███████▉  | 9596/12000 [3:16:37<46:13,  1.15s/step]Training:  80%|███████▉  | 9597/12000 [3:16:39<46:25,  1.16s/step]Training:  80%|███████▉  | 9598/12000 [3:16:40<46:19,  1.16s/step]Training:  80%|███████▉  | 9599/12000 [3:16:41<46:16,  1.16s/step]Training:  80%|████████  | 9600/12000 [3:16:42<46:14,  1.16s/step]INFO 2026-09-16 07:10:47 ot_train.py:670 step:10K smpl:614K ep:8K epch:22.61 loss:0.044 grdn:0.749 lr:1.3e-05 updt_s:0.960 data_s:0.038 smp/s:64 mem_gb:14.29 losses_after_forward:0.050 losses_after_in_ep_bound:0.031 losses_after_rm_padding:0.031
Training:  80%|████████  | 9601/12000 [3:16:43<46:14,  1.16s/step]Training:  80%|████████  | 9602/12000 [3:16:44<46:21,  1.16s/step]Training:  80%|████████  | 9603/12000 [3:16:46<46:37,  1.17s/step]Training:  80%|████████  | 9604/12000 [3:16:47<47:24,  1.19s/step]Training:  80%|████████  | 9605/12000 [3:16:48<47:07,  1.18s/step]Training:  80%|████████  | 9606/12000 [3:16:49<46:55,  1.18s/step]Training:  80%|████████  | 9607/12000 [3:16:50<46:55,  1.18s/step]Training:  80%|████████  | 9608/12000 [3:16:52<46:47,  1.17s/step]Training:  80%|████████  | 9609/12000 [3:16:53<46:32,  1.17s/step]Training:  80%|████████  | 9610/12000 [3:16:54<46:22,  1.16s/step]Training:  80%|████████  | 9611/12000 [3:16:55<46:12,  1.16s/step]Training:  80%|████████  | 9612/12000 [3:16:56<46:07,  1.16s/step]Training:  80%|████████  | 9613/12000 [3:16:57<46:06,  1.16s/step]Training:  80%|████████  | 9614/12000 [3:16:58<46:02,  1.16s/step]Training:  80%|████████  | 9615/12000 [3:17:00<45:57,  1.16s/step]Training:  80%|████████  | 9616/12000 [3:17:01<45:54,  1.16s/step]Training:  80%|████████  | 9617/12000 [3:17:02<45:51,  1.15s/step]Training:  80%|████████  | 9618/12000 [3:17:03<45:49,  1.15s/step]Training:  80%|████████  | 9619/12000 [3:17:04<45:49,  1.15s/step]Training:  80%|████████  | 9620/12000 [3:17:05<45:48,  1.15s/step]Training:  80%|████████  | 9621/12000 [3:17:07<45:46,  1.15s/step]Training:  80%|████████  | 9622/12000 [3:17:08<45:45,  1.15s/step]Training:  80%|████████  | 9623/12000 [3:17:09<45:43,  1.15s/step]Training:  80%|████████  | 9624/12000 [3:17:10<45:41,  1.15s/step]Training:  80%|████████  | 9625/12000 [3:17:11<45:39,  1.15s/step]Training:  80%|████████  | 9626/12000 [3:17:12<45:40,  1.15s/step]Training:  80%|████████  | 9627/12000 [3:17:13<45:42,  1.16s/step]Training:  80%|████████  | 9628/12000 [3:17:15<45:45,  1.16s/step]Training:  80%|████████  | 9629/12000 [3:17:16<45:58,  1.16s/step]Training:  80%|████████  | 9630/12000 [3:17:17<46:25,  1.18s/step]Training:  80%|████████  | 9631/12000 [3:17:18<46:25,  1.18s/step]Training:  80%|████████  | 9632/12000 [3:17:19<46:08,  1.17s/step]Training:  80%|████████  | 9633/12000 [3:17:21<45:56,  1.16s/step]Training:  80%|████████  | 9634/12000 [3:17:22<45:48,  1.16s/step]Training:  80%|████████  | 9635/12000 [3:17:23<45:41,  1.16s/step]Training:  80%|████████  | 9636/12000 [3:17:24<45:56,  1.17s/step]Training:  80%|████████  | 9637/12000 [3:17:25<46:07,  1.17s/step]Training:  80%|████████  | 9638/12000 [3:17:26<45:58,  1.17s/step]Training:  80%|████████  | 9639/12000 [3:17:28<46:07,  1.17s/step]Training:  80%|████████  | 9640/12000 [3:17:29<45:59,  1.17s/step]Training:  80%|████████  | 9641/12000 [3:17:30<45:46,  1.16s/step]Training:  80%|████████  | 9642/12000 [3:17:31<45:47,  1.17s/step]Training:  80%|████████  | 9643/12000 [3:17:32<45:50,  1.17s/step]Training:  80%|████████  | 9644/12000 [3:17:33<45:39,  1.16s/step]Training:  80%|████████  | 9645/12000 [3:17:34<45:32,  1.16s/step]Training:  80%|████████  | 9646/12000 [3:17:36<45:27,  1.16s/step]Training:  80%|████████  | 9647/12000 [3:17:37<45:21,  1.16s/step]Training:  80%|████████  | 9648/12000 [3:17:38<45:17,  1.16s/step]Training:  80%|████████  | 9649/12000 [3:17:39<45:14,  1.15s/step]Training:  80%|████████  | 9650/12000 [3:17:40<45:12,  1.15s/step]Training:  80%|████████  | 9651/12000 [3:17:41<45:10,  1.15s/step]Training:  80%|████████  | 9652/12000 [3:17:43<45:09,  1.15s/step]Training:  80%|████████  | 9653/12000 [3:17:44<45:16,  1.16s/step]Training:  80%|████████  | 9654/12000 [3:17:45<45:29,  1.16s/step]Training:  80%|████████  | 9655/12000 [3:17:46<45:56,  1.18s/step]Training:  80%|████████  | 9656/12000 [3:17:47<45:59,  1.18s/step]Training:  80%|████████  | 9657/12000 [3:17:48<45:41,  1.17s/step]Training:  80%|████████  | 9658/12000 [3:17:50<45:30,  1.17s/step]Training:  80%|████████  | 9659/12000 [3:17:51<45:23,  1.16s/step]Training:  80%|████████  | 9660/12000 [3:17:52<45:15,  1.16s/step]Training:  81%|████████  | 9661/12000 [3:17:53<45:09,  1.16s/step]Training:  81%|████████  | 9662/12000 [3:17:54<45:04,  1.16s/step]Training:  81%|████████  | 9663/12000 [3:17:55<45:01,  1.16s/step]Training:  81%|████████  | 9664/12000 [3:17:57<44:58,  1.16s/step]Training:  81%|████████  | 9665/12000 [3:17:58<44:54,  1.15s/step]Training:  81%|████████  | 9666/12000 [3:17:59<44:53,  1.15s/step]Training:  81%|████████  | 9667/12000 [3:18:00<44:58,  1.16s/step]Training:  81%|████████  | 9668/12000 [3:18:01<45:08,  1.16s/step]Training:  81%|████████  | 9669/12000 [3:18:02<45:12,  1.16s/step]Training:  81%|████████  | 9670/12000 [3:18:03<45:14,  1.16s/step]Training:  81%|████████  | 9671/12000 [3:18:05<45:12,  1.16s/step]Training:  81%|████████  | 9672/12000 [3:18:06<45:09,  1.16s/step]Training:  81%|████████  | 9673/12000 [3:18:07<45:01,  1.16s/step]Training:  81%|████████  | 9674/12000 [3:18:08<44:55,  1.16s/step]Training:  81%|████████  | 9675/12000 [3:18:09<44:50,  1.16s/step]Training:  81%|████████  | 9676/12000 [3:18:10<44:47,  1.16s/step]Training:  81%|████████  | 9677/12000 [3:18:12<44:45,  1.16s/step]Training:  81%|████████  | 9678/12000 [3:18:13<44:41,  1.15s/step]Training:  81%|████████  | 9679/12000 [3:18:14<44:40,  1.15s/step]Training:  81%|████████  | 9680/12000 [3:18:15<44:40,  1.16s/step]Training:  81%|████████  | 9681/12000 [3:18:16<45:11,  1.17s/step]Training:  81%|████████  | 9682/12000 [3:18:17<45:33,  1.18s/step]Training:  81%|████████  | 9683/12000 [3:18:19<45:30,  1.18s/step]Training:  81%|████████  | 9684/12000 [3:18:20<45:11,  1.17s/step]Training:  81%|████████  | 9685/12000 [3:18:21<45:11,  1.17s/step]Training:  81%|████████  | 9686/12000 [3:18:22<44:58,  1.17s/step]Training:  81%|████████  | 9687/12000 [3:18:23<44:53,  1.16s/step]Training:  81%|████████  | 9688/12000 [3:18:24<44:45,  1.16s/step]Training:  81%|████████  | 9689/12000 [3:18:26<44:38,  1.16s/step]Training:  81%|████████  | 9690/12000 [3:18:27<44:32,  1.16s/step]Training:  81%|████████  | 9691/12000 [3:18:28<44:27,  1.16s/step]Training:  81%|████████  | 9692/12000 [3:18:29<44:25,  1.15s/step]Training:  81%|████████  | 9693/12000 [3:18:30<44:28,  1.16s/step]Training:  81%|████████  | 9694/12000 [3:18:31<44:32,  1.16s/step]Training:  81%|████████  | 9695/12000 [3:18:33<44:25,  1.16s/step]Training:  81%|████████  | 9696/12000 [3:18:34<44:23,  1.16s/step]Training:  81%|████████  | 9697/12000 [3:18:35<44:20,  1.16s/step]Training:  81%|████████  | 9698/12000 [3:18:36<44:16,  1.15s/step]Training:  81%|████████  | 9699/12000 [3:18:37<44:16,  1.15s/step]Training:  81%|████████  | 9700/12000 [3:18:38<44:16,  1.15s/step]Training:  81%|████████  | 9701/12000 [3:18:39<44:16,  1.16s/step]Training:  81%|████████  | 9702/12000 [3:18:41<44:20,  1.16s/step]Training:  81%|████████  | 9703/12000 [3:18:42<44:35,  1.16s/step]Training:  81%|████████  | 9704/12000 [3:18:43<44:50,  1.17s/step]Training:  81%|████████  | 9705/12000 [3:18:44<44:54,  1.17s/step]Training:  81%|████████  | 9706/12000 [3:18:45<44:53,  1.17s/step]Training:  81%|████████  | 9707/12000 [3:18:47<44:53,  1.17s/step]Training:  81%|████████  | 9708/12000 [3:18:48<44:59,  1.18s/step]Training:  81%|████████  | 9709/12000 [3:18:49<44:50,  1.17s/step]Training:  81%|████████  | 9710/12000 [3:18:50<44:33,  1.17s/step]Training:  81%|████████  | 9711/12000 [3:18:51<44:20,  1.16s/step]Training:  81%|████████  | 9712/12000 [3:18:52<44:10,  1.16s/step]Training:  81%|████████  | 9713/12000 [3:18:53<44:03,  1.16s/step]Training:  81%|████████  | 9714/12000 [3:18:55<43:59,  1.15s/step]Training:  81%|████████  | 9715/12000 [3:18:56<43:55,  1.15s/step]Training:  81%|████████  | 9716/12000 [3:18:57<43:52,  1.15s/step]Training:  81%|████████  | 9717/12000 [3:18:58<43:49,  1.15s/step]Training:  81%|████████  | 9718/12000 [3:18:59<43:48,  1.15s/step]Training:  81%|████████  | 9719/12000 [3:19:00<43:48,  1.15s/step]Training:  81%|████████  | 9720/12000 [3:19:02<43:47,  1.15s/step]Training:  81%|████████  | 9721/12000 [3:19:03<43:49,  1.15s/step]Training:  81%|████████  | 9722/12000 [3:19:04<43:45,  1.15s/step]Training:  81%|████████  | 9723/12000 [3:19:05<43:43,  1.15s/step]Training:  81%|████████  | 9724/12000 [3:19:06<43:42,  1.15s/step]Training:  81%|████████  | 9725/12000 [3:19:07<43:40,  1.15s/step]Training:  81%|████████  | 9726/12000 [3:19:08<43:38,  1.15s/step]Training:  81%|████████  | 9727/12000 [3:19:10<43:35,  1.15s/step]Training:  81%|████████  | 9728/12000 [3:19:11<43:35,  1.15s/step]Training:  81%|████████  | 9729/12000 [3:19:12<43:32,  1.15s/step]Training:  81%|████████  | 9730/12000 [3:19:13<43:33,  1.15s/step]Training:  81%|████████  | 9731/12000 [3:19:14<43:28,  1.15s/step]Training:  81%|████████  | 9732/12000 [3:19:15<43:28,  1.15s/step]Training:  81%|████████  | 9733/12000 [3:19:16<43:28,  1.15s/step]Training:  81%|████████  | 9734/12000 [3:19:18<43:31,  1.15s/step]Training:  81%|████████  | 9735/12000 [3:19:19<43:35,  1.15s/step]Training:  81%|████████  | 9736/12000 [3:19:20<44:11,  1.17s/step]Training:  81%|████████  | 9737/12000 [3:19:21<44:28,  1.18s/step]Training:  81%|████████  | 9738/12000 [3:19:22<44:28,  1.18s/step]Training:  81%|████████  | 9739/12000 [3:19:24<44:06,  1.17s/step]Training:  81%|████████  | 9740/12000 [3:19:25<43:50,  1.16s/step]Training:  81%|████████  | 9741/12000 [3:19:26<43:38,  1.16s/step]Training:  81%|████████  | 9742/12000 [3:19:27<43:30,  1.16s/step]Training:  81%|████████  | 9743/12000 [3:19:28<43:25,  1.15s/step]Training:  81%|████████  | 9744/12000 [3:19:29<43:21,  1.15s/step]Training:  81%|████████  | 9745/12000 [3:19:30<43:17,  1.15s/step]Training:  81%|████████  | 9746/12000 [3:19:32<43:14,  1.15s/step]Training:  81%|████████  | 9747/12000 [3:19:33<43:11,  1.15s/step]Training:  81%|████████  | 9748/12000 [3:19:34<43:10,  1.15s/step]Training:  81%|████████  | 9749/12000 [3:19:35<43:09,  1.15s/step]Training:  81%|████████▏ | 9750/12000 [3:19:36<43:08,  1.15s/step]Training:  81%|████████▏ | 9751/12000 [3:19:37<43:07,  1.15s/step]Training:  81%|████████▏ | 9752/12000 [3:19:38<43:07,  1.15s/step]Training:  81%|████████▏ | 9753/12000 [3:19:40<43:05,  1.15s/step]Training:  81%|████████▏ | 9754/12000 [3:19:41<43:05,  1.15s/step]Training:  81%|████████▏ | 9755/12000 [3:19:42<43:03,  1.15s/step]Training:  81%|████████▏ | 9756/12000 [3:19:43<43:03,  1.15s/step]Training:  81%|████████▏ | 9757/12000 [3:19:44<43:01,  1.15s/step]Training:  81%|████████▏ | 9758/12000 [3:19:45<42:59,  1.15s/step]Training:  81%|████████▏ | 9759/12000 [3:19:47<42:59,  1.15s/step]Training:  81%|████████▏ | 9760/12000 [3:19:48<42:57,  1.15s/step]Training:  81%|████████▏ | 9761/12000 [3:19:49<42:55,  1.15s/step]Training:  81%|████████▏ | 9762/12000 [3:19:50<42:54,  1.15s/step]Training:  81%|████████▏ | 9763/12000 [3:19:51<42:53,  1.15s/step]Training:  81%|████████▏ | 9764/12000 [3:19:52<42:51,  1.15s/step]Training:  81%|████████▏ | 9765/12000 [3:19:53<42:51,  1.15s/step]Training:  81%|████████▏ | 9766/12000 [3:19:55<42:52,  1.15s/step]Training:  81%|████████▏ | 9767/12000 [3:19:56<43:10,  1.16s/step]Training:  81%|████████▏ | 9768/12000 [3:19:57<43:29,  1.17s/step]Training:  81%|████████▏ | 9769/12000 [3:19:58<43:44,  1.18s/step]Training:  81%|████████▏ | 9770/12000 [3:19:59<43:41,  1.18s/step]Training:  81%|████████▏ | 9771/12000 [3:20:00<43:22,  1.17s/step]Training:  81%|████████▏ | 9772/12000 [3:20:02<43:09,  1.16s/step]Training:  81%|████████▏ | 9773/12000 [3:20:03<42:59,  1.16s/step]Training:  81%|████████▏ | 9774/12000 [3:20:04<42:53,  1.16s/step]Training:  81%|████████▏ | 9775/12000 [3:20:05<37:38,  1.02s/step]Training:  81%|████████▏ | 9776/12000 [3:20:08<1:00:14,  1.63s/step]Training:  81%|████████▏ | 9777/12000 [3:20:09<55:25,  1.50s/step]  Training:  81%|████████▏ | 9778/12000 [3:20:10<52:10,  1.41s/step]Training:  81%|████████▏ | 9779/12000 [3:20:11<49:33,  1.34s/step]Training:  82%|████████▏ | 9780/12000 [3:20:12<47:28,  1.28s/step]Training:  82%|████████▏ | 9781/12000 [3:20:14<46:02,  1.24s/step]Training:  82%|████████▏ | 9782/12000 [3:20:15<45:09,  1.22s/step]Training:  82%|████████▏ | 9783/12000 [3:20:16<44:22,  1.20s/step]Training:  82%|████████▏ | 9784/12000 [3:20:17<43:52,  1.19s/step]Training:  82%|████████▏ | 9785/12000 [3:20:18<43:51,  1.19s/step]Training:  82%|████████▏ | 9786/12000 [3:20:19<43:53,  1.19s/step]Training:  82%|████████▏ | 9787/12000 [3:20:21<43:46,  1.19s/step]Training:  82%|████████▏ | 9788/12000 [3:20:22<43:23,  1.18s/step]Training:  82%|████████▏ | 9789/12000 [3:20:23<43:12,  1.17s/step]Training:  82%|████████▏ | 9790/12000 [3:20:24<42:58,  1.17s/step]Training:  82%|████████▏ | 9791/12000 [3:20:25<42:48,  1.16s/step]Training:  82%|████████▏ | 9792/12000 [3:20:26<42:38,  1.16s/step]Training:  82%|████████▏ | 9793/12000 [3:20:28<42:32,  1.16s/step]Training:  82%|████████▏ | 9794/12000 [3:20:29<42:28,  1.16s/step]Training:  82%|████████▏ | 9795/12000 [3:20:30<42:24,  1.15s/step]Training:  82%|████████▏ | 9796/12000 [3:20:31<42:21,  1.15s/step]Training:  82%|████████▏ | 9797/12000 [3:20:32<42:32,  1.16s/step]Training:  82%|████████▏ | 9798/12000 [3:20:33<42:41,  1.16s/step]Training:  82%|████████▏ | 9799/12000 [3:20:34<42:42,  1.16s/step]Training:  82%|████████▏ | 9800/12000 [3:20:36<42:46,  1.17s/step]INFO 2026-09-16 07:14:41 ot_train.py:670 step:10K smpl:627K ep:8K epch:23.08 loss:0.044 grdn:0.766 lr:1.1e-05 updt_s:0.957 data_s:0.047 smp/s:64 mem_gb:14.26 losses_after_forward:0.050 losses_after_in_ep_bound:0.031 losses_after_rm_padding:0.031
Training:  82%|████████▏ | 9801/12000 [3:20:37<42:44,  1.17s/step]Training:  82%|████████▏ | 9802/12000 [3:20:38<42:32,  1.16s/step]Training:  82%|████████▏ | 9803/12000 [3:20:39<42:24,  1.16s/step]Training:  82%|████████▏ | 9804/12000 [3:20:40<42:18,  1.16s/step]Training:  82%|████████▏ | 9805/12000 [3:20:41<42:15,  1.16s/step]Training:  82%|████████▏ | 9806/12000 [3:20:43<42:12,  1.15s/step]Training:  82%|████████▏ | 9807/12000 [3:20:44<42:11,  1.15s/step]Training:  82%|████████▏ | 9808/12000 [3:20:45<42:09,  1.15s/step]Training:  82%|████████▏ | 9809/12000 [3:20:46<42:09,  1.15s/step]Training:  82%|████████▏ | 9810/12000 [3:20:47<42:06,  1.15s/step]Training:  82%|████████▏ | 9811/12000 [3:20:48<42:09,  1.16s/step]Training:  82%|████████▏ | 9812/12000 [3:20:50<42:42,  1.17s/step]Training:  82%|████████▏ | 9813/12000 [3:20:51<42:55,  1.18s/step]Training:  82%|████████▏ | 9814/12000 [3:20:52<42:55,  1.18s/step]Training:  82%|████████▏ | 9815/12000 [3:20:53<42:45,  1.17s/step]Training:  82%|████████▏ | 9816/12000 [3:20:54<42:30,  1.17s/step]Training:  82%|████████▏ | 9817/12000 [3:20:55<42:20,  1.16s/step]Training:  82%|████████▏ | 9818/12000 [3:20:57<42:13,  1.16s/step]Training:  82%|████████▏ | 9819/12000 [3:20:58<42:06,  1.16s/step]Training:  82%|████████▏ | 9820/12000 [3:20:59<42:01,  1.16s/step]Training:  82%|████████▏ | 9821/12000 [3:21:00<41:57,  1.16s/step]Training:  82%|████████▏ | 9822/12000 [3:21:01<41:53,  1.15s/step]Training:  82%|████████▏ | 9823/12000 [3:21:02<41:51,  1.15s/step]Training:  82%|████████▏ | 9824/12000 [3:21:03<41:49,  1.15s/step]Training:  82%|████████▏ | 9825/12000 [3:21:05<41:48,  1.15s/step]Training:  82%|████████▏ | 9826/12000 [3:21:06<41:46,  1.15s/step]Training:  82%|████████▏ | 9827/12000 [3:21:07<41:46,  1.15s/step]Training:  82%|████████▏ | 9828/12000 [3:21:08<41:55,  1.16s/step]Training:  82%|████████▏ | 9829/12000 [3:21:09<41:52,  1.16s/step]Training:  82%|████████▏ | 9830/12000 [3:21:10<41:52,  1.16s/step]Training:  82%|████████▏ | 9831/12000 [3:21:12<41:56,  1.16s/step]Training:  82%|████████▏ | 9832/12000 [3:21:13<41:55,  1.16s/step]Training:  82%|████████▏ | 9833/12000 [3:21:14<41:56,  1.16s/step]Training:  82%|████████▏ | 9834/12000 [3:21:15<41:55,  1.16s/step]Training:  82%|████████▏ | 9835/12000 [3:21:16<41:49,  1.16s/step]Training:  82%|████████▏ | 9836/12000 [3:21:17<41:46,  1.16s/step]Training:  82%|████████▏ | 9837/12000 [3:21:19<41:43,  1.16s/step]Training:  82%|████████▏ | 9838/12000 [3:21:20<42:01,  1.17s/step]Training:  82%|████████▏ | 9839/12000 [3:21:21<42:12,  1.17s/step]Training:  82%|████████▏ | 9840/12000 [3:21:22<42:29,  1.18s/step]Training:  82%|████████▏ | 9841/12000 [3:21:23<42:19,  1.18s/step]Training:  82%|████████▏ | 9842/12000 [3:21:24<42:01,  1.17s/step]Training:  82%|████████▏ | 9843/12000 [3:21:26<41:50,  1.16s/step]Training:  82%|████████▏ | 9844/12000 [3:21:27<41:41,  1.16s/step]Training:  82%|████████▏ | 9845/12000 [3:21:28<41:34,  1.16s/step]Training:  82%|████████▏ | 9846/12000 [3:21:29<41:30,  1.16s/step]Training:  82%|████████▏ | 9847/12000 [3:21:30<41:26,  1.15s/step]Training:  82%|████████▏ | 9848/12000 [3:21:31<41:24,  1.15s/step]Training:  82%|████████▏ | 9849/12000 [3:21:32<41:21,  1.15s/step]Training:  82%|████████▏ | 9850/12000 [3:21:34<41:24,  1.16s/step]Training:  82%|████████▏ | 9851/12000 [3:21:35<41:19,  1.15s/step]Training:  82%|████████▏ | 9852/12000 [3:21:36<41:21,  1.16s/step]Training:  82%|████████▏ | 9853/12000 [3:21:37<41:18,  1.15s/step]Training:  82%|████████▏ | 9854/12000 [3:21:38<41:14,  1.15s/step]Training:  82%|████████▏ | 9855/12000 [3:21:39<41:13,  1.15s/step]Training:  82%|████████▏ | 9856/12000 [3:21:41<41:11,  1.15s/step]Training:  82%|████████▏ | 9857/12000 [3:21:42<41:11,  1.15s/step]Training:  82%|████████▏ | 9858/12000 [3:21:43<41:09,  1.15s/step]Training:  82%|████████▏ | 9859/12000 [3:21:44<41:08,  1.15s/step]Training:  82%|████████▏ | 9860/12000 [3:21:45<41:07,  1.15s/step]Training:  82%|████████▏ | 9861/12000 [3:21:46<41:05,  1.15s/step]Training:  82%|████████▏ | 9862/12000 [3:21:47<41:06,  1.15s/step]Training:  82%|████████▏ | 9863/12000 [3:21:49<41:16,  1.16s/step]Training:  82%|████████▏ | 9864/12000 [3:21:50<41:19,  1.16s/step]Training:  82%|████████▏ | 9865/12000 [3:21:51<41:22,  1.16s/step]Training:  82%|████████▏ | 9866/12000 [3:21:52<41:46,  1.17s/step]Training:  82%|████████▏ | 9867/12000 [3:21:53<41:51,  1.18s/step]Training:  82%|████████▏ | 9868/12000 [3:21:55<41:56,  1.18s/step]Training:  82%|████████▏ | 9869/12000 [3:21:56<42:00,  1.18s/step]Training:  82%|████████▏ | 9870/12000 [3:21:57<41:43,  1.18s/step]Training:  82%|████████▏ | 9871/12000 [3:21:58<41:26,  1.17s/step]Training:  82%|████████▏ | 9872/12000 [3:21:59<41:14,  1.16s/step]Training:  82%|████████▏ | 9873/12000 [3:22:00<41:07,  1.16s/step]Training:  82%|████████▏ | 9874/12000 [3:22:02<41:00,  1.16s/step]Training:  82%|████████▏ | 9875/12000 [3:22:03<41:07,  1.16s/step]Training:  82%|████████▏ | 9876/12000 [3:22:04<41:00,  1.16s/step]Training:  82%|████████▏ | 9877/12000 [3:22:05<40:55,  1.16s/step]Training:  82%|████████▏ | 9878/12000 [3:22:06<40:54,  1.16s/step]Training:  82%|████████▏ | 9879/12000 [3:22:07<40:58,  1.16s/step]Training:  82%|████████▏ | 9880/12000 [3:22:08<40:52,  1.16s/step]Training:  82%|████████▏ | 9881/12000 [3:22:10<40:48,  1.16s/step]Training:  82%|████████▏ | 9882/12000 [3:22:11<40:45,  1.15s/step]Training:  82%|████████▏ | 9883/12000 [3:22:12<40:43,  1.15s/step]Training:  82%|████████▏ | 9884/12000 [3:22:13<40:40,  1.15s/step]Training:  82%|████████▏ | 9885/12000 [3:22:14<40:40,  1.15s/step]Training:  82%|████████▏ | 9886/12000 [3:22:15<40:38,  1.15s/step]Training:  82%|████████▏ | 9887/12000 [3:22:17<40:35,  1.15s/step]Training:  82%|████████▏ | 9888/12000 [3:22:18<40:34,  1.15s/step]Training:  82%|████████▏ | 9889/12000 [3:22:19<40:33,  1.15s/step]Training:  82%|████████▏ | 9890/12000 [3:22:20<40:30,  1.15s/step]Training:  82%|████████▏ | 9891/12000 [3:22:21<40:29,  1.15s/step]Training:  82%|████████▏ | 9892/12000 [3:22:22<40:27,  1.15s/step]Training:  82%|████████▏ | 9893/12000 [3:22:23<40:26,  1.15s/step]Training:  82%|████████▏ | 9894/12000 [3:22:25<40:31,  1.15s/step]Training:  82%|████████▏ | 9895/12000 [3:22:26<40:59,  1.17s/step]Training:  82%|████████▏ | 9896/12000 [3:22:27<41:16,  1.18s/step]Training:  82%|████████▏ | 9897/12000 [3:22:28<41:26,  1.18s/step]Training:  82%|████████▏ | 9898/12000 [3:22:29<41:17,  1.18s/step]Training:  82%|████████▏ | 9899/12000 [3:22:31<41:03,  1.17s/step]Training:  82%|████████▎ | 9900/12000 [3:22:32<40:50,  1.17s/step]Training:  83%|████████▎ | 9901/12000 [3:22:33<40:46,  1.17s/step]Training:  83%|████████▎ | 9902/12000 [3:22:34<40:50,  1.17s/step]Training:  83%|████████▎ | 9903/12000 [3:22:35<40:38,  1.16s/step]Training:  83%|████████▎ | 9904/12000 [3:22:36<40:31,  1.16s/step]Training:  83%|████████▎ | 9905/12000 [3:22:37<40:25,  1.16s/step]Training:  83%|████████▎ | 9906/12000 [3:22:39<40:20,  1.16s/step]Training:  83%|████████▎ | 9907/12000 [3:22:40<40:17,  1.16s/step]Training:  83%|████████▎ | 9908/12000 [3:22:41<40:13,  1.15s/step]Training:  83%|████████▎ | 9909/12000 [3:22:42<40:12,  1.15s/step]Training:  83%|████████▎ | 9910/12000 [3:22:43<40:11,  1.15s/step]Training:  83%|████████▎ | 9911/12000 [3:22:44<40:08,  1.15s/step]Training:  83%|████████▎ | 9912/12000 [3:22:46<40:07,  1.15s/step]Training:  83%|████████▎ | 9913/12000 [3:22:47<40:07,  1.15s/step]Training:  83%|████████▎ | 9914/12000 [3:22:48<40:03,  1.15s/step]Training:  83%|████████▎ | 9915/12000 [3:22:49<40:03,  1.15s/step]Training:  83%|████████▎ | 9916/12000 [3:22:50<40:03,  1.15s/step]Training:  83%|████████▎ | 9917/12000 [3:22:51<40:12,  1.16s/step]Training:  83%|████████▎ | 9918/12000 [3:22:52<40:07,  1.16s/step]Training:  83%|████████▎ | 9919/12000 [3:22:54<40:03,  1.16s/step]Training:  83%|████████▎ | 9920/12000 [3:22:55<40:06,  1.16s/step]Training:  83%|████████▎ | 9921/12000 [3:22:56<40:03,  1.16s/step]Training:  83%|████████▎ | 9922/12000 [3:22:57<40:03,  1.16s/step]Training:  83%|████████▎ | 9923/12000 [3:22:58<40:15,  1.16s/step]Training:  83%|████████▎ | 9924/12000 [3:22:59<40:34,  1.17s/step]Training:  83%|████████▎ | 9925/12000 [3:23:01<40:38,  1.18s/step]Training:  83%|████████▎ | 9926/12000 [3:23:02<40:35,  1.17s/step]Training:  83%|████████▎ | 9927/12000 [3:23:03<40:23,  1.17s/step]Training:  83%|████████▎ | 9928/12000 [3:23:04<40:18,  1.17s/step]Training:  83%|████████▎ | 9929/12000 [3:23:05<40:15,  1.17s/step]Training:  83%|████████▎ | 9930/12000 [3:23:06<40:12,  1.17s/step]Training:  83%|████████▎ | 9931/12000 [3:23:08<40:08,  1.16s/step]Training:  83%|████████▎ | 9932/12000 [3:23:09<40:01,  1.16s/step]Training:  83%|████████▎ | 9933/12000 [3:23:10<40:00,  1.16s/step]Training:  83%|████████▎ | 9934/12000 [3:23:11<39:57,  1.16s/step]Training:  83%|████████▎ | 9935/12000 [3:23:12<39:51,  1.16s/step]Training:  83%|████████▎ | 9936/12000 [3:23:13<39:46,  1.16s/step]Training:  83%|████████▎ | 9937/12000 [3:23:15<39:43,  1.16s/step]Training:  83%|████████▎ | 9938/12000 [3:23:16<39:38,  1.15s/step]Training:  83%|████████▎ | 9939/12000 [3:23:17<39:38,  1.15s/step]Training:  83%|████████▎ | 9940/12000 [3:23:18<39:36,  1.15s/step]Training:  83%|████████▎ | 9941/12000 [3:23:19<39:33,  1.15s/step]Training:  83%|████████▎ | 9942/12000 [3:23:20<39:33,  1.15s/step]Training:  83%|████████▎ | 9943/12000 [3:23:21<39:33,  1.15s/step]Training:  83%|████████▎ | 9944/12000 [3:23:23<39:32,  1.15s/step]Training:  83%|████████▎ | 9945/12000 [3:23:24<39:30,  1.15s/step]Training:  83%|████████▎ | 9946/12000 [3:23:25<39:30,  1.15s/step]Training:  83%|████████▎ | 9947/12000 [3:23:26<39:27,  1.15s/step]Training:  83%|████████▎ | 9948/12000 [3:23:27<39:27,  1.15s/step]Training:  83%|████████▎ | 9949/12000 [3:23:28<39:31,  1.16s/step]Training:  83%|████████▎ | 9950/12000 [3:23:30<39:41,  1.16s/step]Training:  83%|████████▎ | 9951/12000 [3:23:31<39:56,  1.17s/step]Training:  83%|████████▎ | 9952/12000 [3:23:32<40:08,  1.18s/step]Training:  83%|████████▎ | 9953/12000 [3:23:33<40:00,  1.17s/step]Training:  83%|████████▎ | 9954/12000 [3:23:34<39:46,  1.17s/step]Training:  83%|████████▎ | 9955/12000 [3:23:35<39:37,  1.16s/step]Training:  83%|████████▎ | 9956/12000 [3:23:37<39:33,  1.16s/step]Training:  83%|████████▎ | 9957/12000 [3:23:38<39:26,  1.16s/step]Training:  83%|████████▎ | 9958/12000 [3:23:39<39:22,  1.16s/step]Training:  83%|████████▎ | 9959/12000 [3:23:40<39:22,  1.16s/step]Training:  83%|████████▎ | 9960/12000 [3:23:41<39:22,  1.16s/step]Training:  83%|████████▎ | 9961/12000 [3:23:42<39:31,  1.16s/step]Training:  83%|████████▎ | 9962/12000 [3:23:44<39:43,  1.17s/step]Training:  83%|████████▎ | 9963/12000 [3:23:45<39:39,  1.17s/step]Training:  83%|████████▎ | 9964/12000 [3:23:46<39:32,  1.17s/step]Training:  83%|████████▎ | 9965/12000 [3:23:47<39:32,  1.17s/step]Training:  83%|████████▎ | 9966/12000 [3:23:48<39:29,  1.16s/step]Training:  83%|████████▎ | 9967/12000 [3:23:49<39:24,  1.16s/step]Training:  83%|████████▎ | 9968/12000 [3:23:51<39:24,  1.16s/step]Training:  83%|████████▎ | 9969/12000 [3:23:52<39:22,  1.16s/step]Training:  83%|████████▎ | 9970/12000 [3:23:53<39:14,  1.16s/step]Training:  83%|████████▎ | 9971/12000 [3:23:54<39:10,  1.16s/step]Training:  83%|████████▎ | 9972/12000 [3:23:55<39:06,  1.16s/step]Training:  83%|████████▎ | 9973/12000 [3:23:56<39:05,  1.16s/step]Training:  83%|████████▎ | 9974/12000 [3:23:57<39:06,  1.16s/step]Training:  83%|████████▎ | 9975/12000 [3:23:59<39:28,  1.17s/step]Training:  83%|████████▎ | 9976/12000 [3:24:00<39:33,  1.17s/step]Training:  83%|████████▎ | 9977/12000 [3:24:01<39:43,  1.18s/step]Training:  83%|████████▎ | 9978/12000 [3:24:02<39:28,  1.17s/step]Training:  83%|████████▎ | 9979/12000 [3:24:03<39:16,  1.17s/step]Training:  83%|████████▎ | 9980/12000 [3:24:05<39:07,  1.16s/step]Training:  83%|████████▎ | 9981/12000 [3:24:06<39:02,  1.16s/step]Training:  83%|████████▎ | 9982/12000 [3:24:07<38:58,  1.16s/step]Training:  83%|████████▎ | 9983/12000 [3:24:08<38:55,  1.16s/step]Training:  83%|████████▎ | 9984/12000 [3:24:09<38:52,  1.16s/step]Training:  83%|████████▎ | 9985/12000 [3:24:10<38:48,  1.16s/step]Training:  83%|████████▎ | 9986/12000 [3:24:11<38:45,  1.15s/step]Training:  83%|████████▎ | 9987/12000 [3:24:13<38:45,  1.16s/step]Training:  83%|████████▎ | 9988/12000 [3:24:14<38:50,  1.16s/step]Training:  83%|████████▎ | 9989/12000 [3:24:15<38:47,  1.16s/step]Training:  83%|████████▎ | 9990/12000 [3:24:16<38:44,  1.16s/step]Training:  83%|████████▎ | 9991/12000 [3:24:17<38:42,  1.16s/step]Training:  83%|████████▎ | 9992/12000 [3:24:18<38:42,  1.16s/step]Training:  83%|████████▎ | 9993/12000 [3:24:20<38:40,  1.16s/step]Training:  83%|████████▎ | 9994/12000 [3:24:21<38:40,  1.16s/step]Training:  83%|████████▎ | 9995/12000 [3:24:22<38:38,  1.16s/step]Training:  83%|████████▎ | 9996/12000 [3:24:23<38:36,  1.16s/step]Training:  83%|████████▎ | 9997/12000 [3:24:24<38:41,  1.16s/step]Training:  83%|████████▎ | 9998/12000 [3:24:25<38:46,  1.16s/step]Training:  83%|████████▎ | 9999/12000 [3:24:27<38:45,  1.16s/step]Training:  83%|████████▎ | 10000/12000 [3:24:28<39:03,  1.17s/step]INFO 2026-09-16 07:18:33 ot_train.py:670 step:10K smpl:640K ep:8K epch:23.56 loss:0.044 grdn:0.771 lr:9.7e-06 updt_s:0.959 data_s:0.038 smp/s:64 mem_gb:14.29 losses_after_forward:0.050 losses_after_in_ep_bound:0.031 losses_after_rm_padding:0.031
INFO 2026-09-16 07:18:33 ot_train.py:716 Checkpoint policy after step 10000
Training:  83%|████████▎ | 10001/12000 [3:24:56<5:07:54,  9.24s/step]Training:  83%|████████▎ | 10002/12000 [3:24:57<3:46:53,  6.81s/step]Training:  83%|████████▎ | 10003/12000 [3:24:58<2:50:12,  5.11s/step]Training:  83%|████████▎ | 10004/12000 [3:24:59<2:10:33,  3.92s/step]Training:  83%|████████▎ | 10005/12000 [3:25:00<1:42:48,  3.09s/step]Training:  83%|████████▎ | 10006/12000 [3:25:02<1:23:24,  2.51s/step]Training:  83%|████████▎ | 10007/12000 [3:25:03<1:09:49,  2.10s/step]Training:  83%|████████▎ | 10008/12000 [3:25:04<1:00:24,  1.82s/step]Training:  83%|████████▎ | 10009/12000 [3:25:05<53:49,  1.62s/step]  Training:  83%|████████▎ | 10010/12000 [3:25:06<49:11,  1.48s/step]Training:  83%|████████▎ | 10011/12000 [3:25:07<46:10,  1.39s/step]Training:  83%|████████▎ | 10012/12000 [3:25:08<43:48,  1.32s/step]Training:  83%|████████▎ | 10013/12000 [3:25:10<42:04,  1.27s/step]Training:  83%|████████▎ | 10014/12000 [3:25:11<40:52,  1.23s/step]Training:  83%|████████▎ | 10015/12000 [3:25:12<40:00,  1.21s/step]Training:  83%|████████▎ | 10016/12000 [3:25:13<39:24,  1.19s/step]Training:  83%|████████▎ | 10017/12000 [3:25:14<39:06,  1.18s/step]Training:  83%|████████▎ | 10018/12000 [3:25:15<38:45,  1.17s/step]Training:  83%|████████▎ | 10019/12000 [3:25:17<38:31,  1.17s/step]Training:  84%|████████▎ | 10020/12000 [3:25:18<38:20,  1.16s/step]Training:  84%|████████▎ | 10021/12000 [3:25:19<38:12,  1.16s/step]Training:  84%|████████▎ | 10022/12000 [3:25:20<38:07,  1.16s/step]Training:  84%|████████▎ | 10023/12000 [3:25:21<38:09,  1.16s/step]Training:  84%|████████▎ | 10024/12000 [3:25:22<38:04,  1.16s/step]Training:  84%|████████▎ | 10025/12000 [3:25:23<38:01,  1.16s/step]Training:  84%|████████▎ | 10026/12000 [3:25:25<38:07,  1.16s/step]Training:  84%|████████▎ | 10027/12000 [3:25:26<38:22,  1.17s/step]Training:  84%|████████▎ | 10028/12000 [3:25:27<38:23,  1.17s/step]Training:  84%|████████▎ | 10029/12000 [3:25:28<38:34,  1.17s/step]Training:  84%|████████▎ | 10030/12000 [3:25:29<38:27,  1.17s/step]Training:  84%|████████▎ | 10031/12000 [3:25:31<38:14,  1.17s/step]Training:  84%|████████▎ | 10032/12000 [3:25:32<38:07,  1.16s/step]Training:  84%|████████▎ | 10033/12000 [3:25:33<38:01,  1.16s/step]Training:  84%|████████▎ | 10034/12000 [3:25:34<37:56,  1.16s/step]Training:  84%|████████▎ | 10035/12000 [3:25:35<37:52,  1.16s/step]Training:  84%|████████▎ | 10036/12000 [3:25:36<37:48,  1.16s/step]Training:  84%|████████▎ | 10037/12000 [3:25:37<37:47,  1.16s/step]Training:  84%|████████▎ | 10038/12000 [3:25:39<37:55,  1.16s/step]Training:  84%|████████▎ | 10039/12000 [3:25:40<38:03,  1.16s/step]Training:  84%|████████▎ | 10040/12000 [3:25:41<38:06,  1.17s/step]Training:  84%|████████▎ | 10041/12000 [3:25:42<38:05,  1.17s/step]Training:  84%|████████▎ | 10042/12000 [3:25:43<38:08,  1.17s/step]Training:  84%|████████▎ | 10043/12000 [3:25:44<38:05,  1.17s/step]Training:  84%|████████▎ | 10044/12000 [3:25:46<37:59,  1.17s/step]Training:  84%|████████▎ | 10045/12000 [3:25:47<37:54,  1.16s/step]Training:  84%|████████▎ | 10046/12000 [3:25:48<37:47,  1.16s/step]Training:  84%|████████▎ | 10047/12000 [3:25:49<37:41,  1.16s/step]Training:  84%|████████▎ | 10048/12000 [3:25:50<37:38,  1.16s/step]Training:  84%|████████▎ | 10049/12000 [3:25:51<37:35,  1.16s/step]Training:  84%|████████▍ | 10050/12000 [3:25:53<37:32,  1.16s/step]Training:  84%|████████▍ | 10051/12000 [3:25:54<37:30,  1.15s/step]Training:  84%|████████▍ | 10052/12000 [3:25:55<37:36,  1.16s/step]Training:  84%|████████▍ | 10053/12000 [3:25:56<37:40,  1.16s/step]Training:  84%|████████▍ | 10054/12000 [3:25:57<37:51,  1.17s/step]Training:  84%|████████▍ | 10055/12000 [3:25:58<38:03,  1.17s/step]Training:  84%|████████▍ | 10056/12000 [3:26:00<38:00,  1.17s/step]Training:  84%|████████▍ | 10057/12000 [3:26:01<37:51,  1.17s/step]Training:  84%|████████▍ | 10058/12000 [3:26:02<37:42,  1.16s/step]Training:  84%|████████▍ | 10059/12000 [3:26:03<37:34,  1.16s/step]Training:  84%|████████▍ | 10060/12000 [3:26:04<37:29,  1.16s/step]Training:  84%|████████▍ | 10061/12000 [3:26:05<37:26,  1.16s/step]Training:  84%|████████▍ | 10062/12000 [3:26:07<37:23,  1.16s/step]Training:  84%|████████▍ | 10063/12000 [3:26:08<37:21,  1.16s/step]Training:  84%|████████▍ | 10064/12000 [3:26:09<37:18,  1.16s/step]Training:  84%|████████▍ | 10065/12000 [3:26:10<37:20,  1.16s/step]Training:  84%|████████▍ | 10066/12000 [3:26:11<37:17,  1.16s/step]Training:  84%|████████▍ | 10067/12000 [3:26:12<37:15,  1.16s/step]Training:  84%|████████▍ | 10068/12000 [3:26:13<37:14,  1.16s/step]Training:  84%|████████▍ | 10069/12000 [3:26:15<37:13,  1.16s/step]Training:  84%|████████▍ | 10070/12000 [3:26:16<37:24,  1.16s/step]Training:  84%|████████▍ | 10071/12000 [3:26:17<37:20,  1.16s/step]Training:  84%|████████▍ | 10072/12000 [3:26:18<37:17,  1.16s/step]Training:  84%|████████▍ | 10073/12000 [3:26:19<37:19,  1.16s/step]Training:  84%|████████▍ | 10074/12000 [3:26:20<37:21,  1.16s/step]Training:  84%|████████▍ | 10075/12000 [3:26:22<37:23,  1.17s/step]Training:  84%|████████▍ | 10076/12000 [3:26:23<37:23,  1.17s/step]Training:  84%|████████▍ | 10077/12000 [3:26:24<37:23,  1.17s/step]Training:  84%|████████▍ | 10078/12000 [3:26:25<37:44,  1.18s/step]Training:  84%|████████▍ | 10079/12000 [3:26:26<37:47,  1.18s/step]Training:  84%|████████▍ | 10080/12000 [3:26:28<38:07,  1.19s/step]Training:  84%|████████▍ | 10081/12000 [3:26:29<37:58,  1.19s/step]Training:  84%|████████▍ | 10082/12000 [3:26:30<37:39,  1.18s/step]Training:  84%|████████▍ | 10083/12000 [3:26:31<37:25,  1.17s/step]Training:  84%|████████▍ | 10084/12000 [3:26:32<37:24,  1.17s/step]Training:  84%|████████▍ | 10085/12000 [3:26:33<37:15,  1.17s/step]Training:  84%|████████▍ | 10086/12000 [3:26:35<37:16,  1.17s/step]Training:  84%|████████▍ | 10087/12000 [3:26:36<37:08,  1.17s/step]Training:  84%|████████▍ | 10088/12000 [3:26:37<37:02,  1.16s/step]Training:  84%|████████▍ | 10089/12000 [3:26:38<36:58,  1.16s/step]Training:  84%|████████▍ | 10090/12000 [3:26:39<36:53,  1.16s/step]Training:  84%|████████▍ | 10091/12000 [3:26:40<36:50,  1.16s/step]Training:  84%|████████▍ | 10092/12000 [3:26:41<36:48,  1.16s/step]Training:  84%|████████▍ | 10093/12000 [3:26:43<36:48,  1.16s/step]Training:  84%|████████▍ | 10094/12000 [3:26:44<36:46,  1.16s/step]Training:  84%|████████▍ | 10095/12000 [3:26:45<36:44,  1.16s/step]Training:  84%|████████▍ | 10096/12000 [3:26:46<36:45,  1.16s/step]Training:  84%|████████▍ | 10097/12000 [3:26:47<36:50,  1.16s/step]Training:  84%|████████▍ | 10098/12000 [3:26:48<36:48,  1.16s/step]Training:  84%|████████▍ | 10099/12000 [3:26:50<36:46,  1.16s/step]Training:  84%|████████▍ | 10100/12000 [3:26:51<36:53,  1.16s/step]Training:  84%|████████▍ | 10101/12000 [3:26:52<36:51,  1.16s/step]Training:  84%|████████▍ | 10102/12000 [3:26:53<36:55,  1.17s/step]Training:  84%|████████▍ | 10103/12000 [3:26:54<36:58,  1.17s/step]Training:  84%|████████▍ | 10104/12000 [3:26:55<37:10,  1.18s/step]Training:  84%|████████▍ | 10105/12000 [3:26:57<37:10,  1.18s/step]Training:  84%|████████▍ | 10106/12000 [3:26:58<37:04,  1.17s/step]Training:  84%|████████▍ | 10107/12000 [3:26:59<36:59,  1.17s/step]Training:  84%|████████▍ | 10108/12000 [3:27:00<36:58,  1.17s/step]Training:  84%|████████▍ | 10109/12000 [3:27:01<37:02,  1.18s/step]Training:  84%|████████▍ | 10110/12000 [3:27:03<36:56,  1.17s/step]Training:  84%|████████▍ | 10111/12000 [3:27:04<36:48,  1.17s/step]Training:  84%|████████▍ | 10112/12000 [3:27:05<36:47,  1.17s/step]Training:  84%|████████▍ | 10113/12000 [3:27:06<36:41,  1.17s/step]Training:  84%|████████▍ | 10114/12000 [3:27:07<36:35,  1.16s/step]Training:  84%|████████▍ | 10115/12000 [3:27:08<36:31,  1.16s/step]Training:  84%|████████▍ | 10116/12000 [3:27:09<36:27,  1.16s/step]Training:  84%|████████▍ | 10117/12000 [3:27:11<36:24,  1.16s/step]Training:  84%|████████▍ | 10118/12000 [3:27:12<36:23,  1.16s/step]Training:  84%|████████▍ | 10119/12000 [3:27:13<36:21,  1.16s/step]Training:  84%|████████▍ | 10120/12000 [3:27:14<36:20,  1.16s/step]Training:  84%|████████▍ | 10121/12000 [3:27:15<36:19,  1.16s/step]Training:  84%|████████▍ | 10122/12000 [3:27:16<36:19,  1.16s/step]Training:  84%|████████▍ | 10123/12000 [3:27:18<36:19,  1.16s/step]Training:  84%|████████▍ | 10124/12000 [3:27:19<36:18,  1.16s/step]Training:  84%|████████▍ | 10125/12000 [3:27:20<36:21,  1.16s/step]Training:  84%|████████▍ | 10126/12000 [3:27:21<36:48,  1.18s/step]Training:  84%|████████▍ | 10127/12000 [3:27:22<36:54,  1.18s/step]Training:  84%|████████▍ | 10128/12000 [3:27:24<36:48,  1.18s/step]Training:  84%|████████▍ | 10129/12000 [3:27:25<36:37,  1.17s/step]Training:  84%|████████▍ | 10130/12000 [3:27:26<36:27,  1.17s/step]Training:  84%|████████▍ | 10131/12000 [3:27:27<36:21,  1.17s/step]Training:  84%|████████▍ | 10132/12000 [3:27:28<36:20,  1.17s/step]Training:  84%|████████▍ | 10133/12000 [3:27:29<36:15,  1.17s/step]Training:  84%|████████▍ | 10134/12000 [3:27:30<36:11,  1.16s/step]Training:  84%|████████▍ | 10135/12000 [3:27:32<36:08,  1.16s/step]Training:  84%|████████▍ | 10136/12000 [3:27:33<36:04,  1.16s/step]Training:  84%|████████▍ | 10137/12000 [3:27:34<36:11,  1.17s/step]Training:  84%|████████▍ | 10138/12000 [3:27:35<36:12,  1.17s/step]Training:  84%|████████▍ | 10139/12000 [3:27:36<36:15,  1.17s/step]Training:  84%|████████▍ | 10140/12000 [3:27:37<36:12,  1.17s/step]Training:  85%|████████▍ | 10141/12000 [3:27:39<36:11,  1.17s/step]Training:  85%|████████▍ | 10142/12000 [3:27:40<36:08,  1.17s/step]Training:  85%|████████▍ | 10143/12000 [3:27:41<36:02,  1.16s/step]Training:  85%|████████▍ | 10144/12000 [3:27:42<35:58,  1.16s/step]Training:  85%|████████▍ | 10145/12000 [3:27:43<35:55,  1.16s/step]Training:  85%|████████▍ | 10146/12000 [3:27:44<35:52,  1.16s/step]Training:  85%|████████▍ | 10147/12000 [3:27:46<35:51,  1.16s/step]Training:  85%|████████▍ | 10148/12000 [3:27:47<35:52,  1.16s/step]Training:  85%|████████▍ | 10149/12000 [3:27:48<36:04,  1.17s/step]Training:  85%|████████▍ | 10150/12000 [3:27:49<36:07,  1.17s/step]Training:  85%|████████▍ | 10151/12000 [3:27:50<36:20,  1.18s/step]Training:  85%|████████▍ | 10152/12000 [3:27:51<36:08,  1.17s/step]Training:  85%|████████▍ | 10153/12000 [3:27:53<35:59,  1.17s/step]Training:  85%|████████▍ | 10154/12000 [3:27:54<35:52,  1.17s/step]Training:  85%|████████▍ | 10155/12000 [3:27:55<35:48,  1.16s/step]Training:  85%|████████▍ | 10156/12000 [3:27:56<35:44,  1.16s/step]Training:  85%|████████▍ | 10157/12000 [3:27:57<35:40,  1.16s/step]Training:  85%|████████▍ | 10158/12000 [3:27:58<35:37,  1.16s/step]Training:  85%|████████▍ | 10159/12000 [3:28:00<35:36,  1.16s/step]Training:  85%|████████▍ | 10160/12000 [3:28:01<35:33,  1.16s/step]Training:  85%|████████▍ | 10161/12000 [3:28:02<35:41,  1.16s/step]Training:  85%|████████▍ | 10162/12000 [3:28:03<35:37,  1.16s/step]Training:  85%|████████▍ | 10163/12000 [3:28:04<35:34,  1.16s/step]Training:  85%|████████▍ | 10164/12000 [3:28:05<35:31,  1.16s/step]Training:  85%|████████▍ | 10165/12000 [3:28:07<35:30,  1.16s/step]Training:  85%|████████▍ | 10166/12000 [3:28:08<35:28,  1.16s/step]Training:  85%|████████▍ | 10167/12000 [3:28:09<35:27,  1.16s/step]Training:  85%|████████▍ | 10168/12000 [3:28:10<35:25,  1.16s/step]Training:  85%|████████▍ | 10169/12000 [3:28:11<35:24,  1.16s/step]Training:  85%|████████▍ | 10170/12000 [3:28:12<35:24,  1.16s/step]Training:  85%|████████▍ | 10171/12000 [3:28:14<35:31,  1.17s/step]Training:  85%|████████▍ | 10172/12000 [3:28:15<35:35,  1.17s/step]Training:  85%|████████▍ | 10173/12000 [3:28:16<35:54,  1.18s/step]Training:  85%|████████▍ | 10174/12000 [3:28:17<36:08,  1.19s/step]Training:  85%|████████▍ | 10175/12000 [3:28:18<35:58,  1.18s/step]Training:  85%|████████▍ | 10176/12000 [3:28:19<35:44,  1.18s/step]Training:  85%|████████▍ | 10177/12000 [3:28:21<35:36,  1.17s/step]Training:  85%|████████▍ | 10178/12000 [3:28:22<35:28,  1.17s/step]Training:  85%|████████▍ | 10179/12000 [3:28:23<35:22,  1.17s/step]Training:  85%|████████▍ | 10180/12000 [3:28:24<35:17,  1.16s/step]Training:  85%|████████▍ | 10181/12000 [3:28:25<35:14,  1.16s/step]Training:  85%|████████▍ | 10182/12000 [3:28:26<35:11,  1.16s/step]Training:  85%|████████▍ | 10183/12000 [3:28:28<35:09,  1.16s/step]Training:  85%|████████▍ | 10184/12000 [3:28:29<35:16,  1.17s/step]Training:  85%|████████▍ | 10185/12000 [3:28:30<35:13,  1.16s/step]Training:  85%|████████▍ | 10186/12000 [3:28:31<35:10,  1.16s/step]Training:  85%|████████▍ | 10187/12000 [3:28:32<35:06,  1.16s/step]Training:  85%|████████▍ | 10188/12000 [3:28:33<35:03,  1.16s/step]Training:  85%|████████▍ | 10189/12000 [3:28:35<35:01,  1.16s/step]Training:  85%|████████▍ | 10190/12000 [3:28:36<34:59,  1.16s/step]Training:  85%|████████▍ | 10191/12000 [3:28:37<34:58,  1.16s/step]Training:  85%|████████▍ | 10192/12000 [3:28:38<34:57,  1.16s/step]Training:  85%|████████▍ | 10193/12000 [3:28:39<34:56,  1.16s/step]Training:  85%|████████▍ | 10194/12000 [3:28:40<34:54,  1.16s/step]Training:  85%|████████▍ | 10195/12000 [3:28:42<34:53,  1.16s/step]Training:  85%|████████▍ | 10196/12000 [3:28:43<35:02,  1.17s/step]Training:  85%|████████▍ | 10197/12000 [3:28:44<35:13,  1.17s/step]Training:  85%|████████▍ | 10198/12000 [3:28:45<35:26,  1.18s/step]Training:  85%|████████▍ | 10199/12000 [3:28:46<35:26,  1.18s/step]Training:  85%|████████▌ | 10200/12000 [3:28:47<31:01,  1.03s/step]INFO 2026-09-16 07:22:52 ot_train.py:670 step:10K smpl:653K ep:8K epch:24.03 loss:0.043 grdn:0.730 lr:8.4e-06 updt_s:0.961 data_s:0.038 smp/s:64 mem_gb:14.26 losses_after_forward:0.048 losses_after_in_ep_bound:0.030 losses_after_rm_padding:0.030
Training:  85%|████████▌ | 10201/12000 [3:28:50<49:42,  1.66s/step]Training:  85%|████████▌ | 10202/12000 [3:28:52<47:31,  1.59s/step]Training:  85%|████████▌ | 10203/12000 [3:28:53<45:10,  1.51s/step]Training:  85%|████████▌ | 10204/12000 [3:28:54<43:12,  1.44s/step]Training:  85%|████████▌ | 10205/12000 [3:28:55<40:45,  1.36s/step]Training:  85%|████████▌ | 10206/12000 [3:28:56<38:59,  1.30s/step]Training:  85%|████████▌ | 10207/12000 [3:28:58<37:47,  1.26s/step]Training:  85%|████████▌ | 10208/12000 [3:28:59<37:00,  1.24s/step]Training:  85%|████████▌ | 10209/12000 [3:29:00<36:17,  1.22s/step]Training:  85%|████████▌ | 10210/12000 [3:29:01<35:49,  1.20s/step]Training:  85%|████████▌ | 10211/12000 [3:29:02<35:33,  1.19s/step]Training:  85%|████████▌ | 10212/12000 [3:29:03<35:15,  1.18s/step]Training:  85%|████████▌ | 10213/12000 [3:29:05<35:03,  1.18s/step]Training:  85%|████████▌ | 10214/12000 [3:29:06<34:54,  1.17s/step]Training:  85%|████████▌ | 10215/12000 [3:29:07<34:47,  1.17s/step]Training:  85%|████████▌ | 10216/12000 [3:29:08<34:42,  1.17s/step]Training:  85%|████████▌ | 10217/12000 [3:29:09<34:47,  1.17s/step]Training:  85%|████████▌ | 10218/12000 [3:29:10<34:54,  1.18s/step]Training:  85%|████████▌ | 10219/12000 [3:29:12<34:45,  1.17s/step]Training:  85%|████████▌ | 10220/12000 [3:29:13<34:39,  1.17s/step]Training:  85%|████████▌ | 10221/12000 [3:29:14<34:42,  1.17s/step]Training:  85%|████████▌ | 10222/12000 [3:29:15<34:37,  1.17s/step]Training:  85%|████████▌ | 10223/12000 [3:29:16<34:39,  1.17s/step]Training:  85%|████████▌ | 10224/12000 [3:29:18<34:58,  1.18s/step]Training:  85%|████████▌ | 10225/12000 [3:29:19<35:09,  1.19s/step]Training:  85%|████████▌ | 10226/12000 [3:29:20<35:02,  1.18s/step]Training:  85%|████████▌ | 10227/12000 [3:29:21<34:56,  1.18s/step]Training:  85%|████████▌ | 10228/12000 [3:29:22<34:44,  1.18s/step]Training:  85%|████████▌ | 10229/12000 [3:29:23<34:35,  1.17s/step]Training:  85%|████████▌ | 10230/12000 [3:29:25<34:29,  1.17s/step]Training:  85%|████████▌ | 10231/12000 [3:29:26<34:23,  1.17s/step]Training:  85%|████████▌ | 10232/12000 [3:29:27<34:19,  1.16s/step]Training:  85%|████████▌ | 10233/12000 [3:29:28<34:27,  1.17s/step]Training:  85%|████████▌ | 10234/12000 [3:29:29<34:29,  1.17s/step]Training:  85%|████████▌ | 10235/12000 [3:29:30<34:28,  1.17s/step]Training:  85%|████████▌ | 10236/12000 [3:29:32<34:28,  1.17s/step]Training:  85%|████████▌ | 10237/12000 [3:29:33<34:32,  1.18s/step]Training:  85%|████████▌ | 10238/12000 [3:29:34<34:35,  1.18s/step]Training:  85%|████████▌ | 10239/12000 [3:29:35<34:25,  1.17s/step]Training:  85%|████████▌ | 10240/12000 [3:29:36<34:18,  1.17s/step]Training:  85%|████████▌ | 10241/12000 [3:29:37<34:12,  1.17s/step]Training:  85%|████████▌ | 10242/12000 [3:29:39<34:09,  1.17s/step]Training:  85%|████████▌ | 10243/12000 [3:29:40<34:13,  1.17s/step]Training:  85%|████████▌ | 10244/12000 [3:29:41<34:14,  1.17s/step]Training:  85%|████████▌ | 10245/12000 [3:29:42<34:28,  1.18s/step]Training:  85%|████████▌ | 10246/12000 [3:29:43<34:39,  1.19s/step]Training:  85%|████████▌ | 10247/12000 [3:29:45<34:28,  1.18s/step]Training:  85%|████████▌ | 10248/12000 [3:29:46<34:17,  1.17s/step]Training:  85%|████████▌ | 10249/12000 [3:29:47<34:09,  1.17s/step]Training:  85%|████████▌ | 10250/12000 [3:29:48<34:13,  1.17s/step]Training:  85%|████████▌ | 10251/12000 [3:29:49<34:06,  1.17s/step]Training:  85%|████████▌ | 10252/12000 [3:29:50<34:00,  1.17s/step]Training:  85%|████████▌ | 10253/12000 [3:29:52<33:57,  1.17s/step]Training:  85%|████████▌ | 10254/12000 [3:29:53<33:55,  1.17s/step]Training:  85%|████████▌ | 10255/12000 [3:29:54<33:54,  1.17s/step]Training:  85%|████████▌ | 10256/12000 [3:29:55<33:59,  1.17s/step]Training:  85%|████████▌ | 10257/12000 [3:29:56<33:55,  1.17s/step]Training:  85%|████████▌ | 10258/12000 [3:29:57<33:53,  1.17s/step]Training:  85%|████████▌ | 10259/12000 [3:29:59<33:49,  1.17s/step]Training:  86%|████████▌ | 10260/12000 [3:30:00<33:46,  1.16s/step]Training:  86%|████████▌ | 10261/12000 [3:30:01<33:44,  1.16s/step]Training:  86%|████████▌ | 10262/12000 [3:30:02<33:42,  1.16s/step]Training:  86%|████████▌ | 10263/12000 [3:30:03<33:41,  1.16s/step]Training:  86%|████████▌ | 10264/12000 [3:30:04<33:39,  1.16s/step]Training:  86%|████████▌ | 10265/12000 [3:30:06<33:38,  1.16s/step]Training:  86%|████████▌ | 10266/12000 [3:30:07<33:44,  1.17s/step]Training:  86%|████████▌ | 10267/12000 [3:30:08<34:00,  1.18s/step]Training:  86%|████████▌ | 10268/12000 [3:30:09<34:17,  1.19s/step]Training:  86%|████████▌ | 10269/12000 [3:30:10<34:09,  1.18s/step]Training:  86%|████████▌ | 10270/12000 [3:30:11<34:02,  1.18s/step]Training:  86%|████████▌ | 10271/12000 [3:30:13<33:58,  1.18s/step]Training:  86%|████████▌ | 10272/12000 [3:30:14<33:50,  1.17s/step]Training:  86%|████████▌ | 10273/12000 [3:30:15<33:42,  1.17s/step]Training:  86%|████████▌ | 10274/12000 [3:30:16<33:38,  1.17s/step]Training:  86%|████████▌ | 10275/12000 [3:30:17<33:34,  1.17s/step]Training:  86%|████████▌ | 10276/12000 [3:30:18<33:30,  1.17s/step]Training:  86%|████████▌ | 10277/12000 [3:30:20<33:28,  1.17s/step]Training:  86%|████████▌ | 10278/12000 [3:30:21<33:33,  1.17s/step]Training:  86%|████████▌ | 10279/12000 [3:30:22<33:41,  1.17s/step]Training:  86%|████████▌ | 10280/12000 [3:30:23<33:34,  1.17s/step]Training:  86%|████████▌ | 10281/12000 [3:30:24<33:29,  1.17s/step]Training:  86%|████████▌ | 10282/12000 [3:30:25<33:31,  1.17s/step]Training:  86%|████████▌ | 10283/12000 [3:30:27<33:26,  1.17s/step]Training:  86%|████████▌ | 10284/12000 [3:30:28<33:22,  1.17s/step]Training:  86%|████████▌ | 10285/12000 [3:30:29<33:18,  1.17s/step]Training:  86%|████████▌ | 10286/12000 [3:30:30<33:16,  1.16s/step]Training:  86%|████████▌ | 10287/12000 [3:30:31<33:15,  1.16s/step]Training:  86%|████████▌ | 10288/12000 [3:30:32<33:36,  1.18s/step]Training:  86%|████████▌ | 10289/12000 [3:30:34<33:39,  1.18s/step]Training:  86%|████████▌ | 10290/12000 [3:30:35<33:45,  1.18s/step]Training:  86%|████████▌ | 10291/12000 [3:30:36<33:41,  1.18s/step]Training:  86%|████████▌ | 10292/12000 [3:30:37<33:29,  1.18s/step]Training:  86%|████████▌ | 10293/12000 [3:30:38<33:20,  1.17s/step]Training:  86%|████████▌ | 10294/12000 [3:30:40<33:26,  1.18s/step]Training:  86%|████████▌ | 10295/12000 [3:30:41<33:27,  1.18s/step]Training:  86%|████████▌ | 10296/12000 [3:30:42<33:19,  1.17s/step]Training:  86%|████████▌ | 10297/12000 [3:30:43<33:13,  1.17s/step]Training:  86%|████████▌ | 10298/12000 [3:30:44<33:24,  1.18s/step]Training:  86%|████████▌ | 10299/12000 [3:30:45<33:20,  1.18s/step]Training:  86%|████████▌ | 10300/12000 [3:30:47<33:18,  1.18s/step]Training:  86%|████████▌ | 10301/12000 [3:30:48<33:15,  1.17s/step]Training:  86%|████████▌ | 10302/12000 [3:30:49<33:14,  1.17s/step]Training:  86%|████████▌ | 10303/12000 [3:30:50<33:07,  1.17s/step]Training:  86%|████████▌ | 10304/12000 [3:30:51<33:02,  1.17s/step]Training:  86%|████████▌ | 10305/12000 [3:30:52<32:58,  1.17s/step]Training:  86%|████████▌ | 10306/12000 [3:30:54<32:56,  1.17s/step]Training:  86%|████████▌ | 10307/12000 [3:30:55<32:54,  1.17s/step]Training:  86%|████████▌ | 10308/12000 [3:30:56<32:59,  1.17s/step]Training:  86%|████████▌ | 10309/12000 [3:30:57<33:09,  1.18s/step]Training:  86%|████████▌ | 10310/12000 [3:30:58<33:20,  1.18s/step]Training:  86%|████████▌ | 10311/12000 [3:31:00<33:12,  1.18s/step]Training:  86%|████████▌ | 10312/12000 [3:31:01<33:02,  1.17s/step]Training:  86%|████████▌ | 10313/12000 [3:31:02<32:55,  1.17s/step]Training:  86%|████████▌ | 10314/12000 [3:31:03<32:50,  1.17s/step]Training:  86%|████████▌ | 10315/12000 [3:31:04<32:45,  1.17s/step]Training:  86%|████████▌ | 10316/12000 [3:31:05<32:45,  1.17s/step]Training:  86%|████████▌ | 10317/12000 [3:31:07<32:42,  1.17s/step]Training:  86%|████████▌ | 10318/12000 [3:31:08<32:41,  1.17s/step]Training:  86%|████████▌ | 10319/12000 [3:31:09<32:43,  1.17s/step]Training:  86%|████████▌ | 10320/12000 [3:31:10<32:40,  1.17s/step]Training:  86%|████████▌ | 10321/12000 [3:31:11<32:39,  1.17s/step]Training:  86%|████████▌ | 10322/12000 [3:31:12<32:38,  1.17s/step]Training:  86%|████████▌ | 10323/12000 [3:31:14<32:36,  1.17s/step]Training:  86%|████████▌ | 10324/12000 [3:31:15<32:35,  1.17s/step]Training:  86%|████████▌ | 10325/12000 [3:31:16<32:37,  1.17s/step]Training:  86%|████████▌ | 10326/12000 [3:31:17<32:35,  1.17s/step]Training:  86%|████████▌ | 10327/12000 [3:31:18<32:33,  1.17s/step]Training:  86%|████████▌ | 10328/12000 [3:31:19<32:32,  1.17s/step]Training:  86%|████████▌ | 10329/12000 [3:31:21<32:31,  1.17s/step]Training:  86%|████████▌ | 10330/12000 [3:31:22<32:34,  1.17s/step]Training:  86%|████████▌ | 10331/12000 [3:31:23<32:50,  1.18s/step]Training:  86%|████████▌ | 10332/12000 [3:31:24<33:11,  1.19s/step]Training:  86%|████████▌ | 10333/12000 [3:31:25<33:08,  1.19s/step]Training:  86%|████████▌ | 10334/12000 [3:31:26<32:59,  1.19s/step]Training:  86%|████████▌ | 10335/12000 [3:31:28<32:51,  1.18s/step]Training:  86%|████████▌ | 10336/12000 [3:31:29<32:40,  1.18s/step]Training:  86%|████████▌ | 10337/12000 [3:31:30<32:33,  1.17s/step]Training:  86%|████████▌ | 10338/12000 [3:31:31<32:29,  1.17s/step]Training:  86%|████████▌ | 10339/12000 [3:31:32<32:25,  1.17s/step]Training:  86%|████████▌ | 10340/12000 [3:31:34<32:21,  1.17s/step]Training:  86%|████████▌ | 10341/12000 [3:31:35<32:18,  1.17s/step]Training:  86%|████████▌ | 10342/12000 [3:31:36<32:16,  1.17s/step]Training:  86%|████████▌ | 10343/12000 [3:31:37<32:15,  1.17s/step]Training:  86%|████████▌ | 10344/12000 [3:31:38<32:12,  1.17s/step]Training:  86%|████████▌ | 10345/12000 [3:31:39<32:14,  1.17s/step]Training:  86%|████████▌ | 10346/12000 [3:31:41<32:22,  1.17s/step]Training:  86%|████████▌ | 10347/12000 [3:31:42<32:17,  1.17s/step]Training:  86%|████████▌ | 10348/12000 [3:31:43<32:13,  1.17s/step]Training:  86%|████████▌ | 10349/12000 [3:31:44<32:10,  1.17s/step]Training:  86%|████████▋ | 10350/12000 [3:31:45<32:19,  1.18s/step]Training:  86%|████████▋ | 10351/12000 [3:31:46<32:25,  1.18s/step]Training:  86%|████████▋ | 10352/12000 [3:31:48<32:44,  1.19s/step]Training:  86%|████████▋ | 10353/12000 [3:31:49<32:30,  1.18s/step]Training:  86%|████████▋ | 10354/12000 [3:31:50<32:21,  1.18s/step]Training:  86%|████████▋ | 10355/12000 [3:31:51<32:13,  1.18s/step]Training:  86%|████████▋ | 10356/12000 [3:31:52<32:08,  1.17s/step]Training:  86%|████████▋ | 10357/12000 [3:31:53<32:03,  1.17s/step]Training:  86%|████████▋ | 10358/12000 [3:31:55<32:01,  1.17s/step]Training:  86%|████████▋ | 10359/12000 [3:31:56<31:58,  1.17s/step]Training:  86%|████████▋ | 10360/12000 [3:31:57<31:55,  1.17s/step]Training:  86%|████████▋ | 10361/12000 [3:31:58<31:54,  1.17s/step]Training:  86%|████████▋ | 10362/12000 [3:31:59<31:53,  1.17s/step]Training:  86%|████████▋ | 10363/12000 [3:32:00<31:54,  1.17s/step]Training:  86%|████████▋ | 10364/12000 [3:32:02<31:55,  1.17s/step]Training:  86%|████████▋ | 10365/12000 [3:32:03<32:09,  1.18s/step]Training:  86%|████████▋ | 10366/12000 [3:32:04<32:07,  1.18s/step]Training:  86%|████████▋ | 10367/12000 [3:32:05<32:04,  1.18s/step]Training:  86%|████████▋ | 10368/12000 [3:32:06<31:59,  1.18s/step]Training:  86%|████████▋ | 10369/12000 [3:32:08<31:52,  1.17s/step]Training:  86%|████████▋ | 10370/12000 [3:32:09<31:54,  1.17s/step]Training:  86%|████████▋ | 10371/12000 [3:32:10<32:06,  1.18s/step]Training:  86%|████████▋ | 10372/12000 [3:32:11<32:22,  1.19s/step]Training:  86%|████████▋ | 10373/12000 [3:32:12<32:08,  1.19s/step]Training:  86%|████████▋ | 10374/12000 [3:32:13<31:59,  1.18s/step]Training:  86%|████████▋ | 10375/12000 [3:32:15<31:56,  1.18s/step]Training:  86%|████████▋ | 10376/12000 [3:32:16<31:58,  1.18s/step]Training:  86%|████████▋ | 10377/12000 [3:32:17<31:50,  1.18s/step]Training:  86%|████████▋ | 10378/12000 [3:32:18<31:45,  1.17s/step]Training:  86%|████████▋ | 10379/12000 [3:32:19<31:39,  1.17s/step]Training:  86%|████████▋ | 10380/12000 [3:32:21<31:35,  1.17s/step]Training:  87%|████████▋ | 10381/12000 [3:32:22<31:32,  1.17s/step]Training:  87%|████████▋ | 10382/12000 [3:32:23<31:29,  1.17s/step]Training:  87%|████████▋ | 10383/12000 [3:32:24<31:28,  1.17s/step]Training:  87%|████████▋ | 10384/12000 [3:32:25<31:26,  1.17s/step]Training:  87%|████████▋ | 10385/12000 [3:32:26<31:23,  1.17s/step]Training:  87%|████████▋ | 10386/12000 [3:32:27<31:23,  1.17s/step]Training:  87%|████████▋ | 10387/12000 [3:32:29<31:22,  1.17s/step]Training:  87%|████████▋ | 10388/12000 [3:32:30<31:20,  1.17s/step]Training:  87%|████████▋ | 10389/12000 [3:32:31<31:20,  1.17s/step]Training:  87%|████████▋ | 10390/12000 [3:32:32<31:20,  1.17s/step]Training:  87%|████████▋ | 10391/12000 [3:32:33<31:35,  1.18s/step]Training:  87%|████████▋ | 10392/12000 [3:32:35<31:37,  1.18s/step]Training:  87%|████████▋ | 10393/12000 [3:32:36<31:56,  1.19s/step]Training:  87%|████████▋ | 10394/12000 [3:32:37<31:52,  1.19s/step]Training:  87%|████████▋ | 10395/12000 [3:32:38<31:41,  1.18s/step]Training:  87%|████████▋ | 10396/12000 [3:32:39<31:37,  1.18s/step]Training:  87%|████████▋ | 10397/12000 [3:32:40<31:33,  1.18s/step]Training:  87%|████████▋ | 10398/12000 [3:32:42<31:35,  1.18s/step]Training:  87%|████████▋ | 10399/12000 [3:32:43<31:42,  1.19s/step]Training:  87%|████████▋ | 10400/12000 [3:32:44<31:35,  1.18s/step]INFO 2026-09-16 07:26:49 ot_train.py:670 step:10K smpl:666K ep:8K epch:24.50 loss:0.043 grdn:0.738 lr:7.3e-06 updt_s:0.973 data_s:0.047 smp/s:63 mem_gb:14.29 losses_after_forward:0.049 losses_after_in_ep_bound:0.030 losses_after_rm_padding:0.030
Training:  87%|████████▋ | 10401/12000 [3:32:45<31:25,  1.18s/step]Training:  87%|████████▋ | 10402/12000 [3:32:46<31:19,  1.18s/step]Training:  87%|████████▋ | 10403/12000 [3:32:48<31:14,  1.17s/step]Training:  87%|████████▋ | 10404/12000 [3:32:49<31:09,  1.17s/step]Training:  87%|████████▋ | 10405/12000 [3:32:50<31:17,  1.18s/step]Training:  87%|████████▋ | 10406/12000 [3:32:51<31:15,  1.18s/step]Training:  87%|████████▋ | 10407/12000 [3:32:52<31:11,  1.17s/step]Training:  87%|████████▋ | 10408/12000 [3:32:53<31:06,  1.17s/step]Training:  87%|████████▋ | 10409/12000 [3:32:55<31:11,  1.18s/step]Training:  87%|████████▋ | 10410/12000 [3:32:56<31:16,  1.18s/step]Training:  87%|████████▋ | 10411/12000 [3:32:57<31:24,  1.19s/step]Training:  87%|████████▋ | 10412/12000 [3:32:58<31:16,  1.18s/step]Training:  87%|████████▋ | 10413/12000 [3:32:59<31:08,  1.18s/step]Training:  87%|████████▋ | 10414/12000 [3:33:01<31:03,  1.17s/step]Training:  87%|████████▋ | 10415/12000 [3:33:02<31:01,  1.17s/step]Training:  87%|████████▋ | 10416/12000 [3:33:03<30:56,  1.17s/step]Training:  87%|████████▋ | 10417/12000 [3:33:04<30:52,  1.17s/step]Training:  87%|████████▋ | 10418/12000 [3:33:05<30:51,  1.17s/step]Training:  87%|████████▋ | 10419/12000 [3:33:06<30:51,  1.17s/step]Training:  87%|████████▋ | 10420/12000 [3:33:08<30:52,  1.17s/step]Training:  87%|████████▋ | 10421/12000 [3:33:09<30:48,  1.17s/step]Training:  87%|████████▋ | 10422/12000 [3:33:10<30:46,  1.17s/step]Training:  87%|████████▋ | 10423/12000 [3:33:11<30:43,  1.17s/step]Training:  87%|████████▋ | 10424/12000 [3:33:12<30:42,  1.17s/step]Training:  87%|████████▋ | 10425/12000 [3:33:13<30:45,  1.17s/step]Training:  87%|████████▋ | 10426/12000 [3:33:15<30:44,  1.17s/step]Training:  87%|████████▋ | 10427/12000 [3:33:16<30:40,  1.17s/step]Training:  87%|████████▋ | 10428/12000 [3:33:17<30:40,  1.17s/step]Training:  87%|████████▋ | 10429/12000 [3:33:18<30:49,  1.18s/step]Training:  87%|████████▋ | 10430/12000 [3:33:19<31:07,  1.19s/step]Training:  87%|████████▋ | 10431/12000 [3:33:21<31:17,  1.20s/step]Training:  87%|████████▋ | 10432/12000 [3:33:22<31:06,  1.19s/step]Training:  87%|████████▋ | 10433/12000 [3:33:23<30:53,  1.18s/step]Training:  87%|████████▋ | 10434/12000 [3:33:24<30:45,  1.18s/step]Training:  87%|████████▋ | 10435/12000 [3:33:25<30:47,  1.18s/step]Training:  87%|████████▋ | 10436/12000 [3:33:26<30:41,  1.18s/step]Training:  87%|████████▋ | 10437/12000 [3:33:28<30:35,  1.17s/step]Training:  87%|████████▋ | 10438/12000 [3:33:29<30:32,  1.17s/step]Training:  87%|████████▋ | 10439/12000 [3:33:30<30:28,  1.17s/step]Training:  87%|████████▋ | 10440/12000 [3:33:31<30:27,  1.17s/step]Training:  87%|████████▋ | 10441/12000 [3:33:32<30:24,  1.17s/step]Training:  87%|████████▋ | 10442/12000 [3:33:33<30:28,  1.17s/step]Training:  87%|████████▋ | 10443/12000 [3:33:35<30:23,  1.17s/step]Training:  87%|████████▋ | 10444/12000 [3:33:36<30:22,  1.17s/step]Training:  87%|████████▋ | 10445/12000 [3:33:37<30:28,  1.18s/step]Training:  87%|████████▋ | 10446/12000 [3:33:38<30:24,  1.17s/step]Training:  87%|████████▋ | 10447/12000 [3:33:39<30:26,  1.18s/step]Training:  87%|████████▋ | 10448/12000 [3:33:40<30:30,  1.18s/step]Training:  87%|████████▋ | 10449/12000 [3:33:42<30:26,  1.18s/step]Training:  87%|████████▋ | 10450/12000 [3:33:43<30:35,  1.18s/step]Training:  87%|████████▋ | 10451/12000 [3:33:44<30:51,  1.20s/step]Training:  87%|████████▋ | 10452/12000 [3:33:45<30:37,  1.19s/step]Training:  87%|████████▋ | 10453/12000 [3:33:46<30:29,  1.18s/step]Training:  87%|████████▋ | 10454/12000 [3:33:48<30:21,  1.18s/step]Training:  87%|████████▋ | 10455/12000 [3:33:49<30:15,  1.17s/step]Training:  87%|████████▋ | 10456/12000 [3:33:50<30:09,  1.17s/step]Training:  87%|████████▋ | 10457/12000 [3:33:51<30:12,  1.17s/step]Training:  87%|████████▋ | 10458/12000 [3:33:52<30:07,  1.17s/step]Training:  87%|████████▋ | 10459/12000 [3:33:53<30:03,  1.17s/step]Training:  87%|████████▋ | 10460/12000 [3:33:55<30:02,  1.17s/step]Training:  87%|████████▋ | 10461/12000 [3:33:56<30:04,  1.17s/step]Training:  87%|████████▋ | 10462/12000 [3:33:57<30:05,  1.17s/step]Training:  87%|████████▋ | 10463/12000 [3:33:58<30:07,  1.18s/step]Training:  87%|████████▋ | 10464/12000 [3:33:59<30:05,  1.18s/step]Training:  87%|████████▋ | 10465/12000 [3:34:00<30:00,  1.17s/step]Training:  87%|████████▋ | 10466/12000 [3:34:02<29:57,  1.17s/step]Training:  87%|████████▋ | 10467/12000 [3:34:03<30:01,  1.18s/step]Training:  87%|████████▋ | 10468/12000 [3:34:04<29:56,  1.17s/step]Training:  87%|████████▋ | 10469/12000 [3:34:05<29:59,  1.18s/step]Training:  87%|████████▋ | 10470/12000 [3:34:06<30:10,  1.18s/step]Training:  87%|████████▋ | 10471/12000 [3:34:08<30:23,  1.19s/step]Training:  87%|████████▋ | 10472/12000 [3:34:09<30:10,  1.18s/step]Training:  87%|████████▋ | 10473/12000 [3:34:10<30:01,  1.18s/step]Training:  87%|████████▋ | 10474/12000 [3:34:11<29:53,  1.18s/step]Training:  87%|████████▋ | 10475/12000 [3:34:12<29:47,  1.17s/step]Training:  87%|████████▋ | 10476/12000 [3:34:13<29:44,  1.17s/step]Training:  87%|████████▋ | 10477/12000 [3:34:15<29:41,  1.17s/step]Training:  87%|████████▋ | 10478/12000 [3:34:16<29:46,  1.17s/step]Training:  87%|████████▋ | 10479/12000 [3:34:17<29:50,  1.18s/step]Training:  87%|████████▋ | 10480/12000 [3:34:18<29:45,  1.17s/step]Training:  87%|████████▋ | 10481/12000 [3:34:19<29:40,  1.17s/step]Training:  87%|████████▋ | 10482/12000 [3:34:20<29:37,  1.17s/step]Training:  87%|████████▋ | 10483/12000 [3:34:22<29:33,  1.17s/step]Training:  87%|████████▋ | 10484/12000 [3:34:23<29:39,  1.17s/step]Training:  87%|████████▋ | 10485/12000 [3:34:24<29:46,  1.18s/step]Training:  87%|████████▋ | 10486/12000 [3:34:25<29:40,  1.18s/step]Training:  87%|████████▋ | 10487/12000 [3:34:26<29:40,  1.18s/step]Training:  87%|████████▋ | 10488/12000 [3:34:28<29:39,  1.18s/step]Training:  87%|████████▋ | 10489/12000 [3:34:29<29:55,  1.19s/step]Training:  87%|████████▋ | 10490/12000 [3:34:30<30:05,  1.20s/step]Training:  87%|████████▋ | 10491/12000 [3:34:31<29:59,  1.19s/step]Training:  87%|████████▋ | 10492/12000 [3:34:32<29:48,  1.19s/step]Training:  87%|████████▋ | 10493/12000 [3:34:33<29:42,  1.18s/step]Training:  87%|████████▋ | 10494/12000 [3:34:35<29:43,  1.18s/step]Training:  87%|████████▋ | 10495/12000 [3:34:36<29:38,  1.18s/step]Training:  87%|████████▋ | 10496/12000 [3:34:37<29:36,  1.18s/step]Training:  87%|████████▋ | 10497/12000 [3:34:38<29:32,  1.18s/step]Training:  87%|████████▋ | 10498/12000 [3:34:39<29:25,  1.18s/step]Training:  87%|████████▋ | 10499/12000 [3:34:41<29:19,  1.17s/step]Training:  88%|████████▊ | 10500/12000 [3:34:42<29:16,  1.17s/step]Training:  88%|████████▊ | 10501/12000 [3:34:43<29:13,  1.17s/step]Training:  88%|████████▊ | 10502/12000 [3:34:44<29:10,  1.17s/step]Training:  88%|████████▊ | 10503/12000 [3:34:45<29:07,  1.17s/step]Training:  88%|████████▊ | 10504/12000 [3:34:46<29:05,  1.17s/step]Training:  88%|████████▊ | 10505/12000 [3:34:48<29:04,  1.17s/step]Training:  88%|████████▊ | 10506/12000 [3:34:49<29:02,  1.17s/step]Training:  88%|████████▊ | 10507/12000 [3:34:50<29:02,  1.17s/step]Training:  88%|████████▊ | 10508/12000 [3:34:51<29:07,  1.17s/step]Training:  88%|████████▊ | 10509/12000 [3:34:52<29:16,  1.18s/step]Training:  88%|████████▊ | 10510/12000 [3:34:53<29:26,  1.19s/step]Training:  88%|████████▊ | 10511/12000 [3:34:55<29:17,  1.18s/step]Training:  88%|████████▊ | 10512/12000 [3:34:56<29:13,  1.18s/step]Training:  88%|████████▊ | 10513/12000 [3:34:57<29:05,  1.17s/step]Training:  88%|████████▊ | 10514/12000 [3:34:58<29:00,  1.17s/step]Training:  88%|████████▊ | 10515/12000 [3:34:59<28:56,  1.17s/step]Training:  88%|████████▊ | 10516/12000 [3:35:00<28:53,  1.17s/step]Training:  88%|████████▊ | 10517/12000 [3:35:02<28:50,  1.17s/step]Training:  88%|████████▊ | 10518/12000 [3:35:03<28:49,  1.17s/step]Training:  88%|████████▊ | 10519/12000 [3:35:04<28:54,  1.17s/step]Training:  88%|████████▊ | 10520/12000 [3:35:05<28:51,  1.17s/step]Training:  88%|████████▊ | 10521/12000 [3:35:06<28:48,  1.17s/step]Training:  88%|████████▊ | 10522/12000 [3:35:07<28:54,  1.17s/step]Training:  88%|████████▊ | 10523/12000 [3:35:09<28:49,  1.17s/step]Training:  88%|████████▊ | 10524/12000 [3:35:10<28:46,  1.17s/step]Training:  88%|████████▊ | 10525/12000 [3:35:11<28:44,  1.17s/step]Training:  88%|████████▊ | 10526/12000 [3:35:12<28:45,  1.17s/step]Training:  88%|████████▊ | 10527/12000 [3:35:13<28:47,  1.17s/step]Training:  88%|████████▊ | 10528/12000 [3:35:14<28:48,  1.17s/step]Training:  88%|████████▊ | 10529/12000 [3:35:16<29:11,  1.19s/step]Training:  88%|████████▊ | 10530/12000 [3:35:17<29:19,  1.20s/step]Training:  88%|████████▊ | 10531/12000 [3:35:18<29:04,  1.19s/step]Training:  88%|████████▊ | 10532/12000 [3:35:19<28:53,  1.18s/step]Training:  88%|████████▊ | 10533/12000 [3:35:20<28:45,  1.18s/step]Training:  88%|████████▊ | 10534/12000 [3:35:22<28:40,  1.17s/step]Training:  88%|████████▊ | 10535/12000 [3:35:23<28:35,  1.17s/step]Training:  88%|████████▊ | 10536/12000 [3:35:24<28:31,  1.17s/step]Training:  88%|████████▊ | 10537/12000 [3:35:25<28:28,  1.17s/step]Training:  88%|████████▊ | 10538/12000 [3:35:26<28:31,  1.17s/step]Training:  88%|████████▊ | 10539/12000 [3:35:27<28:27,  1.17s/step]Training:  88%|████████▊ | 10540/12000 [3:35:29<28:25,  1.17s/step]Training:  88%|████████▊ | 10541/12000 [3:35:30<28:33,  1.17s/step]Training:  88%|████████▊ | 10542/12000 [3:35:31<28:28,  1.17s/step]Training:  88%|████████▊ | 10543/12000 [3:35:32<28:24,  1.17s/step]Training:  88%|████████▊ | 10544/12000 [3:35:33<28:26,  1.17s/step]Training:  88%|████████▊ | 10545/12000 [3:35:34<28:22,  1.17s/step]Training:  88%|████████▊ | 10546/12000 [3:35:36<28:19,  1.17s/step]Training:  88%|████████▊ | 10547/12000 [3:35:37<28:26,  1.17s/step]Training:  88%|████████▊ | 10548/12000 [3:35:38<28:21,  1.17s/step]Training:  88%|████████▊ | 10549/12000 [3:35:39<28:23,  1.17s/step]Training:  88%|████████▊ | 10550/12000 [3:35:40<28:30,  1.18s/step]Training:  88%|████████▊ | 10551/12000 [3:35:42<28:46,  1.19s/step]Training:  88%|████████▊ | 10552/12000 [3:35:43<28:39,  1.19s/step]Training:  88%|████████▊ | 10553/12000 [3:35:44<28:29,  1.18s/step]Training:  88%|████████▊ | 10554/12000 [3:35:45<28:20,  1.18s/step]Training:  88%|████████▊ | 10555/12000 [3:35:46<28:13,  1.17s/step]Training:  88%|████████▊ | 10556/12000 [3:35:47<28:08,  1.17s/step]Training:  88%|████████▊ | 10557/12000 [3:35:49<28:07,  1.17s/step]Training:  88%|████████▊ | 10558/12000 [3:35:50<28:14,  1.17s/step]Training:  88%|████████▊ | 10559/12000 [3:35:51<28:19,  1.18s/step]Training:  88%|████████▊ | 10560/12000 [3:35:52<28:17,  1.18s/step]Training:  88%|████████▊ | 10561/12000 [3:35:53<28:13,  1.18s/step]Training:  88%|████████▊ | 10562/12000 [3:35:54<28:06,  1.17s/step]Training:  88%|████████▊ | 10563/12000 [3:35:56<28:01,  1.17s/step]Training:  88%|████████▊ | 10564/12000 [3:35:57<27:58,  1.17s/step]Training:  88%|████████▊ | 10565/12000 [3:35:58<27:54,  1.17s/step]Training:  88%|████████▊ | 10566/12000 [3:35:59<27:51,  1.17s/step]Training:  88%|████████▊ | 10567/12000 [3:36:00<27:49,  1.16s/step]Training:  88%|████████▊ | 10568/12000 [3:36:01<27:47,  1.16s/step]Training:  88%|████████▊ | 10569/12000 [3:36:03<27:46,  1.16s/step]Training:  88%|████████▊ | 10570/12000 [3:36:04<27:58,  1.17s/step]Training:  88%|████████▊ | 10571/12000 [3:36:05<28:00,  1.18s/step]Training:  88%|████████▊ | 10572/12000 [3:36:06<28:09,  1.18s/step]Training:  88%|████████▊ | 10573/12000 [3:36:07<27:59,  1.18s/step]Training:  88%|████████▊ | 10574/12000 [3:36:09<27:52,  1.17s/step]Training:  88%|████████▊ | 10575/12000 [3:36:10<27:46,  1.17s/step]Training:  88%|████████▊ | 10576/12000 [3:36:11<27:42,  1.17s/step]Training:  88%|████████▊ | 10577/12000 [3:36:12<27:38,  1.17s/step]Training:  88%|████████▊ | 10578/12000 [3:36:13<27:37,  1.17s/step]Training:  88%|████████▊ | 10579/12000 [3:36:14<27:34,  1.16s/step]Training:  88%|████████▊ | 10580/12000 [3:36:15<27:33,  1.16s/step]Training:  88%|████████▊ | 10581/12000 [3:36:17<27:31,  1.16s/step]Training:  88%|████████▊ | 10582/12000 [3:36:18<27:31,  1.16s/step]Training:  88%|████████▊ | 10583/12000 [3:36:19<27:30,  1.16s/step]Training:  88%|████████▊ | 10584/12000 [3:36:20<27:29,  1.16s/step]Training:  88%|████████▊ | 10585/12000 [3:36:21<27:26,  1.16s/step]Training:  88%|████████▊ | 10586/12000 [3:36:22<27:24,  1.16s/step]Training:  88%|████████▊ | 10587/12000 [3:36:24<27:24,  1.16s/step]Training:  88%|████████▊ | 10588/12000 [3:36:25<27:23,  1.16s/step]Training:  88%|████████▊ | 10589/12000 [3:36:26<27:23,  1.16s/step]Training:  88%|████████▊ | 10590/12000 [3:36:27<27:25,  1.17s/step]Training:  88%|████████▊ | 10591/12000 [3:36:28<27:26,  1.17s/step]Training:  88%|████████▊ | 10592/12000 [3:36:30<27:31,  1.17s/step]Training:  88%|████████▊ | 10593/12000 [3:36:31<27:43,  1.18s/step]Training:  88%|████████▊ | 10594/12000 [3:36:32<27:53,  1.19s/step]Training:  88%|████████▊ | 10595/12000 [3:36:33<27:41,  1.18s/step]Training:  88%|████████▊ | 10596/12000 [3:36:34<27:33,  1.18s/step]Training:  88%|████████▊ | 10597/12000 [3:36:35<27:26,  1.17s/step]Training:  88%|████████▊ | 10598/12000 [3:36:37<27:20,  1.17s/step]Training:  88%|████████▊ | 10599/12000 [3:36:38<27:16,  1.17s/step]Training:  88%|████████▊ | 10600/12000 [3:36:39<27:13,  1.17s/step]INFO 2026-09-16 07:30:44 ot_train.py:670 step:11K smpl:678K ep:8K epch:24.97 loss:0.043 grdn:0.753 lr:6.2e-06 updt_s:0.972 data_s:0.038 smp/s:63 mem_gb:14.29 losses_after_forward:0.051 losses_after_in_ep_bound:0.030 losses_after_rm_padding:0.030
Training:  88%|████████▊ | 10601/12000 [3:36:40<27:11,  1.17s/step]Training:  88%|████████▊ | 10602/12000 [3:36:41<27:09,  1.17s/step]Training:  88%|████████▊ | 10603/12000 [3:36:42<27:06,  1.16s/step]Training:  88%|████████▊ | 10604/12000 [3:36:44<27:05,  1.16s/step]Training:  88%|████████▊ | 10605/12000 [3:36:45<27:04,  1.16s/step]Training:  88%|████████▊ | 10606/12000 [3:36:46<27:03,  1.16s/step]Training:  88%|████████▊ | 10607/12000 [3:36:47<27:02,  1.16s/step]Training:  88%|████████▊ | 10608/12000 [3:36:48<27:00,  1.16s/step]Training:  88%|████████▊ | 10609/12000 [3:36:49<26:58,  1.16s/step]Training:  88%|████████▊ | 10610/12000 [3:36:51<26:57,  1.16s/step]Training:  88%|████████▊ | 10611/12000 [3:36:52<26:56,  1.16s/step]Training:  88%|████████▊ | 10612/12000 [3:36:53<26:55,  1.16s/step]Training:  88%|████████▊ | 10613/12000 [3:36:54<26:53,  1.16s/step]Training:  88%|████████▊ | 10614/12000 [3:36:55<26:52,  1.16s/step]Training:  88%|████████▊ | 10615/12000 [3:36:56<26:56,  1.17s/step]Training:  88%|████████▊ | 10616/12000 [3:36:58<27:01,  1.17s/step]Training:  88%|████████▊ | 10617/12000 [3:36:59<27:09,  1.18s/step]Training:  88%|████████▊ | 10618/12000 [3:37:00<27:07,  1.18s/step]Training:  88%|████████▊ | 10619/12000 [3:37:01<27:01,  1.17s/step]Training:  88%|████████▊ | 10620/12000 [3:37:02<26:55,  1.17s/step]Training:  89%|████████▊ | 10621/12000 [3:37:03<26:51,  1.17s/step]Training:  89%|████████▊ | 10622/12000 [3:37:05<26:51,  1.17s/step]Training:  89%|████████▊ | 10623/12000 [3:37:06<26:52,  1.17s/step]Training:  89%|████████▊ | 10624/12000 [3:37:07<26:52,  1.17s/step]Training:  89%|████████▊ | 10625/12000 [3:37:08<24:01,  1.05s/step]Training:  89%|████████▊ | 10626/12000 [3:37:11<37:46,  1.65s/step]Training:  89%|████████▊ | 10627/12000 [3:37:12<35:04,  1.53s/step]Training:  89%|████████▊ | 10628/12000 [3:37:13<33:14,  1.45s/step]Training:  89%|████████▊ | 10629/12000 [3:37:14<31:38,  1.38s/step]Training:  89%|████████▊ | 10630/12000 [3:37:16<30:05,  1.32s/step]Training:  89%|████████▊ | 10631/12000 [3:37:17<29:01,  1.27s/step]Training:  89%|████████▊ | 10632/12000 [3:37:18<28:17,  1.24s/step]Training:  89%|████████▊ | 10633/12000 [3:37:19<27:44,  1.22s/step]Training:  89%|████████▊ | 10634/12000 [3:37:20<27:19,  1.20s/step]Training:  89%|████████▊ | 10635/12000 [3:37:21<27:02,  1.19s/step]Training:  89%|████████▊ | 10636/12000 [3:37:23<26:57,  1.19s/step]Training:  89%|████████▊ | 10637/12000 [3:37:24<26:45,  1.18s/step]Training:  89%|████████▊ | 10638/12000 [3:37:25<26:38,  1.17s/step]Training:  89%|████████▊ | 10639/12000 [3:37:26<26:32,  1.17s/step]Training:  89%|████████▊ | 10640/12000 [3:37:27<26:28,  1.17s/step]Training:  89%|████████▊ | 10641/12000 [3:37:28<26:24,  1.17s/step]Training:  89%|████████▊ | 10642/12000 [3:37:30<26:27,  1.17s/step]Training:  89%|████████▊ | 10643/12000 [3:37:31<26:24,  1.17s/step]Training:  89%|████████▊ | 10644/12000 [3:37:32<26:21,  1.17s/step]Training:  89%|████████▊ | 10645/12000 [3:37:33<26:29,  1.17s/step]Training:  89%|████████▊ | 10646/12000 [3:37:34<26:24,  1.17s/step]Training:  89%|████████▊ | 10647/12000 [3:37:35<26:22,  1.17s/step]Training:  89%|████████▊ | 10648/12000 [3:37:37<26:19,  1.17s/step]Training:  89%|████████▊ | 10649/12000 [3:37:38<26:35,  1.18s/step]Training:  89%|████████▉ | 10650/12000 [3:37:39<26:34,  1.18s/step]Training:  89%|████████▉ | 10651/12000 [3:37:40<26:42,  1.19s/step]Training:  89%|████████▉ | 10652/12000 [3:37:41<26:35,  1.18s/step]Training:  89%|████████▉ | 10653/12000 [3:37:43<26:30,  1.18s/step]Training:  89%|████████▉ | 10654/12000 [3:37:44<26:25,  1.18s/step]Training:  89%|████████▉ | 10655/12000 [3:37:45<26:22,  1.18s/step]Training:  89%|████████▉ | 10656/12000 [3:37:46<26:20,  1.18s/step]Training:  89%|████████▉ | 10657/12000 [3:37:47<26:16,  1.17s/step]Training:  89%|████████▉ | 10658/12000 [3:37:48<26:10,  1.17s/step]Training:  89%|████████▉ | 10659/12000 [3:37:50<26:14,  1.17s/step]Training:  89%|████████▉ | 10660/12000 [3:37:51<26:08,  1.17s/step]Training:  89%|████████▉ | 10661/12000 [3:37:52<26:04,  1.17s/step]Training:  89%|████████▉ | 10662/12000 [3:37:53<26:00,  1.17s/step]Training:  89%|████████▉ | 10663/12000 [3:37:54<25:59,  1.17s/step]Training:  89%|████████▉ | 10664/12000 [3:37:55<26:02,  1.17s/step]Training:  89%|████████▉ | 10665/12000 [3:37:57<25:58,  1.17s/step]Training:  89%|████████▉ | 10666/12000 [3:37:58<25:55,  1.17s/step]Training:  89%|████████▉ | 10667/12000 [3:37:59<25:53,  1.17s/step]Training:  89%|████████▉ | 10668/12000 [3:38:00<25:58,  1.17s/step]Training:  89%|████████▉ | 10669/12000 [3:38:01<26:00,  1.17s/step]Training:  89%|████████▉ | 10670/12000 [3:38:02<26:05,  1.18s/step]Training:  89%|████████▉ | 10671/12000 [3:38:04<26:12,  1.18s/step]Training:  89%|████████▉ | 10672/12000 [3:38:05<26:11,  1.18s/step]Training:  89%|████████▉ | 10673/12000 [3:38:06<26:05,  1.18s/step]Training:  89%|████████▉ | 10674/12000 [3:38:07<25:58,  1.18s/step]Training:  89%|████████▉ | 10675/12000 [3:38:08<25:51,  1.17s/step]Training:  89%|████████▉ | 10676/12000 [3:38:10<25:47,  1.17s/step]Training:  89%|████████▉ | 10677/12000 [3:38:11<25:43,  1.17s/step]Training:  89%|████████▉ | 10678/12000 [3:38:12<25:40,  1.17s/step]Training:  89%|████████▉ | 10679/12000 [3:38:13<25:38,  1.16s/step]Training:  89%|████████▉ | 10680/12000 [3:38:14<25:36,  1.16s/step]Training:  89%|████████▉ | 10681/12000 [3:38:15<25:40,  1.17s/step]Training:  89%|████████▉ | 10682/12000 [3:38:17<25:37,  1.17s/step]Training:  89%|████████▉ | 10683/12000 [3:38:18<25:40,  1.17s/step]Training:  89%|████████▉ | 10684/12000 [3:38:19<25:37,  1.17s/step]Training:  89%|████████▉ | 10685/12000 [3:38:20<25:37,  1.17s/step]Training:  89%|████████▉ | 10686/12000 [3:38:21<25:37,  1.17s/step]Training:  89%|████████▉ | 10687/12000 [3:38:22<25:37,  1.17s/step]Training:  89%|████████▉ | 10688/12000 [3:38:24<25:38,  1.17s/step]Training:  89%|████████▉ | 10689/12000 [3:38:25<25:36,  1.17s/step]Training:  89%|████████▉ | 10690/12000 [3:38:26<25:33,  1.17s/step]Training:  89%|████████▉ | 10691/12000 [3:38:27<25:36,  1.17s/step]Training:  89%|████████▉ | 10692/12000 [3:38:28<25:38,  1.18s/step]Training:  89%|████████▉ | 10693/12000 [3:38:29<25:45,  1.18s/step]Training:  89%|████████▉ | 10694/12000 [3:38:31<25:42,  1.18s/step]Training:  89%|████████▉ | 10695/12000 [3:38:32<25:33,  1.18s/step]Training:  89%|████████▉ | 10696/12000 [3:38:33<25:28,  1.17s/step]Training:  89%|████████▉ | 10697/12000 [3:38:34<25:31,  1.18s/step]Training:  89%|████████▉ | 10698/12000 [3:38:35<25:26,  1.17s/step]Training:  89%|████████▉ | 10699/12000 [3:38:36<25:21,  1.17s/step]Training:  89%|████████▉ | 10700/12000 [3:38:38<25:19,  1.17s/step]Training:  89%|████████▉ | 10701/12000 [3:38:39<25:17,  1.17s/step]Training:  89%|████████▉ | 10702/12000 [3:38:40<25:14,  1.17s/step]Training:  89%|████████▉ | 10703/12000 [3:38:41<25:13,  1.17s/step]Training:  89%|████████▉ | 10704/12000 [3:38:42<25:12,  1.17s/step]Training:  89%|████████▉ | 10705/12000 [3:38:43<25:10,  1.17s/step]Training:  89%|████████▉ | 10706/12000 [3:38:45<25:09,  1.17s/step]Training:  89%|████████▉ | 10707/12000 [3:38:46<25:07,  1.17s/step]Training:  89%|████████▉ | 10708/12000 [3:38:47<25:04,  1.16s/step]Training:  89%|████████▉ | 10709/12000 [3:38:48<25:11,  1.17s/step]Training:  89%|████████▉ | 10710/12000 [3:38:49<25:13,  1.17s/step]Training:  89%|████████▉ | 10711/12000 [3:38:50<25:10,  1.17s/step]Training:  89%|████████▉ | 10712/12000 [3:38:52<25:07,  1.17s/step]Training:  89%|████████▉ | 10713/12000 [3:38:53<25:09,  1.17s/step]Training:  89%|████████▉ | 10714/12000 [3:38:54<25:10,  1.17s/step]Training:  89%|████████▉ | 10715/12000 [3:38:55<25:19,  1.18s/step]Training:  89%|████████▉ | 10716/12000 [3:38:56<25:18,  1.18s/step]Training:  89%|████████▉ | 10717/12000 [3:38:58<25:11,  1.18s/step]Training:  89%|████████▉ | 10718/12000 [3:38:59<25:10,  1.18s/step]Training:  89%|████████▉ | 10719/12000 [3:39:00<25:09,  1.18s/step]Training:  89%|████████▉ | 10720/12000 [3:39:01<25:09,  1.18s/step]Training:  89%|████████▉ | 10721/12000 [3:39:02<25:12,  1.18s/step]Training:  89%|████████▉ | 10722/12000 [3:39:03<25:08,  1.18s/step]Training:  89%|████████▉ | 10723/12000 [3:39:05<25:04,  1.18s/step]Training:  89%|████████▉ | 10724/12000 [3:39:06<24:58,  1.17s/step]Training:  89%|████████▉ | 10725/12000 [3:39:07<24:58,  1.17s/step]Training:  89%|████████▉ | 10726/12000 [3:39:08<24:53,  1.17s/step]Training:  89%|████████▉ | 10727/12000 [3:39:09<24:50,  1.17s/step]Training:  89%|████████▉ | 10728/12000 [3:39:11<24:49,  1.17s/step]Training:  89%|████████▉ | 10729/12000 [3:39:12<24:53,  1.18s/step]Training:  89%|████████▉ | 10730/12000 [3:39:13<24:49,  1.17s/step]Training:  89%|████████▉ | 10731/12000 [3:39:14<24:46,  1.17s/step]Training:  89%|████████▉ | 10732/12000 [3:39:15<24:43,  1.17s/step]Training:  89%|████████▉ | 10733/12000 [3:39:16<24:45,  1.17s/step]Training:  89%|████████▉ | 10734/12000 [3:39:18<24:52,  1.18s/step]Training:  89%|████████▉ | 10735/12000 [3:39:19<25:03,  1.19s/step]Training:  89%|████████▉ | 10736/12000 [3:39:20<24:54,  1.18s/step]Training:  89%|████████▉ | 10737/12000 [3:39:21<24:47,  1.18s/step]Training:  89%|████████▉ | 10738/12000 [3:39:22<24:47,  1.18s/step]Training:  89%|████████▉ | 10739/12000 [3:39:23<24:44,  1.18s/step]Training:  90%|████████▉ | 10740/12000 [3:39:25<24:38,  1.17s/step]Training:  90%|████████▉ | 10741/12000 [3:39:26<24:34,  1.17s/step]Training:  90%|████████▉ | 10742/12000 [3:39:27<24:37,  1.17s/step]Training:  90%|████████▉ | 10743/12000 [3:39:28<24:40,  1.18s/step]Training:  90%|████████▉ | 10744/12000 [3:39:29<24:42,  1.18s/step]Training:  90%|████████▉ | 10745/12000 [3:39:31<24:42,  1.18s/step]Training:  90%|████████▉ | 10746/12000 [3:39:32<24:35,  1.18s/step]Training:  90%|████████▉ | 10747/12000 [3:39:33<24:30,  1.17s/step]Training:  90%|████████▉ | 10748/12000 [3:39:34<24:27,  1.17s/step]Training:  90%|████████▉ | 10749/12000 [3:39:35<24:24,  1.17s/step]Training:  90%|████████▉ | 10750/12000 [3:39:36<24:24,  1.17s/step]Training:  90%|████████▉ | 10751/12000 [3:39:38<24:27,  1.18s/step]Training:  90%|████████▉ | 10752/12000 [3:39:39<24:37,  1.18s/step]Training:  90%|████████▉ | 10753/12000 [3:39:40<24:48,  1.19s/step]Training:  90%|████████▉ | 10754/12000 [3:39:41<24:48,  1.19s/step]Training:  90%|████████▉ | 10755/12000 [3:39:42<24:37,  1.19s/step]Training:  90%|████████▉ | 10756/12000 [3:39:44<24:28,  1.18s/step]Training:  90%|████████▉ | 10757/12000 [3:39:45<24:26,  1.18s/step]Training:  90%|████████▉ | 10758/12000 [3:39:46<24:20,  1.18s/step]Training:  90%|████████▉ | 10759/12000 [3:39:47<24:18,  1.18s/step]Training:  90%|████████▉ | 10760/12000 [3:39:48<24:20,  1.18s/step]Training:  90%|████████▉ | 10761/12000 [3:39:49<24:15,  1.17s/step]Training:  90%|████████▉ | 10762/12000 [3:39:51<24:11,  1.17s/step]Training:  90%|████████▉ | 10763/12000 [3:39:52<24:08,  1.17s/step]Training:  90%|████████▉ | 10764/12000 [3:39:53<24:05,  1.17s/step]Training:  90%|████████▉ | 10765/12000 [3:39:54<24:04,  1.17s/step]Training:  90%|████████▉ | 10766/12000 [3:39:55<24:02,  1.17s/step]Training:  90%|████████▉ | 10767/12000 [3:39:56<24:00,  1.17s/step]Training:  90%|████████▉ | 10768/12000 [3:39:58<23:58,  1.17s/step]Training:  90%|████████▉ | 10769/12000 [3:39:59<23:56,  1.17s/step]Training:  90%|████████▉ | 10770/12000 [3:40:00<23:55,  1.17s/step]Training:  90%|████████▉ | 10771/12000 [3:40:01<23:57,  1.17s/step]Training:  90%|████████▉ | 10772/12000 [3:40:02<23:56,  1.17s/step]Training:  90%|████████▉ | 10773/12000 [3:40:03<24:02,  1.18s/step]Training:  90%|████████▉ | 10774/12000 [3:40:05<24:10,  1.18s/step]Training:  90%|████████▉ | 10775/12000 [3:40:06<24:07,  1.18s/step]Training:  90%|████████▉ | 10776/12000 [3:40:07<24:09,  1.18s/step]Training:  90%|████████▉ | 10777/12000 [3:40:08<24:09,  1.19s/step]Training:  90%|████████▉ | 10778/12000 [3:40:09<24:01,  1.18s/step]Training:  90%|████████▉ | 10779/12000 [3:40:11<23:56,  1.18s/step]Training:  90%|████████▉ | 10780/12000 [3:40:12<23:52,  1.17s/step]Training:  90%|████████▉ | 10781/12000 [3:40:13<23:48,  1.17s/step]Training:  90%|████████▉ | 10782/12000 [3:40:14<23:50,  1.17s/step]Training:  90%|████████▉ | 10783/12000 [3:40:15<23:51,  1.18s/step]Training:  90%|████████▉ | 10784/12000 [3:40:16<23:51,  1.18s/step]Training:  90%|████████▉ | 10785/12000 [3:40:18<23:50,  1.18s/step]Training:  90%|████████▉ | 10786/12000 [3:40:19<23:49,  1.18s/step]Training:  90%|████████▉ | 10787/12000 [3:40:20<23:45,  1.18s/step]Training:  90%|████████▉ | 10788/12000 [3:40:21<23:43,  1.17s/step]Training:  90%|████████▉ | 10789/12000 [3:40:22<23:46,  1.18s/step]Training:  90%|████████▉ | 10790/12000 [3:40:23<23:41,  1.17s/step]Training:  90%|████████▉ | 10791/12000 [3:40:25<23:40,  1.17s/step]Training:  90%|████████▉ | 10792/12000 [3:40:26<23:45,  1.18s/step]Training:  90%|████████▉ | 10793/12000 [3:40:27<23:52,  1.19s/step]Training:  90%|████████▉ | 10794/12000 [3:40:28<23:48,  1.18s/step]Training:  90%|████████▉ | 10795/12000 [3:40:29<23:41,  1.18s/step]Training:  90%|████████▉ | 10796/12000 [3:40:31<23:43,  1.18s/step]Training:  90%|████████▉ | 10797/12000 [3:40:32<23:36,  1.18s/step]Training:  90%|████████▉ | 10798/12000 [3:40:33<23:32,  1.18s/step]Training:  90%|████████▉ | 10799/12000 [3:40:34<23:28,  1.17s/step]Training:  90%|█████████ | 10800/12000 [3:40:35<23:27,  1.17s/step]INFO 2026-09-16 07:34:40 ot_train.py:670 step:11K smpl:691K ep:9K epch:25.44 loss:0.044 grdn:0.767 lr:5.3e-06 updt_s:0.970 data_s:0.047 smp/s:63 mem_gb:14.26 losses_after_forward:0.050 losses_after_in_ep_bound:0.031 losses_after_rm_padding:0.031
Training:  90%|█████████ | 10801/12000 [3:40:36<23:24,  1.17s/step]Training:  90%|█████████ | 10802/12000 [3:40:38<23:26,  1.17s/step]Training:  90%|█████████ | 10803/12000 [3:40:39<23:25,  1.17s/step]Training:  90%|█████████ | 10804/12000 [3:40:40<23:22,  1.17s/step]Training:  90%|█████████ | 10805/12000 [3:40:41<23:19,  1.17s/step]Training:  90%|█████████ | 10806/12000 [3:40:42<23:17,  1.17s/step]Training:  90%|█████████ | 10807/12000 [3:40:43<23:16,  1.17s/step]Training:  90%|█████████ | 10808/12000 [3:40:45<23:22,  1.18s/step]Training:  90%|█████████ | 10809/12000 [3:40:46<23:18,  1.17s/step]Training:  90%|█████████ | 10810/12000 [3:40:47<23:14,  1.17s/step]Training:  90%|█████████ | 10811/12000 [3:40:48<23:17,  1.18s/step]Training:  90%|█████████ | 10812/12000 [3:40:49<23:35,  1.19s/step]Training:  90%|█████████ | 10813/12000 [3:40:51<23:36,  1.19s/step]Training:  90%|█████████ | 10814/12000 [3:40:52<23:26,  1.19s/step]Training:  90%|█████████ | 10815/12000 [3:40:53<23:23,  1.18s/step]Training:  90%|█████████ | 10816/12000 [3:40:54<23:21,  1.18s/step]Training:  90%|█████████ | 10817/12000 [3:40:55<23:18,  1.18s/step]Training:  90%|█████████ | 10818/12000 [3:40:56<23:28,  1.19s/step]Training:  90%|█████████ | 10819/12000 [3:40:58<23:22,  1.19s/step]Training:  90%|█████████ | 10820/12000 [3:40:59<23:14,  1.18s/step]Training:  90%|█████████ | 10821/12000 [3:41:00<23:09,  1.18s/step]Training:  90%|█████████ | 10822/12000 [3:41:01<23:04,  1.18s/step]Training:  90%|█████████ | 10823/12000 [3:41:02<23:08,  1.18s/step]Training:  90%|█████████ | 10824/12000 [3:41:04<23:04,  1.18s/step]Training:  90%|█████████ | 10825/12000 [3:41:05<23:05,  1.18s/step]Training:  90%|█████████ | 10826/12000 [3:41:06<23:00,  1.18s/step]Training:  90%|█████████ | 10827/12000 [3:41:07<23:02,  1.18s/step]Training:  90%|█████████ | 10828/12000 [3:41:08<22:58,  1.18s/step]Training:  90%|█████████ | 10829/12000 [3:41:09<23:05,  1.18s/step]Training:  90%|█████████ | 10830/12000 [3:41:11<23:14,  1.19s/step]Training:  90%|█████████ | 10831/12000 [3:41:12<23:09,  1.19s/step]Training:  90%|█████████ | 10832/12000 [3:41:13<23:01,  1.18s/step]Training:  90%|█████████ | 10833/12000 [3:41:14<22:55,  1.18s/step]Training:  90%|█████████ | 10834/12000 [3:41:15<22:51,  1.18s/step]Training:  90%|█████████ | 10835/12000 [3:41:16<22:48,  1.17s/step]Training:  90%|█████████ | 10836/12000 [3:41:18<22:45,  1.17s/step]Training:  90%|█████████ | 10837/12000 [3:41:19<22:42,  1.17s/step]Training:  90%|█████████ | 10838/12000 [3:41:20<22:40,  1.17s/step]Training:  90%|█████████ | 10839/12000 [3:41:21<22:38,  1.17s/step]Training:  90%|█████████ | 10840/12000 [3:41:22<22:37,  1.17s/step]Training:  90%|█████████ | 10841/12000 [3:41:24<22:36,  1.17s/step]Training:  90%|█████████ | 10842/12000 [3:41:25<22:34,  1.17s/step]Training:  90%|█████████ | 10843/12000 [3:41:26<22:33,  1.17s/step]Training:  90%|█████████ | 10844/12000 [3:41:27<22:36,  1.17s/step]Training:  90%|█████████ | 10845/12000 [3:41:28<22:33,  1.17s/step]Training:  90%|█████████ | 10846/12000 [3:41:29<22:31,  1.17s/step]Training:  90%|█████████ | 10847/12000 [3:41:31<22:32,  1.17s/step]Training:  90%|█████████ | 10848/12000 [3:41:32<22:49,  1.19s/step]Training:  90%|█████████ | 10849/12000 [3:41:33<22:56,  1.20s/step]Training:  90%|█████████ | 10850/12000 [3:41:34<22:59,  1.20s/step]Training:  90%|█████████ | 10851/12000 [3:41:35<22:50,  1.19s/step]Training:  90%|█████████ | 10852/12000 [3:41:37<22:40,  1.19s/step]Training:  90%|█████████ | 10853/12000 [3:41:38<22:34,  1.18s/step]Training:  90%|█████████ | 10854/12000 [3:41:39<22:29,  1.18s/step]Training:  90%|█████████ | 10855/12000 [3:41:40<22:26,  1.18s/step]Training:  90%|█████████ | 10856/12000 [3:41:41<22:22,  1.17s/step]Training:  90%|█████████ | 10857/12000 [3:41:42<22:20,  1.17s/step]Training:  90%|█████████ | 10858/12000 [3:41:44<22:21,  1.17s/step]Training:  90%|█████████ | 10859/12000 [3:41:45<22:18,  1.17s/step]Training:  90%|█████████ | 10860/12000 [3:41:46<22:16,  1.17s/step]Training:  91%|█████████ | 10861/12000 [3:41:47<22:14,  1.17s/step]Training:  91%|█████████ | 10862/12000 [3:41:48<22:13,  1.17s/step]Training:  91%|█████████ | 10863/12000 [3:41:49<22:11,  1.17s/step]Training:  91%|█████████ | 10864/12000 [3:41:51<22:10,  1.17s/step]Training:  91%|█████████ | 10865/12000 [3:41:52<22:11,  1.17s/step]Training:  91%|█████████ | 10866/12000 [3:41:53<22:09,  1.17s/step]Training:  91%|█████████ | 10867/12000 [3:41:54<22:11,  1.18s/step]Training:  91%|█████████ | 10868/12000 [3:41:55<22:17,  1.18s/step]Training:  91%|█████████ | 10869/12000 [3:41:57<22:25,  1.19s/step]Training:  91%|█████████ | 10870/12000 [3:41:58<22:17,  1.18s/step]Training:  91%|█████████ | 10871/12000 [3:41:59<22:13,  1.18s/step]Training:  91%|█████████ | 10872/12000 [3:42:00<22:09,  1.18s/step]Training:  91%|█████████ | 10873/12000 [3:42:01<22:11,  1.18s/step]Training:  91%|█████████ | 10874/12000 [3:42:02<22:06,  1.18s/step]Training:  91%|█████████ | 10875/12000 [3:42:04<22:02,  1.18s/step]Training:  91%|█████████ | 10876/12000 [3:42:05<22:13,  1.19s/step]Training:  91%|█████████ | 10877/12000 [3:42:06<22:06,  1.18s/step]Training:  91%|█████████ | 10878/12000 [3:42:07<22:03,  1.18s/step]Training:  91%|█████████ | 10879/12000 [3:42:08<22:04,  1.18s/step]Training:  91%|█████████ | 10880/12000 [3:42:09<22:02,  1.18s/step]Training:  91%|█████████ | 10881/12000 [3:42:11<22:02,  1.18s/step]Training:  91%|█████████ | 10882/12000 [3:42:12<22:07,  1.19s/step]Training:  91%|█████████ | 10883/12000 [3:42:13<22:03,  1.19s/step]Training:  91%|█████████ | 10884/12000 [3:42:14<21:58,  1.18s/step]Training:  91%|█████████ | 10885/12000 [3:42:15<22:04,  1.19s/step]Training:  91%|█████████ | 10886/12000 [3:42:17<22:13,  1.20s/step]Training:  91%|█████████ | 10887/12000 [3:42:18<22:05,  1.19s/step]Training:  91%|█████████ | 10888/12000 [3:42:19<21:58,  1.19s/step]Training:  91%|█████████ | 10889/12000 [3:42:20<21:52,  1.18s/step]Training:  91%|█████████ | 10890/12000 [3:42:21<21:47,  1.18s/step]Training:  91%|█████████ | 10891/12000 [3:42:23<21:44,  1.18s/step]Training:  91%|█████████ | 10892/12000 [3:42:24<21:48,  1.18s/step]Training:  91%|█████████ | 10893/12000 [3:42:25<21:44,  1.18s/step]Training:  91%|█████████ | 10894/12000 [3:42:26<21:39,  1.18s/step]Training:  91%|█████████ | 10895/12000 [3:42:27<21:38,  1.17s/step]Training:  91%|█████████ | 10896/12000 [3:42:28<21:35,  1.17s/step]Training:  91%|█████████ | 10897/12000 [3:42:30<21:33,  1.17s/step]Training:  91%|█████████ | 10898/12000 [3:42:31<21:33,  1.17s/step]Training:  91%|█████████ | 10899/12000 [3:42:32<21:35,  1.18s/step]Training:  91%|█████████ | 10900/12000 [3:42:33<21:32,  1.18s/step]Training:  91%|█████████ | 10901/12000 [3:42:34<21:30,  1.17s/step]Training:  91%|█████████ | 10902/12000 [3:42:35<21:27,  1.17s/step]Training:  91%|█████████ | 10903/12000 [3:42:37<21:25,  1.17s/step]Training:  91%|█████████ | 10904/12000 [3:42:38<21:37,  1.18s/step]Training:  91%|█████████ | 10905/12000 [3:42:39<21:42,  1.19s/step]Training:  91%|█████████ | 10906/12000 [3:42:40<21:39,  1.19s/step]Training:  91%|█████████ | 10907/12000 [3:42:41<21:33,  1.18s/step]Training:  91%|█████████ | 10908/12000 [3:42:43<21:29,  1.18s/step]Training:  91%|█████████ | 10909/12000 [3:42:44<21:24,  1.18s/step]Training:  91%|█████████ | 10910/12000 [3:42:45<21:22,  1.18s/step]Training:  91%|█████████ | 10911/12000 [3:42:46<21:27,  1.18s/step]Training:  91%|█████████ | 10912/12000 [3:42:47<21:31,  1.19s/step]Training:  91%|█████████ | 10913/12000 [3:42:48<21:28,  1.19s/step]Training:  91%|█████████ | 10914/12000 [3:42:50<21:28,  1.19s/step]Training:  91%|█████████ | 10915/12000 [3:42:51<21:27,  1.19s/step]Training:  91%|█████████ | 10916/12000 [3:42:52<21:20,  1.18s/step]Training:  91%|█████████ | 10917/12000 [3:42:53<21:16,  1.18s/step]Training:  91%|█████████ | 10918/12000 [3:42:54<21:13,  1.18s/step]Training:  91%|█████████ | 10919/12000 [3:42:56<21:13,  1.18s/step]Training:  91%|█████████ | 10920/12000 [3:42:57<21:11,  1.18s/step]Training:  91%|█████████ | 10921/12000 [3:42:58<21:10,  1.18s/step]Training:  91%|█████████ | 10922/12000 [3:42:59<21:16,  1.18s/step]Training:  91%|█████████ | 10923/12000 [3:43:00<21:24,  1.19s/step]Training:  91%|█████████ | 10924/12000 [3:43:02<21:23,  1.19s/step]Training:  91%|█████████ | 10925/12000 [3:43:03<21:14,  1.19s/step]Training:  91%|█████████ | 10926/12000 [3:43:04<21:08,  1.18s/step]Training:  91%|█████████ | 10927/12000 [3:43:05<21:06,  1.18s/step]Training:  91%|█████████ | 10928/12000 [3:43:06<21:02,  1.18s/step]Training:  91%|█████████ | 10929/12000 [3:43:07<20:58,  1.18s/step]Training:  91%|█████████ | 10930/12000 [3:43:09<20:56,  1.17s/step]Training:  91%|█████████ | 10931/12000 [3:43:10<20:56,  1.18s/step]Training:  91%|█████████ | 10932/12000 [3:43:11<20:53,  1.17s/step]Training:  91%|█████████ | 10933/12000 [3:43:12<20:51,  1.17s/step]Training:  91%|█████████ | 10934/12000 [3:43:13<20:56,  1.18s/step]Training:  91%|█████████ | 10935/12000 [3:43:14<20:53,  1.18s/step]Training:  91%|█████████ | 10936/12000 [3:43:16<20:56,  1.18s/step]Training:  91%|█████████ | 10937/12000 [3:43:17<20:52,  1.18s/step]Training:  91%|█████████ | 10938/12000 [3:43:18<20:49,  1.18s/step]Training:  91%|█████████ | 10939/12000 [3:43:19<20:46,  1.18s/step]Training:  91%|█████████ | 10940/12000 [3:43:20<20:49,  1.18s/step]Training:  91%|█████████ | 10941/12000 [3:43:22<20:52,  1.18s/step]Training:  91%|█████████ | 10942/12000 [3:43:23<21:01,  1.19s/step]Training:  91%|█████████ | 10943/12000 [3:43:24<20:58,  1.19s/step]Training:  91%|█████████ | 10944/12000 [3:43:25<20:53,  1.19s/step]Training:  91%|█████████ | 10945/12000 [3:43:26<20:50,  1.19s/step]Training:  91%|█████████ | 10946/12000 [3:43:27<20:55,  1.19s/step]Training:  91%|█████████ | 10947/12000 [3:43:29<20:50,  1.19s/step]Training:  91%|█████████ | 10948/12000 [3:43:30<20:47,  1.19s/step]Training:  91%|█████████ | 10949/12000 [3:43:31<20:43,  1.18s/step]Training:  91%|█████████▏| 10950/12000 [3:43:32<20:43,  1.18s/step]Training:  91%|█████████▏| 10951/12000 [3:43:33<20:38,  1.18s/step]Training:  91%|█████████▏| 10952/12000 [3:43:35<20:34,  1.18s/step]Training:  91%|█████████▏| 10953/12000 [3:43:36<20:31,  1.18s/step]Training:  91%|█████████▏| 10954/12000 [3:43:37<20:28,  1.17s/step]Training:  91%|█████████▏| 10955/12000 [3:43:38<20:25,  1.17s/step]Training:  91%|█████████▏| 10956/12000 [3:43:39<20:28,  1.18s/step]Training:  91%|█████████▏| 10957/12000 [3:43:40<20:30,  1.18s/step]Training:  91%|█████████▏| 10958/12000 [3:43:42<20:40,  1.19s/step]Training:  91%|█████████▏| 10959/12000 [3:43:43<20:45,  1.20s/step]Training:  91%|█████████▏| 10960/12000 [3:43:44<20:36,  1.19s/step]Training:  91%|█████████▏| 10961/12000 [3:43:45<20:30,  1.18s/step]Training:  91%|█████████▏| 10962/12000 [3:43:46<20:25,  1.18s/step]Training:  91%|█████████▏| 10963/12000 [3:43:48<20:22,  1.18s/step]Training:  91%|█████████▏| 10964/12000 [3:43:49<20:18,  1.18s/step]Training:  91%|█████████▏| 10965/12000 [3:43:50<20:15,  1.17s/step]Training:  91%|█████████▏| 10966/12000 [3:43:51<20:14,  1.17s/step]Training:  91%|█████████▏| 10967/12000 [3:43:52<20:12,  1.17s/step]Training:  91%|█████████▏| 10968/12000 [3:43:53<20:17,  1.18s/step]Training:  91%|█████████▏| 10969/12000 [3:43:55<20:19,  1.18s/step]Training:  91%|█████████▏| 10970/12000 [3:43:56<20:14,  1.18s/step]Training:  91%|█████████▏| 10971/12000 [3:43:57<20:10,  1.18s/step]Training:  91%|█████████▏| 10972/12000 [3:43:58<20:09,  1.18s/step]Training:  91%|█████████▏| 10973/12000 [3:43:59<20:06,  1.18s/step]Training:  91%|█████████▏| 10974/12000 [3:44:00<20:05,  1.17s/step]Training:  91%|█████████▏| 10975/12000 [3:44:02<20:13,  1.18s/step]Training:  91%|█████████▏| 10976/12000 [3:44:03<20:27,  1.20s/step]Training:  91%|█████████▏| 10977/12000 [3:44:04<20:34,  1.21s/step]Training:  91%|█████████▏| 10978/12000 [3:44:05<20:26,  1.20s/step]Training:  91%|█████████▏| 10979/12000 [3:44:06<20:18,  1.19s/step]Training:  92%|█████████▏| 10980/12000 [3:44:08<20:09,  1.19s/step]Training:  92%|█████████▏| 10981/12000 [3:44:09<20:03,  1.18s/step]Training:  92%|█████████▏| 10982/12000 [3:44:10<19:59,  1.18s/step]Training:  92%|█████████▏| 10983/12000 [3:44:11<19:55,  1.18s/step]Training:  92%|█████████▏| 10984/12000 [3:44:12<19:55,  1.18s/step]Training:  92%|█████████▏| 10985/12000 [3:44:14<19:52,  1.17s/step]Training:  92%|█████████▏| 10986/12000 [3:44:15<19:49,  1.17s/step]Training:  92%|█████████▏| 10987/12000 [3:44:16<19:46,  1.17s/step]Training:  92%|█████████▏| 10988/12000 [3:44:17<19:44,  1.17s/step]Training:  92%|█████████▏| 10989/12000 [3:44:18<19:42,  1.17s/step]Training:  92%|█████████▏| 10990/12000 [3:44:19<19:40,  1.17s/step]Training:  92%|█████████▏| 10991/12000 [3:44:21<19:38,  1.17s/step]Training:  92%|█████████▏| 10992/12000 [3:44:22<19:38,  1.17s/step]Training:  92%|█████████▏| 10993/12000 [3:44:23<19:36,  1.17s/step]Training:  92%|█████████▏| 10994/12000 [3:44:24<19:38,  1.17s/step]Training:  92%|█████████▏| 10995/12000 [3:44:25<19:53,  1.19s/step]Training:  92%|█████████▏| 10996/12000 [3:44:26<19:56,  1.19s/step]Training:  92%|█████████▏| 10997/12000 [3:44:28<19:48,  1.19s/step]Training:  92%|█████████▏| 10998/12000 [3:44:29<19:41,  1.18s/step]Training:  92%|█████████▏| 10999/12000 [3:44:30<19:36,  1.18s/step]Training:  92%|█████████▏| 11000/12000 [3:44:31<19:34,  1.17s/step]INFO 2026-09-16 07:38:36 ot_train.py:670 step:11K smpl:704K ep:9K epch:25.91 loss:0.041 grdn:0.720 lr:4.5e-06 updt_s:0.977 data_s:0.038 smp/s:63 mem_gb:14.29 losses_after_forward:0.048 losses_after_in_ep_bound:0.029 losses_after_rm_padding:0.029
Training:  92%|█████████▏| 11001/12000 [3:44:32<19:32,  1.17s/step]Training:  92%|█████████▏| 11002/12000 [3:44:33<19:29,  1.17s/step]Training:  92%|█████████▏| 11003/12000 [3:44:35<19:26,  1.17s/step]Training:  92%|█████████▏| 11004/12000 [3:44:36<19:24,  1.17s/step]Training:  92%|█████████▏| 11005/12000 [3:44:37<19:23,  1.17s/step]Training:  92%|█████████▏| 11006/12000 [3:44:38<19:22,  1.17s/step]Training:  92%|█████████▏| 11007/12000 [3:44:39<19:22,  1.17s/step]Training:  92%|█████████▏| 11008/12000 [3:44:41<19:22,  1.17s/step]Training:  92%|█████████▏| 11009/12000 [3:44:42<19:23,  1.17s/step]Training:  92%|█████████▏| 11010/12000 [3:44:43<19:23,  1.18s/step]Training:  92%|█████████▏| 11011/12000 [3:44:44<19:22,  1.18s/step]Training:  92%|█████████▏| 11012/12000 [3:44:45<19:18,  1.17s/step]Training:  92%|█████████▏| 11013/12000 [3:44:46<19:17,  1.17s/step]Training:  92%|█████████▏| 11014/12000 [3:44:48<19:19,  1.18s/step]Training:  92%|█████████▏| 11015/12000 [3:44:49<19:21,  1.18s/step]Training:  92%|█████████▏| 11016/12000 [3:44:50<19:26,  1.19s/step]Training:  92%|█████████▏| 11017/12000 [3:44:51<19:21,  1.18s/step]Training:  92%|█████████▏| 11018/12000 [3:44:52<19:16,  1.18s/step]Training:  92%|█████████▏| 11019/12000 [3:44:53<19:12,  1.17s/step]Training:  92%|█████████▏| 11020/12000 [3:44:55<19:08,  1.17s/step]Training:  92%|█████████▏| 11021/12000 [3:44:56<19:06,  1.17s/step]Training:  92%|█████████▏| 11022/12000 [3:44:57<19:03,  1.17s/step]Training:  92%|█████████▏| 11023/12000 [3:44:58<19:02,  1.17s/step]Training:  92%|█████████▏| 11024/12000 [3:44:59<19:00,  1.17s/step]Training:  92%|█████████▏| 11025/12000 [3:45:00<18:58,  1.17s/step]Training:  92%|█████████▏| 11026/12000 [3:45:02<18:57,  1.17s/step]Training:  92%|█████████▏| 11027/12000 [3:45:03<18:56,  1.17s/step]Training:  92%|█████████▏| 11028/12000 [3:45:04<18:55,  1.17s/step]Training:  92%|█████████▏| 11029/12000 [3:45:05<18:54,  1.17s/step]Training:  92%|█████████▏| 11030/12000 [3:45:06<18:52,  1.17s/step]Training:  92%|█████████▏| 11031/12000 [3:45:07<18:51,  1.17s/step]Training:  92%|█████████▏| 11032/12000 [3:45:09<18:49,  1.17s/step]Training:  92%|█████████▏| 11033/12000 [3:45:10<18:48,  1.17s/step]Training:  92%|█████████▏| 11034/12000 [3:45:11<18:46,  1.17s/step]Training:  92%|█████████▏| 11035/12000 [3:45:12<18:45,  1.17s/step]Training:  92%|█████████▏| 11036/12000 [3:45:13<18:59,  1.18s/step]Training:  92%|█████████▏| 11037/12000 [3:45:15<19:06,  1.19s/step]Training:  92%|█████████▏| 11038/12000 [3:45:16<18:58,  1.18s/step]Training:  92%|█████████▏| 11039/12000 [3:45:17<18:53,  1.18s/step]Training:  92%|█████████▏| 11040/12000 [3:45:18<18:51,  1.18s/step]Training:  92%|█████████▏| 11041/12000 [3:45:19<18:50,  1.18s/step]Training:  92%|█████████▏| 11042/12000 [3:45:20<18:49,  1.18s/step]Training:  92%|█████████▏| 11043/12000 [3:45:22<18:46,  1.18s/step]Training:  92%|█████████▏| 11044/12000 [3:45:23<18:42,  1.17s/step]Training:  92%|█████████▏| 11045/12000 [3:45:24<18:39,  1.17s/step]Training:  92%|█████████▏| 11046/12000 [3:45:25<18:37,  1.17s/step]Training:  92%|█████████▏| 11047/12000 [3:45:26<18:35,  1.17s/step]Training:  92%|█████████▏| 11048/12000 [3:45:27<18:32,  1.17s/step]Training:  92%|█████████▏| 11049/12000 [3:45:29<18:31,  1.17s/step]Training:  92%|█████████▏| 11050/12000 [3:45:29<16:25,  1.04s/step]Training:  92%|█████████▏| 11051/12000 [3:45:32<26:13,  1.66s/step]Training:  92%|█████████▏| 11052/12000 [3:45:34<24:17,  1.54s/step]Training:  92%|█████████▏| 11053/12000 [3:45:35<22:52,  1.45s/step]Training:  92%|█████████▏| 11054/12000 [3:45:36<21:40,  1.38s/step]Training:  92%|█████████▏| 11055/12000 [3:45:37<20:39,  1.31s/step]Training:  92%|█████████▏| 11056/12000 [3:45:38<19:57,  1.27s/step]Training:  92%|█████████▏| 11057/12000 [3:45:40<19:29,  1.24s/step]Training:  92%|█████████▏| 11058/12000 [3:45:41<19:06,  1.22s/step]Training:  92%|█████████▏| 11059/12000 [3:45:42<18:50,  1.20s/step]Training:  92%|█████████▏| 11060/12000 [3:45:43<18:39,  1.19s/step]Training:  92%|█████████▏| 11061/12000 [3:45:44<18:30,  1.18s/step]Training:  92%|█████████▏| 11062/12000 [3:45:45<18:23,  1.18s/step]Training:  92%|█████████▏| 11063/12000 [3:45:47<18:19,  1.17s/step]Training:  92%|█████████▏| 11064/12000 [3:45:48<18:16,  1.17s/step]Training:  92%|█████████▏| 11065/12000 [3:45:49<18:13,  1.17s/step]Training:  92%|█████████▏| 11066/12000 [3:45:50<18:10,  1.17s/step]Training:  92%|█████████▏| 11067/12000 [3:45:51<18:13,  1.17s/step]Training:  92%|█████████▏| 11068/12000 [3:45:53<18:15,  1.17s/step]Training:  92%|█████████▏| 11069/12000 [3:45:54<18:18,  1.18s/step]Training:  92%|█████████▏| 11070/12000 [3:45:55<18:25,  1.19s/step]Training:  92%|█████████▏| 11071/12000 [3:45:56<18:21,  1.19s/step]Training:  92%|█████████▏| 11072/12000 [3:45:57<18:17,  1.18s/step]Training:  92%|█████████▏| 11073/12000 [3:45:58<18:14,  1.18s/step]Training:  92%|█████████▏| 11074/12000 [3:46:00<18:12,  1.18s/step]Training:  92%|█████████▏| 11075/12000 [3:46:01<18:06,  1.17s/step]Training:  92%|█████████▏| 11076/12000 [3:46:02<18:02,  1.17s/step]Training:  92%|█████████▏| 11077/12000 [3:46:03<18:00,  1.17s/step]Training:  92%|█████████▏| 11078/12000 [3:46:04<17:57,  1.17s/step]Training:  92%|█████████▏| 11079/12000 [3:46:05<17:56,  1.17s/step]Training:  92%|█████████▏| 11080/12000 [3:46:07<17:55,  1.17s/step]Training:  92%|█████████▏| 11081/12000 [3:46:08<17:54,  1.17s/step]Training:  92%|█████████▏| 11082/12000 [3:46:09<17:53,  1.17s/step]Training:  92%|█████████▏| 11083/12000 [3:46:10<17:55,  1.17s/step]Training:  92%|█████████▏| 11084/12000 [3:46:11<17:55,  1.17s/step]Training:  92%|█████████▏| 11085/12000 [3:46:13<17:58,  1.18s/step]Training:  92%|█████████▏| 11086/12000 [3:46:14<17:54,  1.18s/step]Training:  92%|█████████▏| 11087/12000 [3:46:15<17:51,  1.17s/step]Training:  92%|█████████▏| 11088/12000 [3:46:16<17:52,  1.18s/step]Training:  92%|█████████▏| 11089/12000 [3:46:17<17:56,  1.18s/step]Training:  92%|█████████▏| 11090/12000 [3:46:18<18:03,  1.19s/step]Training:  92%|█████████▏| 11091/12000 [3:46:20<17:57,  1.18s/step]Training:  92%|█████████▏| 11092/12000 [3:46:21<17:51,  1.18s/step]Training:  92%|█████████▏| 11093/12000 [3:46:22<17:46,  1.18s/step]Training:  92%|█████████▏| 11094/12000 [3:46:23<17:43,  1.17s/step]Training:  92%|█████████▏| 11095/12000 [3:46:24<17:41,  1.17s/step]Training:  92%|█████████▏| 11096/12000 [3:46:25<17:39,  1.17s/step]Training:  92%|█████████▏| 11097/12000 [3:46:27<17:37,  1.17s/step]Training:  92%|█████████▏| 11098/12000 [3:46:28<17:35,  1.17s/step]Training:  92%|█████████▏| 11099/12000 [3:46:29<17:40,  1.18s/step]Training:  92%|█████████▎| 11100/12000 [3:46:30<17:41,  1.18s/step]Training:  93%|█████████▎| 11101/12000 [3:46:31<17:37,  1.18s/step]Training:  93%|█████████▎| 11102/12000 [3:46:32<17:34,  1.17s/step]Training:  93%|█████████▎| 11103/12000 [3:46:34<17:33,  1.18s/step]Training:  93%|█████████▎| 11104/12000 [3:46:35<17:37,  1.18s/step]Training:  93%|█████████▎| 11105/12000 [3:46:36<17:36,  1.18s/step]Training:  93%|█████████▎| 11106/12000 [3:46:37<17:42,  1.19s/step]Training:  93%|█████████▎| 11107/12000 [3:46:38<17:46,  1.19s/step]Training:  93%|█████████▎| 11108/12000 [3:46:40<17:46,  1.20s/step]Training:  93%|█████████▎| 11109/12000 [3:46:41<17:44,  1.19s/step]Training:  93%|█████████▎| 11110/12000 [3:46:42<17:36,  1.19s/step]Training:  93%|█████████▎| 11111/12000 [3:46:43<17:30,  1.18s/step]Training:  93%|█████████▎| 11112/12000 [3:46:44<17:26,  1.18s/step]Training:  93%|█████████▎| 11113/12000 [3:46:46<17:22,  1.17s/step]Training:  93%|█████████▎| 11114/12000 [3:46:47<17:19,  1.17s/step]Training:  93%|█████████▎| 11115/12000 [3:46:48<17:22,  1.18s/step]Training:  93%|█████████▎| 11116/12000 [3:46:49<17:19,  1.18s/step]Training:  93%|█████████▎| 11117/12000 [3:46:50<17:16,  1.17s/step]Training:  93%|█████████▎| 11118/12000 [3:46:51<17:13,  1.17s/step]Training:  93%|█████████▎| 11119/12000 [3:46:53<17:11,  1.17s/step]Training:  93%|█████████▎| 11120/12000 [3:46:54<17:10,  1.17s/step]Training:  93%|█████████▎| 11121/12000 [3:46:55<17:09,  1.17s/step]Training:  93%|█████████▎| 11122/12000 [3:46:56<17:12,  1.18s/step]Training:  93%|█████████▎| 11123/12000 [3:46:57<17:09,  1.17s/step]Training:  93%|█████████▎| 11124/12000 [3:46:58<17:07,  1.17s/step]Training:  93%|█████████▎| 11125/12000 [3:47:00<17:07,  1.17s/step]Training:  93%|█████████▎| 11126/12000 [3:47:01<17:07,  1.18s/step]Training:  93%|█████████▎| 11127/12000 [3:47:02<17:10,  1.18s/step]Training:  93%|█████████▎| 11128/12000 [3:47:03<17:18,  1.19s/step]Training:  93%|█████████▎| 11129/12000 [3:47:04<17:12,  1.19s/step]Training:  93%|█████████▎| 11130/12000 [3:47:06<17:07,  1.18s/step]Training:  93%|█████████▎| 11131/12000 [3:47:07<17:08,  1.18s/step]Training:  93%|█████████▎| 11132/12000 [3:47:08<17:04,  1.18s/step]Training:  93%|█████████▎| 11133/12000 [3:47:09<17:00,  1.18s/step]Training:  93%|█████████▎| 11134/12000 [3:47:10<16:58,  1.18s/step]Training:  93%|█████████▎| 11135/12000 [3:47:11<17:02,  1.18s/step]Training:  93%|█████████▎| 11136/12000 [3:47:13<17:04,  1.19s/step]Training:  93%|█████████▎| 11137/12000 [3:47:14<17:02,  1.18s/step]Training:  93%|█████████▎| 11138/12000 [3:47:15<17:01,  1.19s/step]Training:  93%|█████████▎| 11139/12000 [3:47:16<16:59,  1.18s/step]Training:  93%|█████████▎| 11140/12000 [3:47:17<16:57,  1.18s/step]Training:  93%|█████████▎| 11141/12000 [3:47:19<16:54,  1.18s/step]Training:  93%|█████████▎| 11142/12000 [3:47:20<16:51,  1.18s/step]Training:  93%|█████████▎| 11143/12000 [3:47:21<16:51,  1.18s/step]Training:  93%|█████████▎| 11144/12000 [3:47:22<16:56,  1.19s/step]Training:  93%|█████████▎| 11145/12000 [3:47:23<17:01,  1.19s/step]Training:  93%|█████████▎| 11146/12000 [3:47:24<16:56,  1.19s/step]Training:  93%|█████████▎| 11147/12000 [3:47:26<16:52,  1.19s/step]Training:  93%|█████████▎| 11148/12000 [3:47:27<16:52,  1.19s/step]Training:  93%|█████████▎| 11149/12000 [3:47:28<16:48,  1.18s/step]Training:  93%|█████████▎| 11150/12000 [3:47:29<16:45,  1.18s/step]Training:  93%|█████████▎| 11151/12000 [3:47:30<16:47,  1.19s/step]Training:  93%|█████████▎| 11152/12000 [3:47:32<16:45,  1.19s/step]Training:  93%|█████████▎| 11153/12000 [3:47:33<16:42,  1.18s/step]Training:  93%|█████████▎| 11154/12000 [3:47:34<16:41,  1.18s/step]Training:  93%|█████████▎| 11155/12000 [3:47:35<16:38,  1.18s/step]Training:  93%|█████████▎| 11156/12000 [3:47:36<16:36,  1.18s/step]Training:  93%|█████████▎| 11157/12000 [3:47:37<16:35,  1.18s/step]Training:  93%|█████████▎| 11158/12000 [3:47:39<16:33,  1.18s/step]Training:  93%|█████████▎| 11159/12000 [3:47:40<16:31,  1.18s/step]Training:  93%|█████████▎| 11160/12000 [3:47:41<16:30,  1.18s/step]Training:  93%|█████████▎| 11161/12000 [3:47:42<16:40,  1.19s/step]Training:  93%|█████████▎| 11162/12000 [3:47:43<16:44,  1.20s/step]Training:  93%|█████████▎| 11163/12000 [3:47:45<16:38,  1.19s/step]Training:  93%|█████████▎| 11164/12000 [3:47:46<16:34,  1.19s/step]Training:  93%|█████████▎| 11165/12000 [3:47:47<16:29,  1.19s/step]Training:  93%|█████████▎| 11166/12000 [3:47:48<16:27,  1.18s/step]Training:  93%|█████████▎| 11167/12000 [3:47:49<16:31,  1.19s/step]Training:  93%|█████████▎| 11168/12000 [3:47:51<16:30,  1.19s/step]Training:  93%|█████████▎| 11169/12000 [3:47:52<16:29,  1.19s/step]Training:  93%|█████████▎| 11170/12000 [3:47:53<16:31,  1.20s/step]Training:  93%|█████████▎| 11171/12000 [3:47:54<16:27,  1.19s/step]Training:  93%|█████████▎| 11172/12000 [3:47:55<16:23,  1.19s/step]Training:  93%|█████████▎| 11173/12000 [3:47:57<16:24,  1.19s/step]Training:  93%|█████████▎| 11174/12000 [3:47:58<16:19,  1.19s/step]Training:  93%|█████████▎| 11175/12000 [3:47:59<16:20,  1.19s/step]Training:  93%|█████████▎| 11176/12000 [3:48:00<16:19,  1.19s/step]Training:  93%|█████████▎| 11177/12000 [3:48:01<16:30,  1.20s/step]Training:  93%|█████████▎| 11178/12000 [3:48:03<16:30,  1.21s/step]Training:  93%|█████████▎| 11179/12000 [3:48:04<16:22,  1.20s/step]Training:  93%|█████████▎| 11180/12000 [3:48:05<16:16,  1.19s/step]Training:  93%|█████████▎| 11181/12000 [3:48:06<16:11,  1.19s/step]Training:  93%|█████████▎| 11182/12000 [3:48:07<16:08,  1.18s/step]Training:  93%|█████████▎| 11183/12000 [3:48:08<16:04,  1.18s/step]Training:  93%|█████████▎| 11184/12000 [3:48:10<16:02,  1.18s/step]Training:  93%|█████████▎| 11185/12000 [3:48:11<16:00,  1.18s/step]Training:  93%|█████████▎| 11186/12000 [3:48:12<15:58,  1.18s/step]Training:  93%|█████████▎| 11187/12000 [3:48:13<15:56,  1.18s/step]Training:  93%|█████████▎| 11188/12000 [3:48:14<15:55,  1.18s/step]Training:  93%|█████████▎| 11189/12000 [3:48:15<15:53,  1.18s/step]Training:  93%|█████████▎| 11190/12000 [3:48:17<15:51,  1.18s/step]Training:  93%|█████████▎| 11191/12000 [3:48:18<15:50,  1.17s/step]Training:  93%|█████████▎| 11192/12000 [3:48:19<15:49,  1.17s/step]Training:  93%|█████████▎| 11193/12000 [3:48:20<15:48,  1.17s/step]Training:  93%|█████████▎| 11194/12000 [3:48:21<15:50,  1.18s/step]Training:  93%|█████████▎| 11195/12000 [3:48:23<15:53,  1.19s/step]Training:  93%|█████████▎| 11196/12000 [3:48:24<16:01,  1.20s/step]Training:  93%|█████████▎| 11197/12000 [3:48:25<15:54,  1.19s/step]Training:  93%|█████████▎| 11198/12000 [3:48:26<15:49,  1.18s/step]Training:  93%|█████████▎| 11199/12000 [3:48:27<15:47,  1.18s/step]Training:  93%|█████████▎| 11200/12000 [3:48:29<15:49,  1.19s/step]INFO 2026-09-16 07:42:33 ot_train.py:670 step:11K smpl:717K ep:9K epch:26.38 loss:0.042 grdn:0.732 lr:3.9e-06 updt_s:0.975 data_s:0.047 smp/s:63 mem_gb:14.26 losses_after_forward:0.048 losses_after_in_ep_bound:0.029 losses_after_rm_padding:0.029
Training:  93%|█████████▎| 11201/12000 [3:48:30<15:48,  1.19s/step]Training:  93%|█████████▎| 11202/12000 [3:48:31<15:49,  1.19s/step]Training:  93%|█████████▎| 11203/12000 [3:48:32<15:44,  1.19s/step]Training:  93%|█████████▎| 11204/12000 [3:48:33<15:40,  1.18s/step]Training:  93%|█████████▎| 11205/12000 [3:48:34<15:36,  1.18s/step]Training:  93%|█████████▎| 11206/12000 [3:48:36<15:32,  1.17s/step]Training:  93%|█████████▎| 11207/12000 [3:48:37<15:32,  1.18s/step]Training:  93%|█████████▎| 11208/12000 [3:48:38<15:29,  1.17s/step]Training:  93%|█████████▎| 11209/12000 [3:48:39<15:27,  1.17s/step]Training:  93%|█████████▎| 11210/12000 [3:48:40<15:25,  1.17s/step]Training:  93%|█████████▎| 11211/12000 [3:48:41<15:23,  1.17s/step]Training:  93%|█████████▎| 11212/12000 [3:48:43<15:26,  1.18s/step]Training:  93%|█████████▎| 11213/12000 [3:48:44<15:33,  1.19s/step]Training:  93%|█████████▎| 11214/12000 [3:48:45<15:36,  1.19s/step]Training:  93%|█████████▎| 11215/12000 [3:48:46<15:30,  1.19s/step]Training:  93%|█████████▎| 11216/12000 [3:48:47<15:25,  1.18s/step]Training:  93%|█████████▎| 11217/12000 [3:48:49<15:20,  1.18s/step]Training:  93%|█████████▎| 11218/12000 [3:48:50<15:17,  1.17s/step]Training:  93%|█████████▎| 11219/12000 [3:48:51<15:15,  1.17s/step]Training:  94%|█████████▎| 11220/12000 [3:48:52<15:13,  1.17s/step]Training:  94%|█████████▎| 11221/12000 [3:48:53<15:10,  1.17s/step]Training:  94%|█████████▎| 11222/12000 [3:48:54<15:08,  1.17s/step]Training:  94%|█████████▎| 11223/12000 [3:48:56<15:07,  1.17s/step]Training:  94%|█████████▎| 11224/12000 [3:48:57<15:06,  1.17s/step]Training:  94%|█████████▎| 11225/12000 [3:48:58<15:04,  1.17s/step]Training:  94%|█████████▎| 11226/12000 [3:48:59<15:03,  1.17s/step]Training:  94%|█████████▎| 11227/12000 [3:49:00<15:02,  1.17s/step]Training:  94%|█████████▎| 11228/12000 [3:49:01<15:00,  1.17s/step]Training:  94%|█████████▎| 11229/12000 [3:49:03<14:58,  1.17s/step]Training:  94%|█████████▎| 11230/12000 [3:49:04<14:57,  1.17s/step]Training:  94%|█████████▎| 11231/12000 [3:49:05<15:01,  1.17s/step]Training:  94%|█████████▎| 11232/12000 [3:49:06<15:01,  1.17s/step]Training:  94%|█████████▎| 11233/12000 [3:49:07<15:08,  1.18s/step]Training:  94%|█████████▎| 11234/12000 [3:49:08<15:11,  1.19s/step]Training:  94%|█████████▎| 11235/12000 [3:49:10<15:13,  1.19s/step]Training:  94%|█████████▎| 11236/12000 [3:49:11<15:06,  1.19s/step]Training:  94%|█████████▎| 11237/12000 [3:49:12<15:00,  1.18s/step]Training:  94%|█████████▎| 11238/12000 [3:49:13<14:55,  1.17s/step]Training:  94%|█████████▎| 11239/12000 [3:49:14<14:51,  1.17s/step]Training:  94%|█████████▎| 11240/12000 [3:49:16<14:49,  1.17s/step]Training:  94%|█████████▎| 11241/12000 [3:49:17<14:46,  1.17s/step]Training:  94%|█████████▎| 11242/12000 [3:49:18<14:44,  1.17s/step]Training:  94%|█████████▎| 11243/12000 [3:49:19<14:43,  1.17s/step]Training:  94%|█████████▎| 11244/12000 [3:49:20<14:41,  1.17s/step]Training:  94%|█████████▎| 11245/12000 [3:49:21<14:39,  1.17s/step]Training:  94%|█████████▎| 11246/12000 [3:49:22<14:38,  1.17s/step]Training:  94%|█████████▎| 11247/12000 [3:49:24<14:37,  1.17s/step]Training:  94%|█████████▎| 11248/12000 [3:49:25<14:36,  1.17s/step]Training:  94%|█████████▎| 11249/12000 [3:49:26<14:34,  1.17s/step]Training:  94%|█████████▍| 11250/12000 [3:49:27<14:35,  1.17s/step]Training:  94%|█████████▍| 11251/12000 [3:49:28<14:33,  1.17s/step]Training:  94%|█████████▍| 11252/12000 [3:49:29<14:31,  1.17s/step]Training:  94%|█████████▍| 11253/12000 [3:49:31<14:31,  1.17s/step]Training:  94%|█████████▍| 11254/12000 [3:49:32<14:30,  1.17s/step]Training:  94%|█████████▍| 11255/12000 [3:49:33<14:34,  1.17s/step]Training:  94%|█████████▍| 11256/12000 [3:49:34<14:38,  1.18s/step]Training:  94%|█████████▍| 11257/12000 [3:49:35<14:49,  1.20s/step]Training:  94%|█████████▍| 11258/12000 [3:49:37<14:40,  1.19s/step]Training:  94%|█████████▍| 11259/12000 [3:49:38<14:35,  1.18s/step]Training:  94%|█████████▍| 11260/12000 [3:49:39<14:31,  1.18s/step]Training:  94%|█████████▍| 11261/12000 [3:49:40<14:26,  1.17s/step]Training:  94%|█████████▍| 11262/12000 [3:49:41<14:23,  1.17s/step]Training:  94%|█████████▍| 11263/12000 [3:49:42<14:23,  1.17s/step]Training:  94%|█████████▍| 11264/12000 [3:49:44<14:27,  1.18s/step]Training:  94%|█████████▍| 11265/12000 [3:49:45<14:26,  1.18s/step]Training:  94%|█████████▍| 11266/12000 [3:49:46<14:24,  1.18s/step]Training:  94%|█████████▍| 11267/12000 [3:49:47<14:22,  1.18s/step]Training:  94%|█████████▍| 11268/12000 [3:49:48<14:18,  1.17s/step]Training:  94%|█████████▍| 11269/12000 [3:49:50<14:15,  1.17s/step]Training:  94%|█████████▍| 11270/12000 [3:49:51<14:12,  1.17s/step]Training:  94%|█████████▍| 11271/12000 [3:49:52<14:10,  1.17s/step]Training:  94%|█████████▍| 11272/12000 [3:49:53<14:08,  1.17s/step]Training:  94%|█████████▍| 11273/12000 [3:49:54<14:06,  1.16s/step]Training:  94%|█████████▍| 11274/12000 [3:49:55<14:06,  1.17s/step]Training:  94%|█████████▍| 11275/12000 [3:49:57<14:08,  1.17s/step]Training:  94%|█████████▍| 11276/12000 [3:49:58<14:11,  1.18s/step]Training:  94%|█████████▍| 11277/12000 [3:49:59<14:13,  1.18s/step]Training:  94%|█████████▍| 11278/12000 [3:50:00<14:13,  1.18s/step]Training:  94%|█████████▍| 11279/12000 [3:50:01<14:08,  1.18s/step]Training:  94%|█████████▍| 11280/12000 [3:50:02<14:04,  1.17s/step]Training:  94%|█████████▍| 11281/12000 [3:50:04<14:02,  1.17s/step]Training:  94%|█████████▍| 11282/12000 [3:50:05<14:00,  1.17s/step]Training:  94%|█████████▍| 11283/12000 [3:50:06<13:57,  1.17s/step]Training:  94%|█████████▍| 11284/12000 [3:50:07<13:57,  1.17s/step]Training:  94%|█████████▍| 11285/12000 [3:50:08<13:54,  1.17s/step]Training:  94%|█████████▍| 11286/12000 [3:50:09<13:52,  1.17s/step]Training:  94%|█████████▍| 11287/12000 [3:50:11<13:51,  1.17s/step]Training:  94%|█████████▍| 11288/12000 [3:50:12<13:52,  1.17s/step]Training:  94%|█████████▍| 11289/12000 [3:50:13<13:49,  1.17s/step]Training:  94%|█████████▍| 11290/12000 [3:50:14<13:50,  1.17s/step]Training:  94%|█████████▍| 11291/12000 [3:50:15<13:52,  1.17s/step]Training:  94%|█████████▍| 11292/12000 [3:50:16<13:48,  1.17s/step]Training:  94%|█████████▍| 11293/12000 [3:50:18<13:45,  1.17s/step]Training:  94%|█████████▍| 11294/12000 [3:50:19<13:43,  1.17s/step]Training:  94%|█████████▍| 11295/12000 [3:50:20<13:41,  1.16s/step]Training:  94%|█████████▍| 11296/12000 [3:50:21<13:42,  1.17s/step]Training:  94%|█████████▍| 11297/12000 [3:50:22<13:45,  1.17s/step]Training:  94%|█████████▍| 11298/12000 [3:50:23<13:48,  1.18s/step]Training:  94%|█████████▍| 11299/12000 [3:50:25<13:53,  1.19s/step]Training:  94%|█████████▍| 11300/12000 [3:50:26<13:47,  1.18s/step]Training:  94%|█████████▍| 11301/12000 [3:50:27<13:42,  1.18s/step]Training:  94%|█████████▍| 11302/12000 [3:50:28<13:37,  1.17s/step]Training:  94%|█████████▍| 11303/12000 [3:50:29<13:34,  1.17s/step]Training:  94%|█████████▍| 11304/12000 [3:50:30<13:32,  1.17s/step]Training:  94%|█████████▍| 11305/12000 [3:50:32<13:33,  1.17s/step]Training:  94%|█████████▍| 11306/12000 [3:50:33<13:31,  1.17s/step]Training:  94%|█████████▍| 11307/12000 [3:50:34<13:33,  1.17s/step]Training:  94%|█████████▍| 11308/12000 [3:50:35<13:32,  1.17s/step]Training:  94%|█████████▍| 11309/12000 [3:50:36<13:28,  1.17s/step]Training:  94%|█████████▍| 11310/12000 [3:50:38<13:25,  1.17s/step]Training:  94%|█████████▍| 11311/12000 [3:50:39<13:23,  1.17s/step]Training:  94%|█████████▍| 11312/12000 [3:50:40<13:21,  1.17s/step]Training:  94%|█████████▍| 11313/12000 [3:50:41<13:22,  1.17s/step]Training:  94%|█████████▍| 11314/12000 [3:50:42<13:19,  1.17s/step]Training:  94%|█████████▍| 11315/12000 [3:50:43<13:17,  1.16s/step]Training:  94%|█████████▍| 11316/12000 [3:50:44<13:16,  1.16s/step]Training:  94%|█████████▍| 11317/12000 [3:50:46<13:14,  1.16s/step]Training:  94%|█████████▍| 11318/12000 [3:50:47<13:13,  1.16s/step]Training:  94%|█████████▍| 11319/12000 [3:50:48<13:15,  1.17s/step]Training:  94%|█████████▍| 11320/12000 [3:50:49<13:19,  1.18s/step]Training:  94%|█████████▍| 11321/12000 [3:50:50<13:22,  1.18s/step]Training:  94%|█████████▍| 11322/12000 [3:50:52<13:19,  1.18s/step]Training:  94%|█████████▍| 11323/12000 [3:50:53<13:15,  1.17s/step]Training:  94%|█████████▍| 11324/12000 [3:50:54<13:11,  1.17s/step]Training:  94%|█████████▍| 11325/12000 [3:50:55<13:08,  1.17s/step]Training:  94%|█████████▍| 11326/12000 [3:50:56<13:06,  1.17s/step]Training:  94%|█████████▍| 11327/12000 [3:50:57<13:08,  1.17s/step]Training:  94%|█████████▍| 11328/12000 [3:50:59<13:06,  1.17s/step]Training:  94%|█████████▍| 11329/12000 [3:51:00<13:15,  1.19s/step]Training:  94%|█████████▍| 11330/12000 [3:51:01<13:11,  1.18s/step]Training:  94%|█████████▍| 11331/12000 [3:51:02<13:08,  1.18s/step]Training:  94%|█████████▍| 11332/12000 [3:51:03<13:06,  1.18s/step]Training:  94%|█████████▍| 11333/12000 [3:51:04<13:03,  1.17s/step]Training:  94%|█████████▍| 11334/12000 [3:51:06<12:59,  1.17s/step]Training:  94%|█████████▍| 11335/12000 [3:51:07<12:56,  1.17s/step]Training:  94%|█████████▍| 11336/12000 [3:51:08<12:54,  1.17s/step]Training:  94%|█████████▍| 11337/12000 [3:51:09<12:51,  1.16s/step]Training:  94%|█████████▍| 11338/12000 [3:51:10<12:50,  1.16s/step]Training:  94%|█████████▍| 11339/12000 [3:51:11<12:49,  1.16s/step]Training:  94%|█████████▍| 11340/12000 [3:51:13<12:50,  1.17s/step]Training:  95%|█████████▍| 11341/12000 [3:51:14<12:51,  1.17s/step]Training:  95%|█████████▍| 11342/12000 [3:51:15<12:55,  1.18s/step]Training:  95%|█████████▍| 11343/12000 [3:51:16<12:55,  1.18s/step]Training:  95%|█████████▍| 11344/12000 [3:51:17<12:51,  1.18s/step]Training:  95%|█████████▍| 11345/12000 [3:51:19<12:47,  1.17s/step]Training:  95%|█████████▍| 11346/12000 [3:51:20<12:44,  1.17s/step]Training:  95%|█████████▍| 11347/12000 [3:51:21<12:41,  1.17s/step]Training:  95%|█████████▍| 11348/12000 [3:51:22<12:40,  1.17s/step]Training:  95%|█████████▍| 11349/12000 [3:51:23<12:38,  1.17s/step]Training:  95%|█████████▍| 11350/12000 [3:51:24<12:36,  1.16s/step]Training:  95%|█████████▍| 11351/12000 [3:51:25<12:35,  1.16s/step]Training:  95%|█████████▍| 11352/12000 [3:51:27<12:35,  1.17s/step]Training:  95%|█████████▍| 11353/12000 [3:51:28<12:33,  1.16s/step]Training:  95%|█████████▍| 11354/12000 [3:51:29<12:31,  1.16s/step]Training:  95%|█████████▍| 11355/12000 [3:51:30<12:30,  1.16s/step]Training:  95%|█████████▍| 11356/12000 [3:51:31<12:32,  1.17s/step]Training:  95%|█████████▍| 11357/12000 [3:51:32<12:29,  1.17s/step]Training:  95%|█████████▍| 11358/12000 [3:51:34<12:28,  1.17s/step]Training:  95%|█████████▍| 11359/12000 [3:51:35<12:26,  1.16s/step]Training:  95%|█████████▍| 11360/12000 [3:51:36<12:24,  1.16s/step]Training:  95%|█████████▍| 11361/12000 [3:51:37<12:25,  1.17s/step]Training:  95%|█████████▍| 11362/12000 [3:51:38<12:26,  1.17s/step]Training:  95%|█████████▍| 11363/12000 [3:51:40<12:29,  1.18s/step]Training:  95%|█████████▍| 11364/12000 [3:51:41<12:35,  1.19s/step]Training:  95%|█████████▍| 11365/12000 [3:51:42<12:35,  1.19s/step]Training:  95%|█████████▍| 11366/12000 [3:51:43<12:28,  1.18s/step]Training:  95%|█████████▍| 11367/12000 [3:51:44<12:23,  1.17s/step]Training:  95%|█████████▍| 11368/12000 [3:51:45<12:22,  1.17s/step]Training:  95%|█████████▍| 11369/12000 [3:51:47<12:18,  1.17s/step]Training:  95%|█████████▍| 11370/12000 [3:51:48<12:15,  1.17s/step]Training:  95%|█████████▍| 11371/12000 [3:51:49<12:16,  1.17s/step]Training:  95%|█████████▍| 11372/12000 [3:51:50<12:15,  1.17s/step]Training:  95%|█████████▍| 11373/12000 [3:51:51<12:14,  1.17s/step]Training:  95%|█████████▍| 11374/12000 [3:51:52<12:11,  1.17s/step]Training:  95%|█████████▍| 11375/12000 [3:51:54<12:08,  1.17s/step]Training:  95%|█████████▍| 11376/12000 [3:51:55<12:07,  1.17s/step]Training:  95%|█████████▍| 11377/12000 [3:51:56<12:04,  1.16s/step]Training:  95%|█████████▍| 11378/12000 [3:51:57<12:03,  1.16s/step]Training:  95%|█████████▍| 11379/12000 [3:51:58<12:01,  1.16s/step]Training:  95%|█████████▍| 11380/12000 [3:51:59<12:01,  1.16s/step]Training:  95%|█████████▍| 11381/12000 [3:52:01<12:00,  1.16s/step]Training:  95%|█████████▍| 11382/12000 [3:52:02<11:58,  1.16s/step]Training:  95%|█████████▍| 11383/12000 [3:52:03<11:57,  1.16s/step]Training:  95%|█████████▍| 11384/12000 [3:52:04<11:56,  1.16s/step]Training:  95%|█████████▍| 11385/12000 [3:52:05<12:04,  1.18s/step]Training:  95%|█████████▍| 11386/12000 [3:52:06<12:07,  1.18s/step]Training:  95%|█████████▍| 11387/12000 [3:52:08<12:05,  1.18s/step]Training:  95%|█████████▍| 11388/12000 [3:52:09<12:01,  1.18s/step]Training:  95%|█████████▍| 11389/12000 [3:52:10<11:56,  1.17s/step]Training:  95%|█████████▍| 11390/12000 [3:52:11<11:53,  1.17s/step]Training:  95%|█████████▍| 11391/12000 [3:52:12<11:50,  1.17s/step]Training:  95%|█████████▍| 11392/12000 [3:52:13<11:48,  1.17s/step]Training:  95%|█████████▍| 11393/12000 [3:52:15<11:52,  1.17s/step]Training:  95%|█████████▍| 11394/12000 [3:52:16<11:54,  1.18s/step]Training:  95%|█████████▍| 11395/12000 [3:52:17<11:52,  1.18s/step]Training:  95%|█████████▍| 11396/12000 [3:52:18<11:50,  1.18s/step]Training:  95%|█████████▍| 11397/12000 [3:52:19<11:48,  1.18s/step]Training:  95%|█████████▍| 11398/12000 [3:52:21<11:45,  1.17s/step]Training:  95%|█████████▍| 11399/12000 [3:52:22<11:42,  1.17s/step]Training:  95%|█████████▌| 11400/12000 [3:52:23<11:40,  1.17s/step]INFO 2026-09-16 07:46:28 ot_train.py:670 step:11K smpl:730K ep:9K epch:26.85 loss:0.042 grdn:0.730 lr:3.3e-06 updt_s:0.969 data_s:0.038 smp/s:64 mem_gb:14.29 losses_after_forward:0.049 losses_after_in_ep_bound:0.030 losses_after_rm_padding:0.030
Training:  95%|█████████▌| 11401/12000 [3:52:24<11:38,  1.17s/step]Training:  95%|█████████▌| 11402/12000 [3:52:25<11:36,  1.16s/step]Training:  95%|█████████▌| 11403/12000 [3:52:26<11:36,  1.17s/step]Training:  95%|█████████▌| 11404/12000 [3:52:28<11:34,  1.17s/step]Training:  95%|█████████▌| 11405/12000 [3:52:29<11:32,  1.16s/step]Training:  95%|█████████▌| 11406/12000 [3:52:30<11:33,  1.17s/step]Training:  95%|█████████▌| 11407/12000 [3:52:31<11:35,  1.17s/step]Training:  95%|█████████▌| 11408/12000 [3:52:32<11:38,  1.18s/step]Training:  95%|█████████▌| 11409/12000 [3:52:33<11:36,  1.18s/step]Training:  95%|█████████▌| 11410/12000 [3:52:35<11:32,  1.17s/step]Training:  95%|█████████▌| 11411/12000 [3:52:36<11:28,  1.17s/step]Training:  95%|█████████▌| 11412/12000 [3:52:37<11:25,  1.17s/step]Training:  95%|█████████▌| 11413/12000 [3:52:38<11:22,  1.16s/step]Training:  95%|█████████▌| 11414/12000 [3:52:39<11:20,  1.16s/step]Training:  95%|█████████▌| 11415/12000 [3:52:40<11:19,  1.16s/step]Training:  95%|█████████▌| 11416/12000 [3:52:42<11:17,  1.16s/step]Training:  95%|█████████▌| 11417/12000 [3:52:43<11:16,  1.16s/step]Training:  95%|█████████▌| 11418/12000 [3:52:44<11:17,  1.16s/step]Training:  95%|█████████▌| 11419/12000 [3:52:45<11:15,  1.16s/step]Training:  95%|█████████▌| 11420/12000 [3:52:46<11:13,  1.16s/step]Training:  95%|█████████▌| 11421/12000 [3:52:47<11:11,  1.16s/step]Training:  95%|█████████▌| 11422/12000 [3:52:48<11:10,  1.16s/step]Training:  95%|█████████▌| 11423/12000 [3:52:50<11:08,  1.16s/step]Training:  95%|█████████▌| 11424/12000 [3:52:51<11:07,  1.16s/step]Training:  95%|█████████▌| 11425/12000 [3:52:52<11:06,  1.16s/step]Training:  95%|█████████▌| 11426/12000 [3:52:53<11:06,  1.16s/step]Training:  95%|█████████▌| 11427/12000 [3:52:54<11:06,  1.16s/step]Training:  95%|█████████▌| 11428/12000 [3:52:55<11:05,  1.16s/step]Training:  95%|█████████▌| 11429/12000 [3:52:57<11:05,  1.17s/step]Training:  95%|█████████▌| 11430/12000 [3:52:58<11:05,  1.17s/step]Training:  95%|█████████▌| 11431/12000 [3:52:59<11:08,  1.17s/step]Training:  95%|█████████▌| 11432/12000 [3:53:00<11:08,  1.18s/step]Training:  95%|█████████▌| 11433/12000 [3:53:01<11:09,  1.18s/step]Training:  95%|█████████▌| 11434/12000 [3:53:03<11:04,  1.17s/step]Training:  95%|█████████▌| 11435/12000 [3:53:04<11:00,  1.17s/step]Training:  95%|█████████▌| 11436/12000 [3:53:05<10:57,  1.17s/step]Training:  95%|█████████▌| 11437/12000 [3:53:06<10:55,  1.16s/step]Training:  95%|█████████▌| 11438/12000 [3:53:07<10:52,  1.16s/step]Training:  95%|█████████▌| 11439/12000 [3:53:08<10:50,  1.16s/step]Training:  95%|█████████▌| 11440/12000 [3:53:09<10:49,  1.16s/step]Training:  95%|█████████▌| 11441/12000 [3:53:11<10:48,  1.16s/step]Training:  95%|█████████▌| 11442/12000 [3:53:12<10:46,  1.16s/step]Training:  95%|█████████▌| 11443/12000 [3:53:13<10:45,  1.16s/step]Training:  95%|█████████▌| 11444/12000 [3:53:14<10:44,  1.16s/step]Training:  95%|█████████▌| 11445/12000 [3:53:15<10:43,  1.16s/step]Training:  95%|█████████▌| 11446/12000 [3:53:16<10:42,  1.16s/step]Training:  95%|█████████▌| 11447/12000 [3:53:18<10:41,  1.16s/step]Training:  95%|█████████▌| 11448/12000 [3:53:19<10:39,  1.16s/step]Training:  95%|█████████▌| 11449/12000 [3:53:20<10:38,  1.16s/step]Training:  95%|█████████▌| 11450/12000 [3:53:21<10:37,  1.16s/step]Training:  95%|█████████▌| 11451/12000 [3:53:22<10:35,  1.16s/step]Training:  95%|█████████▌| 11452/12000 [3:53:23<10:34,  1.16s/step]Training:  95%|█████████▌| 11453/12000 [3:53:25<10:33,  1.16s/step]Training:  95%|█████████▌| 11454/12000 [3:53:26<10:32,  1.16s/step]Training:  95%|█████████▌| 11455/12000 [3:53:27<10:31,  1.16s/step]Training:  95%|█████████▌| 11456/12000 [3:53:28<10:31,  1.16s/step]Training:  95%|█████████▌| 11457/12000 [3:53:29<10:31,  1.16s/step]Training:  95%|█████████▌| 11458/12000 [3:53:30<10:33,  1.17s/step]Training:  95%|█████████▌| 11459/12000 [3:53:32<10:38,  1.18s/step]Training:  96%|█████████▌| 11460/12000 [3:53:33<10:35,  1.18s/step]Training:  96%|█████████▌| 11461/12000 [3:53:34<10:32,  1.17s/step]Training:  96%|█████████▌| 11462/12000 [3:53:35<10:30,  1.17s/step]Training:  96%|█████████▌| 11463/12000 [3:53:36<10:27,  1.17s/step]Training:  96%|█████████▌| 11464/12000 [3:53:37<10:24,  1.17s/step]Training:  96%|█████████▌| 11465/12000 [3:53:39<10:22,  1.16s/step]Training:  96%|█████████▌| 11466/12000 [3:53:40<10:20,  1.16s/step]Training:  96%|█████████▌| 11467/12000 [3:53:41<10:18,  1.16s/step]Training:  96%|█████████▌| 11468/12000 [3:53:42<10:16,  1.16s/step]Training:  96%|█████████▌| 11469/12000 [3:53:43<10:15,  1.16s/step]Training:  96%|█████████▌| 11470/12000 [3:53:44<10:14,  1.16s/step]Training:  96%|█████████▌| 11471/12000 [3:53:45<10:12,  1.16s/step]Training:  96%|█████████▌| 11472/12000 [3:53:47<10:11,  1.16s/step]Training:  96%|█████████▌| 11473/12000 [3:53:48<10:10,  1.16s/step]Training:  96%|█████████▌| 11474/12000 [3:53:49<10:09,  1.16s/step]Training:  96%|█████████▌| 11475/12000 [3:53:50<08:58,  1.03s/step]Training:  96%|█████████▌| 11476/12000 [3:53:52<12:55,  1.48s/step]Training:  96%|█████████▌| 11477/12000 [3:53:53<12:13,  1.40s/step]Training:  96%|█████████▌| 11478/12000 [3:53:55<11:41,  1.34s/step]Training:  96%|█████████▌| 11479/12000 [3:53:56<11:15,  1.30s/step]Training:  96%|█████████▌| 11480/12000 [3:53:57<10:54,  1.26s/step]Training:  96%|█████████▌| 11481/12000 [3:53:58<10:38,  1.23s/step]Training:  96%|█████████▌| 11482/12000 [3:53:59<10:28,  1.21s/step]Training:  96%|█████████▌| 11483/12000 [3:54:01<10:20,  1.20s/step]Training:  96%|█████████▌| 11484/12000 [3:54:02<10:17,  1.20s/step]Training:  96%|█████████▌| 11485/12000 [3:54:03<10:16,  1.20s/step]Training:  96%|█████████▌| 11486/12000 [3:54:04<10:13,  1.19s/step]Training:  96%|█████████▌| 11487/12000 [3:54:05<10:06,  1.18s/step]Training:  96%|█████████▌| 11488/12000 [3:54:06<10:02,  1.18s/step]Training:  96%|█████████▌| 11489/12000 [3:54:08<09:58,  1.17s/step]Training:  96%|█████████▌| 11490/12000 [3:54:09<09:57,  1.17s/step]Training:  96%|█████████▌| 11491/12000 [3:54:10<09:55,  1.17s/step]Training:  96%|█████████▌| 11492/12000 [3:54:11<09:58,  1.18s/step]Training:  96%|█████████▌| 11493/12000 [3:54:12<10:03,  1.19s/step]Training:  96%|█████████▌| 11494/12000 [3:54:13<09:58,  1.18s/step]Training:  96%|█████████▌| 11495/12000 [3:54:15<09:55,  1.18s/step]Training:  96%|█████████▌| 11496/12000 [3:54:16<09:51,  1.17s/step]Training:  96%|█████████▌| 11497/12000 [3:54:17<09:48,  1.17s/step]Training:  96%|█████████▌| 11498/12000 [3:54:18<09:45,  1.17s/step]Training:  96%|█████████▌| 11499/12000 [3:54:19<09:42,  1.16s/step]Training:  96%|█████████▌| 11500/12000 [3:54:20<09:40,  1.16s/step]Training:  96%|█████████▌| 11501/12000 [3:54:22<09:39,  1.16s/step]Training:  96%|█████████▌| 11502/12000 [3:54:23<09:37,  1.16s/step]Training:  96%|█████████▌| 11503/12000 [3:54:24<09:36,  1.16s/step]Training:  96%|█████████▌| 11504/12000 [3:54:25<09:35,  1.16s/step]Training:  96%|█████████▌| 11505/12000 [3:54:26<09:36,  1.17s/step]Training:  96%|█████████▌| 11506/12000 [3:54:27<09:43,  1.18s/step]Training:  96%|█████████▌| 11507/12000 [3:54:29<09:45,  1.19s/step]Training:  96%|█████████▌| 11508/12000 [3:54:30<09:40,  1.18s/step]Training:  96%|█████████▌| 11509/12000 [3:54:31<09:37,  1.18s/step]Training:  96%|█████████▌| 11510/12000 [3:54:32<09:33,  1.17s/step]Training:  96%|█████████▌| 11511/12000 [3:54:33<09:30,  1.17s/step]Training:  96%|█████████▌| 11512/12000 [3:54:34<09:28,  1.16s/step]Training:  96%|█████████▌| 11513/12000 [3:54:36<09:26,  1.16s/step]Training:  96%|█████████▌| 11514/12000 [3:54:37<09:25,  1.16s/step]Training:  96%|█████████▌| 11515/12000 [3:54:38<09:23,  1.16s/step]Training:  96%|█████████▌| 11516/12000 [3:54:39<09:22,  1.16s/step]Training:  96%|█████████▌| 11517/12000 [3:54:40<09:20,  1.16s/step]Training:  96%|█████████▌| 11518/12000 [3:54:41<09:19,  1.16s/step]Training:  96%|█████████▌| 11519/12000 [3:54:43<09:18,  1.16s/step]Training:  96%|█████████▌| 11520/12000 [3:54:44<09:16,  1.16s/step]Training:  96%|█████████▌| 11521/12000 [3:54:45<09:16,  1.16s/step]Training:  96%|█████████▌| 11522/12000 [3:54:46<09:16,  1.16s/step]Training:  96%|█████████▌| 11523/12000 [3:54:47<09:16,  1.17s/step]Training:  96%|█████████▌| 11524/12000 [3:54:48<09:16,  1.17s/step]Training:  96%|█████████▌| 11525/12000 [3:54:50<09:15,  1.17s/step]Training:  96%|█████████▌| 11526/12000 [3:54:51<09:14,  1.17s/step]Training:  96%|█████████▌| 11527/12000 [3:54:52<09:12,  1.17s/step]Training:  96%|█████████▌| 11528/12000 [3:54:53<09:11,  1.17s/step]Training:  96%|█████████▌| 11529/12000 [3:54:54<09:13,  1.17s/step]Training:  96%|█████████▌| 11530/12000 [3:54:56<09:15,  1.18s/step]Training:  96%|█████████▌| 11531/12000 [3:54:57<09:13,  1.18s/step]Training:  96%|█████████▌| 11532/12000 [3:54:58<09:09,  1.17s/step]Training:  96%|█████████▌| 11533/12000 [3:54:59<09:06,  1.17s/step]Training:  96%|█████████▌| 11534/12000 [3:55:00<09:03,  1.17s/step]Training:  96%|█████████▌| 11535/12000 [3:55:01<09:01,  1.16s/step]Training:  96%|█████████▌| 11536/12000 [3:55:02<08:59,  1.16s/step]Training:  96%|█████████▌| 11537/12000 [3:55:04<08:58,  1.16s/step]Training:  96%|█████████▌| 11538/12000 [3:55:05<08:56,  1.16s/step]Training:  96%|█████████▌| 11539/12000 [3:55:06<08:55,  1.16s/step]Training:  96%|█████████▌| 11540/12000 [3:55:07<08:54,  1.16s/step]Training:  96%|█████████▌| 11541/12000 [3:55:08<08:53,  1.16s/step]Training:  96%|█████████▌| 11542/12000 [3:55:09<08:52,  1.16s/step]Training:  96%|█████████▌| 11543/12000 [3:55:11<08:50,  1.16s/step]Training:  96%|█████████▌| 11544/12000 [3:55:12<08:48,  1.16s/step]Training:  96%|█████████▌| 11545/12000 [3:55:13<08:47,  1.16s/step]Training:  96%|█████████▌| 11546/12000 [3:55:14<08:47,  1.16s/step]Training:  96%|█████████▌| 11547/12000 [3:55:15<08:48,  1.17s/step]Training:  96%|█████████▌| 11548/12000 [3:55:16<08:46,  1.17s/step]Training:  96%|█████████▌| 11549/12000 [3:55:18<08:44,  1.16s/step]Training:  96%|█████████▋| 11550/12000 [3:55:19<08:42,  1.16s/step]Training:  96%|█████████▋| 11551/12000 [3:55:20<08:41,  1.16s/step]Training:  96%|█████████▋| 11552/12000 [3:55:21<08:39,  1.16s/step]Training:  96%|█████████▋| 11553/12000 [3:55:22<08:41,  1.17s/step]Training:  96%|█████████▋| 11554/12000 [3:55:23<08:43,  1.17s/step]Training:  96%|█████████▋| 11555/12000 [3:55:25<08:48,  1.19s/step]Training:  96%|█████████▋| 11556/12000 [3:55:26<08:47,  1.19s/step]Training:  96%|█████████▋| 11557/12000 [3:55:27<08:43,  1.18s/step]Training:  96%|█████████▋| 11558/12000 [3:55:28<08:40,  1.18s/step]Training:  96%|█████████▋| 11559/12000 [3:55:29<08:37,  1.17s/step]Training:  96%|█████████▋| 11560/12000 [3:55:31<08:34,  1.17s/step]Training:  96%|█████████▋| 11561/12000 [3:55:32<08:32,  1.17s/step]Training:  96%|█████████▋| 11562/12000 [3:55:33<08:30,  1.16s/step]Training:  96%|█████████▋| 11563/12000 [3:55:34<08:28,  1.16s/step]Training:  96%|█████████▋| 11564/12000 [3:55:35<08:26,  1.16s/step]Training:  96%|█████████▋| 11565/12000 [3:55:36<08:25,  1.16s/step]Training:  96%|█████████▋| 11566/12000 [3:55:37<08:23,  1.16s/step]Training:  96%|█████████▋| 11567/12000 [3:55:39<08:22,  1.16s/step]Training:  96%|█████████▋| 11568/12000 [3:55:40<08:21,  1.16s/step]Training:  96%|█████████▋| 11569/12000 [3:55:41<08:19,  1.16s/step]Training:  96%|█████████▋| 11570/12000 [3:55:42<08:18,  1.16s/step]Training:  96%|█████████▋| 11571/12000 [3:55:43<08:16,  1.16s/step]Training:  96%|█████████▋| 11572/12000 [3:55:44<08:15,  1.16s/step]Training:  96%|█████████▋| 11573/12000 [3:55:46<08:14,  1.16s/step]Training:  96%|█████████▋| 11574/12000 [3:55:47<08:12,  1.16s/step]Training:  96%|█████████▋| 11575/12000 [3:55:48<08:11,  1.16s/step]Training:  96%|█████████▋| 11576/12000 [3:55:49<08:10,  1.16s/step]Training:  96%|█████████▋| 11577/12000 [3:55:50<08:10,  1.16s/step]Training:  96%|█████████▋| 11578/12000 [3:55:51<08:12,  1.17s/step]Training:  96%|█████████▋| 11579/12000 [3:55:53<08:12,  1.17s/step]Training:  96%|█████████▋| 11580/12000 [3:55:54<08:13,  1.18s/step]Training:  97%|█████████▋| 11581/12000 [3:55:55<08:11,  1.17s/step]Training:  97%|█████████▋| 11582/12000 [3:55:56<08:09,  1.17s/step]Training:  97%|█████████▋| 11583/12000 [3:55:57<08:06,  1.17s/step]Training:  97%|█████████▋| 11584/12000 [3:55:58<08:03,  1.16s/step]Training:  97%|█████████▋| 11585/12000 [3:56:00<08:01,  1.16s/step]Training:  97%|█████████▋| 11586/12000 [3:56:01<07:59,  1.16s/step]Training:  97%|█████████▋| 11587/12000 [3:56:02<07:58,  1.16s/step]Training:  97%|█████████▋| 11588/12000 [3:56:03<07:57,  1.16s/step]Training:  97%|█████████▋| 11589/12000 [3:56:04<07:59,  1.17s/step]Training:  97%|█████████▋| 11590/12000 [3:56:05<07:59,  1.17s/step]Training:  97%|█████████▋| 11591/12000 [3:56:07<07:58,  1.17s/step]Training:  97%|█████████▋| 11592/12000 [3:56:08<07:58,  1.17s/step]Training:  97%|█████████▋| 11593/12000 [3:56:09<07:57,  1.17s/step]Training:  97%|█████████▋| 11594/12000 [3:56:10<07:54,  1.17s/step]Training:  97%|█████████▋| 11595/12000 [3:56:11<07:51,  1.17s/step]Training:  97%|█████████▋| 11596/12000 [3:56:12<07:49,  1.16s/step]Training:  97%|█████████▋| 11597/12000 [3:56:14<07:47,  1.16s/step]Training:  97%|█████████▋| 11598/12000 [3:56:15<07:48,  1.17s/step]Training:  97%|█████████▋| 11599/12000 [3:56:16<07:46,  1.16s/step]Training:  97%|█████████▋| 11600/12000 [3:56:17<07:44,  1.16s/step]INFO 2026-09-16 07:50:22 ot_train.py:670 step:12K smpl:742K ep:9K epch:27.32 loss:0.042 grdn:0.737 lr:2.9e-06 updt_s:0.963 data_s:0.044 smp/s:64 mem_gb:14.26 losses_after_forward:0.049 losses_after_in_ep_bound:0.029 losses_after_rm_padding:0.029
Training:  97%|█████████▋| 11601/12000 [3:56:18<07:44,  1.16s/step]Training:  97%|█████████▋| 11602/12000 [3:56:19<07:48,  1.18s/step]Training:  97%|█████████▋| 11603/12000 [3:56:21<07:49,  1.18s/step]Training:  97%|█████████▋| 11604/12000 [3:56:22<07:46,  1.18s/step]Training:  97%|█████████▋| 11605/12000 [3:56:23<07:43,  1.17s/step]Training:  97%|█████████▋| 11606/12000 [3:56:24<07:40,  1.17s/step]Training:  97%|█████████▋| 11607/12000 [3:56:25<07:37,  1.17s/step]Training:  97%|█████████▋| 11608/12000 [3:56:26<07:35,  1.16s/step]Training:  97%|█████████▋| 11609/12000 [3:56:28<07:34,  1.16s/step]Training:  97%|█████████▋| 11610/12000 [3:56:29<07:32,  1.16s/step]Training:  97%|█████████▋| 11611/12000 [3:56:30<07:31,  1.16s/step]Training:  97%|█████████▋| 11612/12000 [3:56:31<07:29,  1.16s/step]Training:  97%|█████████▋| 11613/12000 [3:56:32<07:29,  1.16s/step]Training:  97%|█████████▋| 11614/12000 [3:56:33<07:28,  1.16s/step]Training:  97%|█████████▋| 11615/12000 [3:56:35<07:26,  1.16s/step]Training:  97%|█████████▋| 11616/12000 [3:56:36<07:25,  1.16s/step]Training:  97%|█████████▋| 11617/12000 [3:56:37<07:23,  1.16s/step]Training:  97%|█████████▋| 11618/12000 [3:56:38<07:23,  1.16s/step]Training:  97%|█████████▋| 11619/12000 [3:56:39<07:21,  1.16s/step]Training:  97%|█████████▋| 11620/12000 [3:56:40<07:20,  1.16s/step]Training:  97%|█████████▋| 11621/12000 [3:56:41<07:20,  1.16s/step]Training:  97%|█████████▋| 11622/12000 [3:56:43<07:19,  1.16s/step]Training:  97%|█████████▋| 11623/12000 [3:56:44<07:20,  1.17s/step]Training:  97%|█████████▋| 11624/12000 [3:56:45<07:18,  1.17s/step]Training:  97%|█████████▋| 11625/12000 [3:56:46<07:18,  1.17s/step]Training:  97%|█████████▋| 11626/12000 [3:56:47<07:17,  1.17s/step]Training:  97%|█████████▋| 11627/12000 [3:56:49<07:17,  1.17s/step]Training:  97%|█████████▋| 11628/12000 [3:56:50<07:18,  1.18s/step]Training:  97%|█████████▋| 11629/12000 [3:56:51<07:16,  1.18s/step]Training:  97%|█████████▋| 11630/12000 [3:56:52<07:13,  1.17s/step]Training:  97%|█████████▋| 11631/12000 [3:56:53<07:10,  1.17s/step]Training:  97%|█████████▋| 11632/12000 [3:56:54<07:08,  1.16s/step]Training:  97%|█████████▋| 11633/12000 [3:56:56<07:06,  1.16s/step]Training:  97%|█████████▋| 11634/12000 [3:56:57<07:06,  1.16s/step]Training:  97%|█████████▋| 11635/12000 [3:56:58<07:04,  1.16s/step]Training:  97%|█████████▋| 11636/12000 [3:56:59<07:03,  1.16s/step]Training:  97%|█████████▋| 11637/12000 [3:57:00<07:01,  1.16s/step]Training:  97%|█████████▋| 11638/12000 [3:57:01<06:59,  1.16s/step]Training:  97%|█████████▋| 11639/12000 [3:57:02<06:58,  1.16s/step]Training:  97%|█████████▋| 11640/12000 [3:57:04<06:57,  1.16s/step]Training:  97%|█████████▋| 11641/12000 [3:57:05<06:55,  1.16s/step]Training:  97%|█████████▋| 11642/12000 [3:57:06<06:54,  1.16s/step]Training:  97%|█████████▋| 11643/12000 [3:57:07<06:53,  1.16s/step]Training:  97%|█████████▋| 11644/12000 [3:57:08<06:52,  1.16s/step]Training:  97%|█████████▋| 11645/12000 [3:57:09<06:50,  1.16s/step]Training:  97%|█████████▋| 11646/12000 [3:57:11<06:49,  1.16s/step]Training:  97%|█████████▋| 11647/12000 [3:57:12<06:48,  1.16s/step]Training:  97%|█████████▋| 11648/12000 [3:57:13<06:47,  1.16s/step]Training:  97%|█████████▋| 11649/12000 [3:57:14<06:46,  1.16s/step]Training:  97%|█████████▋| 11650/12000 [3:57:15<06:45,  1.16s/step]Training:  97%|█████████▋| 11651/12000 [3:57:16<06:44,  1.16s/step]Training:  97%|█████████▋| 11652/12000 [3:57:18<06:46,  1.17s/step]Training:  97%|█████████▋| 11653/12000 [3:57:19<06:47,  1.18s/step]Training:  97%|█████████▋| 11654/12000 [3:57:20<06:50,  1.19s/step]Training:  97%|█████████▋| 11655/12000 [3:57:21<06:47,  1.18s/step]Training:  97%|█████████▋| 11656/12000 [3:57:22<06:45,  1.18s/step]Training:  97%|█████████▋| 11657/12000 [3:57:23<06:42,  1.17s/step]Training:  97%|█████████▋| 11658/12000 [3:57:25<06:39,  1.17s/step]Training:  97%|█████████▋| 11659/12000 [3:57:26<06:38,  1.17s/step]Training:  97%|█████████▋| 11660/12000 [3:57:27<06:35,  1.16s/step]Training:  97%|█████████▋| 11661/12000 [3:57:28<06:34,  1.16s/step]Training:  97%|█████████▋| 11662/12000 [3:57:29<06:32,  1.16s/step]Training:  97%|█████████▋| 11663/12000 [3:57:30<06:30,  1.16s/step]Training:  97%|█████████▋| 11664/12000 [3:57:32<06:29,  1.16s/step]Training:  97%|█████████▋| 11665/12000 [3:57:33<06:28,  1.16s/step]Training:  97%|█████████▋| 11666/12000 [3:57:34<06:26,  1.16s/step]Training:  97%|█████████▋| 11667/12000 [3:57:35<06:25,  1.16s/step]Training:  97%|█████████▋| 11668/12000 [3:57:36<06:24,  1.16s/step]Training:  97%|█████████▋| 11669/12000 [3:57:37<06:23,  1.16s/step]Training:  97%|█████████▋| 11670/12000 [3:57:39<06:21,  1.16s/step]Training:  97%|█████████▋| 11671/12000 [3:57:40<06:20,  1.16s/step]Training:  97%|█████████▋| 11672/12000 [3:57:41<06:19,  1.16s/step]Training:  97%|█████████▋| 11673/12000 [3:57:42<06:18,  1.16s/step]Training:  97%|█████████▋| 11674/12000 [3:57:43<06:17,  1.16s/step]Training:  97%|█████████▋| 11675/12000 [3:57:44<06:15,  1.16s/step]Training:  97%|█████████▋| 11676/12000 [3:57:45<06:15,  1.16s/step]Training:  97%|█████████▋| 11677/12000 [3:57:47<06:14,  1.16s/step]Training:  97%|█████████▋| 11678/12000 [3:57:48<06:17,  1.17s/step]Training:  97%|█████████▋| 11679/12000 [3:57:49<06:16,  1.17s/step]Training:  97%|█████████▋| 11680/12000 [3:57:50<06:16,  1.18s/step]Training:  97%|█████████▋| 11681/12000 [3:57:51<06:13,  1.17s/step]Training:  97%|█████████▋| 11682/12000 [3:57:53<06:13,  1.17s/step]Training:  97%|█████████▋| 11683/12000 [3:57:54<06:10,  1.17s/step]Training:  97%|█████████▋| 11684/12000 [3:57:55<06:08,  1.17s/step]Training:  97%|█████████▋| 11685/12000 [3:57:56<06:06,  1.16s/step]Training:  97%|█████████▋| 11686/12000 [3:57:57<06:05,  1.17s/step]Training:  97%|█████████▋| 11687/12000 [3:57:58<06:04,  1.17s/step]Training:  97%|█████████▋| 11688/12000 [3:58:00<06:04,  1.17s/step]Training:  97%|█████████▋| 11689/12000 [3:58:01<06:04,  1.17s/step]Training:  97%|█████████▋| 11690/12000 [3:58:02<06:04,  1.18s/step]Training:  97%|█████████▋| 11691/12000 [3:58:03<06:01,  1.17s/step]Training:  97%|█████████▋| 11692/12000 [3:58:04<05:59,  1.17s/step]Training:  97%|█████████▋| 11693/12000 [3:58:05<05:57,  1.16s/step]Training:  97%|█████████▋| 11694/12000 [3:58:07<05:56,  1.17s/step]Training:  97%|█████████▋| 11695/12000 [3:58:08<05:54,  1.16s/step]Training:  97%|█████████▋| 11696/12000 [3:58:09<05:52,  1.16s/step]Training:  97%|█████████▋| 11697/12000 [3:58:10<05:52,  1.16s/step]Training:  97%|█████████▋| 11698/12000 [3:58:11<05:50,  1.16s/step]Training:  97%|█████████▋| 11699/12000 [3:58:12<05:48,  1.16s/step]Training:  98%|█████████▊| 11700/12000 [3:58:13<05:48,  1.16s/step]Training:  98%|█████████▊| 11701/12000 [3:58:15<05:47,  1.16s/step]Training:  98%|█████████▊| 11702/12000 [3:58:16<05:48,  1.17s/step]Training:  98%|█████████▊| 11703/12000 [3:58:17<05:48,  1.17s/step]Training:  98%|█████████▊| 11704/12000 [3:58:18<05:50,  1.18s/step]Training:  98%|█████████▊| 11705/12000 [3:58:19<05:46,  1.17s/step]Training:  98%|█████████▊| 11706/12000 [3:58:21<05:44,  1.17s/step]Training:  98%|█████████▊| 11707/12000 [3:58:22<05:42,  1.17s/step]Training:  98%|█████████▊| 11708/12000 [3:58:23<05:39,  1.16s/step]Training:  98%|█████████▊| 11709/12000 [3:58:24<05:37,  1.16s/step]Training:  98%|█████████▊| 11710/12000 [3:58:25<05:36,  1.16s/step]Training:  98%|█████████▊| 11711/12000 [3:58:26<05:34,  1.16s/step]Training:  98%|█████████▊| 11712/12000 [3:58:27<05:33,  1.16s/step]Training:  98%|█████████▊| 11713/12000 [3:58:29<05:32,  1.16s/step]Training:  98%|█████████▊| 11714/12000 [3:58:30<05:32,  1.16s/step]Training:  98%|█████████▊| 11715/12000 [3:58:31<05:30,  1.16s/step]Training:  98%|█████████▊| 11716/12000 [3:58:32<05:28,  1.16s/step]Training:  98%|█████████▊| 11717/12000 [3:58:33<05:28,  1.16s/step]Training:  98%|█████████▊| 11718/12000 [3:58:34<05:27,  1.16s/step]Training:  98%|█████████▊| 11719/12000 [3:58:36<05:26,  1.16s/step]Training:  98%|█████████▊| 11720/12000 [3:58:37<05:25,  1.16s/step]Training:  98%|█████████▊| 11721/12000 [3:58:38<05:24,  1.16s/step]Training:  98%|█████████▊| 11722/12000 [3:58:39<05:23,  1.17s/step]Training:  98%|█████████▊| 11723/12000 [3:58:40<05:22,  1.16s/step]Training:  98%|█████████▊| 11724/12000 [3:58:41<05:20,  1.16s/step]Training:  98%|█████████▊| 11725/12000 [3:58:43<05:19,  1.16s/step]Training:  98%|█████████▊| 11726/12000 [3:58:44<05:17,  1.16s/step]Training:  98%|█████████▊| 11727/12000 [3:58:45<05:17,  1.16s/step]Training:  98%|█████████▊| 11728/12000 [3:58:46<05:17,  1.17s/step]Training:  98%|█████████▊| 11729/12000 [3:58:47<05:19,  1.18s/step]Training:  98%|█████████▊| 11730/12000 [3:58:48<05:17,  1.18s/step]Training:  98%|█████████▊| 11731/12000 [3:58:50<05:14,  1.17s/step]Training:  98%|█████████▊| 11732/12000 [3:58:51<05:12,  1.17s/step]Training:  98%|█████████▊| 11733/12000 [3:58:52<05:10,  1.16s/step]Training:  98%|█████████▊| 11734/12000 [3:58:53<05:08,  1.16s/step]Training:  98%|█████████▊| 11735/12000 [3:58:54<05:07,  1.16s/step]Training:  98%|█████████▊| 11736/12000 [3:58:55<05:05,  1.16s/step]Training:  98%|█████████▊| 11737/12000 [3:58:57<05:04,  1.16s/step]Training:  98%|█████████▊| 11738/12000 [3:58:58<05:03,  1.16s/step]Training:  98%|█████████▊| 11739/12000 [3:58:59<05:02,  1.16s/step]Training:  98%|█████████▊| 11740/12000 [3:59:00<05:01,  1.16s/step]Training:  98%|█████████▊| 11741/12000 [3:59:01<05:00,  1.16s/step]Training:  98%|█████████▊| 11742/12000 [3:59:02<04:59,  1.16s/step]Training:  98%|█████████▊| 11743/12000 [3:59:04<04:58,  1.16s/step]Training:  98%|█████████▊| 11744/12000 [3:59:05<04:56,  1.16s/step]Training:  98%|█████████▊| 11745/12000 [3:59:06<04:55,  1.16s/step]Training:  98%|█████████▊| 11746/12000 [3:59:07<04:54,  1.16s/step]Training:  98%|█████████▊| 11747/12000 [3:59:08<04:52,  1.16s/step]Training:  98%|█████████▊| 11748/12000 [3:59:09<04:51,  1.16s/step]Training:  98%|█████████▊| 11749/12000 [3:59:10<04:50,  1.16s/step]Training:  98%|█████████▊| 11750/12000 [3:59:12<04:48,  1.16s/step]Training:  98%|█████████▊| 11751/12000 [3:59:13<04:48,  1.16s/step]Training:  98%|█████████▊| 11752/12000 [3:59:14<04:48,  1.16s/step]Training:  98%|█████████▊| 11753/12000 [3:59:15<04:51,  1.18s/step]Training:  98%|█████████▊| 11754/12000 [3:59:16<04:52,  1.19s/step]Training:  98%|█████████▊| 11755/12000 [3:59:18<04:50,  1.19s/step]Training:  98%|█████████▊| 11756/12000 [3:59:19<04:47,  1.18s/step]Training:  98%|█████████▊| 11757/12000 [3:59:20<04:44,  1.17s/step]Training:  98%|█████████▊| 11758/12000 [3:59:21<04:43,  1.17s/step]Training:  98%|█████████▊| 11759/12000 [3:59:22<04:41,  1.17s/step]Training:  98%|█████████▊| 11760/12000 [3:59:23<04:40,  1.17s/step]Training:  98%|█████████▊| 11761/12000 [3:59:25<04:39,  1.17s/step]Training:  98%|█████████▊| 11762/12000 [3:59:26<04:37,  1.16s/step]Training:  98%|█████████▊| 11763/12000 [3:59:27<04:35,  1.16s/step]Training:  98%|█████████▊| 11764/12000 [3:59:28<04:34,  1.16s/step]Training:  98%|█████████▊| 11765/12000 [3:59:29<04:33,  1.16s/step]Training:  98%|█████████▊| 11766/12000 [3:59:30<04:31,  1.16s/step]Training:  98%|█████████▊| 11767/12000 [3:59:31<04:30,  1.16s/step]Training:  98%|█████████▊| 11768/12000 [3:59:33<04:29,  1.16s/step]Training:  98%|█████████▊| 11769/12000 [3:59:34<04:28,  1.16s/step]Training:  98%|█████████▊| 11770/12000 [3:59:35<04:26,  1.16s/step]Training:  98%|█████████▊| 11771/12000 [3:59:36<04:25,  1.16s/step]Training:  98%|█████████▊| 11772/12000 [3:59:37<04:23,  1.16s/step]Training:  98%|█████████▊| 11773/12000 [3:59:38<04:22,  1.16s/step]Training:  98%|█████████▊| 11774/12000 [3:59:40<04:21,  1.16s/step]Training:  98%|█████████▊| 11775/12000 [3:59:41<04:20,  1.16s/step]Training:  98%|█████████▊| 11776/12000 [3:59:42<04:19,  1.16s/step]Training:  98%|█████████▊| 11777/12000 [3:59:43<04:18,  1.16s/step]Training:  98%|█████████▊| 11778/12000 [3:59:44<04:20,  1.17s/step]Training:  98%|█████████▊| 11779/12000 [3:59:45<04:19,  1.18s/step]Training:  98%|█████████▊| 11780/12000 [3:59:47<04:19,  1.18s/step]Training:  98%|█████████▊| 11781/12000 [3:59:48<04:16,  1.17s/step]Training:  98%|█████████▊| 11782/12000 [3:59:49<04:15,  1.17s/step]Training:  98%|█████████▊| 11783/12000 [3:59:50<04:13,  1.17s/step]Training:  98%|█████████▊| 11784/12000 [3:59:51<04:11,  1.17s/step]Training:  98%|█████████▊| 11785/12000 [3:59:52<04:10,  1.17s/step]Training:  98%|█████████▊| 11786/12000 [3:59:54<04:09,  1.17s/step]Training:  98%|█████████▊| 11787/12000 [3:59:55<04:08,  1.17s/step]Training:  98%|█████████▊| 11788/12000 [3:59:56<04:07,  1.17s/step]Training:  98%|█████████▊| 11789/12000 [3:59:57<04:06,  1.17s/step]Training:  98%|█████████▊| 11790/12000 [3:59:58<04:05,  1.17s/step]Training:  98%|█████████▊| 11791/12000 [3:59:59<04:03,  1.17s/step]Training:  98%|█████████▊| 11792/12000 [4:00:01<04:01,  1.16s/step]Training:  98%|█████████▊| 11793/12000 [4:00:02<04:00,  1.16s/step]Training:  98%|█████████▊| 11794/12000 [4:00:03<03:58,  1.16s/step]Training:  98%|█████████▊| 11795/12000 [4:00:04<03:57,  1.16s/step]Training:  98%|█████████▊| 11796/12000 [4:00:05<03:56,  1.16s/step]Training:  98%|█████████▊| 11797/12000 [4:00:06<03:55,  1.16s/step]Training:  98%|█████████▊| 11798/12000 [4:00:08<03:53,  1.16s/step]Training:  98%|█████████▊| 11799/12000 [4:00:09<03:52,  1.16s/step]Training:  98%|█████████▊| 11800/12000 [4:00:10<03:51,  1.16s/step]INFO 2026-09-16 07:54:15 ot_train.py:670 step:12K smpl:755K ep:9K epch:27.80 loss:0.042 grdn:0.743 lr:2.7e-06 updt_s:0.962 data_s:0.038 smp/s:64 mem_gb:14.29 losses_after_forward:0.049 losses_after_in_ep_bound:0.029 losses_after_rm_padding:0.029
Training:  98%|█████████▊| 11801/12000 [4:00:11<03:50,  1.16s/step]Training:  98%|█████████▊| 11802/12000 [4:00:12<03:50,  1.16s/step]Training:  98%|█████████▊| 11803/12000 [4:00:13<03:49,  1.17s/step]Training:  98%|█████████▊| 11804/12000 [4:00:15<03:50,  1.17s/step]Training:  98%|█████████▊| 11805/12000 [4:00:16<03:49,  1.18s/step]Training:  98%|█████████▊| 11806/12000 [4:00:17<03:46,  1.17s/step]Training:  98%|█████████▊| 11807/12000 [4:00:18<03:44,  1.16s/step]Training:  98%|█████████▊| 11808/12000 [4:00:19<03:43,  1.16s/step]Training:  98%|█████████▊| 11809/12000 [4:00:20<03:41,  1.16s/step]Training:  98%|█████████▊| 11810/12000 [4:00:22<03:41,  1.16s/step]Training:  98%|█████████▊| 11811/12000 [4:00:23<03:39,  1.16s/step]Training:  98%|█████████▊| 11812/12000 [4:00:24<03:38,  1.16s/step]Training:  98%|█████████▊| 11813/12000 [4:00:25<03:36,  1.16s/step]Training:  98%|█████████▊| 11814/12000 [4:00:26<03:35,  1.16s/step]Training:  98%|█████████▊| 11815/12000 [4:00:27<03:33,  1.16s/step]Training:  98%|█████████▊| 11816/12000 [4:00:28<03:33,  1.16s/step]Training:  98%|█████████▊| 11817/12000 [4:00:30<03:32,  1.16s/step]Training:  98%|█████████▊| 11818/12000 [4:00:31<03:31,  1.16s/step]Training:  98%|█████████▊| 11819/12000 [4:00:32<03:31,  1.17s/step]Training:  98%|█████████▊| 11820/12000 [4:00:33<03:30,  1.17s/step]Training:  99%|█████████▊| 11821/12000 [4:00:34<03:28,  1.17s/step]Training:  99%|█████████▊| 11822/12000 [4:00:35<03:26,  1.16s/step]Training:  99%|█████████▊| 11823/12000 [4:00:37<03:25,  1.16s/step]Training:  99%|█████████▊| 11824/12000 [4:00:38<03:23,  1.16s/step]Training:  99%|█████████▊| 11825/12000 [4:00:39<03:22,  1.16s/step]Training:  99%|█████████▊| 11826/12000 [4:00:40<03:21,  1.16s/step]Training:  99%|█████████▊| 11827/12000 [4:00:41<03:21,  1.17s/step]Training:  99%|█████████▊| 11828/12000 [4:00:42<03:21,  1.17s/step]Training:  99%|█████████▊| 11829/12000 [4:00:44<03:21,  1.18s/step]Training:  99%|█████████▊| 11830/12000 [4:00:45<03:20,  1.18s/step]Training:  99%|█████████▊| 11831/12000 [4:00:46<03:18,  1.17s/step]Training:  99%|█████████▊| 11832/12000 [4:00:47<03:16,  1.17s/step]Training:  99%|█████████▊| 11833/12000 [4:00:48<03:14,  1.16s/step]Training:  99%|█████████▊| 11834/12000 [4:00:49<03:12,  1.16s/step]Training:  99%|█████████▊| 11835/12000 [4:00:51<03:11,  1.16s/step]Training:  99%|█████████▊| 11836/12000 [4:00:52<03:09,  1.16s/step]Training:  99%|█████████▊| 11837/12000 [4:00:53<03:08,  1.16s/step]Training:  99%|█████████▊| 11838/12000 [4:00:54<03:07,  1.15s/step]Training:  99%|█████████▊| 11839/12000 [4:00:55<03:05,  1.15s/step]Training:  99%|█████████▊| 11840/12000 [4:00:56<03:04,  1.15s/step]Training:  99%|█████████▊| 11841/12000 [4:00:58<03:03,  1.15s/step]Training:  99%|█████████▊| 11842/12000 [4:00:59<03:02,  1.15s/step]Training:  99%|█████████▊| 11843/12000 [4:01:00<03:01,  1.15s/step]Training:  99%|█████████▊| 11844/12000 [4:01:01<02:59,  1.15s/step]Training:  99%|█████████▊| 11845/12000 [4:01:02<02:58,  1.15s/step]Training:  99%|█████████▊| 11846/12000 [4:01:03<02:57,  1.15s/step]Training:  99%|█████████▊| 11847/12000 [4:01:04<02:56,  1.15s/step]Training:  99%|█████████▊| 11848/12000 [4:01:06<02:55,  1.15s/step]Training:  99%|█████████▊| 11849/12000 [4:01:07<02:54,  1.15s/step]Training:  99%|█████████▉| 11850/12000 [4:01:08<02:53,  1.16s/step]Training:  99%|█████████▉| 11851/12000 [4:01:09<02:52,  1.16s/step]Training:  99%|█████████▉| 11852/12000 [4:01:10<02:51,  1.16s/step]Training:  99%|█████████▉| 11853/12000 [4:01:11<02:50,  1.16s/step]Training:  99%|█████████▉| 11854/12000 [4:01:13<02:48,  1.16s/step]Training:  99%|█████████▉| 11855/12000 [4:01:14<02:47,  1.16s/step]Training:  99%|█████████▉| 11856/12000 [4:01:15<02:47,  1.16s/step]Training:  99%|█████████▉| 11857/12000 [4:01:16<02:47,  1.17s/step]Training:  99%|█████████▉| 11858/12000 [4:01:17<02:46,  1.17s/step]Training:  99%|█████████▉| 11859/12000 [4:01:18<02:45,  1.17s/step]Training:  99%|█████████▉| 11860/12000 [4:01:20<02:43,  1.17s/step]Training:  99%|█████████▉| 11861/12000 [4:01:21<02:41,  1.16s/step]Training:  99%|█████████▉| 11862/12000 [4:01:22<02:39,  1.16s/step]Training:  99%|█████████▉| 11863/12000 [4:01:23<02:38,  1.16s/step]Training:  99%|█████████▉| 11864/12000 [4:01:24<02:37,  1.16s/step]Training:  99%|█████████▉| 11865/12000 [4:01:25<02:35,  1.15s/step]Training:  99%|█████████▉| 11866/12000 [4:01:27<02:34,  1.15s/step]Training:  99%|█████████▉| 11867/12000 [4:01:28<02:33,  1.15s/step]Training:  99%|█████████▉| 11868/12000 [4:01:29<02:32,  1.15s/step]Training:  99%|█████████▉| 11869/12000 [4:01:30<02:31,  1.15s/step]Training:  99%|█████████▉| 11870/12000 [4:01:31<02:30,  1.16s/step]Training:  99%|█████████▉| 11871/12000 [4:01:32<02:29,  1.16s/step]Training:  99%|█████████▉| 11872/12000 [4:01:33<02:27,  1.16s/step]Training:  99%|█████████▉| 11873/12000 [4:01:35<02:26,  1.15s/step]Training:  99%|█████████▉| 11874/12000 [4:01:36<02:25,  1.15s/step]Training:  99%|█████████▉| 11875/12000 [4:01:37<02:24,  1.15s/step]Training:  99%|█████████▉| 11876/12000 [4:01:38<02:22,  1.15s/step]Training:  99%|█████████▉| 11877/12000 [4:01:39<02:21,  1.15s/step]Training:  99%|█████████▉| 11878/12000 [4:01:40<02:20,  1.15s/step]Training:  99%|█████████▉| 11879/12000 [4:01:42<02:19,  1.15s/step]Training:  99%|█████████▉| 11880/12000 [4:01:43<02:18,  1.15s/step]Training:  99%|█████████▉| 11881/12000 [4:01:44<02:17,  1.15s/step]Training:  99%|█████████▉| 11882/12000 [4:01:45<02:16,  1.16s/step]Training:  99%|█████████▉| 11883/12000 [4:01:46<02:15,  1.16s/step]Training:  99%|█████████▉| 11884/12000 [4:01:47<02:14,  1.16s/step]Training:  99%|█████████▉| 11885/12000 [4:01:49<02:14,  1.17s/step]Training:  99%|█████████▉| 11886/12000 [4:01:50<02:15,  1.18s/step]Training:  99%|█████████▉| 11887/12000 [4:01:51<02:13,  1.18s/step]Training:  99%|█████████▉| 11888/12000 [4:01:52<02:11,  1.17s/step]Training:  99%|█████████▉| 11889/12000 [4:01:53<02:09,  1.17s/step]Training:  99%|█████████▉| 11890/12000 [4:01:54<02:07,  1.16s/step]Training:  99%|█████████▉| 11891/12000 [4:01:55<02:06,  1.16s/step]Training:  99%|█████████▉| 11892/12000 [4:01:57<02:05,  1.16s/step]Training:  99%|█████████▉| 11893/12000 [4:01:58<02:03,  1.16s/step]Training:  99%|█████████▉| 11894/12000 [4:01:59<02:02,  1.16s/step]Training:  99%|█████████▉| 11895/12000 [4:02:00<02:01,  1.16s/step]Training:  99%|█████████▉| 11896/12000 [4:02:01<02:00,  1.16s/step]Training:  99%|█████████▉| 11897/12000 [4:02:02<01:59,  1.16s/step]Training:  99%|█████████▉| 11898/12000 [4:02:04<01:57,  1.16s/step]Training:  99%|█████████▉| 11899/12000 [4:02:05<01:56,  1.16s/step]Training:  99%|█████████▉| 11900/12000 [4:02:05<01:42,  1.02s/step]Training:  99%|█████████▉| 11901/12000 [4:02:08<02:31,  1.53s/step]Training:  99%|█████████▉| 11902/12000 [4:02:09<02:20,  1.43s/step]Training:  99%|█████████▉| 11903/12000 [4:02:11<02:12,  1.37s/step]Training:  99%|█████████▉| 11904/12000 [4:02:12<02:06,  1.31s/step]Training:  99%|█████████▉| 11905/12000 [4:02:13<02:00,  1.27s/step]Training:  99%|█████████▉| 11906/12000 [4:02:14<01:56,  1.23s/step]Training:  99%|█████████▉| 11907/12000 [4:02:15<01:52,  1.21s/step]Training:  99%|█████████▉| 11908/12000 [4:02:16<01:50,  1.20s/step]Training:  99%|█████████▉| 11909/12000 [4:02:18<01:48,  1.20s/step]Training:  99%|█████████▉| 11910/12000 [4:02:19<01:47,  1.20s/step]Training:  99%|█████████▉| 11911/12000 [4:02:20<01:46,  1.19s/step]Training:  99%|█████████▉| 11912/12000 [4:02:21<01:43,  1.18s/step]Training:  99%|█████████▉| 11913/12000 [4:02:22<01:42,  1.18s/step]Training:  99%|█████████▉| 11914/12000 [4:02:24<01:41,  1.18s/step]Training:  99%|█████████▉| 11915/12000 [4:02:25<01:40,  1.18s/step]Training:  99%|█████████▉| 11916/12000 [4:02:26<01:39,  1.18s/step]Training:  99%|█████████▉| 11917/12000 [4:02:27<01:38,  1.19s/step]Training:  99%|█████████▉| 11918/12000 [4:02:28<01:36,  1.18s/step]Training:  99%|█████████▉| 11919/12000 [4:02:29<01:35,  1.17s/step]Training:  99%|█████████▉| 11920/12000 [4:02:31<01:33,  1.17s/step]Training:  99%|█████████▉| 11921/12000 [4:02:32<01:32,  1.17s/step]Training:  99%|█████████▉| 11922/12000 [4:02:33<01:30,  1.16s/step]Training:  99%|█████████▉| 11923/12000 [4:02:34<01:29,  1.16s/step]Training:  99%|█████████▉| 11924/12000 [4:02:35<01:28,  1.16s/step]Training:  99%|█████████▉| 11925/12000 [4:02:36<01:27,  1.16s/step]Training:  99%|█████████▉| 11926/12000 [4:02:38<01:25,  1.16s/step]Training:  99%|█████████▉| 11927/12000 [4:02:39<01:24,  1.16s/step]Training:  99%|█████████▉| 11928/12000 [4:02:40<01:23,  1.16s/step]Training:  99%|█████████▉| 11929/12000 [4:02:41<01:22,  1.17s/step]Training:  99%|█████████▉| 11930/12000 [4:02:42<01:22,  1.17s/step]Training:  99%|█████████▉| 11931/12000 [4:02:43<01:21,  1.18s/step]Training:  99%|█████████▉| 11932/12000 [4:02:45<01:20,  1.18s/step]Training:  99%|█████████▉| 11933/12000 [4:02:46<01:18,  1.18s/step]Training:  99%|█████████▉| 11934/12000 [4:02:47<01:17,  1.18s/step]Training:  99%|█████████▉| 11935/12000 [4:02:48<01:16,  1.17s/step]Training:  99%|█████████▉| 11936/12000 [4:02:49<01:14,  1.17s/step]Training:  99%|█████████▉| 11937/12000 [4:02:50<01:13,  1.16s/step]Training:  99%|█████████▉| 11938/12000 [4:02:52<01:12,  1.16s/step]Training:  99%|█████████▉| 11939/12000 [4:02:53<01:10,  1.16s/step]Training: 100%|█████████▉| 11940/12000 [4:02:54<01:09,  1.16s/step]Training: 100%|█████████▉| 11941/12000 [4:02:55<01:08,  1.16s/step]Training: 100%|█████████▉| 11942/12000 [4:02:56<01:07,  1.16s/step]Training: 100%|█████████▉| 11943/12000 [4:02:57<01:06,  1.16s/step]Training: 100%|█████████▉| 11944/12000 [4:02:59<01:04,  1.16s/step]Training: 100%|█████████▉| 11945/12000 [4:03:00<01:03,  1.16s/step]Training: 100%|█████████▉| 11946/12000 [4:03:01<01:02,  1.16s/step]Training: 100%|█████████▉| 11947/12000 [4:03:02<01:01,  1.16s/step]Training: 100%|█████████▉| 11948/12000 [4:03:03<01:00,  1.17s/step]Training: 100%|█████████▉| 11949/12000 [4:03:04<00:59,  1.17s/step]Training: 100%|█████████▉| 11950/12000 [4:03:06<00:58,  1.17s/step]Training: 100%|█████████▉| 11951/12000 [4:03:07<00:57,  1.17s/step]Training: 100%|█████████▉| 11952/12000 [4:03:08<00:55,  1.17s/step]Training: 100%|█████████▉| 11953/12000 [4:03:09<00:54,  1.16s/step]Training: 100%|█████████▉| 11954/12000 [4:03:10<00:53,  1.17s/step]Training: 100%|█████████▉| 11955/12000 [4:03:11<00:52,  1.17s/step]Training: 100%|█████████▉| 11956/12000 [4:03:13<00:51,  1.18s/step]Training: 100%|█████████▉| 11957/12000 [4:03:14<00:50,  1.18s/step]Training: 100%|█████████▉| 11958/12000 [4:03:15<00:49,  1.17s/step]Training: 100%|█████████▉| 11959/12000 [4:03:16<00:48,  1.17s/step]Training: 100%|█████████▉| 11960/12000 [4:03:17<00:46,  1.17s/step]Training: 100%|█████████▉| 11961/12000 [4:03:18<00:45,  1.17s/step]Training: 100%|█████████▉| 11962/12000 [4:03:20<00:44,  1.17s/step]Training: 100%|█████████▉| 11963/12000 [4:03:21<00:43,  1.16s/step]Training: 100%|█████████▉| 11964/12000 [4:03:22<00:41,  1.16s/step]Training: 100%|█████████▉| 11965/12000 [4:03:23<00:40,  1.17s/step]Training: 100%|█████████▉| 11966/12000 [4:03:24<00:39,  1.17s/step]Training: 100%|█████████▉| 11967/12000 [4:03:25<00:38,  1.17s/step]Training: 100%|█████████▉| 11968/12000 [4:03:27<00:37,  1.17s/step]Training: 100%|█████████▉| 11969/12000 [4:03:28<00:36,  1.16s/step]Training: 100%|█████████▉| 11970/12000 [4:03:29<00:34,  1.16s/step]Training: 100%|█████████▉| 11971/12000 [4:03:30<00:33,  1.17s/step]Training: 100%|█████████▉| 11972/12000 [4:03:31<00:32,  1.16s/step]Training: 100%|█████████▉| 11973/12000 [4:03:32<00:31,  1.16s/step]Training: 100%|█████████▉| 11974/12000 [4:03:34<00:30,  1.16s/step]Training: 100%|█████████▉| 11975/12000 [4:03:35<00:29,  1.16s/step]Training: 100%|█████████▉| 11976/12000 [4:03:36<00:27,  1.16s/step]Training: 100%|█████████▉| 11977/12000 [4:03:37<00:26,  1.16s/step]Training: 100%|█████████▉| 11978/12000 [4:03:38<00:25,  1.17s/step]Training: 100%|█████████▉| 11979/12000 [4:03:39<00:24,  1.19s/step]Training: 100%|█████████▉| 11980/12000 [4:03:41<00:23,  1.18s/step]Training: 100%|█████████▉| 11981/12000 [4:03:42<00:22,  1.18s/step]Training: 100%|█████████▉| 11982/12000 [4:03:43<00:21,  1.18s/step]Training: 100%|█████████▉| 11983/12000 [4:03:44<00:19,  1.17s/step]Training: 100%|█████████▉| 11984/12000 [4:03:45<00:18,  1.17s/step]Training: 100%|█████████▉| 11985/12000 [4:03:46<00:17,  1.17s/step]Training: 100%|█████████▉| 11986/12000 [4:03:48<00:16,  1.17s/step]Training: 100%|█████████▉| 11987/12000 [4:03:49<00:15,  1.16s/step]Training: 100%|█████████▉| 11988/12000 [4:03:50<00:14,  1.17s/step]Training: 100%|█████████▉| 11989/12000 [4:03:51<00:12,  1.17s/step]Training: 100%|█████████▉| 11990/12000 [4:03:52<00:11,  1.17s/step]Training: 100%|█████████▉| 11991/12000 [4:03:53<00:10,  1.17s/step]Training: 100%|█████████▉| 11992/12000 [4:03:55<00:09,  1.16s/step]Training: 100%|█████████▉| 11993/12000 [4:03:56<00:08,  1.16s/step]Training: 100%|█████████▉| 11994/12000 [4:03:57<00:06,  1.16s/step]Training: 100%|█████████▉| 11995/12000 [4:03:58<00:05,  1.16s/step]Training: 100%|█████████▉| 11996/12000 [4:03:59<00:04,  1.16s/step]Training: 100%|█████████▉| 11997/12000 [4:04:00<00:03,  1.16s/step]Training: 100%|█████████▉| 11998/12000 [4:04:02<00:02,  1.16s/step]Training: 100%|█████████▉| 11999/12000 [4:04:03<00:01,  1.16s/step]Training: 100%|██████████| 12000/12000 [4:04:04<00:00,  1.17s/step]INFO 2026-09-16 07:58:09 ot_train.py:670 step:12K smpl:768K ep:9K epch:28.27 loss:0.042 grdn:0.747 lr:2.5e-06 updt_s:0.961 data_s:0.045 smp/s:64 mem_gb:14.26 losses_after_forward:0.048 losses_after_in_ep_bound:0.030 losses_after_rm_padding:0.030
INFO 2026-09-16 07:58:09 ot_train.py:716 Checkpoint policy after step 12000
Training: 100%|██████████| 12000/12000 [4:04:31<00:00,  1.22s/step]
INFO 2026-09-16 07:58:36 ot_train.py:806 End of training

============================================================
Our-V7 pipeline complete
benchmark:           metaworld
selection manifest:  /data/zhonglinye/jun/lerobot/personal/work2/our_v7/outputs/our_v7_online_pca_full_112x3_seed42/subsets/our_v7_online_pca_full_112x3_seed42.json
merged dataset:      /data/zhonglinye/jun/lerobot/personal/work2/our_v7/outputs/our_v7_online_pca_full_112x3_seed42/merged_dataset
training output:     /data/zhonglinye/jun/lerobot/personal/work2/our_v7/outputs/our_v7_online_pca_full_112x3_seed42/train
raw visual cache:    /data/zhonglinye/jun/lerobot/personal/work2/our_v7/shared_raw_embeddings
log:                 /data/zhonglinye/jun/lerobot/personal/work2/our_v7/outputs/our_v7_online_pca_full_112x3_seed42/logs/pipeline.log
============================================================
