================================================================================
QUICK SURROGATE VALIDATION - DISCOVERY
================================================================================
[DISCOVER] .tasks.jsonl entries: 104
[DISCOVER] eval_episode_results.json files: 210
[DISCOVER] task filter: pick-place-v3 -> 104 checkpoints
[DISCOVER] historical checkpoint pool: 104
[SHARD] 1/2: assigned 52 models (other shards receive the remainder)
[SHARD] pool fingerprint: 67ab2e6180c4cc69
[GPU] physical id requested: 4
[BUDGET] episodes/model=5, total=38.0 min, per-model timeout=240s
[OUTPUT] /data/zhonglinye/jun/lerobot/personal/work2/attention_fig/quick_surrogate_eval/quick40_pickplace/shard_1_of_2

[ASSIGNED MODELS]
  001/052  random_42_corner/random_112_seed42@006000  hist=28.0%/200ep  camera=corner,gripperPOV
  002/052  random_42_corner/random_112_seed42@008000  hist=32.0%/200ep  camera=corner,gripperPOV
  003/052  random_42_corner/random_112_seed42@010000  hist=29.5%/200ep  camera=corner,gripperPOV
  004/052  random_42_corner/random_112_seed42@012000  hist=32.0%/200ep  camera=corner,gripperPOV
  005/052  random_42_corner/random_112_seed42@014000  hist=30.0%/200ep  camera=corner,gripperPOV
  006/052  random_42_corner/random_112_seed42@016000  hist=31.5%/200ep  camera=corner,gripperPOV
  007/052  random_42_corner2/random_112_seed42@002000  hist=16.5%/200ep  camera=corner2,gripperPOV
  008/052  random_42_corner2/random_112_seed42@004000  hist=11.5%/200ep  camera=corner2,gripperPOV
  009/052  random_42_corner2/random_112_seed42@006000  hist=21.5%/200ep  camera=corner2,gripperPOV
  010/052  random_42_corner2/random_112_seed42@008000  hist=24.5%/200ep  camera=corner2,gripperPOV
  011/052  random_42_corner2/random_112_seed42@010000  hist=25.0%/200ep  camera=corner2,gripperPOV
  012/052  random_42_corner2/random_112_seed42@012000  hist=27.5%/200ep  camera=corner2,gripperPOV
  013/052  random_42_corner2/random_112_seed42@014000  hist=29.0%/200ep  camera=corner2,gripperPOV
  014/052  random_42_corner2/random_112_seed42@016000  hist=28.5%/200ep  camera=corner2,gripperPOV
  015/052  random_42_corner3/random_112_seed42@002000  hist=16.5%/200ep  camera=corner3,gripperPOV
  016/052  random_42_corner3/random_112_seed42@004000  hist=22.5%/200ep  camera=corner3,gripperPOV
  017/052  random_42_corner3/random_112_seed42@006000  hist=24.5%/200ep  camera=corner3,gripperPOV
  018/052  random_42_corner3/random_112_seed42@008000  hist=24.5%/200ep  camera=corner3,gripperPOV
  019/052  random_42_corner3/random_112_seed42@010000  hist=24.0%/200ep  camera=corner3,gripperPOV
  020/052  random_42_corner3/random_112_seed42@012000  hist=24.5%/200ep  camera=corner3,gripperPOV
  021/052  random_42_corner3/random_112_seed42@014000  hist=25.5%/200ep  camera=corner3,gripperPOV
  022/052  random_42_corner3/random_112_seed42@016000  hist=25.5%/200ep  camera=corner3,gripperPOV
  023/052  subzerocore_112_seed42_corner/subzerocore_112_seed42@002000  hist=14.5%/200ep  camera=corner,gripperPOV
  024/052  subzerocore_112_seed42_corner/subzerocore_112_seed42@004000  hist=26.0%/200ep  camera=corner,gripperPOV
  025/052  subzerocore_112_seed42_corner/subzerocore_112_seed42@006000  hist=32.0%/200ep  camera=corner,gripperPOV
  026/052  subzerocore_112_seed42_corner/subzerocore_112_seed42@008000  hist=30.0%/200ep  camera=corner,gripperPOV
  027/052  subzerocore_112_seed42_corner/subzerocore_112_seed42@010000  hist=30.5%/200ep  camera=corner,gripperPOV
  028/052  subzerocore_112_seed42_corner/subzerocore_112_seed42@012000  hist=32.0%/200ep  camera=corner,gripperPOV
  029/052  uniform_42_corner/uniform_112_seed42@002000  hist=23.0%/200ep  camera=corner,gripperPOV
  030/052  uniform_42_corner/uniform_112_seed42@004000  hist=25.5%/200ep  camera=corner,gripperPOV
  031/052  uniform_42_corner/uniform_112_seed42@006000  hist=24.5%/200ep  camera=corner,gripperPOV
  032/052  uniform_42_corner/uniform_112_seed42@008000  hist=25.5%/200ep  camera=corner,gripperPOV
  033/052  uniform_42_corner/uniform_112_seed42@010000  hist=27.0%/200ep  camera=corner,gripperPOV
  034/052  uniform_42_corner/uniform_112_seed42@012000  hist=28.0%/200ep  camera=corner,gripperPOV
  035/052  uniform_42_corner/uniform_112_seed42@014000  hist=28.0%/200ep  camera=corner,gripperPOV
  036/052  uniform_42_corner/uniform_112_seed42@016000  hist=27.0%/200ep  camera=corner,gripperPOV
  037/052  uniform_42_corner2/uniform_112_seed42@002000  hist=7.0%/200ep  camera=corner2,gripperPOV
  038/052  uniform_42_corner2/uniform_112_seed42@004000  hist=17.5%/200ep  camera=corner2,gripperPOV
  039/052  uniform_42_corner2/uniform_112_seed42@006000  hist=19.5%/200ep  camera=corner2,gripperPOV
  040/052  uniform_42_corner2/uniform_112_seed42@008000  hist=17.5%/200ep  camera=corner2,gripperPOV
  041/052  uniform_42_corner2/uniform_112_seed42@010000  hist=22.5%/200ep  camera=corner2,gripperPOV
  042/052  uniform_42_corner2/uniform_112_seed42@012000  hist=19.5%/200ep  camera=corner2,gripperPOV
  043/052  uniform_42_corner2/uniform_112_seed42@014000  hist=20.5%/200ep  camera=corner2,gripperPOV
  044/052  uniform_42_corner2/uniform_112_seed42@016000  hist=19.5%/200ep  camera=corner2,gripperPOV
  045/052  uniform_42_corner3/uniform_112_seed42@002000  hist=13.0%/200ep  camera=corner3,gripperPOV
  046/052  uniform_42_corner3/uniform_112_seed42@004000  hist=16.0%/200ep  camera=corner3,gripperPOV
  047/052  uniform_42_corner3/uniform_112_seed42@006000  hist=22.5%/200ep  camera=corner3,gripperPOV
  048/052  uniform_42_corner3/uniform_112_seed42@008000  hist=21.0%/200ep  camera=corner3,gripperPOV
  049/052  uniform_42_corner3/uniform_112_seed42@010000  hist=23.0%/200ep  camera=corner3,gripperPOV
  050/052  uniform_42_corner3/uniform_112_seed42@012000  hist=21.5%/200ep  camera=corner3,gripperPOV
  051/052  uniform_42_corner3/uniform_112_seed42@014000  hist=24.0%/200ep  camera=corner3,gripperPOV
  052/052  uniform_42_corner3/uniform_112_seed42@016000  hist=23.0%/200ep  camera=corner3,gripperPOV

================================================================================
[MODEL 1/52] random_42_corner/random_112_seed42@006000 | historical=28.0% (200 episodes)
[PATH] /data/zhonglinye/jun/lerobot/personal/work2/duibi/random_42_corner/random_112_seed42/checkpoints/006000/pretrained_model
[CMD] lerobot-eval --policy.path=/data/zhonglinye/jun/lerobot/personal/work2/duibi/random_42_corner/random_112_seed42/checkpoints/006000/pretrained_model --env.type=metaworld --env.task=pick-place-v3 --env.camera_name=corner,gripperPOV --env.use_self_mw=true --eval.batch_size=5 --eval.n_episodes=5 --policy.device=cuda --policy.use_amp=false --seed=1000 --output_dir=/data/zhonglinye/jun/lerobot/personal/work2/attention_fig/quick_surrogate_eval/quick40_pickplace/shard_1_of_2/eval_outputs/random_42_corner_random_112_seed42_006000 --rename_map={"observation.images.top": "observation.images.camera1", "observation.images.wrist": "observation.images.camera2"}
================================================================================
[SKIP] checkpoint path does not exist locally: /data/zhonglinye/jun/lerobot/personal/work2/duibi/random_42_corner/random_112_seed42/checkpoints/006000/pretrained_model

================================================================================
[MODEL 2/52] random_42_corner/random_112_seed42@008000 | historical=32.0% (200 episodes)
[PATH] /data/zhonglinye/jun/lerobot/personal/work2/duibi/random_42_corner/random_112_seed42/checkpoints/008000/pretrained_model
[CMD] lerobot-eval --policy.path=/data/zhonglinye/jun/lerobot/personal/work2/duibi/random_42_corner/random_112_seed42/checkpoints/008000/pretrained_model --env.type=metaworld --env.task=pick-place-v3 --env.camera_name=corner,gripperPOV --env.use_self_mw=true --eval.batch_size=5 --eval.n_episodes=5 --policy.device=cuda --policy.use_amp=false --seed=1000 --output_dir=/data/zhonglinye/jun/lerobot/personal/work2/attention_fig/quick_surrogate_eval/quick40_pickplace/shard_1_of_2/eval_outputs/random_42_corner_random_112_seed42_008000 --rename_map={"observation.images.top": "observation.images.camera1", "observation.images.wrist": "observation.images.camera2"}
================================================================================
[SKIP] checkpoint path does not exist locally: /data/zhonglinye/jun/lerobot/personal/work2/duibi/random_42_corner/random_112_seed42/checkpoints/008000/pretrained_model

================================================================================
[MODEL 3/52] random_42_corner/random_112_seed42@010000 | historical=29.5% (200 episodes)
[PATH] /data/zhonglinye/jun/lerobot/personal/work2/duibi/random_42_corner/random_112_seed42/checkpoints/010000/pretrained_model
[CMD] lerobot-eval --policy.path=/data/zhonglinye/jun/lerobot/personal/work2/duibi/random_42_corner/random_112_seed42/checkpoints/010000/pretrained_model --env.type=metaworld --env.task=pick-place-v3 --env.camera_name=corner,gripperPOV --env.use_self_mw=true --eval.batch_size=5 --eval.n_episodes=5 --policy.device=cuda --policy.use_amp=false --seed=1000 --output_dir=/data/zhonglinye/jun/lerobot/personal/work2/attention_fig/quick_surrogate_eval/quick40_pickplace/shard_1_of_2/eval_outputs/random_42_corner_random_112_seed42_010000 --rename_map={"observation.images.top": "observation.images.camera1", "observation.images.wrist": "observation.images.camera2"}
================================================================================
[SKIP] checkpoint path does not exist locally: /data/zhonglinye/jun/lerobot/personal/work2/duibi/random_42_corner/random_112_seed42/checkpoints/010000/pretrained_model

================================================================================
[MODEL 4/52] random_42_corner/random_112_seed42@012000 | historical=32.0% (200 episodes)
[PATH] /data/zhonglinye/jun/lerobot/personal/work2/duibi/random_42_corner/random_112_seed42/checkpoints/012000/pretrained_model
[CMD] lerobot-eval --policy.path=/data/zhonglinye/jun/lerobot/personal/work2/duibi/random_42_corner/random_112_seed42/checkpoints/012000/pretrained_model --env.type=metaworld --env.task=pick-place-v3 --env.camera_name=corner,gripperPOV --env.use_self_mw=true --eval.batch_size=5 --eval.n_episodes=5 --policy.device=cuda --policy.use_amp=false --seed=1000 --output_dir=/data/zhonglinye/jun/lerobot/personal/work2/attention_fig/quick_surrogate_eval/quick40_pickplace/shard_1_of_2/eval_outputs/random_42_corner_random_112_seed42_012000 --rename_map={"observation.images.top": "observation.images.camera1", "observation.images.wrist": "observation.images.camera2"}
================================================================================
[SKIP] checkpoint path does not exist locally: /data/zhonglinye/jun/lerobot/personal/work2/duibi/random_42_corner/random_112_seed42/checkpoints/012000/pretrained_model

================================================================================
[MODEL 5/52] random_42_corner/random_112_seed42@014000 | historical=30.0% (200 episodes)
[PATH] /data/zhonglinye/jun/lerobot/personal/work2/duibi/random_42_corner/random_112_seed42/checkpoints/014000/pretrained_model
[CMD] lerobot-eval --policy.path=/data/zhonglinye/jun/lerobot/personal/work2/duibi/random_42_corner/random_112_seed42/checkpoints/014000/pretrained_model --env.type=metaworld --env.task=pick-place-v3 --env.camera_name=corner,gripperPOV --env.use_self_mw=true --eval.batch_size=5 --eval.n_episodes=5 --policy.device=cuda --policy.use_amp=false --seed=1000 --output_dir=/data/zhonglinye/jun/lerobot/personal/work2/attention_fig/quick_surrogate_eval/quick40_pickplace/shard_1_of_2/eval_outputs/random_42_corner_random_112_seed42_014000 --rename_map={"observation.images.top": "observation.images.camera1", "observation.images.wrist": "observation.images.camera2"}
================================================================================
[SKIP] checkpoint path does not exist locally: /data/zhonglinye/jun/lerobot/personal/work2/duibi/random_42_corner/random_112_seed42/checkpoints/014000/pretrained_model

================================================================================
[MODEL 6/52] random_42_corner/random_112_seed42@016000 | historical=31.5% (200 episodes)
[PATH] /data/zhonglinye/jun/lerobot/personal/work2/duibi/random_42_corner/random_112_seed42/checkpoints/016000/pretrained_model
[CMD] lerobot-eval --policy.path=/data/zhonglinye/jun/lerobot/personal/work2/duibi/random_42_corner/random_112_seed42/checkpoints/016000/pretrained_model --env.type=metaworld --env.task=pick-place-v3 --env.camera_name=corner,gripperPOV --env.use_self_mw=true --eval.batch_size=5 --eval.n_episodes=5 --policy.device=cuda --policy.use_amp=false --seed=1000 --output_dir=/data/zhonglinye/jun/lerobot/personal/work2/attention_fig/quick_surrogate_eval/quick40_pickplace/shard_1_of_2/eval_outputs/random_42_corner_random_112_seed42_016000 --rename_map={"observation.images.top": "observation.images.camera1", "observation.images.wrist": "observation.images.camera2"}
================================================================================
[SKIP] checkpoint path does not exist locally: /data/zhonglinye/jun/lerobot/personal/work2/duibi/random_42_corner/random_112_seed42/checkpoints/016000/pretrained_model

================================================================================
[MODEL 7/52] random_42_corner2/random_112_seed42@002000 | historical=16.5% (200 episodes)
[PATH] /data/zhonglinye/jun/lerobot/personal/work2/duibi/random_42_corner2/random_112_seed42/checkpoints/002000/pretrained_model
[CMD] lerobot-eval --policy.path=/data/zhonglinye/jun/lerobot/personal/work2/duibi/random_42_corner2/random_112_seed42/checkpoints/002000/pretrained_model --env.type=metaworld --env.task=pick-place-v3 --env.camera_name=corner2,gripperPOV --env.use_self_mw=true --eval.batch_size=5 --eval.n_episodes=5 --policy.device=cuda --policy.use_amp=false --seed=1000 --output_dir=/data/zhonglinye/jun/lerobot/personal/work2/attention_fig/quick_surrogate_eval/quick40_pickplace/shard_1_of_2/eval_outputs/random_42_corner2_random_112_seed42_002000 --rename_map={"observation.images.top": "observation.images.camera1", "observation.images.wrist": "observation.images.camera2"}
================================================================================
[SKIP] checkpoint path does not exist locally: /data/zhonglinye/jun/lerobot/personal/work2/duibi/random_42_corner2/random_112_seed42/checkpoints/002000/pretrained_model

================================================================================
[MODEL 8/52] random_42_corner2/random_112_seed42@004000 | historical=11.5% (200 episodes)
[PATH] /data/zhonglinye/jun/lerobot/personal/work2/duibi/random_42_corner2/random_112_seed42/checkpoints/004000/pretrained_model
[CMD] lerobot-eval --policy.path=/data/zhonglinye/jun/lerobot/personal/work2/duibi/random_42_corner2/random_112_seed42/checkpoints/004000/pretrained_model --env.type=metaworld --env.task=pick-place-v3 --env.camera_name=corner2,gripperPOV --env.use_self_mw=true --eval.batch_size=5 --eval.n_episodes=5 --policy.device=cuda --policy.use_amp=false --seed=1000 --output_dir=/data/zhonglinye/jun/lerobot/personal/work2/attention_fig/quick_surrogate_eval/quick40_pickplace/shard_1_of_2/eval_outputs/random_42_corner2_random_112_seed42_004000 --rename_map={"observation.images.top": "observation.images.camera1", "observation.images.wrist": "observation.images.camera2"}
================================================================================
[SKIP] checkpoint path does not exist locally: /data/zhonglinye/jun/lerobot/personal/work2/duibi/random_42_corner2/random_112_seed42/checkpoints/004000/pretrained_model

================================================================================
[MODEL 9/52] random_42_corner2/random_112_seed42@006000 | historical=21.5% (200 episodes)
[PATH] /data/zhonglinye/jun/lerobot/personal/work2/duibi/random_42_corner2/random_112_seed42/checkpoints/006000/pretrained_model
[CMD] lerobot-eval --policy.path=/data/zhonglinye/jun/lerobot/personal/work2/duibi/random_42_corner2/random_112_seed42/checkpoints/006000/pretrained_model --env.type=metaworld --env.task=pick-place-v3 --env.camera_name=corner2,gripperPOV --env.use_self_mw=true --eval.batch_size=5 --eval.n_episodes=5 --policy.device=cuda --policy.use_amp=false --seed=1000 --output_dir=/data/zhonglinye/jun/lerobot/personal/work2/attention_fig/quick_surrogate_eval/quick40_pickplace/shard_1_of_2/eval_outputs/random_42_corner2_random_112_seed42_006000 --rename_map={"observation.images.top": "observation.images.camera1", "observation.images.wrist": "observation.images.camera2"}
================================================================================
[SKIP] checkpoint path does not exist locally: /data/zhonglinye/jun/lerobot/personal/work2/duibi/random_42_corner2/random_112_seed42/checkpoints/006000/pretrained_model

================================================================================
[MODEL 10/52] random_42_corner2/random_112_seed42@008000 | historical=24.5% (200 episodes)
[PATH] /data/zhonglinye/jun/lerobot/personal/work2/duibi/random_42_corner2/random_112_seed42/checkpoints/008000/pretrained_model
[CMD] lerobot-eval --policy.path=/data/zhonglinye/jun/lerobot/personal/work2/duibi/random_42_corner2/random_112_seed42/checkpoints/008000/pretrained_model --env.type=metaworld --env.task=pick-place-v3 --env.camera_name=corner2,gripperPOV --env.use_self_mw=true --eval.batch_size=5 --eval.n_episodes=5 --policy.device=cuda --policy.use_amp=false --seed=1000 --output_dir=/data/zhonglinye/jun/lerobot/personal/work2/attention_fig/quick_surrogate_eval/quick40_pickplace/shard_1_of_2/eval_outputs/random_42_corner2_random_112_seed42_008000 --rename_map={"observation.images.top": "observation.images.camera1", "observation.images.wrist": "observation.images.camera2"}
================================================================================
[SKIP] checkpoint path does not exist locally: /data/zhonglinye/jun/lerobot/personal/work2/duibi/random_42_corner2/random_112_seed42/checkpoints/008000/pretrained_model

================================================================================
[MODEL 11/52] random_42_corner2/random_112_seed42@010000 | historical=25.0% (200 episodes)
[PATH] /data/zhonglinye/jun/lerobot/personal/work2/duibi/random_42_corner2/random_112_seed42/checkpoints/010000/pretrained_model
[CMD] lerobot-eval --policy.path=/data/zhonglinye/jun/lerobot/personal/work2/duibi/random_42_corner2/random_112_seed42/checkpoints/010000/pretrained_model --env.type=metaworld --env.task=pick-place-v3 --env.camera_name=corner2,gripperPOV --env.use_self_mw=true --eval.batch_size=5 --eval.n_episodes=5 --policy.device=cuda --policy.use_amp=false --seed=1000 --output_dir=/data/zhonglinye/jun/lerobot/personal/work2/attention_fig/quick_surrogate_eval/quick40_pickplace/shard_1_of_2/eval_outputs/random_42_corner2_random_112_seed42_010000 --rename_map={"observation.images.top": "observation.images.camera1", "observation.images.wrist": "observation.images.camera2"}
================================================================================
[SKIP] checkpoint path does not exist locally: /data/zhonglinye/jun/lerobot/personal/work2/duibi/random_42_corner2/random_112_seed42/checkpoints/010000/pretrained_model

================================================================================
[MODEL 12/52] random_42_corner2/random_112_seed42@012000 | historical=27.5% (200 episodes)
[PATH] /data/zhonglinye/jun/lerobot/personal/work2/duibi/random_42_corner2/random_112_seed42/checkpoints/012000/pretrained_model
[CMD] lerobot-eval --policy.path=/data/zhonglinye/jun/lerobot/personal/work2/duibi/random_42_corner2/random_112_seed42/checkpoints/012000/pretrained_model --env.type=metaworld --env.task=pick-place-v3 --env.camera_name=corner2,gripperPOV --env.use_self_mw=true --eval.batch_size=5 --eval.n_episodes=5 --policy.device=cuda --policy.use_amp=false --seed=1000 --output_dir=/data/zhonglinye/jun/lerobot/personal/work2/attention_fig/quick_surrogate_eval/quick40_pickplace/shard_1_of_2/eval_outputs/random_42_corner2_random_112_seed42_012000 --rename_map={"observation.images.top": "observation.images.camera1", "observation.images.wrist": "observation.images.camera2"}
================================================================================
[SKIP] checkpoint path does not exist locally: /data/zhonglinye/jun/lerobot/personal/work2/duibi/random_42_corner2/random_112_seed42/checkpoints/012000/pretrained_model

================================================================================
[MODEL 13/52] random_42_corner2/random_112_seed42@014000 | historical=29.0% (200 episodes)
[PATH] /data/zhonglinye/jun/lerobot/personal/work2/duibi/random_42_corner2/random_112_seed42/checkpoints/014000/pretrained_model
[CMD] lerobot-eval --policy.path=/data/zhonglinye/jun/lerobot/personal/work2/duibi/random_42_corner2/random_112_seed42/checkpoints/014000/pretrained_model --env.type=metaworld --env.task=pick-place-v3 --env.camera_name=corner2,gripperPOV --env.use_self_mw=true --eval.batch_size=5 --eval.n_episodes=5 --policy.device=cuda --policy.use_amp=false --seed=1000 --output_dir=/data/zhonglinye/jun/lerobot/personal/work2/attention_fig/quick_surrogate_eval/quick40_pickplace/shard_1_of_2/eval_outputs/random_42_corner2_random_112_seed42_014000 --rename_map={"observation.images.top": "observation.images.camera1", "observation.images.wrist": "observation.images.camera2"}
================================================================================
[SKIP] checkpoint path does not exist locally: /data/zhonglinye/jun/lerobot/personal/work2/duibi/random_42_corner2/random_112_seed42/checkpoints/014000/pretrained_model

================================================================================
[MODEL 14/52] random_42_corner2/random_112_seed42@016000 | historical=28.5% (200 episodes)
[PATH] /data/zhonglinye/jun/lerobot/personal/work2/duibi/random_42_corner2/random_112_seed42/checkpoints/016000/pretrained_model
[CMD] lerobot-eval --policy.path=/data/zhonglinye/jun/lerobot/personal/work2/duibi/random_42_corner2/random_112_seed42/checkpoints/016000/pretrained_model --env.type=metaworld --env.task=pick-place-v3 --env.camera_name=corner2,gripperPOV --env.use_self_mw=true --eval.batch_size=5 --eval.n_episodes=5 --policy.device=cuda --policy.use_amp=false --seed=1000 --output_dir=/data/zhonglinye/jun/lerobot/personal/work2/attention_fig/quick_surrogate_eval/quick40_pickplace/shard_1_of_2/eval_outputs/random_42_corner2_random_112_seed42_016000 --rename_map={"observation.images.top": "observation.images.camera1", "observation.images.wrist": "observation.images.camera2"}
================================================================================
[SKIP] checkpoint path does not exist locally: /data/zhonglinye/jun/lerobot/personal/work2/duibi/random_42_corner2/random_112_seed42/checkpoints/016000/pretrained_model

================================================================================
[MODEL 15/52] random_42_corner3/random_112_seed42@002000 | historical=16.5% (200 episodes)
[PATH] /data/zhonglinye/jun/lerobot/personal/work2/duibi/random_42_corner3/random_112_seed42/checkpoints/002000/pretrained_model
[CMD] lerobot-eval --policy.path=/data/zhonglinye/jun/lerobot/personal/work2/duibi/random_42_corner3/random_112_seed42/checkpoints/002000/pretrained_model --env.type=metaworld --env.task=pick-place-v3 --env.camera_name=corner3,gripperPOV --env.use_self_mw=true --eval.batch_size=5 --eval.n_episodes=5 --policy.device=cuda --policy.use_amp=false --seed=1000 --output_dir=/data/zhonglinye/jun/lerobot/personal/work2/attention_fig/quick_surrogate_eval/quick40_pickplace/shard_1_of_2/eval_outputs/random_42_corner3_random_112_seed42_002000 --rename_map={"observation.images.top": "observation.images.camera1", "observation.images.wrist": "observation.images.camera2"}
================================================================================

[HEARTBEAT] random_42_corner3/random_112_seed42@002000: child still running, elapsed=10s / timeout=240s
[DEBUG] Loaded config from: /data/zhonglinye/jun/lerobot/personal/work2/duibi/random_42_corner3/random_112_seed42/checkpoints/002000/pretrained_model/config.json
[DEBUG] Config keys: ['type', 'n_obs_steps', 'input_features', 'output_features', 'device', 'use_amp', 'use_peft', 'push_to_hub', 'repo_id', 'private', 'tags', 'license', 'pretrained_path', 'pretrained_revision', 'chunk_size', 'n_action_steps', 'normalization_mapping', 'max_state_dim', 'max_action_dim', 'resize_imgs_with_padding', 'empty_cameras', 'adapt_to_pi_aloha', 'use_delta_joint_actions_aloha', 'tokenizer_max_length', 'num_steps', 'use_cache', 'freeze_vision_encoder', 'train_expert_only', 'train_state_proj', 'optimizer_lr', 'optimizer_betas', 'optimizer_eps', 'optimizer_weight_decay', 'optimizer_grad_clip_norm', 'scheduler_warmup_steps', 'scheduler_decay_steps', 'scheduler_decay_lr', 'vlm_model_name', 'load_vlm_weights', 'add_image_special_tokens', 'attention_mode', 'prefix_length', 'pad_language_to', 'num_expert_layers', 'num_vlm_layers', 'self_attn_every_n_layers', 'expert_width_multiplier', 'min_period', 'max_period', 'rtc_config', 'compile_model', 'compile_mode']
[DEBUG] policy_type parameter: None
[DEBUG] Extracted policy_type from config: smolvla
[DEBUG] Filtered config keys: ['n_obs_steps', 'input_features', 'output_features', 'device', 'use_amp', 'use_peft', 'push_to_hub', 'repo_id', 'private', 'tags', 'license', 'pretrained_path', 'pretrained_revision', 'chunk_size', 'n_action_steps', 'normalization_mapping', 'max_state_dim', 'max_action_dim', 'resize_imgs_with_padding', 'empty_cameras', 'adapt_to_pi_aloha', 'use_delta_joint_actions_aloha', 'tokenizer_max_length', 'num_steps', 'use_cache', 'freeze_vision_encoder', 'train_expert_only', 'train_state_proj', 'optimizer_lr', 'optimizer_betas', 'optimizer_eps', 'optimizer_weight_decay', 'optimizer_grad_clip_norm', 'scheduler_warmup_steps', 'scheduler_decay_steps', 'scheduler_decay_lr', 'vlm_model_name', 'load_vlm_weights', 'add_image_special_tokens', 'attention_mode', 'prefix_length', 'pad_language_to', 'num_expert_layers', 'num_vlm_layers', 'self_attn_every_n_layers', 'expert_width_multiplier', 'min_period', 'max_period', 'rtc_config', 'compile_model', 'compile_mode']
[DEBUG] Removed invalid keys: set()
WARNING 2026-09-20 13:44:01 figs/eval.py:69 No job name provided, using 'metaworld_smolvla' as job name.
INFO 2026-09-20 13:44:01 ot_eval.py:1146 {'env': {'camera_name': 'corner3,gripperPOV',
         'disable_env_checker': True,
         'episode_length': 400,
         'features': {'action': {'shape': (4,),
                                 'type': <FeatureType.ACTION: 'ACTION'>},
                      'observation.images.camera1': {'shape': (3, 480, 480),
                                                     'type': <FeatureType.VISUAL: 'VISUAL'>},
                      'observation.images.camera2': {'shape': (3, 480, 480),
                                                     'type': <FeatureType.VISUAL: 'VISUAL'>},
                      'observation.state': {'shape': (4,),
                                            'type': <FeatureType.STATE: 'STATE'>}},
         'features_map': {'action': 'action',
                          'agent_pos': 'observation.state',
                          'observation.images.camera1': 'observation.images.camera1',
                          'observation.images.camera2': 'observation.images.camera2',
                          'observation.state': 'observation.state',
                          'pixels/top': 'observation.images.top',
                          'top': 'observation.image'},
         'fps': 80,
         'max_parallel_tasks': 1,
         'multitask_eval': True,
         'obs_type': 'pixels_agent_pos',
         'render_mode': 'rgb_array',
         'task': 'pick-place-v3',
         'use_self_mw': True},
 'eval': {'batch_size': 5,
          'n_episodes': 5,
          'recording': False,
          'recording_private': False,
          'recording_repo_id': None,
          'save_dataset': False,
          'use_async_envs': True},
 'job_name': 'metaworld_smolvla',
 'output_dir': PosixPath('/data/zhonglinye/jun/lerobot/personal/work2/attention_fig/quick_surrogate_eval/quick40_pickplace/shard_1_of_2/eval_outputs/random_42_corner3_random_112_seed42_002000'),
 'policy': {'adapt_to_pi_aloha': False,
            'add_image_special_tokens': False,
            'attention_mode': 'cross_attn',
            'chunk_size': 50,
            'compile_mode': 'max-autotune',
            'compile_model': False,
            'device': 'cuda',
            'empty_cameras': 0,
            'expert_width_multiplier': 0.75,
            'freeze_vision_encoder': True,
            'input_features': {'observation.images.camera1': {'shape': (3,
                                                                        256,
                                                                        256),
                                                              'type': <FeatureType.VISUAL: 'VISUAL'>},
                               'observation.images.camera2': {'shape': (3,
                                                                        256,
                                                                        256),
                                                              'type': <FeatureType.VISUAL: 'VISUAL'>},
                               'observation.images.camera3': {'shape': (3,
                                                                        256,
                                                                        256),
                                                              'type': <FeatureType.VISUAL: 'VISUAL'>},
                               'observation.state': {'shape': (6,),
                                                     'type': <FeatureType.STATE: 'STATE'>}},
            'license': None,
            'load_vlm_weights': True,
            'max_action_dim': 32,
            'max_period': 4.0,
            'max_state_dim': 32,
            'min_period': 0.004,
            'n_action_steps': 50,
            'n_obs_steps': 1,
            'normalization_mapping': {'ACTION': <NormalizationMode.MEAN_STD: 'MEAN_STD'>,
                                      'STATE': <NormalizationMode.MEAN_STD: 'MEAN_STD'>,
                                      'VISUAL': <NormalizationMode.IDENTITY: 'IDENTITY'>},
            'num_expert_layers': 0,
            'num_steps': 10,
            'num_vlm_layers': 16,
            'optimizer_betas': (0.9, 0.95),
            'optimizer_eps': 1e-08,
            'optimizer_grad_clip_norm': 10.0,
            'optimizer_lr': 0.0001,
            'optimizer_weight_decay': 1e-10,
            'output_features': {'action': {'shape': (4,),
                                           'type': <FeatureType.ACTION: 'ACTION'>}},
            'pad_language_to': 'max_length',
            'prefix_length': 0,
            'pretrained_path': PosixPath('/data/zhonglinye/jun/lerobot/personal/work2/duibi/random_42_corner3/random_112_seed42/checkpoints/002000/pretrained_model'),
            'pretrained_revision': None,
            'private': None,
            'push_to_hub': False,
            'repo_id': None,
            'resize_imgs_with_padding': (512, 512),
            'rtc_config': None,
            'scheduler_decay_lr': 2.5e-06,
            'scheduler_decay_steps': 30000,
            'scheduler_warmup_steps': 1000,
            'self_attn_every_n_layers': 2,
            'tags': None,
            'tokenizer_max_length': 48,
            'train_expert_only': True,
            'train_state_proj': False,
            'use_amp': False,
            'use_cache': True,
            'use_delta_joint_actions_aloha': False,
            'use_peft': False,
            'vlm_model_name': 'HuggingFaceTB/SmolVLM2-500M-Video-Instruct'},
 'rename_map': {'observation.images.top': 'observation.images.camera1',
                'observation.images.wrist': 'observation.images.camera2'},
 'seed': 1000,
 'trust_remote_code': False}
INFO 2026-09-20 13:44:01 ot_eval.py:1157 Set CUDA_VISIBLE_DEVICES=0 for policy and environment subprocesses
INFO 2026-09-20 13:44:01 ot_eval.py:1166 Output dir: /data/zhonglinye/jun/lerobot/personal/work2/attention_fig/quick_surrogate_eval/quick40_pickplace/shard_1_of_2/eval_outputs/random_42_corner3_random_112_seed42_002000
INFO 2026-09-20 13:44:01 ot_eval.py:1168 Making environment (batch_size=5, async=True).
Creating Meta-World envs | task_groups=['pick-place-v3'] | n_envs(per task)=5
Building vec env | group=pick-place-v3 | task_id=0 | task=pick-place-v3
INFO 2026-09-20 13:44:01 ot_eval.py:1176 Making policy.
[DEBUG factory] policy_cls: <class 'lerobot.policies.smolvla.modeling_smolvla.SmolVLAPolicy'>
[DEBUG factory] policy_cls.__init__ signature: <function SmolVLAPolicy.__init__ at 0x7d78d1bebb00>
[DEBUG factory] kwargs keys: ['config', 'pretrained_name_or_path', 'revision']
Loading  HuggingFaceTB/SmolVLM2-500M-Video-Instruct weights ...
`torch_dtype` is deprecated! Use `dtype` instead!
Loading weights:   0%|          | 0/489 [00:00<?, ?it/s]Loading weights:  61%|██████▏   | 300/489 [00:00<00:00, 2988.89it/s]Loading weights: 100%|██████████| 489/489 [00:00<00:00, 3418.48it/s]

[HEARTBEAT] random_42_corner3/random_112_seed42@002000: child still running, elapsed=20s / timeout=240s
Reducing the number of VLM layers to 16 ...

[HEARTBEAT] random_42_corner3/random_112_seed42@002000: child still running, elapsed=30s / timeout=240s
Loading weights from local directory
Evaluating tasks:   0%|          | 0/1 [00:00<?, ?it/s]Evaluating (0/5 episodes):   0%|          | 0/1 [00:00<?, ?it/s]
[HEARTBEAT] random_42_corner3/random_112_seed42@002000: child still running, elapsed=41s / timeout=240s

[HEARTBEAT] random_42_corner3/random_112_seed42@002000: child still running, elapsed=51s / timeout=240s

[HEARTBEAT] random_42_corner3/random_112_seed42@002000: child still running, elapsed=61s / timeout=240s

[HEARTBEAT] random_42_corner3/random_112_seed42@002000: child still running, elapsed=71s / timeout=240s

[HEARTBEAT] random_42_corner3/random_112_seed42@002000: child still running, elapsed=81s / timeout=240s
Evaluating (5/5 episodes, success: 2/5, rate: 40.0%):   0%|          | 0/1 [00:44<?, ?it/s]Evaluating (5/5 episodes, success: 2/5, rate: 40.0%): 100%|██████████| 1/1 [00:44<00:00, 44.96s/it]Evaluating (5/5 episodes, success: 2/5, rate: 40.0%): 100%|██████████| 1/1 [00:44<00:00, 44.96s/it]
INFO 2026-09-20 13:45:15 ot_eval.py:1092 Saved per-episode eval results to /data/zhonglinye/jun/lerobot/personal/work2/attention_fig/quick_surrogate_eval/quick40_pickplace/shard_1_of_2/eval_outputs/random_42_corner3_random_112_seed42_002000/eval_results/pick-place-v3_0/eval_episode_results.json
Task 1/1: pick-place-v3 (episodes: 5, success: 2):   0%|          | 0/1 [00:44<?, ?it/s]Task 1/1: pick-place-v3 (episodes: 5, success: 2): 100%|██████████| 1/1 [00:44<00:00, 44.98s/it]Task 1/1: pick-place-v3 (episodes: 5, success: 2): 100%|██████████| 1/1 [00:45<00:00, 45.50s/it]
INFO 2026-09-20 13:45:15 ot_eval.py:1655 Saved per-episode eval results to /data/zhonglinye/jun/lerobot/personal/work2/attention_fig/quick_surrogate_eval/quick40_pickplace/shard_1_of_2/eval_outputs/random_42_corner3_random_112_seed42_002000/eval_results/eval_episode_results.json
INFO 2026-09-20 13:45:15 ot_eval.py:1240 Overall Aggregated Metrics:
INFO 2026-09-20 13:45:15 ot_eval.py:1241 {'avg_sum_reward': 10.408677044141793, 'avg_max_reward': 1.179480552729906, 'pc_success': 40.0, 'pc_grasp_success': 80.0, 'success@5mm': None, 'coffee_success_5mm_count': None, 'n_episodes': 5, 'eval_s': 45.49965500831604, 'eval_ep_s': 9.099931287765504, 'video_paths': [], 'predicted_video_paths': []}
INFO 2026-09-20 13:45:15 ot_eval.py:1245 
Aggregated Metrics for per_task:
INFO 2026-09-20 13:45:15 ot_eval.py:1246 [{'task_group': 'pick-place-v3', 'task_id': 0, 'metrics': {'sum_rewards': [6.365453264413128, 4.833592094606649, 19.0534560602987, 12.668585651506472, 9.122298149884012], 'max_rewards': [0.16173871915435475, 0.10844209210649938, 2.4194563003600007, 2.9853808756745948, 0.22238477635408008], 'successes': [False, False, True, True, False], 'grasp_successes': [True, False, True, True, True], 'video_paths': [], 'predicted_video_paths': [], 'success_at_5mm': [None, None, None, None, None], 'obj_to_targets': [0.2618781626224518, 0.27208027243614197, 0.0, 0.0, 0.28933167457580566]}}]
INFO 2026-09-20 13:45:15 ot_eval.py:1245 
Aggregated Metrics for per_group:
INFO 2026-09-20 13:45:15 ot_eval.py:1246 {'pick-place-v3': {'avg_sum_reward': 10.408677044141793, 'avg_max_reward': 1.179480552729906, 'pc_success': 40.0, 'pc_grasp_success': 80.0, 'success@5mm': None, 'coffee_success_5mm_count': None, 'n_episodes': 5, 'video_paths': [], 'predicted_video_paths': []}}
INFO 2026-09-20 13:45:15 ot_eval.py:1245 
Aggregated Metrics for overall:
INFO 2026-09-20 13:45:15 ot_eval.py:1246 {'avg_sum_reward': 10.408677044141793, 'avg_max_reward': 1.179480552729906, 'pc_success': 40.0, 'pc_grasp_success': 80.0, 'success@5mm': None, 'coffee_success_5mm_count': None, 'n_episodes': 5, 'eval_s': 45.49965500831604, 'eval_ep_s': 9.099931287765504, 'video_paths': [], 'predicted_video_paths': []}
INFO 2026-09-20 13:45:15 ot_eval.py:1254 End of eval
[DONE] random_42_corner3/random_112_seed42@002000: quick_success=40.0% quick_grasp=80.0%
[PROGRESS] shard=1/2 processed=15/52 successful_quick_results=1 global_elapsed=1.5 min

================================================================================
[MODEL 16/52] random_42_corner3/random_112_seed42@004000 | historical=22.5% (200 episodes)
[PATH] /data/zhonglinye/jun/lerobot/personal/work2/duibi/random_42_corner3/random_112_seed42/checkpoints/004000/pretrained_model
[CMD] lerobot-eval --policy.path=/data/zhonglinye/jun/lerobot/personal/work2/duibi/random_42_corner3/random_112_seed42/checkpoints/004000/pretrained_model --env.type=metaworld --env.task=pick-place-v3 --env.camera_name=corner3,gripperPOV --env.use_self_mw=true --eval.batch_size=5 --eval.n_episodes=5 --policy.device=cuda --policy.use_amp=false --seed=1000 --output_dir=/data/zhonglinye/jun/lerobot/personal/work2/attention_fig/quick_surrogate_eval/quick40_pickplace/shard_1_of_2/eval_outputs/random_42_corner3_random_112_seed42_004000 --rename_map={"observation.images.top": "observation.images.camera1", "observation.images.wrist": "observation.images.camera2"}
================================================================================
[DEBUG] Loaded config from: /data/zhonglinye/jun/lerobot/personal/work2/duibi/random_42_corner3/random_112_seed42/checkpoints/004000/pretrained_model/config.json
[DEBUG] Config keys: ['type', 'n_obs_steps', 'input_features', 'output_features', 'device', 'use_amp', 'use_peft', 'push_to_hub', 'repo_id', 'private', 'tags', 'license', 'pretrained_path', 'pretrained_revision', 'chunk_size', 'n_action_steps', 'normalization_mapping', 'max_state_dim', 'max_action_dim', 'resize_imgs_with_padding', 'empty_cameras', 'adapt_to_pi_aloha', 'use_delta_joint_actions_aloha', 'tokenizer_max_length', 'num_steps', 'use_cache', 'freeze_vision_encoder', 'train_expert_only', 'train_state_proj', 'optimizer_lr', 'optimizer_betas', 'optimizer_eps', 'optimizer_weight_decay', 'optimizer_grad_clip_norm', 'scheduler_warmup_steps', 'scheduler_decay_steps', 'scheduler_decay_lr', 'vlm_model_name', 'load_vlm_weights', 'add_image_special_tokens', 'attention_mode', 'prefix_length', 'pad_language_to', 'num_expert_layers', 'num_vlm_layers', 'self_attn_every_n_layers', 'expert_width_multiplier', 'min_period', 'max_period', 'rtc_config', 'compile_model', 'compile_mode']
[DEBUG] policy_type parameter: None
[DEBUG] Extracted policy_type from config: smolvla
[DEBUG] Filtered config keys: ['n_obs_steps', 'input_features', 'output_features', 'device', 'use_amp', 'use_peft', 'push_to_hub', 'repo_id', 'private', 'tags', 'license', 'pretrained_path', 'pretrained_revision', 'chunk_size', 'n_action_steps', 'normalization_mapping', 'max_state_dim', 'max_action_dim', 'resize_imgs_with_padding', 'empty_cameras', 'adapt_to_pi_aloha', 'use_delta_joint_actions_aloha', 'tokenizer_max_length', 'num_steps', 'use_cache', 'freeze_vision_encoder', 'train_expert_only', 'train_state_proj', 'optimizer_lr', 'optimizer_betas', 'optimizer_eps', 'optimizer_weight_decay', 'optimizer_grad_clip_norm', 'scheduler_warmup_steps', 'scheduler_decay_steps', 'scheduler_decay_lr', 'vlm_model_name', 'load_vlm_weights', 'add_image_special_tokens', 'attention_mode', 'prefix_length', 'pad_language_to', 'num_expert_layers', 'num_vlm_layers', 'self_attn_every_n_layers', 'expert_width_multiplier', 'min_period', 'max_period', 'rtc_config', 'compile_model', 'compile_mode']
[DEBUG] Removed invalid keys: set()
WARNING 2026-09-20 13:45:28 figs/eval.py:69 No job name provided, using 'metaworld_smolvla' as job name.
INFO 2026-09-20 13:45:28 ot_eval.py:1146 {'env': {'camera_name': 'corner3,gripperPOV',
         'disable_env_checker': True,
         'episode_length': 400,
         'features': {'action': {'shape': (4,),
                                 'type': <FeatureType.ACTION: 'ACTION'>},
                      'observation.images.camera1': {'shape': (3, 480, 480),
                                                     'type': <FeatureType.VISUAL: 'VISUAL'>},
                      'observation.images.camera2': {'shape': (3, 480, 480),
                                                     'type': <FeatureType.VISUAL: 'VISUAL'>},
                      'observation.state': {'shape': (4,),
                                            'type': <FeatureType.STATE: 'STATE'>}},
         'features_map': {'action': 'action',
                          'agent_pos': 'observation.state',
                          'observation.images.camera1': 'observation.images.camera1',
                          'observation.images.camera2': 'observation.images.camera2',
                          'observation.state': 'observation.state',
                          'pixels/top': 'observation.images.top',
                          'top': 'observation.image'},
         'fps': 80,
         'max_parallel_tasks': 1,
         'multitask_eval': True,
         'obs_type': 'pixels_agent_pos',
         'render_mode': 'rgb_array',
         'task': 'pick-place-v3',
         'use_self_mw': True},
 'eval': {'batch_size': 5,
          'n_episodes': 5,
          'recording': False,
          'recording_private': False,
          'recording_repo_id': None,
          'save_dataset': False,
          'use_async_envs': True},
 'job_name': 'metaworld_smolvla',
 'output_dir': PosixPath('/data/zhonglinye/jun/lerobot/personal/work2/attention_fig/quick_surrogate_eval/quick40_pickplace/shard_1_of_2/eval_outputs/random_42_corner3_random_112_seed42_004000'),
 'policy': {'adapt_to_pi_aloha': False,
            'add_image_special_tokens': False,
            'attention_mode': 'cross_attn',
            'chunk_size': 50,
            'compile_mode': 'max-autotune',
            'compile_model': False,
            'device': 'cuda',
            'empty_cameras': 0,
            'expert_width_multiplier': 0.75,
            'freeze_vision_encoder': True,
            'input_features': {'observation.images.camera1': {'shape': (3,
                                                                        256,
                                                                        256),
                                                              'type': <FeatureType.VISUAL: 'VISUAL'>},
                               'observation.images.camera2': {'shape': (3,
                                                                        256,
                                                                        256),
                                                              'type': <FeatureType.VISUAL: 'VISUAL'>},
                               'observation.images.camera3': {'shape': (3,
                                                                        256,
                                                                        256),
                                                              'type': <FeatureType.VISUAL: 'VISUAL'>},
                               'observation.state': {'shape': (6,),
                                                     'type': <FeatureType.STATE: 'STATE'>}},
            'license': None,
            'load_vlm_weights': True,
            'max_action_dim': 32,
            'max_period': 4.0,
            'max_state_dim': 32,
            'min_period': 0.004,
            'n_action_steps': 50,
            'n_obs_steps': 1,
            'normalization_mapping': {'ACTION': <NormalizationMode.MEAN_STD: 'MEAN_STD'>,
                                      'STATE': <NormalizationMode.MEAN_STD: 'MEAN_STD'>,
                                      'VISUAL': <NormalizationMode.IDENTITY: 'IDENTITY'>},
            'num_expert_layers': 0,
            'num_steps': 10,
            'num_vlm_layers': 16,
            'optimizer_betas': (0.9, 0.95),
            'optimizer_eps': 1e-08,
            'optimizer_grad_clip_norm': 10.0,
            'optimizer_lr': 0.0001,
            'optimizer_weight_decay': 1e-10,
            'output_features': {'action': {'shape': (4,),
                                           'type': <FeatureType.ACTION: 'ACTION'>}},
            'pad_language_to': 'max_length',
            'prefix_length': 0,
            'pretrained_path': PosixPath('/data/zhonglinye/jun/lerobot/personal/work2/duibi/random_42_corner3/random_112_seed42/checkpoints/004000/pretrained_model'),
            'pretrained_revision': None,
            'private': None,
            'push_to_hub': False,
            'repo_id': None,
            'resize_imgs_with_padding': (512, 512),
            'rtc_config': None,
            'scheduler_decay_lr': 2.5e-06,
            'scheduler_decay_steps': 30000,
            'scheduler_warmup_steps': 1000,
            'self_attn_every_n_layers': 2,
            'tags': None,
            'tokenizer_max_length': 48,
            'train_expert_only': True,
            'train_state_proj': False,
            'use_amp': False,
            'use_cache': True,
            'use_delta_joint_actions_aloha': False,
            'use_peft': False,
            'vlm_model_name': 'HuggingFaceTB/SmolVLM2-500M-Video-Instruct'},
 'rename_map': {'observation.images.top': 'observation.images.camera1',
                'observation.images.wrist': 'observation.images.camera2'},
 'seed': 1000,
 'trust_remote_code': False}
INFO 2026-09-20 13:45:28 ot_eval.py:1157 Set CUDA_VISIBLE_DEVICES=0 for policy and environment subprocesses
INFO 2026-09-20 13:45:28 ot_eval.py:1166 Output dir: /data/zhonglinye/jun/lerobot/personal/work2/attention_fig/quick_surrogate_eval/quick40_pickplace/shard_1_of_2/eval_outputs/random_42_corner3_random_112_seed42_004000
INFO 2026-09-20 13:45:28 ot_eval.py:1168 Making environment (batch_size=5, async=True).
Creating Meta-World envs | task_groups=['pick-place-v3'] | n_envs(per task)=5

[HEARTBEAT] random_42_corner3/random_112_seed42@004000: child still running, elapsed=10s / timeout=240s
Building vec env | group=pick-place-v3 | task_id=0 | task=pick-place-v3
INFO 2026-09-20 13:45:28 ot_eval.py:1176 Making policy.
[DEBUG factory] policy_cls: <class 'lerobot.policies.smolvla.modeling_smolvla.SmolVLAPolicy'>
[DEBUG factory] policy_cls.__init__ signature: <function SmolVLAPolicy.__init__ at 0x77a2867eb880>
[DEBUG factory] kwargs keys: ['config', 'pretrained_name_or_path', 'revision']
Loading  HuggingFaceTB/SmolVLM2-500M-Video-Instruct weights ...
`torch_dtype` is deprecated! Use `dtype` instead!
Loading weights:   0%|          | 0/489 [00:00<?, ?it/s]Loading weights:  63%|██████▎   | 306/489 [00:00<00:00, 3058.45it/s]Loading weights: 100%|██████████| 489/489 [00:00<00:00, 3447.33it/s]

[HEARTBEAT] random_42_corner3/random_112_seed42@004000: child still running, elapsed=20s / timeout=240s
Reducing the number of VLM layers to 16 ...

[HEARTBEAT] random_42_corner3/random_112_seed42@004000: child still running, elapsed=30s / timeout=240s
Loading weights from local directory
Evaluating tasks:   0%|          | 0/1 [00:00<?, ?it/s]Evaluating (0/5 episodes):   0%|          | 0/1 [00:00<?, ?it/s]
[HEARTBEAT] random_42_corner3/random_112_seed42@004000: child still running, elapsed=41s / timeout=240s

[HEARTBEAT] random_42_corner3/random_112_seed42@004000: child still running, elapsed=51s / timeout=240s

[HEARTBEAT] random_42_corner3/random_112_seed42@004000: child still running, elapsed=61s / timeout=240s

[HEARTBEAT] random_42_corner3/random_112_seed42@004000: child still running, elapsed=71s / timeout=240s

[HEARTBEAT] random_42_corner3/random_112_seed42@004000: child still running, elapsed=81s / timeout=240s
Evaluating (5/5 episodes, success: 2/5, rate: 40.0%):   0%|          | 0/1 [00:45<?, ?it/s]Evaluating (5/5 episodes, success: 2/5, rate: 40.0%): 100%|██████████| 1/1 [00:45<00:00, 45.89s/it]Evaluating (5/5 episodes, success: 2/5, rate: 40.0%): 100%|██████████| 1/1 [00:45<00:00, 45.89s/it]
INFO 2026-09-20 13:46:43 ot_eval.py:1092 Saved per-episode eval results to /data/zhonglinye/jun/lerobot/personal/work2/attention_fig/quick_surrogate_eval/quick40_pickplace/shard_1_of_2/eval_outputs/random_42_corner3_random_112_seed42_004000/eval_results/pick-place-v3_0/eval_episode_results.json
Task 1/1: pick-place-v3 (episodes: 5, success: 2):   0%|          | 0/1 [00:45<?, ?it/s]Task 1/1: pick-place-v3 (episodes: 5, success: 2): 100%|██████████| 1/1 [00:45<00:00, 45.91s/it]Task 1/1: pick-place-v3 (episodes: 5, success: 2): 100%|██████████| 1/1 [00:46<00:00, 46.42s/it]
INFO 2026-09-20 13:46:44 ot_eval.py:1655 Saved per-episode eval results to /data/zhonglinye/jun/lerobot/personal/work2/attention_fig/quick_surrogate_eval/quick40_pickplace/shard_1_of_2/eval_outputs/random_42_corner3_random_112_seed42_004000/eval_results/eval_episode_results.json
INFO 2026-09-20 13:46:44 ot_eval.py:1240 Overall Aggregated Metrics:
INFO 2026-09-20 13:46:44 ot_eval.py:1241 {'avg_sum_reward': 1091.5098565634357, 'avg_max_reward': 5.304832461281903, 'pc_success': 40.0, 'pc_grasp_success': 100.0, 'success@5mm': None, 'coffee_success_5mm_count': None, 'n_episodes': 5, 'eval_s': 46.42500877380371, 'eval_ep_s': 9.28500189781189, 'video_paths': [], 'predicted_video_paths': []}
INFO 2026-09-20 13:46:44 ot_eval.py:1245 
Aggregated Metrics for per_task:
INFO 2026-09-20 13:46:44 ot_eval.py:1246 [{'task_group': 'pick-place-v3', 'task_id': 0, 'metrics': {'sum_rewards': [2623.746006525851, 57.84292235760491, 106.05439162363542, 61.88599070226857, 2608.019971607819], 'max_rewards': [6.420240879058838, 0.14909650288167897, 6.863399982452393, 6.472471237182617, 6.618953704833984], 'successes': [False, False, True, True, False], 'grasp_successes': [True, True, True, True, True], 'video_paths': [], 'predicted_video_paths': [], 'success_at_5mm': [None, None, None, None, None], 'obj_to_targets': [0.2618781626224518, 0.27208027243614197, 0.0, 0.0, 0.28933167457580566]}}]
INFO 2026-09-20 13:46:44 ot_eval.py:1245 
Aggregated Metrics for per_group:
INFO 2026-09-20 13:46:44 ot_eval.py:1246 {'pick-place-v3': {'avg_sum_reward': 1091.5098565634357, 'avg_max_reward': 5.304832461281903, 'pc_success': 40.0, 'pc_grasp_success': 100.0, 'success@5mm': None, 'coffee_success_5mm_count': None, 'n_episodes': 5, 'video_paths': [], 'predicted_video_paths': []}}
INFO 2026-09-20 13:46:44 ot_eval.py:1245 
Aggregated Metrics for overall:
INFO 2026-09-20 13:46:44 ot_eval.py:1246 {'avg_sum_reward': 1091.5098565634357, 'avg_max_reward': 5.304832461281903, 'pc_success': 40.0, 'pc_grasp_success': 100.0, 'success@5mm': None, 'coffee_success_5mm_count': None, 'n_episodes': 5, 'eval_s': 46.42500877380371, 'eval_ep_s': 9.28500189781189, 'video_paths': [], 'predicted_video_paths': []}
INFO 2026-09-20 13:46:44 ot_eval.py:1254 End of eval
[DONE] random_42_corner3/random_112_seed42@004000: quick_success=40.0% quick_grasp=100.0%
[PROGRESS] shard=1/2 processed=16/52 successful_quick_results=2 global_elapsed=2.9 min

================================================================================
[MODEL 17/52] random_42_corner3/random_112_seed42@006000 | historical=24.5% (200 episodes)
[PATH] /data/zhonglinye/jun/lerobot/personal/work2/duibi/random_42_corner3/random_112_seed42/checkpoints/006000/pretrained_model
[CMD] lerobot-eval --policy.path=/data/zhonglinye/jun/lerobot/personal/work2/duibi/random_42_corner3/random_112_seed42/checkpoints/006000/pretrained_model --env.type=metaworld --env.task=pick-place-v3 --env.camera_name=corner3,gripperPOV --env.use_self_mw=true --eval.batch_size=5 --eval.n_episodes=5 --policy.device=cuda --policy.use_amp=false --seed=1000 --output_dir=/data/zhonglinye/jun/lerobot/personal/work2/attention_fig/quick_surrogate_eval/quick40_pickplace/shard_1_of_2/eval_outputs/random_42_corner3_random_112_seed42_006000 --rename_map={"observation.images.top": "observation.images.camera1", "observation.images.wrist": "observation.images.camera2"}
================================================================================

[HEARTBEAT] random_42_corner3/random_112_seed42@006000: child still running, elapsed=10s / timeout=240s
[DEBUG] Loaded config from: /data/zhonglinye/jun/lerobot/personal/work2/duibi/random_42_corner3/random_112_seed42/checkpoints/006000/pretrained_model/config.json
[DEBUG] Config keys: ['type', 'n_obs_steps', 'input_features', 'output_features', 'device', 'use_amp', 'use_peft', 'push_to_hub', 'repo_id', 'private', 'tags', 'license', 'pretrained_path', 'pretrained_revision', 'chunk_size', 'n_action_steps', 'normalization_mapping', 'max_state_dim', 'max_action_dim', 'resize_imgs_with_padding', 'empty_cameras', 'adapt_to_pi_aloha', 'use_delta_joint_actions_aloha', 'tokenizer_max_length', 'num_steps', 'use_cache', 'freeze_vision_encoder', 'train_expert_only', 'train_state_proj', 'optimizer_lr', 'optimizer_betas', 'optimizer_eps', 'optimizer_weight_decay', 'optimizer_grad_clip_norm', 'scheduler_warmup_steps', 'scheduler_decay_steps', 'scheduler_decay_lr', 'vlm_model_name', 'load_vlm_weights', 'add_image_special_tokens', 'attention_mode', 'prefix_length', 'pad_language_to', 'num_expert_layers', 'num_vlm_layers', 'self_attn_every_n_layers', 'expert_width_multiplier', 'min_period', 'max_period', 'rtc_config', 'compile_model', 'compile_mode']
[DEBUG] policy_type parameter: None
[DEBUG] Extracted policy_type from config: smolvla
[DEBUG] Filtered config keys: ['n_obs_steps', 'input_features', 'output_features', 'device', 'use_amp', 'use_peft', 'push_to_hub', 'repo_id', 'private', 'tags', 'license', 'pretrained_path', 'pretrained_revision', 'chunk_size', 'n_action_steps', 'normalization_mapping', 'max_state_dim', 'max_action_dim', 'resize_imgs_with_padding', 'empty_cameras', 'adapt_to_pi_aloha', 'use_delta_joint_actions_aloha', 'tokenizer_max_length', 'num_steps', 'use_cache', 'freeze_vision_encoder', 'train_expert_only', 'train_state_proj', 'optimizer_lr', 'optimizer_betas', 'optimizer_eps', 'optimizer_weight_decay', 'optimizer_grad_clip_norm', 'scheduler_warmup_steps', 'scheduler_decay_steps', 'scheduler_decay_lr', 'vlm_model_name', 'load_vlm_weights', 'add_image_special_tokens', 'attention_mode', 'prefix_length', 'pad_language_to', 'num_expert_layers', 'num_vlm_layers', 'self_attn_every_n_layers', 'expert_width_multiplier', 'min_period', 'max_period', 'rtc_config', 'compile_model', 'compile_mode']
[DEBUG] Removed invalid keys: set()
WARNING 2026-09-20 13:46:57 figs/eval.py:69 No job name provided, using 'metaworld_smolvla' as job name.
INFO 2026-09-20 13:46:57 ot_eval.py:1146 {'env': {'camera_name': 'corner3,gripperPOV',
         'disable_env_checker': True,
         'episode_length': 400,
         'features': {'action': {'shape': (4,),
                                 'type': <FeatureType.ACTION: 'ACTION'>},
                      'observation.images.camera1': {'shape': (3, 480, 480),
                                                     'type': <FeatureType.VISUAL: 'VISUAL'>},
                      'observation.images.camera2': {'shape': (3, 480, 480),
                                                     'type': <FeatureType.VISUAL: 'VISUAL'>},
                      'observation.state': {'shape': (4,),
                                            'type': <FeatureType.STATE: 'STATE'>}},
         'features_map': {'action': 'action',
                          'agent_pos': 'observation.state',
                          'observation.images.camera1': 'observation.images.camera1',
                          'observation.images.camera2': 'observation.images.camera2',
                          'observation.state': 'observation.state',
                          'pixels/top': 'observation.images.top',
                          'top': 'observation.image'},
         'fps': 80,
         'max_parallel_tasks': 1,
         'multitask_eval': True,
         'obs_type': 'pixels_agent_pos',
         'render_mode': 'rgb_array',
         'task': 'pick-place-v3',
         'use_self_mw': True},
 'eval': {'batch_size': 5,
          'n_episodes': 5,
          'recording': False,
          'recording_private': False,
          'recording_repo_id': None,
          'save_dataset': False,
          'use_async_envs': True},
 'job_name': 'metaworld_smolvla',
 'output_dir': PosixPath('/data/zhonglinye/jun/lerobot/personal/work2/attention_fig/quick_surrogate_eval/quick40_pickplace/shard_1_of_2/eval_outputs/random_42_corner3_random_112_seed42_006000'),
 'policy': {'adapt_to_pi_aloha': False,
            'add_image_special_tokens': False,
            'attention_mode': 'cross_attn',
            'chunk_size': 50,
            'compile_mode': 'max-autotune',
            'compile_model': False,
            'device': 'cuda',
            'empty_cameras': 0,
            'expert_width_multiplier': 0.75,
            'freeze_vision_encoder': True,
            'input_features': {'observation.images.camera1': {'shape': (3,
                                                                        256,
                                                                        256),
                                                              'type': <FeatureType.VISUAL: 'VISUAL'>},
                               'observation.images.camera2': {'shape': (3,
                                                                        256,
                                                                        256),
                                                              'type': <FeatureType.VISUAL: 'VISUAL'>},
                               'observation.images.camera3': {'shape': (3,
                                                                        256,
                                                                        256),
                                                              'type': <FeatureType.VISUAL: 'VISUAL'>},
                               'observation.state': {'shape': (6,),
                                                     'type': <FeatureType.STATE: 'STATE'>}},
            'license': None,
            'load_vlm_weights': True,
            'max_action_dim': 32,
            'max_period': 4.0,
            'max_state_dim': 32,
            'min_period': 0.004,
            'n_action_steps': 50,
            'n_obs_steps': 1,
            'normalization_mapping': {'ACTION': <NormalizationMode.MEAN_STD: 'MEAN_STD'>,
                                      'STATE': <NormalizationMode.MEAN_STD: 'MEAN_STD'>,
                                      'VISUAL': <NormalizationMode.IDENTITY: 'IDENTITY'>},
            'num_expert_layers': 0,
            'num_steps': 10,
            'num_vlm_layers': 16,
            'optimizer_betas': (0.9, 0.95),
            'optimizer_eps': 1e-08,
            'optimizer_grad_clip_norm': 10.0,
            'optimizer_lr': 0.0001,
            'optimizer_weight_decay': 1e-10,
            'output_features': {'action': {'shape': (4,),
                                           'type': <FeatureType.ACTION: 'ACTION'>}},
            'pad_language_to': 'max_length',
            'prefix_length': 0,
            'pretrained_path': PosixPath('/data/zhonglinye/jun/lerobot/personal/work2/duibi/random_42_corner3/random_112_seed42/checkpoints/006000/pretrained_model'),
            'pretrained_revision': None,
            'private': None,
            'push_to_hub': False,
            'repo_id': None,
            'resize_imgs_with_padding': (512, 512),
            'rtc_config': None,
            'scheduler_decay_lr': 2.5e-06,
            'scheduler_decay_steps': 30000,
            'scheduler_warmup_steps': 1000,
            'self_attn_every_n_layers': 2,
            'tags': None,
            'tokenizer_max_length': 48,
            'train_expert_only': True,
            'train_state_proj': False,
            'use_amp': False,
            'use_cache': True,
            'use_delta_joint_actions_aloha': False,
            'use_peft': False,
            'vlm_model_name': 'HuggingFaceTB/SmolVLM2-500M-Video-Instruct'},
 'rename_map': {'observation.images.top': 'observation.images.camera1',
                'observation.images.wrist': 'observation.images.camera2'},
 'seed': 1000,
 'trust_remote_code': False}
INFO 2026-09-20 13:46:57 ot_eval.py:1157 Set CUDA_VISIBLE_DEVICES=0 for policy and environment subprocesses
INFO 2026-09-20 13:46:57 ot_eval.py:1166 Output dir: /data/zhonglinye/jun/lerobot/personal/work2/attention_fig/quick_surrogate_eval/quick40_pickplace/shard_1_of_2/eval_outputs/random_42_corner3_random_112_seed42_006000
INFO 2026-09-20 13:46:57 ot_eval.py:1168 Making environment (batch_size=5, async=True).
Creating Meta-World envs | task_groups=['pick-place-v3'] | n_envs(per task)=5
Building vec env | group=pick-place-v3 | task_id=0 | task=pick-place-v3
INFO 2026-09-20 13:46:57 ot_eval.py:1176 Making policy.
[DEBUG factory] policy_cls: <class 'lerobot.policies.smolvla.modeling_smolvla.SmolVLAPolicy'>
[DEBUG factory] policy_cls.__init__ signature: <function SmolVLAPolicy.__init__ at 0x70490dde7b00>
[DEBUG factory] kwargs keys: ['config', 'pretrained_name_or_path', 'revision']
Loading  HuggingFaceTB/SmolVLM2-500M-Video-Instruct weights ...
`torch_dtype` is deprecated! Use `dtype` instead!
Loading weights:   0%|          | 0/489 [00:00<?, ?it/s]Loading weights:  69%|██████▊   | 335/489 [00:00<00:00, 3348.86it/s]Loading weights: 100%|██████████| 489/489 [00:00<00:00, 3704.53it/s]

[HEARTBEAT] random_42_corner3/random_112_seed42@006000: child still running, elapsed=20s / timeout=240s
Reducing the number of VLM layers to 16 ...
Loading weights from local directory

[HEARTBEAT] random_42_corner3/random_112_seed42@006000: child still running, elapsed=30s / timeout=240s
Evaluating tasks:   0%|          | 0/1 [00:00<?, ?it/s]Evaluating (0/5 episodes):   0%|          | 0/1 [00:00<?, ?it/s]
[HEARTBEAT] random_42_corner3/random_112_seed42@006000: child still running, elapsed=40s / timeout=240s

[HEARTBEAT] random_42_corner3/random_112_seed42@006000: child still running, elapsed=50s / timeout=240s

[HEARTBEAT] random_42_corner3/random_112_seed42@006000: child still running, elapsed=60s / timeout=240s

[HEARTBEAT] random_42_corner3/random_112_seed42@006000: child still running, elapsed=70s / timeout=240s

[HEARTBEAT] random_42_corner3/random_112_seed42@006000: child still running, elapsed=80s / timeout=240s
Evaluating (5/5 episodes, success: 3/5, rate: 60.0%):   0%|          | 0/1 [00:44<?, ?it/s]Evaluating (5/5 episodes, success: 3/5, rate: 60.0%): 100%|██████████| 1/1 [00:44<00:00, 44.18s/it]Evaluating (5/5 episodes, success: 3/5, rate: 60.0%): 100%|██████████| 1/1 [00:44<00:00, 44.18s/it]
INFO 2026-09-20 13:48:08 ot_eval.py:1092 Saved per-episode eval results to /data/zhonglinye/jun/lerobot/personal/work2/attention_fig/quick_surrogate_eval/quick40_pickplace/shard_1_of_2/eval_outputs/random_42_corner3_random_112_seed42_006000/eval_results/pick-place-v3_0/eval_episode_results.json
Task 1/1: pick-place-v3 (episodes: 5, success: 3):   0%|          | 0/1 [00:44<?, ?it/s]Task 1/1: pick-place-v3 (episodes: 5, success: 3): 100%|██████████| 1/1 [00:44<00:00, 44.20s/it]Task 1/1: pick-place-v3 (episodes: 5, success: 3): 100%|██████████| 1/1 [00:44<00:00, 44.70s/it]
INFO 2026-09-20 13:48:09 ot_eval.py:1655 Saved per-episode eval results to /data/zhonglinye/jun/lerobot/personal/work2/attention_fig/quick_surrogate_eval/quick40_pickplace/shard_1_of_2/eval_outputs/random_42_corner3_random_112_seed42_006000/eval_results/eval_episode_results.json
INFO 2026-09-20 13:48:09 ot_eval.py:1240 Overall Aggregated Metrics:
INFO 2026-09-20 13:48:09 ot_eval.py:1241 {'avg_sum_reward': 1050.7085189932418, 'avg_max_reward': 5.726474733071605, 'pc_success': 60.0, 'pc_grasp_success': 100.0, 'success@5mm': None, 'coffee_success_5mm_count': None, 'n_episodes': 5, 'eval_s': 44.698060274124146, 'eval_ep_s': 8.939612245559692, 'video_paths': [], 'predicted_video_paths': []}
INFO 2026-09-20 13:48:09 ot_eval.py:1245 
Aggregated Metrics for per_task:
INFO 2026-09-20 13:48:09 ot_eval.py:1246 [{'task_group': 'pick-place-v3', 'task_id': 0, 'metrics': {'sum_rewards': [2692.838605473323, 1043.834386226927, 97.89467702228089, 49.08409277853511, 1369.890833465143], 'max_rewards': [6.4969000816345215, 2.6255457401275635, 6.795643329620361, 6.4969611167907715, 6.217323397184805], 'successes': [False, False, True, True, True], 'grasp_successes': [True, True, True, True, True], 'video_paths': [], 'predicted_video_paths': [], 'success_at_5mm': [None, None, None, None, None], 'obj_to_targets': [0.2618781626224518, 0.27208027243614197, 0.0, 0.0, 0.0]}}]
INFO 2026-09-20 13:48:09 ot_eval.py:1245 
Aggregated Metrics for per_group:
INFO 2026-09-20 13:48:09 ot_eval.py:1246 {'pick-place-v3': {'avg_sum_reward': 1050.7085189932418, 'avg_max_reward': 5.726474733071605, 'pc_success': 60.0, 'pc_grasp_success': 100.0, 'success@5mm': None, 'coffee_success_5mm_count': None, 'n_episodes': 5, 'video_paths': [], 'predicted_video_paths': []}}
INFO 2026-09-20 13:48:09 ot_eval.py:1245 
Aggregated Metrics for overall:
INFO 2026-09-20 13:48:09 ot_eval.py:1246 {'avg_sum_reward': 1050.7085189932418, 'avg_max_reward': 5.726474733071605, 'pc_success': 60.0, 'pc_grasp_success': 100.0, 'success@5mm': None, 'coffee_success_5mm_count': None, 'n_episodes': 5, 'eval_s': 44.698060274124146, 'eval_ep_s': 8.939612245559692, 'video_paths': [], 'predicted_video_paths': []}
INFO 2026-09-20 13:48:09 ot_eval.py:1254 End of eval
[DONE] random_42_corner3/random_112_seed42@006000: quick_success=60.0% quick_grasp=100.0%
[PROGRESS] shard=1/2 processed=17/52 successful_quick_results=3 global_elapsed=4.3 min

================================================================================
[MODEL 18/52] random_42_corner3/random_112_seed42@008000 | historical=24.5% (200 episodes)
[PATH] /data/zhonglinye/jun/lerobot/personal/work2/duibi/random_42_corner3/random_112_seed42/checkpoints/008000/pretrained_model
[CMD] lerobot-eval --policy.path=/data/zhonglinye/jun/lerobot/personal/work2/duibi/random_42_corner3/random_112_seed42/checkpoints/008000/pretrained_model --env.type=metaworld --env.task=pick-place-v3 --env.camera_name=corner3,gripperPOV --env.use_self_mw=true --eval.batch_size=5 --eval.n_episodes=5 --policy.device=cuda --policy.use_amp=false --seed=1000 --output_dir=/data/zhonglinye/jun/lerobot/personal/work2/attention_fig/quick_surrogate_eval/quick40_pickplace/shard_1_of_2/eval_outputs/random_42_corner3_random_112_seed42_008000 --rename_map={"observation.images.top": "observation.images.camera1", "observation.images.wrist": "observation.images.camera2"}
================================================================================

[HEARTBEAT] random_42_corner3/random_112_seed42@008000: child still running, elapsed=10s / timeout=240s
[DEBUG] Loaded config from: /data/zhonglinye/jun/lerobot/personal/work2/duibi/random_42_corner3/random_112_seed42/checkpoints/008000/pretrained_model/config.json
[DEBUG] Config keys: ['type', 'n_obs_steps', 'input_features', 'output_features', 'device', 'use_amp', 'use_peft', 'push_to_hub', 'repo_id', 'private', 'tags', 'license', 'pretrained_path', 'pretrained_revision', 'chunk_size', 'n_action_steps', 'normalization_mapping', 'max_state_dim', 'max_action_dim', 'resize_imgs_with_padding', 'empty_cameras', 'adapt_to_pi_aloha', 'use_delta_joint_actions_aloha', 'tokenizer_max_length', 'num_steps', 'use_cache', 'freeze_vision_encoder', 'train_expert_only', 'train_state_proj', 'optimizer_lr', 'optimizer_betas', 'optimizer_eps', 'optimizer_weight_decay', 'optimizer_grad_clip_norm', 'scheduler_warmup_steps', 'scheduler_decay_steps', 'scheduler_decay_lr', 'vlm_model_name', 'load_vlm_weights', 'add_image_special_tokens', 'attention_mode', 'prefix_length', 'pad_language_to', 'num_expert_layers', 'num_vlm_layers', 'self_attn_every_n_layers', 'expert_width_multiplier', 'min_period', 'max_period', 'rtc_config', 'compile_model', 'compile_mode']
[DEBUG] policy_type parameter: None
[DEBUG] Extracted policy_type from config: smolvla
[DEBUG] Filtered config keys: ['n_obs_steps', 'input_features', 'output_features', 'device', 'use_amp', 'use_peft', 'push_to_hub', 'repo_id', 'private', 'tags', 'license', 'pretrained_path', 'pretrained_revision', 'chunk_size', 'n_action_steps', 'normalization_mapping', 'max_state_dim', 'max_action_dim', 'resize_imgs_with_padding', 'empty_cameras', 'adapt_to_pi_aloha', 'use_delta_joint_actions_aloha', 'tokenizer_max_length', 'num_steps', 'use_cache', 'freeze_vision_encoder', 'train_expert_only', 'train_state_proj', 'optimizer_lr', 'optimizer_betas', 'optimizer_eps', 'optimizer_weight_decay', 'optimizer_grad_clip_norm', 'scheduler_warmup_steps', 'scheduler_decay_steps', 'scheduler_decay_lr', 'vlm_model_name', 'load_vlm_weights', 'add_image_special_tokens', 'attention_mode', 'prefix_length', 'pad_language_to', 'num_expert_layers', 'num_vlm_layers', 'self_attn_every_n_layers', 'expert_width_multiplier', 'min_period', 'max_period', 'rtc_config', 'compile_model', 'compile_mode']
[DEBUG] Removed invalid keys: set()
WARNING 2026-09-20 13:48:22 figs/eval.py:69 No job name provided, using 'metaworld_smolvla' as job name.
INFO 2026-09-20 13:48:22 ot_eval.py:1146 {'env': {'camera_name': 'corner3,gripperPOV',
         'disable_env_checker': True,
         'episode_length': 400,
         'features': {'action': {'shape': (4,),
                                 'type': <FeatureType.ACTION: 'ACTION'>},
                      'observation.images.camera1': {'shape': (3, 480, 480),
                                                     'type': <FeatureType.VISUAL: 'VISUAL'>},
                      'observation.images.camera2': {'shape': (3, 480, 480),
                                                     'type': <FeatureType.VISUAL: 'VISUAL'>},
                      'observation.state': {'shape': (4,),
                                            'type': <FeatureType.STATE: 'STATE'>}},
         'features_map': {'action': 'action',
                          'agent_pos': 'observation.state',
                          'observation.images.camera1': 'observation.images.camera1',
                          'observation.images.camera2': 'observation.images.camera2',
                          'observation.state': 'observation.state',
                          'pixels/top': 'observation.images.top',
                          'top': 'observation.image'},
         'fps': 80,
         'max_parallel_tasks': 1,
         'multitask_eval': True,
         'obs_type': 'pixels_agent_pos',
         'render_mode': 'rgb_array',
         'task': 'pick-place-v3',
         'use_self_mw': True},
 'eval': {'batch_size': 5,
          'n_episodes': 5,
          'recording': False,
          'recording_private': False,
          'recording_repo_id': None,
          'save_dataset': False,
          'use_async_envs': True},
 'job_name': 'metaworld_smolvla',
 'output_dir': PosixPath('/data/zhonglinye/jun/lerobot/personal/work2/attention_fig/quick_surrogate_eval/quick40_pickplace/shard_1_of_2/eval_outputs/random_42_corner3_random_112_seed42_008000'),
 'policy': {'adapt_to_pi_aloha': False,
            'add_image_special_tokens': False,
            'attention_mode': 'cross_attn',
            'chunk_size': 50,
            'compile_mode': 'max-autotune',
            'compile_model': False,
            'device': 'cuda',
            'empty_cameras': 0,
            'expert_width_multiplier': 0.75,
            'freeze_vision_encoder': True,
            'input_features': {'observation.images.camera1': {'shape': (3,
                                                                        256,
                                                                        256),
                                                              'type': <FeatureType.VISUAL: 'VISUAL'>},
                               'observation.images.camera2': {'shape': (3,
                                                                        256,
                                                                        256),
                                                              'type': <FeatureType.VISUAL: 'VISUAL'>},
                               'observation.images.camera3': {'shape': (3,
                                                                        256,
                                                                        256),
                                                              'type': <FeatureType.VISUAL: 'VISUAL'>},
                               'observation.state': {'shape': (6,),
                                                     'type': <FeatureType.STATE: 'STATE'>}},
            'license': None,
            'load_vlm_weights': True,
            'max_action_dim': 32,
            'max_period': 4.0,
            'max_state_dim': 32,
            'min_period': 0.004,
            'n_action_steps': 50,
            'n_obs_steps': 1,
            'normalization_mapping': {'ACTION': <NormalizationMode.MEAN_STD: 'MEAN_STD'>,
                                      'STATE': <NormalizationMode.MEAN_STD: 'MEAN_STD'>,
                                      'VISUAL': <NormalizationMode.IDENTITY: 'IDENTITY'>},
            'num_expert_layers': 0,
            'num_steps': 10,
            'num_vlm_layers': 16,
            'optimizer_betas': (0.9, 0.95),
            'optimizer_eps': 1e-08,
            'optimizer_grad_clip_norm': 10.0,
            'optimizer_lr': 0.0001,
            'optimizer_weight_decay': 1e-10,
            'output_features': {'action': {'shape': (4,),
                                           'type': <FeatureType.ACTION: 'ACTION'>}},
            'pad_language_to': 'max_length',
            'prefix_length': 0,
            'pretrained_path': PosixPath('/data/zhonglinye/jun/lerobot/personal/work2/duibi/random_42_corner3/random_112_seed42/checkpoints/008000/pretrained_model'),
            'pretrained_revision': None,
            'private': None,
            'push_to_hub': False,
            'repo_id': None,
            'resize_imgs_with_padding': (512, 512),
            'rtc_config': None,
            'scheduler_decay_lr': 2.5e-06,
            'scheduler_decay_steps': 30000,
            'scheduler_warmup_steps': 1000,
            'self_attn_every_n_layers': 2,
            'tags': None,
            'tokenizer_max_length': 48,
            'train_expert_only': True,
            'train_state_proj': False,
            'use_amp': False,
            'use_cache': True,
            'use_delta_joint_actions_aloha': False,
            'use_peft': False,
            'vlm_model_name': 'HuggingFaceTB/SmolVLM2-500M-Video-Instruct'},
 'rename_map': {'observation.images.top': 'observation.images.camera1',
                'observation.images.wrist': 'observation.images.camera2'},
 'seed': 1000,
 'trust_remote_code': False}
INFO 2026-09-20 13:48:22 ot_eval.py:1157 Set CUDA_VISIBLE_DEVICES=0 for policy and environment subprocesses
INFO 2026-09-20 13:48:22 ot_eval.py:1166 Output dir: /data/zhonglinye/jun/lerobot/personal/work2/attention_fig/quick_surrogate_eval/quick40_pickplace/shard_1_of_2/eval_outputs/random_42_corner3_random_112_seed42_008000
INFO 2026-09-20 13:48:22 ot_eval.py:1168 Making environment (batch_size=5, async=True).
Creating Meta-World envs | task_groups=['pick-place-v3'] | n_envs(per task)=5
Building vec env | group=pick-place-v3 | task_id=0 | task=pick-place-v3
INFO 2026-09-20 13:48:22 ot_eval.py:1176 Making policy.
[DEBUG factory] policy_cls: <class 'lerobot.policies.smolvla.modeling_smolvla.SmolVLAPolicy'>
[DEBUG factory] policy_cls.__init__ signature: <function SmolVLAPolicy.__init__ at 0x709a45bcf880>
[DEBUG factory] kwargs keys: ['config', 'pretrained_name_or_path', 'revision']
Loading  HuggingFaceTB/SmolVLM2-500M-Video-Instruct weights ...
`torch_dtype` is deprecated! Use `dtype` instead!
Loading weights:   0%|          | 0/489 [00:00<?, ?it/s]Loading weights:  61%|██████    | 298/489 [00:00<00:00, 2973.04it/s]Loading weights: 100%|██████████| 489/489 [00:00<00:00, 3244.44it/s]

[HEARTBEAT] random_42_corner3/random_112_seed42@008000: child still running, elapsed=20s / timeout=240s
Reducing the number of VLM layers to 16 ...

[HEARTBEAT] random_42_corner3/random_112_seed42@008000: child still running, elapsed=30s / timeout=240s
Loading weights from local directory
Evaluating tasks:   0%|          | 0/1 [00:00<?, ?it/s]Evaluating (0/5 episodes):   0%|          | 0/1 [00:00<?, ?it/s]
[HEARTBEAT] random_42_corner3/random_112_seed42@008000: child still running, elapsed=40s / timeout=240s

[HEARTBEAT] random_42_corner3/random_112_seed42@008000: child still running, elapsed=50s / timeout=240s

[HEARTBEAT] random_42_corner3/random_112_seed42@008000: child still running, elapsed=60s / timeout=240s

[HEARTBEAT] random_42_corner3/random_112_seed42@008000: child still running, elapsed=70s / timeout=240s

[HEARTBEAT] random_42_corner3/random_112_seed42@008000: child still running, elapsed=80s / timeout=240s
Evaluating (5/5 episodes, success: 3/5, rate: 60.0%):   0%|          | 0/1 [00:45<?, ?it/s]Evaluating (5/5 episodes, success: 3/5, rate: 60.0%): 100%|██████████| 1/1 [00:45<00:00, 45.85s/it]Evaluating (5/5 episodes, success: 3/5, rate: 60.0%): 100%|██████████| 1/1 [00:45<00:00, 45.85s/it]
INFO 2026-09-20 13:49:36 ot_eval.py:1092 Saved per-episode eval results to /data/zhonglinye/jun/lerobot/personal/work2/attention_fig/quick_surrogate_eval/quick40_pickplace/shard_1_of_2/eval_outputs/random_42_corner3_random_112_seed42_008000/eval_results/pick-place-v3_0/eval_episode_results.json
Task 1/1: pick-place-v3 (episodes: 5, success: 3):   0%|          | 0/1 [00:45<?, ?it/s]Task 1/1: pick-place-v3 (episodes: 5, success: 3): 100%|██████████| 1/1 [00:45<00:00, 45.87s/it]Task 1/1: pick-place-v3 (episodes: 5, success: 3): 100%|██████████| 1/1 [00:46<00:00, 46.35s/it]
INFO 2026-09-20 13:49:37 ot_eval.py:1655 Saved per-episode eval results to /data/zhonglinye/jun/lerobot/personal/work2/attention_fig/quick_surrogate_eval/quick40_pickplace/shard_1_of_2/eval_outputs/random_42_corner3_random_112_seed42_008000/eval_results/eval_episode_results.json
INFO 2026-09-20 13:49:37 ot_eval.py:1240 Overall Aggregated Metrics:
INFO 2026-09-20 13:49:37 ot_eval.py:1241 {'avg_sum_reward': 449.3877879878859, 'avg_max_reward': 5.390475797653198, 'pc_success': 60.0, 'pc_grasp_success': 100.0, 'success@5mm': None, 'coffee_success_5mm_count': None, 'n_episodes': 5, 'eval_s': 46.355796813964844, 'eval_ep_s': 9.271159505844116, 'video_paths': [], 'predicted_video_paths': []}
INFO 2026-09-20 13:49:37 ot_eval.py:1245 
Aggregated Metrics for per_task:
INFO 2026-09-20 13:49:37 ot_eval.py:1246 [{'task_group': 'pick-place-v3', 'task_id': 0, 'metrics': {'sum_rewards': [145.9620686191967, 992.0793260580649, 103.25215314910449, 49.36084684033983, 956.2845452727233], 'max_rewards': [6.482595443725586, 2.58628249168396, 6.868606090545654, 6.519810676574707, 4.495084285736084], 'successes': [True, False, True, True, False], 'grasp_successes': [True, True, True, True, True], 'video_paths': [], 'predicted_video_paths': [], 'success_at_5mm': [None, None, None, None, None], 'obj_to_targets': [0.0, 0.27208027243614197, 0.0, 0.0, 0.28933167457580566]}}]
INFO 2026-09-20 13:49:37 ot_eval.py:1245 
Aggregated Metrics for per_group:
INFO 2026-09-20 13:49:37 ot_eval.py:1246 {'pick-place-v3': {'avg_sum_reward': 449.3877879878859, 'avg_max_reward': 5.390475797653198, 'pc_success': 60.0, 'pc_grasp_success': 100.0, 'success@5mm': None, 'coffee_success_5mm_count': None, 'n_episodes': 5, 'video_paths': [], 'predicted_video_paths': []}}
INFO 2026-09-20 13:49:37 ot_eval.py:1245 
Aggregated Metrics for overall:
INFO 2026-09-20 13:49:37 ot_eval.py:1246 {'avg_sum_reward': 449.3877879878859, 'avg_max_reward': 5.390475797653198, 'pc_success': 60.0, 'pc_grasp_success': 100.0, 'success@5mm': None, 'coffee_success_5mm_count': None, 'n_episodes': 5, 'eval_s': 46.355796813964844, 'eval_ep_s': 9.271159505844116, 'video_paths': [], 'predicted_video_paths': []}
INFO 2026-09-20 13:49:37 ot_eval.py:1254 End of eval
[DONE] random_42_corner3/random_112_seed42@008000: quick_success=60.0% quick_grasp=100.0%
[PROGRESS] shard=1/2 processed=18/52 successful_quick_results=4 global_elapsed=5.8 min

================================================================================
[MODEL 19/52] random_42_corner3/random_112_seed42@010000 | historical=24.0% (200 episodes)
[PATH] /data/zhonglinye/jun/lerobot/personal/work2/duibi/random_42_corner3/random_112_seed42/checkpoints/010000/pretrained_model
[CMD] lerobot-eval --policy.path=/data/zhonglinye/jun/lerobot/personal/work2/duibi/random_42_corner3/random_112_seed42/checkpoints/010000/pretrained_model --env.type=metaworld --env.task=pick-place-v3 --env.camera_name=corner3,gripperPOV --env.use_self_mw=true --eval.batch_size=5 --eval.n_episodes=5 --policy.device=cuda --policy.use_amp=false --seed=1000 --output_dir=/data/zhonglinye/jun/lerobot/personal/work2/attention_fig/quick_surrogate_eval/quick40_pickplace/shard_1_of_2/eval_outputs/random_42_corner3_random_112_seed42_010000 --rename_map={"observation.images.top": "observation.images.camera1", "observation.images.wrist": "observation.images.camera2"}
================================================================================

[HEARTBEAT] random_42_corner3/random_112_seed42@010000: child still running, elapsed=10s / timeout=240s
[DEBUG] Loaded config from: /data/zhonglinye/jun/lerobot/personal/work2/duibi/random_42_corner3/random_112_seed42/checkpoints/010000/pretrained_model/config.json
[DEBUG] Config keys: ['type', 'n_obs_steps', 'input_features', 'output_features', 'device', 'use_amp', 'use_peft', 'push_to_hub', 'repo_id', 'private', 'tags', 'license', 'pretrained_path', 'pretrained_revision', 'chunk_size', 'n_action_steps', 'normalization_mapping', 'max_state_dim', 'max_action_dim', 'resize_imgs_with_padding', 'empty_cameras', 'adapt_to_pi_aloha', 'use_delta_joint_actions_aloha', 'tokenizer_max_length', 'num_steps', 'use_cache', 'freeze_vision_encoder', 'train_expert_only', 'train_state_proj', 'optimizer_lr', 'optimizer_betas', 'optimizer_eps', 'optimizer_weight_decay', 'optimizer_grad_clip_norm', 'scheduler_warmup_steps', 'scheduler_decay_steps', 'scheduler_decay_lr', 'vlm_model_name', 'load_vlm_weights', 'add_image_special_tokens', 'attention_mode', 'prefix_length', 'pad_language_to', 'num_expert_layers', 'num_vlm_layers', 'self_attn_every_n_layers', 'expert_width_multiplier', 'min_period', 'max_period', 'rtc_config', 'compile_model', 'compile_mode']
[DEBUG] policy_type parameter: None
[DEBUG] Extracted policy_type from config: smolvla
[DEBUG] Filtered config keys: ['n_obs_steps', 'input_features', 'output_features', 'device', 'use_amp', 'use_peft', 'push_to_hub', 'repo_id', 'private', 'tags', 'license', 'pretrained_path', 'pretrained_revision', 'chunk_size', 'n_action_steps', 'normalization_mapping', 'max_state_dim', 'max_action_dim', 'resize_imgs_with_padding', 'empty_cameras', 'adapt_to_pi_aloha', 'use_delta_joint_actions_aloha', 'tokenizer_max_length', 'num_steps', 'use_cache', 'freeze_vision_encoder', 'train_expert_only', 'train_state_proj', 'optimizer_lr', 'optimizer_betas', 'optimizer_eps', 'optimizer_weight_decay', 'optimizer_grad_clip_norm', 'scheduler_warmup_steps', 'scheduler_decay_steps', 'scheduler_decay_lr', 'vlm_model_name', 'load_vlm_weights', 'add_image_special_tokens', 'attention_mode', 'prefix_length', 'pad_language_to', 'num_expert_layers', 'num_vlm_layers', 'self_attn_every_n_layers', 'expert_width_multiplier', 'min_period', 'max_period', 'rtc_config', 'compile_model', 'compile_mode']
[DEBUG] Removed invalid keys: set()
WARNING 2026-09-20 13:49:50 figs/eval.py:69 No job name provided, using 'metaworld_smolvla' as job name.
INFO 2026-09-20 13:49:50 ot_eval.py:1146 {'env': {'camera_name': 'corner3,gripperPOV',
         'disable_env_checker': True,
         'episode_length': 400,
         'features': {'action': {'shape': (4,),
                                 'type': <FeatureType.ACTION: 'ACTION'>},
                      'observation.images.camera1': {'shape': (3, 480, 480),
                                                     'type': <FeatureType.VISUAL: 'VISUAL'>},
                      'observation.images.camera2': {'shape': (3, 480, 480),
                                                     'type': <FeatureType.VISUAL: 'VISUAL'>},
                      'observation.state': {'shape': (4,),
                                            'type': <FeatureType.STATE: 'STATE'>}},
         'features_map': {'action': 'action',
                          'agent_pos': 'observation.state',
                          'observation.images.camera1': 'observation.images.camera1',
                          'observation.images.camera2': 'observation.images.camera2',
                          'observation.state': 'observation.state',
                          'pixels/top': 'observation.images.top',
                          'top': 'observation.image'},
         'fps': 80,
         'max_parallel_tasks': 1,
         'multitask_eval': True,
         'obs_type': 'pixels_agent_pos',
         'render_mode': 'rgb_array',
         'task': 'pick-place-v3',
         'use_self_mw': True},
 'eval': {'batch_size': 5,
          'n_episodes': 5,
          'recording': False,
          'recording_private': False,
          'recording_repo_id': None,
          'save_dataset': False,
          'use_async_envs': True},
 'job_name': 'metaworld_smolvla',
 'output_dir': PosixPath('/data/zhonglinye/jun/lerobot/personal/work2/attention_fig/quick_surrogate_eval/quick40_pickplace/shard_1_of_2/eval_outputs/random_42_corner3_random_112_seed42_010000'),
 'policy': {'adapt_to_pi_aloha': False,
            'add_image_special_tokens': False,
            'attention_mode': 'cross_attn',
            'chunk_size': 50,
            'compile_mode': 'max-autotune',
            'compile_model': False,
            'device': 'cuda',
            'empty_cameras': 0,
            'expert_width_multiplier': 0.75,
            'freeze_vision_encoder': True,
            'input_features': {'observation.images.camera1': {'shape': (3,
                                                                        256,
                                                                        256),
                                                              'type': <FeatureType.VISUAL: 'VISUAL'>},
                               'observation.images.camera2': {'shape': (3,
                                                                        256,
                                                                        256),
                                                              'type': <FeatureType.VISUAL: 'VISUAL'>},
                               'observation.images.camera3': {'shape': (3,
                                                                        256,
                                                                        256),
                                                              'type': <FeatureType.VISUAL: 'VISUAL'>},
                               'observation.state': {'shape': (6,),
                                                     'type': <FeatureType.STATE: 'STATE'>}},
            'license': None,
            'load_vlm_weights': True,
            'max_action_dim': 32,
            'max_period': 4.0,
            'max_state_dim': 32,
            'min_period': 0.004,
            'n_action_steps': 50,
            'n_obs_steps': 1,
            'normalization_mapping': {'ACTION': <NormalizationMode.MEAN_STD: 'MEAN_STD'>,
                                      'STATE': <NormalizationMode.MEAN_STD: 'MEAN_STD'>,
                                      'VISUAL': <NormalizationMode.IDENTITY: 'IDENTITY'>},
            'num_expert_layers': 0,
            'num_steps': 10,
            'num_vlm_layers': 16,
            'optimizer_betas': (0.9, 0.95),
            'optimizer_eps': 1e-08,
            'optimizer_grad_clip_norm': 10.0,
            'optimizer_lr': 0.0001,
            'optimizer_weight_decay': 1e-10,
            'output_features': {'action': {'shape': (4,),
                                           'type': <FeatureType.ACTION: 'ACTION'>}},
            'pad_language_to': 'max_length',
            'prefix_length': 0,
            'pretrained_path': PosixPath('/data/zhonglinye/jun/lerobot/personal/work2/duibi/random_42_corner3/random_112_seed42/checkpoints/010000/pretrained_model'),
            'pretrained_revision': None,
            'private': None,
            'push_to_hub': False,
            'repo_id': None,
            'resize_imgs_with_padding': (512, 512),
            'rtc_config': None,
            'scheduler_decay_lr': 2.5e-06,
            'scheduler_decay_steps': 30000,
            'scheduler_warmup_steps': 1000,
            'self_attn_every_n_layers': 2,
            'tags': None,
            'tokenizer_max_length': 48,
            'train_expert_only': True,
            'train_state_proj': False,
            'use_amp': False,
            'use_cache': True,
            'use_delta_joint_actions_aloha': False,
            'use_peft': False,
            'vlm_model_name': 'HuggingFaceTB/SmolVLM2-500M-Video-Instruct'},
 'rename_map': {'observation.images.top': 'observation.images.camera1',
                'observation.images.wrist': 'observation.images.camera2'},
 'seed': 1000,
 'trust_remote_code': False}
INFO 2026-09-20 13:49:50 ot_eval.py:1157 Set CUDA_VISIBLE_DEVICES=0 for policy and environment subprocesses
INFO 2026-09-20 13:49:50 ot_eval.py:1166 Output dir: /data/zhonglinye/jun/lerobot/personal/work2/attention_fig/quick_surrogate_eval/quick40_pickplace/shard_1_of_2/eval_outputs/random_42_corner3_random_112_seed42_010000
INFO 2026-09-20 13:49:50 ot_eval.py:1168 Making environment (batch_size=5, async=True).
Creating Meta-World envs | task_groups=['pick-place-v3'] | n_envs(per task)=5
Building vec env | group=pick-place-v3 | task_id=0 | task=pick-place-v3
INFO 2026-09-20 13:49:50 ot_eval.py:1176 Making policy.
[DEBUG factory] policy_cls: <class 'lerobot.policies.smolvla.modeling_smolvla.SmolVLAPolicy'>
[DEBUG factory] policy_cls.__init__ signature: <function SmolVLAPolicy.__init__ at 0x7dbcf53e7b00>
[DEBUG factory] kwargs keys: ['config', 'pretrained_name_or_path', 'revision']
Loading  HuggingFaceTB/SmolVLM2-500M-Video-Instruct weights ...
`torch_dtype` is deprecated! Use `dtype` instead!
Loading weights:   0%|          | 0/489 [00:00<?, ?it/s]Loading weights:  62%|██████▏   | 301/489 [00:00<00:00, 2982.41it/s]Loading weights: 100%|██████████| 489/489 [00:00<00:00, 3442.26it/s]

[HEARTBEAT] random_42_corner3/random_112_seed42@010000: child still running, elapsed=20s / timeout=240s
Reducing the number of VLM layers to 16 ...

[HEARTBEAT] random_42_corner3/random_112_seed42@010000: child still running, elapsed=30s / timeout=240s
Loading weights from local directory
Evaluating tasks:   0%|          | 0/1 [00:00<?, ?it/s]Evaluating (0/5 episodes):   0%|          | 0/1 [00:00<?, ?it/s]
[HEARTBEAT] random_42_corner3/random_112_seed42@010000: child still running, elapsed=40s / timeout=240s

[HEARTBEAT] random_42_corner3/random_112_seed42@010000: child still running, elapsed=50s / timeout=240s

[HEARTBEAT] random_42_corner3/random_112_seed42@010000: child still running, elapsed=60s / timeout=240s

[HEARTBEAT] random_42_corner3/random_112_seed42@010000: child still running, elapsed=70s / timeout=240s

[HEARTBEAT] random_42_corner3/random_112_seed42@010000: child still running, elapsed=80s / timeout=240s
Evaluating (5/5 episodes, success: 3/5, rate: 60.0%):   0%|          | 0/1 [00:43<?, ?it/s]Evaluating (5/5 episodes, success: 3/5, rate: 60.0%): 100%|██████████| 1/1 [00:43<00:00, 44.00s/it]Evaluating (5/5 episodes, success: 3/5, rate: 60.0%): 100%|██████████| 1/1 [00:43<00:00, 44.00s/it]
INFO 2026-09-20 13:51:03 ot_eval.py:1092 Saved per-episode eval results to /data/zhonglinye/jun/lerobot/personal/work2/attention_fig/quick_surrogate_eval/quick40_pickplace/shard_1_of_2/eval_outputs/random_42_corner3_random_112_seed42_010000/eval_results/pick-place-v3_0/eval_episode_results.json
Task 1/1: pick-place-v3 (episodes: 5, success: 3):   0%|          | 0/1 [00:44<?, ?it/s]Task 1/1: pick-place-v3 (episodes: 5, success: 3): 100%|██████████| 1/1 [00:44<00:00, 44.02s/it]Task 1/1: pick-place-v3 (episodes: 5, success: 3): 100%|██████████| 1/1 [00:44<00:00, 44.52s/it]
INFO 2026-09-20 13:51:03 ot_eval.py:1655 Saved per-episode eval results to /data/zhonglinye/jun/lerobot/personal/work2/attention_fig/quick_surrogate_eval/quick40_pickplace/shard_1_of_2/eval_outputs/random_42_corner3_random_112_seed42_010000/eval_results/eval_episode_results.json
INFO 2026-09-20 13:51:03 ot_eval.py:1240 Overall Aggregated Metrics:
INFO 2026-09-20 13:51:03 ot_eval.py:1241 {'avg_sum_reward': 1181.1596254923975, 'avg_max_reward': 5.825862407684326, 'pc_success': 60.0, 'pc_grasp_success': 100.0, 'success@5mm': None, 'coffee_success_5mm_count': None, 'n_episodes': 5, 'eval_s': 44.52495789527893, 'eval_ep_s': 8.904991912841798, 'video_paths': [], 'predicted_video_paths': []}
INFO 2026-09-20 13:51:03 ot_eval.py:1245 
Aggregated Metrics for per_task:
INFO 2026-09-20 13:51:03 ot_eval.py:1246 [{'task_group': 'pick-place-v3', 'task_id': 0, 'metrics': {'sum_rewards': [2714.2511124933208, 1040.7293191343592, 103.39866446511573, 56.78123890850241, 1990.6377924606895], 'max_rewards': [6.648277759552002, 2.599771499633789, 6.803124904632568, 6.467440128326416, 6.6106977462768555], 'successes': [False, False, True, True, True], 'grasp_successes': [True, True, True, True, True], 'video_paths': [], 'predicted_video_paths': [], 'success_at_5mm': [None, None, None, None, None], 'obj_to_targets': [0.2618781626224518, 0.27208027243614197, 0.0, 0.0, 0.0]}}]
INFO 2026-09-20 13:51:03 ot_eval.py:1245 
Aggregated Metrics for per_group:
INFO 2026-09-20 13:51:03 ot_eval.py:1246 {'pick-place-v3': {'avg_sum_reward': 1181.1596254923975, 'avg_max_reward': 5.825862407684326, 'pc_success': 60.0, 'pc_grasp_success': 100.0, 'success@5mm': None, 'coffee_success_5mm_count': None, 'n_episodes': 5, 'video_paths': [], 'predicted_video_paths': []}}
INFO 2026-09-20 13:51:03 ot_eval.py:1245 
Aggregated Metrics for overall:
INFO 2026-09-20 13:51:03 ot_eval.py:1246 {'avg_sum_reward': 1181.1596254923975, 'avg_max_reward': 5.825862407684326, 'pc_success': 60.0, 'pc_grasp_success': 100.0, 'success@5mm': None, 'coffee_success_5mm_count': None, 'n_episodes': 5, 'eval_s': 44.52495789527893, 'eval_ep_s': 8.904991912841798, 'video_paths': [], 'predicted_video_paths': []}
INFO 2026-09-20 13:51:03 ot_eval.py:1254 End of eval
[DONE] random_42_corner3/random_112_seed42@010000: quick_success=60.0% quick_grasp=100.0%
[PROGRESS] shard=1/2 processed=19/52 successful_quick_results=5 global_elapsed=7.2 min

================================================================================
[MODEL 20/52] random_42_corner3/random_112_seed42@012000 | historical=24.5% (200 episodes)
[PATH] /data/zhonglinye/jun/lerobot/personal/work2/duibi/random_42_corner3/random_112_seed42/checkpoints/012000/pretrained_model
[CMD] lerobot-eval --policy.path=/data/zhonglinye/jun/lerobot/personal/work2/duibi/random_42_corner3/random_112_seed42/checkpoints/012000/pretrained_model --env.type=metaworld --env.task=pick-place-v3 --env.camera_name=corner3,gripperPOV --env.use_self_mw=true --eval.batch_size=5 --eval.n_episodes=5 --policy.device=cuda --policy.use_amp=false --seed=1000 --output_dir=/data/zhonglinye/jun/lerobot/personal/work2/attention_fig/quick_surrogate_eval/quick40_pickplace/shard_1_of_2/eval_outputs/random_42_corner3_random_112_seed42_012000 --rename_map={"observation.images.top": "observation.images.camera1", "observation.images.wrist": "observation.images.camera2"}
================================================================================

[HEARTBEAT] random_42_corner3/random_112_seed42@012000: child still running, elapsed=10s / timeout=240s
[DEBUG] Loaded config from: /data/zhonglinye/jun/lerobot/personal/work2/duibi/random_42_corner3/random_112_seed42/checkpoints/012000/pretrained_model/config.json
[DEBUG] Config keys: ['type', 'n_obs_steps', 'input_features', 'output_features', 'device', 'use_amp', 'use_peft', 'push_to_hub', 'repo_id', 'private', 'tags', 'license', 'pretrained_path', 'pretrained_revision', 'chunk_size', 'n_action_steps', 'normalization_mapping', 'max_state_dim', 'max_action_dim', 'resize_imgs_with_padding', 'empty_cameras', 'adapt_to_pi_aloha', 'use_delta_joint_actions_aloha', 'tokenizer_max_length', 'num_steps', 'use_cache', 'freeze_vision_encoder', 'train_expert_only', 'train_state_proj', 'optimizer_lr', 'optimizer_betas', 'optimizer_eps', 'optimizer_weight_decay', 'optimizer_grad_clip_norm', 'scheduler_warmup_steps', 'scheduler_decay_steps', 'scheduler_decay_lr', 'vlm_model_name', 'load_vlm_weights', 'add_image_special_tokens', 'attention_mode', 'prefix_length', 'pad_language_to', 'num_expert_layers', 'num_vlm_layers', 'self_attn_every_n_layers', 'expert_width_multiplier', 'min_period', 'max_period', 'rtc_config', 'compile_model', 'compile_mode']
[DEBUG] policy_type parameter: None
[DEBUG] Extracted policy_type from config: smolvla
[DEBUG] Filtered config keys: ['n_obs_steps', 'input_features', 'output_features', 'device', 'use_amp', 'use_peft', 'push_to_hub', 'repo_id', 'private', 'tags', 'license', 'pretrained_path', 'pretrained_revision', 'chunk_size', 'n_action_steps', 'normalization_mapping', 'max_state_dim', 'max_action_dim', 'resize_imgs_with_padding', 'empty_cameras', 'adapt_to_pi_aloha', 'use_delta_joint_actions_aloha', 'tokenizer_max_length', 'num_steps', 'use_cache', 'freeze_vision_encoder', 'train_expert_only', 'train_state_proj', 'optimizer_lr', 'optimizer_betas', 'optimizer_eps', 'optimizer_weight_decay', 'optimizer_grad_clip_norm', 'scheduler_warmup_steps', 'scheduler_decay_steps', 'scheduler_decay_lr', 'vlm_model_name', 'load_vlm_weights', 'add_image_special_tokens', 'attention_mode', 'prefix_length', 'pad_language_to', 'num_expert_layers', 'num_vlm_layers', 'self_attn_every_n_layers', 'expert_width_multiplier', 'min_period', 'max_period', 'rtc_config', 'compile_model', 'compile_mode']
[DEBUG] Removed invalid keys: set()
WARNING 2026-09-20 13:51:16 figs/eval.py:69 No job name provided, using 'metaworld_smolvla' as job name.
INFO 2026-09-20 13:51:16 ot_eval.py:1146 {'env': {'camera_name': 'corner3,gripperPOV',
         'disable_env_checker': True,
         'episode_length': 400,
         'features': {'action': {'shape': (4,),
                                 'type': <FeatureType.ACTION: 'ACTION'>},
                      'observation.images.camera1': {'shape': (3, 480, 480),
                                                     'type': <FeatureType.VISUAL: 'VISUAL'>},
                      'observation.images.camera2': {'shape': (3, 480, 480),
                                                     'type': <FeatureType.VISUAL: 'VISUAL'>},
                      'observation.state': {'shape': (4,),
                                            'type': <FeatureType.STATE: 'STATE'>}},
         'features_map': {'action': 'action',
                          'agent_pos': 'observation.state',
                          'observation.images.camera1': 'observation.images.camera1',
                          'observation.images.camera2': 'observation.images.camera2',
                          'observation.state': 'observation.state',
                          'pixels/top': 'observation.images.top',
                          'top': 'observation.image'},
         'fps': 80,
         'max_parallel_tasks': 1,
         'multitask_eval': True,
         'obs_type': 'pixels_agent_pos',
         'render_mode': 'rgb_array',
         'task': 'pick-place-v3',
         'use_self_mw': True},
 'eval': {'batch_size': 5,
          'n_episodes': 5,
          'recording': False,
          'recording_private': False,
          'recording_repo_id': None,
          'save_dataset': False,
          'use_async_envs': True},
 'job_name': 'metaworld_smolvla',
 'output_dir': PosixPath('/data/zhonglinye/jun/lerobot/personal/work2/attention_fig/quick_surrogate_eval/quick40_pickplace/shard_1_of_2/eval_outputs/random_42_corner3_random_112_seed42_012000'),
 'policy': {'adapt_to_pi_aloha': False,
            'add_image_special_tokens': False,
            'attention_mode': 'cross_attn',
            'chunk_size': 50,
            'compile_mode': 'max-autotune',
            'compile_model': False,
            'device': 'cuda',
            'empty_cameras': 0,
            'expert_width_multiplier': 0.75,
            'freeze_vision_encoder': True,
            'input_features': {'observation.images.camera1': {'shape': (3,
                                                                        256,
                                                                        256),
                                                              'type': <FeatureType.VISUAL: 'VISUAL'>},
                               'observation.images.camera2': {'shape': (3,
                                                                        256,
                                                                        256),
                                                              'type': <FeatureType.VISUAL: 'VISUAL'>},
                               'observation.images.camera3': {'shape': (3,
                                                                        256,
                                                                        256),
                                                              'type': <FeatureType.VISUAL: 'VISUAL'>},
                               'observation.state': {'shape': (6,),
                                                     'type': <FeatureType.STATE: 'STATE'>}},
            'license': None,
            'load_vlm_weights': True,
            'max_action_dim': 32,
            'max_period': 4.0,
            'max_state_dim': 32,
            'min_period': 0.004,
            'n_action_steps': 50,
            'n_obs_steps': 1,
            'normalization_mapping': {'ACTION': <NormalizationMode.MEAN_STD: 'MEAN_STD'>,
                                      'STATE': <NormalizationMode.MEAN_STD: 'MEAN_STD'>,
                                      'VISUAL': <NormalizationMode.IDENTITY: 'IDENTITY'>},
            'num_expert_layers': 0,
            'num_steps': 10,
            'num_vlm_layers': 16,
            'optimizer_betas': (0.9, 0.95),
            'optimizer_eps': 1e-08,
            'optimizer_grad_clip_norm': 10.0,
            'optimizer_lr': 0.0001,
            'optimizer_weight_decay': 1e-10,
            'output_features': {'action': {'shape': (4,),
                                           'type': <FeatureType.ACTION: 'ACTION'>}},
            'pad_language_to': 'max_length',
            'prefix_length': 0,
            'pretrained_path': PosixPath('/data/zhonglinye/jun/lerobot/personal/work2/duibi/random_42_corner3/random_112_seed42/checkpoints/012000/pretrained_model'),
            'pretrained_revision': None,
            'private': None,
            'push_to_hub': False,
            'repo_id': None,
            'resize_imgs_with_padding': (512, 512),
            'rtc_config': None,
            'scheduler_decay_lr': 2.5e-06,
            'scheduler_decay_steps': 30000,
            'scheduler_warmup_steps': 1000,
            'self_attn_every_n_layers': 2,
            'tags': None,
            'tokenizer_max_length': 48,
            'train_expert_only': True,
            'train_state_proj': False,
            'use_amp': False,
            'use_cache': True,
            'use_delta_joint_actions_aloha': False,
            'use_peft': False,
            'vlm_model_name': 'HuggingFaceTB/SmolVLM2-500M-Video-Instruct'},
 'rename_map': {'observation.images.top': 'observation.images.camera1',
                'observation.images.wrist': 'observation.images.camera2'},
 'seed': 1000,
 'trust_remote_code': False}
INFO 2026-09-20 13:51:16 ot_eval.py:1157 Set CUDA_VISIBLE_DEVICES=0 for policy and environment subprocesses
INFO 2026-09-20 13:51:16 ot_eval.py:1166 Output dir: /data/zhonglinye/jun/lerobot/personal/work2/attention_fig/quick_surrogate_eval/quick40_pickplace/shard_1_of_2/eval_outputs/random_42_corner3_random_112_seed42_012000
INFO 2026-09-20 13:51:16 ot_eval.py:1168 Making environment (batch_size=5, async=True).
Creating Meta-World envs | task_groups=['pick-place-v3'] | n_envs(per task)=5
Building vec env | group=pick-place-v3 | task_id=0 | task=pick-place-v3
INFO 2026-09-20 13:51:16 ot_eval.py:1176 Making policy.
[DEBUG factory] policy_cls: <class 'lerobot.policies.smolvla.modeling_smolvla.SmolVLAPolicy'>
[DEBUG factory] policy_cls.__init__ signature: <function SmolVLAPolicy.__init__ at 0x73f2691d3b00>
[DEBUG factory] kwargs keys: ['config', 'pretrained_name_or_path', 'revision']
Loading  HuggingFaceTB/SmolVLM2-500M-Video-Instruct weights ...
`torch_dtype` is deprecated! Use `dtype` instead!
Loading weights:   0%|          | 0/489 [00:00<?, ?it/s]Loading weights:  58%|█████▊    | 284/489 [00:00<00:00, 2825.92it/s]Loading weights: 100%|██████████| 489/489 [00:00<00:00, 3208.34it/s]

[HEARTBEAT] random_42_corner3/random_112_seed42@012000: child still running, elapsed=20s / timeout=240s
Reducing the number of VLM layers to 16 ...

[HEARTBEAT] random_42_corner3/random_112_seed42@012000: child still running, elapsed=30s / timeout=240s
Loading weights from local directory

[HEARTBEAT] random_42_corner3/random_112_seed42@012000: child still running, elapsed=40s / timeout=240s
Evaluating tasks:   0%|          | 0/1 [00:00<?, ?it/s]Evaluating (0/5 episodes):   0%|          | 0/1 [00:00<?, ?it/s]
[HEARTBEAT] random_42_corner3/random_112_seed42@012000: child still running, elapsed=50s / timeout=240s

[HEARTBEAT] random_42_corner3/random_112_seed42@012000: child still running, elapsed=60s / timeout=240s

[HEARTBEAT] random_42_corner3/random_112_seed42@012000: child still running, elapsed=70s / timeout=240s

[HEARTBEAT] random_42_corner3/random_112_seed42@012000: child still running, elapsed=80s / timeout=240s
Evaluating (5/5 episodes, success: 2/5, rate: 40.0%):   0%|          | 0/1 [00:43<?, ?it/s]Evaluating (5/5 episodes, success: 2/5, rate: 40.0%): 100%|██████████| 1/1 [00:43<00:00, 43.77s/it]Evaluating (5/5 episodes, success: 2/5, rate: 40.0%): 100%|██████████| 1/1 [00:43<00:00, 43.77s/it]
INFO 2026-09-20 13:52:29 ot_eval.py:1092 Saved per-episode eval results to /data/zhonglinye/jun/lerobot/personal/work2/attention_fig/quick_surrogate_eval/quick40_pickplace/shard_1_of_2/eval_outputs/random_42_corner3_random_112_seed42_012000/eval_results/pick-place-v3_0/eval_episode_results.json
Task 1/1: pick-place-v3 (episodes: 5, success: 2):   0%|          | 0/1 [00:43<?, ?it/s]Task 1/1: pick-place-v3 (episodes: 5, success: 2): 100%|██████████| 1/1 [00:43<00:00, 43.79s/it]Task 1/1: pick-place-v3 (episodes: 5, success: 2): 100%|██████████| 1/1 [00:44<00:00, 44.31s/it]
INFO 2026-09-20 13:52:30 ot_eval.py:1655 Saved per-episode eval results to /data/zhonglinye/jun/lerobot/personal/work2/attention_fig/quick_surrogate_eval/quick40_pickplace/shard_1_of_2/eval_outputs/random_42_corner3_random_112_seed42_012000/eval_results/eval_episode_results.json
INFO 2026-09-20 13:52:30 ot_eval.py:1240 Overall Aggregated Metrics:
INFO 2026-09-20 13:52:30 ot_eval.py:1241 {'avg_sum_reward': 1246.9210484124442, 'avg_max_reward': 5.736930484830344, 'pc_success': 40.0, 'pc_grasp_success': 100.0, 'success@5mm': None, 'coffee_success_5mm_count': None, 'n_episodes': 5, 'eval_s': 44.30921292304993, 'eval_ep_s': 8.861842823028564, 'video_paths': [], 'predicted_video_paths': []}
INFO 2026-09-20 13:52:30 ot_eval.py:1245 
Aggregated Metrics for per_task:
INFO 2026-09-20 13:52:30 ot_eval.py:1246 [{'task_group': 'pick-place-v3', 'task_id': 0, 'metrics': {'sum_rewards': [2723.686415930234, 1034.5157664775388, 106.73441550073323, 69.0639794771097, 2300.6046646766054], 'max_rewards': [6.501619338989258, 2.577904320056265, 6.848550319671631, 6.484714031219482, 6.271864414215088], 'successes': [False, False, True, True, False], 'grasp_successes': [True, True, True, True, True], 'video_paths': [], 'predicted_video_paths': [], 'success_at_5mm': [None, None, None, None, None], 'obj_to_targets': [0.2618781626224518, 0.27208027243614197, 0.0, 0.0, 0.28933167457580566]}}]
INFO 2026-09-20 13:52:30 ot_eval.py:1245 
Aggregated Metrics for per_group:
INFO 2026-09-20 13:52:30 ot_eval.py:1246 {'pick-place-v3': {'avg_sum_reward': 1246.9210484124442, 'avg_max_reward': 5.736930484830344, 'pc_success': 40.0, 'pc_grasp_success': 100.0, 'success@5mm': None, 'coffee_success_5mm_count': None, 'n_episodes': 5, 'video_paths': [], 'predicted_video_paths': []}}
INFO 2026-09-20 13:52:30 ot_eval.py:1245 
Aggregated Metrics for overall:
INFO 2026-09-20 13:52:30 ot_eval.py:1246 {'avg_sum_reward': 1246.9210484124442, 'avg_max_reward': 5.736930484830344, 'pc_success': 40.0, 'pc_grasp_success': 100.0, 'success@5mm': None, 'coffee_success_5mm_count': None, 'n_episodes': 5, 'eval_s': 44.30921292304993, 'eval_ep_s': 8.861842823028564, 'video_paths': [], 'predicted_video_paths': []}
INFO 2026-09-20 13:52:30 ot_eval.py:1254 End of eval
[DONE] random_42_corner3/random_112_seed42@012000: quick_success=40.0% quick_grasp=100.0%
[PROGRESS] shard=1/2 processed=20/52 successful_quick_results=6 global_elapsed=8.7 min

================================================================================
[MODEL 21/52] random_42_corner3/random_112_seed42@014000 | historical=25.5% (200 episodes)
[PATH] /data/zhonglinye/jun/lerobot/personal/work2/duibi/random_42_corner3/random_112_seed42/checkpoints/014000/pretrained_model
[CMD] lerobot-eval --policy.path=/data/zhonglinye/jun/lerobot/personal/work2/duibi/random_42_corner3/random_112_seed42/checkpoints/014000/pretrained_model --env.type=metaworld --env.task=pick-place-v3 --env.camera_name=corner3,gripperPOV --env.use_self_mw=true --eval.batch_size=5 --eval.n_episodes=5 --policy.device=cuda --policy.use_amp=false --seed=1000 --output_dir=/data/zhonglinye/jun/lerobot/personal/work2/attention_fig/quick_surrogate_eval/quick40_pickplace/shard_1_of_2/eval_outputs/random_42_corner3_random_112_seed42_014000 --rename_map={"observation.images.top": "observation.images.camera1", "observation.images.wrist": "observation.images.camera2"}
================================================================================

[HEARTBEAT] random_42_corner3/random_112_seed42@014000: child still running, elapsed=10s / timeout=240s
[DEBUG] Loaded config from: /data/zhonglinye/jun/lerobot/personal/work2/duibi/random_42_corner3/random_112_seed42/checkpoints/014000/pretrained_model/config.json
[DEBUG] Config keys: ['type', 'n_obs_steps', 'input_features', 'output_features', 'device', 'use_amp', 'use_peft', 'push_to_hub', 'repo_id', 'private', 'tags', 'license', 'pretrained_path', 'pretrained_revision', 'chunk_size', 'n_action_steps', 'normalization_mapping', 'max_state_dim', 'max_action_dim', 'resize_imgs_with_padding', 'empty_cameras', 'adapt_to_pi_aloha', 'use_delta_joint_actions_aloha', 'tokenizer_max_length', 'num_steps', 'use_cache', 'freeze_vision_encoder', 'train_expert_only', 'train_state_proj', 'optimizer_lr', 'optimizer_betas', 'optimizer_eps', 'optimizer_weight_decay', 'optimizer_grad_clip_norm', 'scheduler_warmup_steps', 'scheduler_decay_steps', 'scheduler_decay_lr', 'vlm_model_name', 'load_vlm_weights', 'add_image_special_tokens', 'attention_mode', 'prefix_length', 'pad_language_to', 'num_expert_layers', 'num_vlm_layers', 'self_attn_every_n_layers', 'expert_width_multiplier', 'min_period', 'max_period', 'rtc_config', 'compile_model', 'compile_mode']
[DEBUG] policy_type parameter: None
[DEBUG] Extracted policy_type from config: smolvla
[DEBUG] Filtered config keys: ['n_obs_steps', 'input_features', 'output_features', 'device', 'use_amp', 'use_peft', 'push_to_hub', 'repo_id', 'private', 'tags', 'license', 'pretrained_path', 'pretrained_revision', 'chunk_size', 'n_action_steps', 'normalization_mapping', 'max_state_dim', 'max_action_dim', 'resize_imgs_with_padding', 'empty_cameras', 'adapt_to_pi_aloha', 'use_delta_joint_actions_aloha', 'tokenizer_max_length', 'num_steps', 'use_cache', 'freeze_vision_encoder', 'train_expert_only', 'train_state_proj', 'optimizer_lr', 'optimizer_betas', 'optimizer_eps', 'optimizer_weight_decay', 'optimizer_grad_clip_norm', 'scheduler_warmup_steps', 'scheduler_decay_steps', 'scheduler_decay_lr', 'vlm_model_name', 'load_vlm_weights', 'add_image_special_tokens', 'attention_mode', 'prefix_length', 'pad_language_to', 'num_expert_layers', 'num_vlm_layers', 'self_attn_every_n_layers', 'expert_width_multiplier', 'min_period', 'max_period', 'rtc_config', 'compile_model', 'compile_mode']
[DEBUG] Removed invalid keys: set()
WARNING 2026-09-20 13:52:44 figs/eval.py:69 No job name provided, using 'metaworld_smolvla' as job name.
INFO 2026-09-20 13:52:44 ot_eval.py:1146 {'env': {'camera_name': 'corner3,gripperPOV',
         'disable_env_checker': True,
         'episode_length': 400,
         'features': {'action': {'shape': (4,),
                                 'type': <FeatureType.ACTION: 'ACTION'>},
                      'observation.images.camera1': {'shape': (3, 480, 480),
                                                     'type': <FeatureType.VISUAL: 'VISUAL'>},
                      'observation.images.camera2': {'shape': (3, 480, 480),
                                                     'type': <FeatureType.VISUAL: 'VISUAL'>},
                      'observation.state': {'shape': (4,),
                                            'type': <FeatureType.STATE: 'STATE'>}},
         'features_map': {'action': 'action',
                          'agent_pos': 'observation.state',
                          'observation.images.camera1': 'observation.images.camera1',
                          'observation.images.camera2': 'observation.images.camera2',
                          'observation.state': 'observation.state',
                          'pixels/top': 'observation.images.top',
                          'top': 'observation.image'},
         'fps': 80,
         'max_parallel_tasks': 1,
         'multitask_eval': True,
         'obs_type': 'pixels_agent_pos',
         'render_mode': 'rgb_array',
         'task': 'pick-place-v3',
         'use_self_mw': True},
 'eval': {'batch_size': 5,
          'n_episodes': 5,
          'recording': False,
          'recording_private': False,
          'recording_repo_id': None,
          'save_dataset': False,
          'use_async_envs': True},
 'job_name': 'metaworld_smolvla',
 'output_dir': PosixPath('/data/zhonglinye/jun/lerobot/personal/work2/attention_fig/quick_surrogate_eval/quick40_pickplace/shard_1_of_2/eval_outputs/random_42_corner3_random_112_seed42_014000'),
 'policy': {'adapt_to_pi_aloha': False,
            'add_image_special_tokens': False,
            'attention_mode': 'cross_attn',
            'chunk_size': 50,
            'compile_mode': 'max-autotune',
            'compile_model': False,
            'device': 'cuda',
            'empty_cameras': 0,
            'expert_width_multiplier': 0.75,
            'freeze_vision_encoder': True,
            'input_features': {'observation.images.camera1': {'shape': (3,
                                                                        256,
                                                                        256),
                                                              'type': <FeatureType.VISUAL: 'VISUAL'>},
                               'observation.images.camera2': {'shape': (3,
                                                                        256,
                                                                        256),
                                                              'type': <FeatureType.VISUAL: 'VISUAL'>},
                               'observation.images.camera3': {'shape': (3,
                                                                        256,
                                                                        256),
                                                              'type': <FeatureType.VISUAL: 'VISUAL'>},
                               'observation.state': {'shape': (6,),
                                                     'type': <FeatureType.STATE: 'STATE'>}},
            'license': None,
            'load_vlm_weights': True,
            'max_action_dim': 32,
            'max_period': 4.0,
            'max_state_dim': 32,
            'min_period': 0.004,
            'n_action_steps': 50,
            'n_obs_steps': 1,
            'normalization_mapping': {'ACTION': <NormalizationMode.MEAN_STD: 'MEAN_STD'>,
                                      'STATE': <NormalizationMode.MEAN_STD: 'MEAN_STD'>,
                                      'VISUAL': <NormalizationMode.IDENTITY: 'IDENTITY'>},
            'num_expert_layers': 0,
            'num_steps': 10,
            'num_vlm_layers': 16,
            'optimizer_betas': (0.9, 0.95),
            'optimizer_eps': 1e-08,
            'optimizer_grad_clip_norm': 10.0,
            'optimizer_lr': 0.0001,
            'optimizer_weight_decay': 1e-10,
            'output_features': {'action': {'shape': (4,),
                                           'type': <FeatureType.ACTION: 'ACTION'>}},
            'pad_language_to': 'max_length',
            'prefix_length': 0,
            'pretrained_path': PosixPath('/data/zhonglinye/jun/lerobot/personal/work2/duibi/random_42_corner3/random_112_seed42/checkpoints/014000/pretrained_model'),
            'pretrained_revision': None,
            'private': None,
            'push_to_hub': False,
            'repo_id': None,
            'resize_imgs_with_padding': (512, 512),
            'rtc_config': None,
            'scheduler_decay_lr': 2.5e-06,
            'scheduler_decay_steps': 30000,
            'scheduler_warmup_steps': 1000,
            'self_attn_every_n_layers': 2,
            'tags': None,
            'tokenizer_max_length': 48,
            'train_expert_only': True,
            'train_state_proj': False,
            'use_amp': False,
            'use_cache': True,
            'use_delta_joint_actions_aloha': False,
            'use_peft': False,
            'vlm_model_name': 'HuggingFaceTB/SmolVLM2-500M-Video-Instruct'},
 'rename_map': {'observation.images.top': 'observation.images.camera1',
                'observation.images.wrist': 'observation.images.camera2'},
 'seed': 1000,
 'trust_remote_code': False}
INFO 2026-09-20 13:52:44 ot_eval.py:1157 Set CUDA_VISIBLE_DEVICES=0 for policy and environment subprocesses
INFO 2026-09-20 13:52:44 ot_eval.py:1166 Output dir: /data/zhonglinye/jun/lerobot/personal/work2/attention_fig/quick_surrogate_eval/quick40_pickplace/shard_1_of_2/eval_outputs/random_42_corner3_random_112_seed42_014000
INFO 2026-09-20 13:52:44 ot_eval.py:1168 Making environment (batch_size=5, async=True).
Creating Meta-World envs | task_groups=['pick-place-v3'] | n_envs(per task)=5
Building vec env | group=pick-place-v3 | task_id=0 | task=pick-place-v3
INFO 2026-09-20 13:52:44 ot_eval.py:1176 Making policy.
[DEBUG factory] policy_cls: <class 'lerobot.policies.smolvla.modeling_smolvla.SmolVLAPolicy'>
[DEBUG factory] policy_cls.__init__ signature: <function SmolVLAPolicy.__init__ at 0x73ee3c197b00>
[DEBUG factory] kwargs keys: ['config', 'pretrained_name_or_path', 'revision']
Loading  HuggingFaceTB/SmolVLM2-500M-Video-Instruct weights ...
`torch_dtype` is deprecated! Use `dtype` instead!
Loading weights:   0%|          | 0/489 [00:00<?, ?it/s]Loading weights:  66%|██████▌   | 323/489 [00:00<00:00, 3226.21it/s]Loading weights: 100%|██████████| 489/489 [00:00<00:00, 3501.50it/s]

[HEARTBEAT] random_42_corner3/random_112_seed42@014000: child still running, elapsed=20s / timeout=240s
Reducing the number of VLM layers to 16 ...

[HEARTBEAT] random_42_corner3/random_112_seed42@014000: child still running, elapsed=30s / timeout=240s
Loading weights from local directory
Evaluating tasks:   0%|          | 0/1 [00:00<?, ?it/s]Evaluating (0/5 episodes):   0%|          | 0/1 [00:00<?, ?it/s]
[HEARTBEAT] random_42_corner3/random_112_seed42@014000: child still running, elapsed=41s / timeout=240s

[HEARTBEAT] random_42_corner3/random_112_seed42@014000: child still running, elapsed=51s / timeout=240s

[HEARTBEAT] random_42_corner3/random_112_seed42@014000: child still running, elapsed=61s / timeout=240s

[HEARTBEAT] random_42_corner3/random_112_seed42@014000: child still running, elapsed=71s / timeout=240s

[HEARTBEAT] random_42_corner3/random_112_seed42@014000: child still running, elapsed=81s / timeout=240s
Evaluating (5/5 episodes, success: 2/5, rate: 40.0%):   0%|          | 0/1 [00:44<?, ?it/s]Evaluating (5/5 episodes, success: 2/5, rate: 40.0%): 100%|██████████| 1/1 [00:44<00:00, 44.01s/it]Evaluating (5/5 episodes, success: 2/5, rate: 40.0%): 100%|██████████| 1/1 [00:44<00:00, 44.01s/it]
INFO 2026-09-20 13:53:57 ot_eval.py:1092 Saved per-episode eval results to /data/zhonglinye/jun/lerobot/personal/work2/attention_fig/quick_surrogate_eval/quick40_pickplace/shard_1_of_2/eval_outputs/random_42_corner3_random_112_seed42_014000/eval_results/pick-place-v3_0/eval_episode_results.json
Task 1/1: pick-place-v3 (episodes: 5, success: 2):   0%|          | 0/1 [00:44<?, ?it/s]Task 1/1: pick-place-v3 (episodes: 5, success: 2): 100%|██████████| 1/1 [00:44<00:00, 44.03s/it]Task 1/1: pick-place-v3 (episodes: 5, success: 2): 100%|██████████| 1/1 [00:44<00:00, 44.55s/it]
INFO 2026-09-20 13:53:57 ot_eval.py:1655 Saved per-episode eval results to /data/zhonglinye/jun/lerobot/personal/work2/attention_fig/quick_surrogate_eval/quick40_pickplace/shard_1_of_2/eval_outputs/random_42_corner3_random_112_seed42_014000/eval_results/eval_episode_results.json
INFO 2026-09-20 13:53:57 ot_eval.py:1240 Overall Aggregated Metrics:
INFO 2026-09-20 13:53:57 ot_eval.py:1241 {'avg_sum_reward': 1244.4713139503954, 'avg_max_reward': 5.746393871307373, 'pc_success': 40.0, 'pc_grasp_success': 100.0, 'success@5mm': None, 'coffee_success_5mm_count': None, 'n_episodes': 5, 'eval_s': 44.55402207374573, 'eval_ep_s': 8.910804605484008, 'video_paths': [], 'predicted_video_paths': []}
INFO 2026-09-20 13:53:57 ot_eval.py:1245 
Aggregated Metrics for per_task:
INFO 2026-09-20 13:53:57 ot_eval.py:1246 [{'task_group': 'pick-place-v3', 'task_id': 0, 'metrics': {'sum_rewards': [2711.095578699228, 1027.8700878674845, 109.04693770934638, 62.84121745389055, 2311.502748022028], 'max_rewards': [6.5637688636779785, 2.525385856628418, 6.860889434814453, 6.47628116607666, 6.3056440353393555], 'successes': [False, False, True, True, False], 'grasp_successes': [True, True, True, True, True], 'video_paths': [], 'predicted_video_paths': [], 'success_at_5mm': [None, None, None, None, None], 'obj_to_targets': [0.2618781626224518, 0.27208027243614197, 0.0, 0.0, 0.28933167457580566]}}]
INFO 2026-09-20 13:53:57 ot_eval.py:1245 
Aggregated Metrics for per_group:
INFO 2026-09-20 13:53:57 ot_eval.py:1246 {'pick-place-v3': {'avg_sum_reward': 1244.4713139503954, 'avg_max_reward': 5.746393871307373, 'pc_success': 40.0, 'pc_grasp_success': 100.0, 'success@5mm': None, 'coffee_success_5mm_count': None, 'n_episodes': 5, 'video_paths': [], 'predicted_video_paths': []}}
INFO 2026-09-20 13:53:57 ot_eval.py:1245 
Aggregated Metrics for overall:
INFO 2026-09-20 13:53:57 ot_eval.py:1246 {'avg_sum_reward': 1244.4713139503954, 'avg_max_reward': 5.746393871307373, 'pc_success': 40.0, 'pc_grasp_success': 100.0, 'success@5mm': None, 'coffee_success_5mm_count': None, 'n_episodes': 5, 'eval_s': 44.55402207374573, 'eval_ep_s': 8.910804605484008, 'video_paths': [], 'predicted_video_paths': []}
INFO 2026-09-20 13:53:57 ot_eval.py:1254 End of eval
[DONE] random_42_corner3/random_112_seed42@014000: quick_success=40.0% quick_grasp=100.0%
[PROGRESS] shard=1/2 processed=21/52 successful_quick_results=7 global_elapsed=10.2 min

================================================================================
[MODEL 22/52] random_42_corner3/random_112_seed42@016000 | historical=25.5% (200 episodes)
[PATH] /data/zhonglinye/jun/lerobot/personal/work2/duibi/random_42_corner3/random_112_seed42/checkpoints/016000/pretrained_model
[CMD] lerobot-eval --policy.path=/data/zhonglinye/jun/lerobot/personal/work2/duibi/random_42_corner3/random_112_seed42/checkpoints/016000/pretrained_model --env.type=metaworld --env.task=pick-place-v3 --env.camera_name=corner3,gripperPOV --env.use_self_mw=true --eval.batch_size=5 --eval.n_episodes=5 --policy.device=cuda --policy.use_amp=false --seed=1000 --output_dir=/data/zhonglinye/jun/lerobot/personal/work2/attention_fig/quick_surrogate_eval/quick40_pickplace/shard_1_of_2/eval_outputs/random_42_corner3_random_112_seed42_016000 --rename_map={"observation.images.top": "observation.images.camera1", "observation.images.wrist": "observation.images.camera2"}
================================================================================

[HEARTBEAT] random_42_corner3/random_112_seed42@016000: child still running, elapsed=10s / timeout=240s
[DEBUG] Loaded config from: /data/zhonglinye/jun/lerobot/personal/work2/duibi/random_42_corner3/random_112_seed42/checkpoints/016000/pretrained_model/config.json
[DEBUG] Config keys: ['type', 'n_obs_steps', 'input_features', 'output_features', 'device', 'use_amp', 'use_peft', 'push_to_hub', 'repo_id', 'private', 'tags', 'license', 'pretrained_path', 'pretrained_revision', 'chunk_size', 'n_action_steps', 'normalization_mapping', 'max_state_dim', 'max_action_dim', 'resize_imgs_with_padding', 'empty_cameras', 'adapt_to_pi_aloha', 'use_delta_joint_actions_aloha', 'tokenizer_max_length', 'num_steps', 'use_cache', 'freeze_vision_encoder', 'train_expert_only', 'train_state_proj', 'optimizer_lr', 'optimizer_betas', 'optimizer_eps', 'optimizer_weight_decay', 'optimizer_grad_clip_norm', 'scheduler_warmup_steps', 'scheduler_decay_steps', 'scheduler_decay_lr', 'vlm_model_name', 'load_vlm_weights', 'add_image_special_tokens', 'attention_mode', 'prefix_length', 'pad_language_to', 'num_expert_layers', 'num_vlm_layers', 'self_attn_every_n_layers', 'expert_width_multiplier', 'min_period', 'max_period', 'rtc_config', 'compile_model', 'compile_mode']
[DEBUG] policy_type parameter: None
[DEBUG] Extracted policy_type from config: smolvla
[DEBUG] Filtered config keys: ['n_obs_steps', 'input_features', 'output_features', 'device', 'use_amp', 'use_peft', 'push_to_hub', 'repo_id', 'private', 'tags', 'license', 'pretrained_path', 'pretrained_revision', 'chunk_size', 'n_action_steps', 'normalization_mapping', 'max_state_dim', 'max_action_dim', 'resize_imgs_with_padding', 'empty_cameras', 'adapt_to_pi_aloha', 'use_delta_joint_actions_aloha', 'tokenizer_max_length', 'num_steps', 'use_cache', 'freeze_vision_encoder', 'train_expert_only', 'train_state_proj', 'optimizer_lr', 'optimizer_betas', 'optimizer_eps', 'optimizer_weight_decay', 'optimizer_grad_clip_norm', 'scheduler_warmup_steps', 'scheduler_decay_steps', 'scheduler_decay_lr', 'vlm_model_name', 'load_vlm_weights', 'add_image_special_tokens', 'attention_mode', 'prefix_length', 'pad_language_to', 'num_expert_layers', 'num_vlm_layers', 'self_attn_every_n_layers', 'expert_width_multiplier', 'min_period', 'max_period', 'rtc_config', 'compile_model', 'compile_mode']
[DEBUG] Removed invalid keys: set()
WARNING 2026-09-20 13:54:11 figs/eval.py:69 No job name provided, using 'metaworld_smolvla' as job name.
INFO 2026-09-20 13:54:11 ot_eval.py:1146 {'env': {'camera_name': 'corner3,gripperPOV',
         'disable_env_checker': True,
         'episode_length': 400,
         'features': {'action': {'shape': (4,),
                                 'type': <FeatureType.ACTION: 'ACTION'>},
                      'observation.images.camera1': {'shape': (3, 480, 480),
                                                     'type': <FeatureType.VISUAL: 'VISUAL'>},
                      'observation.images.camera2': {'shape': (3, 480, 480),
                                                     'type': <FeatureType.VISUAL: 'VISUAL'>},
                      'observation.state': {'shape': (4,),
                                            'type': <FeatureType.STATE: 'STATE'>}},
         'features_map': {'action': 'action',
                          'agent_pos': 'observation.state',
                          'observation.images.camera1': 'observation.images.camera1',
                          'observation.images.camera2': 'observation.images.camera2',
                          'observation.state': 'observation.state',
                          'pixels/top': 'observation.images.top',
                          'top': 'observation.image'},
         'fps': 80,
         'max_parallel_tasks': 1,
         'multitask_eval': True,
         'obs_type': 'pixels_agent_pos',
         'render_mode': 'rgb_array',
         'task': 'pick-place-v3',
         'use_self_mw': True},
 'eval': {'batch_size': 5,
          'n_episodes': 5,
          'recording': False,
          'recording_private': False,
          'recording_repo_id': None,
          'save_dataset': False,
          'use_async_envs': True},
 'job_name': 'metaworld_smolvla',
 'output_dir': PosixPath('/data/zhonglinye/jun/lerobot/personal/work2/attention_fig/quick_surrogate_eval/quick40_pickplace/shard_1_of_2/eval_outputs/random_42_corner3_random_112_seed42_016000'),
 'policy': {'adapt_to_pi_aloha': False,
            'add_image_special_tokens': False,
            'attention_mode': 'cross_attn',
            'chunk_size': 50,
            'compile_mode': 'max-autotune',
            'compile_model': False,
            'device': 'cuda',
            'empty_cameras': 0,
            'expert_width_multiplier': 0.75,
            'freeze_vision_encoder': True,
            'input_features': {'observation.images.camera1': {'shape': (3,
                                                                        256,
                                                                        256),
                                                              'type': <FeatureType.VISUAL: 'VISUAL'>},
                               'observation.images.camera2': {'shape': (3,
                                                                        256,
                                                                        256),
                                                              'type': <FeatureType.VISUAL: 'VISUAL'>},
                               'observation.images.camera3': {'shape': (3,
                                                                        256,
                                                                        256),
                                                              'type': <FeatureType.VISUAL: 'VISUAL'>},
                               'observation.state': {'shape': (6,),
                                                     'type': <FeatureType.STATE: 'STATE'>}},
            'license': None,
            'load_vlm_weights': True,
            'max_action_dim': 32,
            'max_period': 4.0,
            'max_state_dim': 32,
            'min_period': 0.004,
            'n_action_steps': 50,
            'n_obs_steps': 1,
            'normalization_mapping': {'ACTION': <NormalizationMode.MEAN_STD: 'MEAN_STD'>,
                                      'STATE': <NormalizationMode.MEAN_STD: 'MEAN_STD'>,
                                      'VISUAL': <NormalizationMode.IDENTITY: 'IDENTITY'>},
            'num_expert_layers': 0,
            'num_steps': 10,
            'num_vlm_layers': 16,
            'optimizer_betas': (0.9, 0.95),
            'optimizer_eps': 1e-08,
            'optimizer_grad_clip_norm': 10.0,
            'optimizer_lr': 0.0001,
            'optimizer_weight_decay': 1e-10,
            'output_features': {'action': {'shape': (4,),
                                           'type': <FeatureType.ACTION: 'ACTION'>}},
            'pad_language_to': 'max_length',
            'prefix_length': 0,
            'pretrained_path': PosixPath('/data/zhonglinye/jun/lerobot/personal/work2/duibi/random_42_corner3/random_112_seed42/checkpoints/016000/pretrained_model'),
            'pretrained_revision': None,
            'private': None,
            'push_to_hub': False,
            'repo_id': None,
            'resize_imgs_with_padding': (512, 512),
            'rtc_config': None,
            'scheduler_decay_lr': 2.5e-06,
            'scheduler_decay_steps': 30000,
            'scheduler_warmup_steps': 1000,
            'self_attn_every_n_layers': 2,
            'tags': None,
            'tokenizer_max_length': 48,
            'train_expert_only': True,
            'train_state_proj': False,
            'use_amp': False,
            'use_cache': True,
            'use_delta_joint_actions_aloha': False,
            'use_peft': False,
            'vlm_model_name': 'HuggingFaceTB/SmolVLM2-500M-Video-Instruct'},
 'rename_map': {'observation.images.top': 'observation.images.camera1',
                'observation.images.wrist': 'observation.images.camera2'},
 'seed': 1000,
 'trust_remote_code': False}
INFO 2026-09-20 13:54:11 ot_eval.py:1157 Set CUDA_VISIBLE_DEVICES=0 for policy and environment subprocesses
INFO 2026-09-20 13:54:11 ot_eval.py:1166 Output dir: /data/zhonglinye/jun/lerobot/personal/work2/attention_fig/quick_surrogate_eval/quick40_pickplace/shard_1_of_2/eval_outputs/random_42_corner3_random_112_seed42_016000
INFO 2026-09-20 13:54:11 ot_eval.py:1168 Making environment (batch_size=5, async=True).
Creating Meta-World envs | task_groups=['pick-place-v3'] | n_envs(per task)=5
Building vec env | group=pick-place-v3 | task_id=0 | task=pick-place-v3
INFO 2026-09-20 13:54:11 ot_eval.py:1176 Making policy.
[DEBUG factory] policy_cls: <class 'lerobot.policies.smolvla.modeling_smolvla.SmolVLAPolicy'>
[DEBUG factory] policy_cls.__init__ signature: <function SmolVLAPolicy.__init__ at 0x70e8a1b8fb00>
[DEBUG factory] kwargs keys: ['config', 'pretrained_name_or_path', 'revision']
Loading  HuggingFaceTB/SmolVLM2-500M-Video-Instruct weights ...
`torch_dtype` is deprecated! Use `dtype` instead!
Loading weights:   0%|          | 0/489 [00:00<?, ?it/s]Loading weights:  56%|█████▋    | 276/489 [00:00<00:00, 2735.09it/s]Loading weights: 100%|██████████| 489/489 [00:00<00:00, 2992.32it/s]

[HEARTBEAT] random_42_corner3/random_112_seed42@016000: child still running, elapsed=20s / timeout=240s
Reducing the number of VLM layers to 16 ...

[HEARTBEAT] random_42_corner3/random_112_seed42@016000: child still running, elapsed=30s / timeout=240s
Loading weights from local directory
Evaluating tasks:   0%|          | 0/1 [00:00<?, ?it/s]
[HEARTBEAT] random_42_corner3/random_112_seed42@016000: child still running, elapsed=40s / timeout=240s
Evaluating (0/5 episodes):   0%|          | 0/1 [00:00<?, ?it/s]
[HEARTBEAT] random_42_corner3/random_112_seed42@016000: child still running, elapsed=50s / timeout=240s

[HEARTBEAT] random_42_corner3/random_112_seed42@016000: child still running, elapsed=60s / timeout=240s

[HEARTBEAT] random_42_corner3/random_112_seed42@016000: child still running, elapsed=70s / timeout=240s

[HEARTBEAT] random_42_corner3/random_112_seed42@016000: child still running, elapsed=80s / timeout=240s
Evaluating (5/5 episodes, success: 2/5, rate: 40.0%):   0%|          | 0/1 [00:45<?, ?it/s]Evaluating (5/5 episodes, success: 2/5, rate: 40.0%): 100%|██████████| 1/1 [00:45<00:00, 45.29s/it]Evaluating (5/5 episodes, success: 2/5, rate: 40.0%): 100%|██████████| 1/1 [00:45<00:00, 45.29s/it]
INFO 2026-09-20 13:55:26 ot_eval.py:1092 Saved per-episode eval results to /data/zhonglinye/jun/lerobot/personal/work2/attention_fig/quick_surrogate_eval/quick40_pickplace/shard_1_of_2/eval_outputs/random_42_corner3_random_112_seed42_016000/eval_results/pick-place-v3_0/eval_episode_results.json
Task 1/1: pick-place-v3 (episodes: 5, success: 2):   0%|          | 0/1 [00:45<?, ?it/s]Task 1/1: pick-place-v3 (episodes: 5, success: 2): 100%|██████████| 1/1 [00:45<00:00, 45.31s/it]Task 1/1: pick-place-v3 (episodes: 5, success: 2): 100%|██████████| 1/1 [00:45<00:00, 45.83s/it]
INFO 2026-09-20 13:55:26 ot_eval.py:1655 Saved per-episode eval results to /data/zhonglinye/jun/lerobot/personal/work2/attention_fig/quick_surrogate_eval/quick40_pickplace/shard_1_of_2/eval_outputs/random_42_corner3_random_112_seed42_016000/eval_results/eval_episode_results.json
INFO 2026-09-20 13:55:26 ot_eval.py:1240 Overall Aggregated Metrics:
INFO 2026-09-20 13:55:26 ot_eval.py:1241 {'avg_sum_reward': 1204.9150363661893, 'avg_max_reward': 5.613017129898071, 'pc_success': 40.0, 'pc_grasp_success': 100.0, 'success@5mm': None, 'coffee_success_5mm_count': None, 'n_episodes': 5, 'eval_s': 45.83020257949829, 'eval_ep_s': 9.166040802001953, 'video_paths': [], 'predicted_video_paths': []}
INFO 2026-09-20 13:55:26 ot_eval.py:1245 
Aggregated Metrics for per_task:
INFO 2026-09-20 13:55:26 ot_eval.py:1246 [{'task_group': 'pick-place-v3', 'task_id': 0, 'metrics': {'sum_rewards': [2688.780959165363, 1025.4115369324445, 106.50732819935912, 66.17401112291749, 2137.7013464108622], 'max_rewards': [6.501357078552246, 2.4525387287139893, 6.834338188171387, 6.4516072273254395, 5.825244426727295], 'successes': [False, False, True, True, False], 'grasp_successes': [True, True, True, True, True], 'video_paths': [], 'predicted_video_paths': [], 'success_at_5mm': [None, None, None, None, None], 'obj_to_targets': [0.2618781626224518, 0.27208027243614197, 0.0, 0.0, 0.28933167457580566]}}]
INFO 2026-09-20 13:55:26 ot_eval.py:1245 
Aggregated Metrics for per_group:
INFO 2026-09-20 13:55:26 ot_eval.py:1246 {'pick-place-v3': {'avg_sum_reward': 1204.9150363661893, 'avg_max_reward': 5.613017129898071, 'pc_success': 40.0, 'pc_grasp_success': 100.0, 'success@5mm': None, 'coffee_success_5mm_count': None, 'n_episodes': 5, 'video_paths': [], 'predicted_video_paths': []}}
INFO 2026-09-20 13:55:26 ot_eval.py:1245 
Aggregated Metrics for overall:
INFO 2026-09-20 13:55:26 ot_eval.py:1246 {'avg_sum_reward': 1204.9150363661893, 'avg_max_reward': 5.613017129898071, 'pc_success': 40.0, 'pc_grasp_success': 100.0, 'success@5mm': None, 'coffee_success_5mm_count': None, 'n_episodes': 5, 'eval_s': 45.83020257949829, 'eval_ep_s': 9.166040802001953, 'video_paths': [], 'predicted_video_paths': []}
INFO 2026-09-20 13:55:26 ot_eval.py:1254 End of eval
[DONE] random_42_corner3/random_112_seed42@016000: quick_success=40.0% quick_grasp=100.0%
[PROGRESS] shard=1/2 processed=22/52 successful_quick_results=8 global_elapsed=11.7 min

================================================================================
[MODEL 23/52] subzerocore_112_seed42_corner/subzerocore_112_seed42@002000 | historical=14.5% (200 episodes)
[PATH] /data/zhonglinye/jun/lerobot/personal/work2/duibi/subzerocore_112_seed42_corner/subzerocore_112_seed42/checkpoints/002000/pretrained_model
[CMD] lerobot-eval --policy.path=/data/zhonglinye/jun/lerobot/personal/work2/duibi/subzerocore_112_seed42_corner/subzerocore_112_seed42/checkpoints/002000/pretrained_model --env.type=metaworld --env.task=pick-place-v3 --env.camera_name=corner,gripperPOV --env.use_self_mw=true --eval.batch_size=5 --eval.n_episodes=5 --policy.device=cuda --policy.use_amp=false --seed=1000 --output_dir=/data/zhonglinye/jun/lerobot/personal/work2/attention_fig/quick_surrogate_eval/quick40_pickplace/shard_1_of_2/eval_outputs/subzerocore_112_seed42_corner_subzerocore_112_seed42_002000 --rename_map={"observation.images.top": "observation.images.camera1", "observation.images.wrist": "observation.images.camera2"}
================================================================================

[HEARTBEAT] subzerocore_112_seed42_corner/subzerocore_112_seed42@002000: child still running, elapsed=10s / timeout=240s
[DEBUG] Loaded config from: /data/zhonglinye/jun/lerobot/personal/work2/duibi/subzerocore_112_seed42_corner/subzerocore_112_seed42/checkpoints/002000/pretrained_model/config.json
[DEBUG] Config keys: ['type', 'n_obs_steps', 'input_features', 'output_features', 'device', 'use_amp', 'use_peft', 'push_to_hub', 'repo_id', 'private', 'tags', 'license', 'pretrained_path', 'pretrained_revision', 'chunk_size', 'n_action_steps', 'normalization_mapping', 'max_state_dim', 'max_action_dim', 'resize_imgs_with_padding', 'empty_cameras', 'adapt_to_pi_aloha', 'use_delta_joint_actions_aloha', 'tokenizer_max_length', 'num_steps', 'use_cache', 'freeze_vision_encoder', 'train_expert_only', 'train_state_proj', 'optimizer_lr', 'optimizer_betas', 'optimizer_eps', 'optimizer_weight_decay', 'optimizer_grad_clip_norm', 'scheduler_warmup_steps', 'scheduler_decay_steps', 'scheduler_decay_lr', 'vlm_model_name', 'load_vlm_weights', 'add_image_special_tokens', 'attention_mode', 'prefix_length', 'pad_language_to', 'num_expert_layers', 'num_vlm_layers', 'self_attn_every_n_layers', 'expert_width_multiplier', 'min_period', 'max_period', 'rtc_config', 'compile_model', 'compile_mode']
[DEBUG] policy_type parameter: None
[DEBUG] Extracted policy_type from config: smolvla
[DEBUG] Filtered config keys: ['n_obs_steps', 'input_features', 'output_features', 'device', 'use_amp', 'use_peft', 'push_to_hub', 'repo_id', 'private', 'tags', 'license', 'pretrained_path', 'pretrained_revision', 'chunk_size', 'n_action_steps', 'normalization_mapping', 'max_state_dim', 'max_action_dim', 'resize_imgs_with_padding', 'empty_cameras', 'adapt_to_pi_aloha', 'use_delta_joint_actions_aloha', 'tokenizer_max_length', 'num_steps', 'use_cache', 'freeze_vision_encoder', 'train_expert_only', 'train_state_proj', 'optimizer_lr', 'optimizer_betas', 'optimizer_eps', 'optimizer_weight_decay', 'optimizer_grad_clip_norm', 'scheduler_warmup_steps', 'scheduler_decay_steps', 'scheduler_decay_lr', 'vlm_model_name', 'load_vlm_weights', 'add_image_special_tokens', 'attention_mode', 'prefix_length', 'pad_language_to', 'num_expert_layers', 'num_vlm_layers', 'self_attn_every_n_layers', 'expert_width_multiplier', 'min_period', 'max_period', 'rtc_config', 'compile_model', 'compile_mode']
[DEBUG] Removed invalid keys: set()
WARNING 2026-09-20 13:55:40 figs/eval.py:69 No job name provided, using 'metaworld_smolvla' as job name.
INFO 2026-09-20 13:55:40 ot_eval.py:1146 {'env': {'camera_name': 'corner,gripperPOV',
         'disable_env_checker': True,
         'episode_length': 400,
         'features': {'action': {'shape': (4,),
                                 'type': <FeatureType.ACTION: 'ACTION'>},
                      'observation.images.camera1': {'shape': (3, 480, 480),
                                                     'type': <FeatureType.VISUAL: 'VISUAL'>},
                      'observation.images.camera2': {'shape': (3, 480, 480),
                                                     'type': <FeatureType.VISUAL: 'VISUAL'>},
                      'observation.state': {'shape': (4,),
                                            'type': <FeatureType.STATE: 'STATE'>}},
         'features_map': {'action': 'action',
                          'agent_pos': 'observation.state',
                          'observation.images.camera1': 'observation.images.camera1',
                          'observation.images.camera2': 'observation.images.camera2',
                          'observation.state': 'observation.state',
                          'pixels/top': 'observation.images.top',
                          'top': 'observation.image'},
         'fps': 80,
         'max_parallel_tasks': 1,
         'multitask_eval': True,
         'obs_type': 'pixels_agent_pos',
         'render_mode': 'rgb_array',
         'task': 'pick-place-v3',
         'use_self_mw': True},
 'eval': {'batch_size': 5,
          'n_episodes': 5,
          'recording': False,
          'recording_private': False,
          'recording_repo_id': None,
          'save_dataset': False,
          'use_async_envs': True},
 'job_name': 'metaworld_smolvla',
 'output_dir': PosixPath('/data/zhonglinye/jun/lerobot/personal/work2/attention_fig/quick_surrogate_eval/quick40_pickplace/shard_1_of_2/eval_outputs/subzerocore_112_seed42_corner_subzerocore_112_seed42_002000'),
 'policy': {'adapt_to_pi_aloha': False,
            'add_image_special_tokens': False,
            'attention_mode': 'cross_attn',
            'chunk_size': 50,
            'compile_mode': 'max-autotune',
            'compile_model': False,
            'device': 'cuda',
            'empty_cameras': 0,
            'expert_width_multiplier': 0.75,
            'freeze_vision_encoder': True,
            'input_features': {'observation.images.camera1': {'shape': (3,
                                                                        256,
                                                                        256),
                                                              'type': <FeatureType.VISUAL: 'VISUAL'>},
                               'observation.images.camera2': {'shape': (3,
                                                                        256,
                                                                        256),
                                                              'type': <FeatureType.VISUAL: 'VISUAL'>},
                               'observation.images.camera3': {'shape': (3,
                                                                        256,
                                                                        256),
                                                              'type': <FeatureType.VISUAL: 'VISUAL'>},
                               'observation.state': {'shape': (6,),
                                                     'type': <FeatureType.STATE: 'STATE'>}},
            'license': None,
            'load_vlm_weights': True,
            'max_action_dim': 32,
            'max_period': 4.0,
            'max_state_dim': 32,
            'min_period': 0.004,
            'n_action_steps': 50,
            'n_obs_steps': 1,
            'normalization_mapping': {'ACTION': <NormalizationMode.MEAN_STD: 'MEAN_STD'>,
                                      'STATE': <NormalizationMode.MEAN_STD: 'MEAN_STD'>,
                                      'VISUAL': <NormalizationMode.IDENTITY: 'IDENTITY'>},
            'num_expert_layers': 0,
            'num_steps': 10,
            'num_vlm_layers': 16,
            'optimizer_betas': (0.9, 0.95),
            'optimizer_eps': 1e-08,
            'optimizer_grad_clip_norm': 10.0,
            'optimizer_lr': 0.0001,
            'optimizer_weight_decay': 1e-10,
            'output_features': {'action': {'shape': (4,),
                                           'type': <FeatureType.ACTION: 'ACTION'>}},
            'pad_language_to': 'max_length',
            'prefix_length': 0,
            'pretrained_path': PosixPath('/data/zhonglinye/jun/lerobot/personal/work2/duibi/subzerocore_112_seed42_corner/subzerocore_112_seed42/checkpoints/002000/pretrained_model'),
            'pretrained_revision': None,
            'private': None,
            'push_to_hub': False,
            'repo_id': None,
            'resize_imgs_with_padding': (512, 512),
            'rtc_config': None,
            'scheduler_decay_lr': 2.5e-06,
            'scheduler_decay_steps': 30000,
            'scheduler_warmup_steps': 1000,
            'self_attn_every_n_layers': 2,
            'tags': None,
            'tokenizer_max_length': 48,
            'train_expert_only': True,
            'train_state_proj': False,
            'use_amp': False,
            'use_cache': True,
            'use_delta_joint_actions_aloha': False,
            'use_peft': False,
            'vlm_model_name': 'HuggingFaceTB/SmolVLM2-500M-Video-Instruct'},
 'rename_map': {'observation.images.top': 'observation.images.camera1',
                'observation.images.wrist': 'observation.images.camera2'},
 'seed': 1000,
 'trust_remote_code': False}
INFO 2026-09-20 13:55:40 ot_eval.py:1157 Set CUDA_VISIBLE_DEVICES=0 for policy and environment subprocesses
INFO 2026-09-20 13:55:40 ot_eval.py:1166 Output dir: /data/zhonglinye/jun/lerobot/personal/work2/attention_fig/quick_surrogate_eval/quick40_pickplace/shard_1_of_2/eval_outputs/subzerocore_112_seed42_corner_subzerocore_112_seed42_002000
INFO 2026-09-20 13:55:40 ot_eval.py:1168 Making environment (batch_size=5, async=True).
Creating Meta-World envs | task_groups=['pick-place-v3'] | n_envs(per task)=5
Building vec env | group=pick-place-v3 | task_id=0 | task=pick-place-v3
INFO 2026-09-20 13:55:40 ot_eval.py:1176 Making policy.
[DEBUG factory] policy_cls: <class 'lerobot.policies.smolvla.modeling_smolvla.SmolVLAPolicy'>
[DEBUG factory] policy_cls.__init__ signature: <function SmolVLAPolicy.__init__ at 0x759f46b97b00>
[DEBUG factory] kwargs keys: ['config', 'pretrained_name_or_path', 'revision']
Loading  HuggingFaceTB/SmolVLM2-500M-Video-Instruct weights ...
`torch_dtype` is deprecated! Use `dtype` instead!
Loading weights:   0%|          | 0/489 [00:00<?, ?it/s]Loading weights:  70%|██████▉   | 340/489 [00:00<00:00, 3386.92it/s]Loading weights: 100%|██████████| 489/489 [00:00<00:00, 3637.78it/s]

[HEARTBEAT] subzerocore_112_seed42_corner/subzerocore_112_seed42@002000: child still running, elapsed=20s / timeout=240s
Reducing the number of VLM layers to 16 ...
Loading weights from local directory
[HEARTBEAT] subzerocore_112_seed42_corner/subzerocore_112_seed42@002000: child still running, elapsed=30s / timeout=240s

Evaluating tasks:   0%|          | 0/1 [00:00<?, ?it/s]Evaluating (0/5 episodes):   0%|          | 0/1 [00:00<?, ?it/s]
[HEARTBEAT] subzerocore_112_seed42_corner/subzerocore_112_seed42@002000: child still running, elapsed=40s / timeout=240s

[HEARTBEAT] subzerocore_112_seed42_corner/subzerocore_112_seed42@002000: child still running, elapsed=50s / timeout=240s

[HEARTBEAT] subzerocore_112_seed42_corner/subzerocore_112_seed42@002000: child still running, elapsed=60s / timeout=240s

[HEARTBEAT] subzerocore_112_seed42_corner/subzerocore_112_seed42@002000: child still running, elapsed=70s / timeout=240s

[HEARTBEAT] subzerocore_112_seed42_corner/subzerocore_112_seed42@002000: child still running, elapsed=80s / timeout=240s
Evaluating (5/5 episodes, success: 3/5, rate: 60.0%):   0%|          | 0/1 [00:43<?, ?it/s]Evaluating (5/5 episodes, success: 3/5, rate: 60.0%): 100%|██████████| 1/1 [00:43<00:00, 43.10s/it]Evaluating (5/5 episodes, success: 3/5, rate: 60.0%): 100%|██████████| 1/1 [00:43<00:00, 43.10s/it]
INFO 2026-09-20 13:56:51 ot_eval.py:1092 Saved per-episode eval results to /data/zhonglinye/jun/lerobot/personal/work2/attention_fig/quick_surrogate_eval/quick40_pickplace/shard_1_of_2/eval_outputs/subzerocore_112_seed42_corner_subzerocore_112_seed42_002000/eval_results/pick-place-v3_0/eval_episode_results.json
Task 1/1: pick-place-v3 (episodes: 5, success: 3):   0%|          | 0/1 [00:43<?, ?it/s]Task 1/1: pick-place-v3 (episodes: 5, success: 3): 100%|██████████| 1/1 [00:43<00:00, 43.12s/it]Task 1/1: pick-place-v3 (episodes: 5, success: 3): 100%|██████████| 1/1 [00:43<00:00, 43.63s/it]
INFO 2026-09-20 13:56:52 ot_eval.py:1655 Saved per-episode eval results to /data/zhonglinye/jun/lerobot/personal/work2/attention_fig/quick_surrogate_eval/quick40_pickplace/shard_1_of_2/eval_outputs/subzerocore_112_seed42_corner_subzerocore_112_seed42_002000/eval_results/eval_episode_results.json
INFO 2026-09-20 13:56:52 ot_eval.py:1240 Overall Aggregated Metrics:
INFO 2026-09-20 13:56:52 ot_eval.py:1241 {'avg_sum_reward': 36.984374558428605, 'avg_max_reward': 3.0875904895057715, 'pc_success': 60.0, 'pc_grasp_success': 80.0, 'success@5mm': None, 'coffee_success_5mm_count': None, 'n_episodes': 5, 'eval_s': 43.630804777145386, 'eval_ep_s': 8.72616114616394, 'video_paths': [], 'predicted_video_paths': []}
INFO 2026-09-20 13:56:52 ot_eval.py:1245 
Aggregated Metrics for per_task:
INFO 2026-09-20 13:56:52 ot_eval.py:1246 [{'task_group': 'pick-place-v3', 'task_id': 0, 'metrics': {'sum_rewards': [82.79951409977602, 5.42647585465965, 50.710942435138804, 41.292309149953034, 4.692631252615505], 'max_rewards': [6.457700729370117, 0.11166502670646307, 2.2140573612192784, 6.452422142028809, 0.20210718820418994], 'successes': [True, False, False, True, True], 'grasp_successes': [True, False, True, True, True], 'video_paths': [], 'predicted_video_paths': [], 'success_at_5mm': [None, None, None, None, None], 'obj_to_targets': [0.0, 0.27208027243614197, 0.30689024925231934, 0.0, 0.0]}}]
INFO 2026-09-20 13:56:52 ot_eval.py:1245 
Aggregated Metrics for per_group:
INFO 2026-09-20 13:56:52 ot_eval.py:1246 {'pick-place-v3': {'avg_sum_reward': 36.984374558428605, 'avg_max_reward': 3.0875904895057715, 'pc_success': 60.0, 'pc_grasp_success': 80.0, 'success@5mm': None, 'coffee_success_5mm_count': None, 'n_episodes': 5, 'video_paths': [], 'predicted_video_paths': []}}
INFO 2026-09-20 13:56:52 ot_eval.py:1245 
Aggregated Metrics for overall:
INFO 2026-09-20 13:56:52 ot_eval.py:1246 {'avg_sum_reward': 36.984374558428605, 'avg_max_reward': 3.0875904895057715, 'pc_success': 60.0, 'pc_grasp_success': 80.0, 'success@5mm': None, 'coffee_success_5mm_count': None, 'n_episodes': 5, 'eval_s': 43.630804777145386, 'eval_ep_s': 8.72616114616394, 'video_paths': [], 'predicted_video_paths': []}
INFO 2026-09-20 13:56:52 ot_eval.py:1254 End of eval
[DONE] subzerocore_112_seed42_corner/subzerocore_112_seed42@002000: quick_success=60.0% quick_grasp=80.0%
[PROGRESS] shard=1/2 processed=23/52 successful_quick_results=9 global_elapsed=13.1 min

================================================================================
[MODEL 24/52] subzerocore_112_seed42_corner/subzerocore_112_seed42@004000 | historical=26.0% (200 episodes)
[PATH] /data/zhonglinye/jun/lerobot/personal/work2/duibi/subzerocore_112_seed42_corner/subzerocore_112_seed42/checkpoints/004000/pretrained_model
[CMD] lerobot-eval --policy.path=/data/zhonglinye/jun/lerobot/personal/work2/duibi/subzerocore_112_seed42_corner/subzerocore_112_seed42/checkpoints/004000/pretrained_model --env.type=metaworld --env.task=pick-place-v3 --env.camera_name=corner,gripperPOV --env.use_self_mw=true --eval.batch_size=5 --eval.n_episodes=5 --policy.device=cuda --policy.use_amp=false --seed=1000 --output_dir=/data/zhonglinye/jun/lerobot/personal/work2/attention_fig/quick_surrogate_eval/quick40_pickplace/shard_1_of_2/eval_outputs/subzerocore_112_seed42_corner_subzerocore_112_seed42_004000 --rename_map={"observation.images.top": "observation.images.camera1", "observation.images.wrist": "observation.images.camera2"}
================================================================================

[HEARTBEAT] subzerocore_112_seed42_corner/subzerocore_112_seed42@004000: child still running, elapsed=10s / timeout=240s
[DEBUG] Loaded config from: /data/zhonglinye/jun/lerobot/personal/work2/duibi/subzerocore_112_seed42_corner/subzerocore_112_seed42/checkpoints/004000/pretrained_model/config.json
[DEBUG] Config keys: ['type', 'n_obs_steps', 'input_features', 'output_features', 'device', 'use_amp', 'use_peft', 'push_to_hub', 'repo_id', 'private', 'tags', 'license', 'pretrained_path', 'pretrained_revision', 'chunk_size', 'n_action_steps', 'normalization_mapping', 'max_state_dim', 'max_action_dim', 'resize_imgs_with_padding', 'empty_cameras', 'adapt_to_pi_aloha', 'use_delta_joint_actions_aloha', 'tokenizer_max_length', 'num_steps', 'use_cache', 'freeze_vision_encoder', 'train_expert_only', 'train_state_proj', 'optimizer_lr', 'optimizer_betas', 'optimizer_eps', 'optimizer_weight_decay', 'optimizer_grad_clip_norm', 'scheduler_warmup_steps', 'scheduler_decay_steps', 'scheduler_decay_lr', 'vlm_model_name', 'load_vlm_weights', 'add_image_special_tokens', 'attention_mode', 'prefix_length', 'pad_language_to', 'num_expert_layers', 'num_vlm_layers', 'self_attn_every_n_layers', 'expert_width_multiplier', 'min_period', 'max_period', 'rtc_config', 'compile_model', 'compile_mode']
[DEBUG] policy_type parameter: None
[DEBUG] Extracted policy_type from config: smolvla
[DEBUG] Filtered config keys: ['n_obs_steps', 'input_features', 'output_features', 'device', 'use_amp', 'use_peft', 'push_to_hub', 'repo_id', 'private', 'tags', 'license', 'pretrained_path', 'pretrained_revision', 'chunk_size', 'n_action_steps', 'normalization_mapping', 'max_state_dim', 'max_action_dim', 'resize_imgs_with_padding', 'empty_cameras', 'adapt_to_pi_aloha', 'use_delta_joint_actions_aloha', 'tokenizer_max_length', 'num_steps', 'use_cache', 'freeze_vision_encoder', 'train_expert_only', 'train_state_proj', 'optimizer_lr', 'optimizer_betas', 'optimizer_eps', 'optimizer_weight_decay', 'optimizer_grad_clip_norm', 'scheduler_warmup_steps', 'scheduler_decay_steps', 'scheduler_decay_lr', 'vlm_model_name', 'load_vlm_weights', 'add_image_special_tokens', 'attention_mode', 'prefix_length', 'pad_language_to', 'num_expert_layers', 'num_vlm_layers', 'self_attn_every_n_layers', 'expert_width_multiplier', 'min_period', 'max_period', 'rtc_config', 'compile_model', 'compile_mode']
[DEBUG] Removed invalid keys: set()
WARNING 2026-09-20 13:57:06 figs/eval.py:69 No job name provided, using 'metaworld_smolvla' as job name.
INFO 2026-09-20 13:57:06 ot_eval.py:1146 {'env': {'camera_name': 'corner,gripperPOV',
         'disable_env_checker': True,
         'episode_length': 400,
         'features': {'action': {'shape': (4,),
                                 'type': <FeatureType.ACTION: 'ACTION'>},
                      'observation.images.camera1': {'shape': (3, 480, 480),
                                                     'type': <FeatureType.VISUAL: 'VISUAL'>},
                      'observation.images.camera2': {'shape': (3, 480, 480),
                                                     'type': <FeatureType.VISUAL: 'VISUAL'>},
                      'observation.state': {'shape': (4,),
                                            'type': <FeatureType.STATE: 'STATE'>}},
         'features_map': {'action': 'action',
                          'agent_pos': 'observation.state',
                          'observation.images.camera1': 'observation.images.camera1',
                          'observation.images.camera2': 'observation.images.camera2',
                          'observation.state': 'observation.state',
                          'pixels/top': 'observation.images.top',
                          'top': 'observation.image'},
         'fps': 80,
         'max_parallel_tasks': 1,
         'multitask_eval': True,
         'obs_type': 'pixels_agent_pos',
         'render_mode': 'rgb_array',
         'task': 'pick-place-v3',
         'use_self_mw': True},
 'eval': {'batch_size': 5,
          'n_episodes': 5,
          'recording': False,
          'recording_private': False,
          'recording_repo_id': None,
          'save_dataset': False,
          'use_async_envs': True},
 'job_name': 'metaworld_smolvla',
 'output_dir': PosixPath('/data/zhonglinye/jun/lerobot/personal/work2/attention_fig/quick_surrogate_eval/quick40_pickplace/shard_1_of_2/eval_outputs/subzerocore_112_seed42_corner_subzerocore_112_seed42_004000'),
 'policy': {'adapt_to_pi_aloha': False,
            'add_image_special_tokens': False,
            'attention_mode': 'cross_attn',
            'chunk_size': 50,
            'compile_mode': 'max-autotune',
            'compile_model': False,
            'device': 'cuda',
            'empty_cameras': 0,
            'expert_width_multiplier': 0.75,
            'freeze_vision_encoder': True,
            'input_features': {'observation.images.camera1': {'shape': (3,
                                                                        256,
                                                                        256),
                                                              'type': <FeatureType.VISUAL: 'VISUAL'>},
                               'observation.images.camera2': {'shape': (3,
                                                                        256,
                                                                        256),
                                                              'type': <FeatureType.VISUAL: 'VISUAL'>},
                               'observation.images.camera3': {'shape': (3,
                                                                        256,
                                                                        256),
                                                              'type': <FeatureType.VISUAL: 'VISUAL'>},
                               'observation.state': {'shape': (6,),
                                                     'type': <FeatureType.STATE: 'STATE'>}},
            'license': None,
            'load_vlm_weights': True,
            'max_action_dim': 32,
            'max_period': 4.0,
            'max_state_dim': 32,
            'min_period': 0.004,
            'n_action_steps': 50,
            'n_obs_steps': 1,
            'normalization_mapping': {'ACTION': <NormalizationMode.MEAN_STD: 'MEAN_STD'>,
                                      'STATE': <NormalizationMode.MEAN_STD: 'MEAN_STD'>,
                                      'VISUAL': <NormalizationMode.IDENTITY: 'IDENTITY'>},
            'num_expert_layers': 0,
            'num_steps': 10,
            'num_vlm_layers': 16,
            'optimizer_betas': (0.9, 0.95),
            'optimizer_eps': 1e-08,
            'optimizer_grad_clip_norm': 10.0,
            'optimizer_lr': 0.0001,
            'optimizer_weight_decay': 1e-10,
            'output_features': {'action': {'shape': (4,),
                                           'type': <FeatureType.ACTION: 'ACTION'>}},
            'pad_language_to': 'max_length',
            'prefix_length': 0,
            'pretrained_path': PosixPath('/data/zhonglinye/jun/lerobot/personal/work2/duibi/subzerocore_112_seed42_corner/subzerocore_112_seed42/checkpoints/004000/pretrained_model'),
            'pretrained_revision': None,
            'private': None,
            'push_to_hub': False,
            'repo_id': None,
            'resize_imgs_with_padding': (512, 512),
            'rtc_config': None,
            'scheduler_decay_lr': 2.5e-06,
            'scheduler_decay_steps': 30000,
            'scheduler_warmup_steps': 1000,
            'self_attn_every_n_layers': 2,
            'tags': None,
            'tokenizer_max_length': 48,
            'train_expert_only': True,
            'train_state_proj': False,
            'use_amp': False,
            'use_cache': True,
            'use_delta_joint_actions_aloha': False,
            'use_peft': False,
            'vlm_model_name': 'HuggingFaceTB/SmolVLM2-500M-Video-Instruct'},
 'rename_map': {'observation.images.top': 'observation.images.camera1',
                'observation.images.wrist': 'observation.images.camera2'},
 'seed': 1000,
 'trust_remote_code': False}
INFO 2026-09-20 13:57:06 ot_eval.py:1157 Set CUDA_VISIBLE_DEVICES=0 for policy and environment subprocesses
INFO 2026-09-20 13:57:06 ot_eval.py:1166 Output dir: /data/zhonglinye/jun/lerobot/personal/work2/attention_fig/quick_surrogate_eval/quick40_pickplace/shard_1_of_2/eval_outputs/subzerocore_112_seed42_corner_subzerocore_112_seed42_004000
INFO 2026-09-20 13:57:06 ot_eval.py:1168 Making environment (batch_size=5, async=True).
Creating Meta-World envs | task_groups=['pick-place-v3'] | n_envs(per task)=5
Building vec env | group=pick-place-v3 | task_id=0 | task=pick-place-v3
INFO 2026-09-20 13:57:06 ot_eval.py:1176 Making policy.
[DEBUG factory] policy_cls: <class 'lerobot.policies.smolvla.modeling_smolvla.SmolVLAPolicy'>
[DEBUG factory] policy_cls.__init__ signature: <function SmolVLAPolicy.__init__ at 0x7b1ee1be7b00>
[DEBUG factory] kwargs keys: ['config', 'pretrained_name_or_path', 'revision']
Loading  HuggingFaceTB/SmolVLM2-500M-Video-Instruct weights ...
`torch_dtype` is deprecated! Use `dtype` instead!
Loading weights:   0%|          | 0/489 [00:00<?, ?it/s]Loading weights:  61%|██████    | 297/489 [00:00<00:00, 2968.72it/s]Loading weights: 100%|██████████| 489/489 [00:00<00:00, 3314.32it/s]

[HEARTBEAT] subzerocore_112_seed42_corner/subzerocore_112_seed42@004000: child still running, elapsed=20s / timeout=240s
Reducing the number of VLM layers to 16 ...

[HEARTBEAT] subzerocore_112_seed42_corner/subzerocore_112_seed42@004000: child still running, elapsed=30s / timeout=240s
Loading weights from local directory
Evaluating tasks:   0%|          | 0/1 [00:00<?, ?it/s]
[HEARTBEAT] subzerocore_112_seed42_corner/subzerocore_112_seed42@004000: child still running, elapsed=40s / timeout=240s
Evaluating (0/5 episodes):   0%|          | 0/1 [00:00<?, ?it/s]
[HEARTBEAT] subzerocore_112_seed42_corner/subzerocore_112_seed42@004000: child still running, elapsed=50s / timeout=240s

[HEARTBEAT] subzerocore_112_seed42_corner/subzerocore_112_seed42@004000: child still running, elapsed=60s / timeout=240s

[HEARTBEAT] subzerocore_112_seed42_corner/subzerocore_112_seed42@004000: child still running, elapsed=70s / timeout=240s

[HEARTBEAT] subzerocore_112_seed42_corner/subzerocore_112_seed42@004000: child still running, elapsed=80s / timeout=240s
Evaluating (5/5 episodes, success: 2/5, rate: 40.0%):   0%|          | 0/1 [00:43<?, ?it/s]Evaluating (5/5 episodes, success: 2/5, rate: 40.0%): 100%|██████████| 1/1 [00:43<00:00, 43.82s/it]Evaluating (5/5 episodes, success: 2/5, rate: 40.0%): 100%|██████████| 1/1 [00:43<00:00, 43.82s/it]
INFO 2026-09-20 13:58:19 ot_eval.py:1092 Saved per-episode eval results to /data/zhonglinye/jun/lerobot/personal/work2/attention_fig/quick_surrogate_eval/quick40_pickplace/shard_1_of_2/eval_outputs/subzerocore_112_seed42_corner_subzerocore_112_seed42_004000/eval_results/pick-place-v3_0/eval_episode_results.json
Task 1/1: pick-place-v3 (episodes: 5, success: 2):   0%|          | 0/1 [00:43<?, ?it/s]Task 1/1: pick-place-v3 (episodes: 5, success: 2): 100%|██████████| 1/1 [00:43<00:00, 43.85s/it]Task 1/1: pick-place-v3 (episodes: 5, success: 2): 100%|██████████| 1/1 [00:44<00:00, 44.32s/it]
INFO 2026-09-20 13:58:20 ot_eval.py:1655 Saved per-episode eval results to /data/zhonglinye/jun/lerobot/personal/work2/attention_fig/quick_surrogate_eval/quick40_pickplace/shard_1_of_2/eval_outputs/subzerocore_112_seed42_corner_subzerocore_112_seed42_004000/eval_results/eval_episode_results.json
INFO 2026-09-20 13:58:20 ot_eval.py:1240 Overall Aggregated Metrics:
INFO 2026-09-20 13:58:20 ot_eval.py:1241 {'avg_sum_reward': 771.0666478270834, 'avg_max_reward': 4.611538033788556, 'pc_success': 40.0, 'pc_grasp_success': 80.0, 'success@5mm': None, 'coffee_success_5mm_count': None, 'n_episodes': 5, 'eval_s': 44.31666040420532, 'eval_ep_s': 8.863332319259644, 'video_paths': [], 'predicted_video_paths': []}
INFO 2026-09-20 13:58:20 ot_eval.py:1245 
Aggregated Metrics for per_task:
INFO 2026-09-20 13:58:20 ot_eval.py:1246 [{'task_group': 'pick-place-v3', 'task_id': 0, 'metrics': {'sum_rewards': [2052.2174865069605, 7.803657410938983, 134.4006165935123, 46.52284455826769, 1614.3886340657373], 'max_rewards': [5.687338451113893, 0.1213878849736627, 6.783205509185791, 6.518086910247803, 3.947671413421631], 'successes': [False, False, True, True, False], 'grasp_successes': [True, False, True, True, True], 'video_paths': [], 'predicted_video_paths': [], 'success_at_5mm': [None, None, None, None, None], 'obj_to_targets': [0.2618781626224518, 0.27208027243614197, 0.0, 0.0, 0.28933167457580566]}}]
INFO 2026-09-20 13:58:20 ot_eval.py:1245 
Aggregated Metrics for per_group:
INFO 2026-09-20 13:58:20 ot_eval.py:1246 {'pick-place-v3': {'avg_sum_reward': 771.0666478270834, 'avg_max_reward': 4.611538033788556, 'pc_success': 40.0, 'pc_grasp_success': 80.0, 'success@5mm': None, 'coffee_success_5mm_count': None, 'n_episodes': 5, 'video_paths': [], 'predicted_video_paths': []}}
INFO 2026-09-20 13:58:20 ot_eval.py:1245 
Aggregated Metrics for overall:
INFO 2026-09-20 13:58:20 ot_eval.py:1246 {'avg_sum_reward': 771.0666478270834, 'avg_max_reward': 4.611538033788556, 'pc_success': 40.0, 'pc_grasp_success': 80.0, 'success@5mm': None, 'coffee_success_5mm_count': None, 'n_episodes': 5, 'eval_s': 44.31666040420532, 'eval_ep_s': 8.863332319259644, 'video_paths': [], 'predicted_video_paths': []}
INFO 2026-09-20 13:58:20 ot_eval.py:1254 End of eval
[DONE] subzerocore_112_seed42_corner/subzerocore_112_seed42@004000: quick_success=40.0% quick_grasp=80.0%
[PROGRESS] shard=1/2 processed=24/52 successful_quick_results=10 global_elapsed=14.5 min

================================================================================
[MODEL 25/52] subzerocore_112_seed42_corner/subzerocore_112_seed42@006000 | historical=32.0% (200 episodes)
[PATH] /data/zhonglinye/jun/lerobot/personal/work2/duibi/subzerocore_112_seed42_corner/subzerocore_112_seed42/checkpoints/006000/pretrained_model
[CMD] lerobot-eval --policy.path=/data/zhonglinye/jun/lerobot/personal/work2/duibi/subzerocore_112_seed42_corner/subzerocore_112_seed42/checkpoints/006000/pretrained_model --env.type=metaworld --env.task=pick-place-v3 --env.camera_name=corner,gripperPOV --env.use_self_mw=true --eval.batch_size=5 --eval.n_episodes=5 --policy.device=cuda --policy.use_amp=false --seed=1000 --output_dir=/data/zhonglinye/jun/lerobot/personal/work2/attention_fig/quick_surrogate_eval/quick40_pickplace/shard_1_of_2/eval_outputs/subzerocore_112_seed42_corner_subzerocore_112_seed42_006000 --rename_map={"observation.images.top": "observation.images.camera1", "observation.images.wrist": "observation.images.camera2"}
================================================================================

[HEARTBEAT] subzerocore_112_seed42_corner/subzerocore_112_seed42@006000: child still running, elapsed=10s / timeout=240s
[DEBUG] Loaded config from: /data/zhonglinye/jun/lerobot/personal/work2/duibi/subzerocore_112_seed42_corner/subzerocore_112_seed42/checkpoints/006000/pretrained_model/config.json
[DEBUG] Config keys: ['type', 'n_obs_steps', 'input_features', 'output_features', 'device', 'use_amp', 'use_peft', 'push_to_hub', 'repo_id', 'private', 'tags', 'license', 'pretrained_path', 'pretrained_revision', 'chunk_size', 'n_action_steps', 'normalization_mapping', 'max_state_dim', 'max_action_dim', 'resize_imgs_with_padding', 'empty_cameras', 'adapt_to_pi_aloha', 'use_delta_joint_actions_aloha', 'tokenizer_max_length', 'num_steps', 'use_cache', 'freeze_vision_encoder', 'train_expert_only', 'train_state_proj', 'optimizer_lr', 'optimizer_betas', 'optimizer_eps', 'optimizer_weight_decay', 'optimizer_grad_clip_norm', 'scheduler_warmup_steps', 'scheduler_decay_steps', 'scheduler_decay_lr', 'vlm_model_name', 'load_vlm_weights', 'add_image_special_tokens', 'attention_mode', 'prefix_length', 'pad_language_to', 'num_expert_layers', 'num_vlm_layers', 'self_attn_every_n_layers', 'expert_width_multiplier', 'min_period', 'max_period', 'rtc_config', 'compile_model', 'compile_mode']
[DEBUG] policy_type parameter: None
[DEBUG] Extracted policy_type from config: smolvla
[DEBUG] Filtered config keys: ['n_obs_steps', 'input_features', 'output_features', 'device', 'use_amp', 'use_peft', 'push_to_hub', 'repo_id', 'private', 'tags', 'license', 'pretrained_path', 'pretrained_revision', 'chunk_size', 'n_action_steps', 'normalization_mapping', 'max_state_dim', 'max_action_dim', 'resize_imgs_with_padding', 'empty_cameras', 'adapt_to_pi_aloha', 'use_delta_joint_actions_aloha', 'tokenizer_max_length', 'num_steps', 'use_cache', 'freeze_vision_encoder', 'train_expert_only', 'train_state_proj', 'optimizer_lr', 'optimizer_betas', 'optimizer_eps', 'optimizer_weight_decay', 'optimizer_grad_clip_norm', 'scheduler_warmup_steps', 'scheduler_decay_steps', 'scheduler_decay_lr', 'vlm_model_name', 'load_vlm_weights', 'add_image_special_tokens', 'attention_mode', 'prefix_length', 'pad_language_to', 'num_expert_layers', 'num_vlm_layers', 'self_attn_every_n_layers', 'expert_width_multiplier', 'min_period', 'max_period', 'rtc_config', 'compile_model', 'compile_mode']
[DEBUG] Removed invalid keys: set()
WARNING 2026-09-20 13:58:33 figs/eval.py:69 No job name provided, using 'metaworld_smolvla' as job name.
INFO 2026-09-20 13:58:33 ot_eval.py:1146 {'env': {'camera_name': 'corner,gripperPOV',
         'disable_env_checker': True,
         'episode_length': 400,
         'features': {'action': {'shape': (4,),
                                 'type': <FeatureType.ACTION: 'ACTION'>},
                      'observation.images.camera1': {'shape': (3, 480, 480),
                                                     'type': <FeatureType.VISUAL: 'VISUAL'>},
                      'observation.images.camera2': {'shape': (3, 480, 480),
                                                     'type': <FeatureType.VISUAL: 'VISUAL'>},
                      'observation.state': {'shape': (4,),
                                            'type': <FeatureType.STATE: 'STATE'>}},
         'features_map': {'action': 'action',
                          'agent_pos': 'observation.state',
                          'observation.images.camera1': 'observation.images.camera1',
                          'observation.images.camera2': 'observation.images.camera2',
                          'observation.state': 'observation.state',
                          'pixels/top': 'observation.images.top',
                          'top': 'observation.image'},
         'fps': 80,
         'max_parallel_tasks': 1,
         'multitask_eval': True,
         'obs_type': 'pixels_agent_pos',
         'render_mode': 'rgb_array',
         'task': 'pick-place-v3',
         'use_self_mw': True},
 'eval': {'batch_size': 5,
          'n_episodes': 5,
          'recording': False,
          'recording_private': False,
          'recording_repo_id': None,
          'save_dataset': False,
          'use_async_envs': True},
 'job_name': 'metaworld_smolvla',
 'output_dir': PosixPath('/data/zhonglinye/jun/lerobot/personal/work2/attention_fig/quick_surrogate_eval/quick40_pickplace/shard_1_of_2/eval_outputs/subzerocore_112_seed42_corner_subzerocore_112_seed42_006000'),
 'policy': {'adapt_to_pi_aloha': False,
            'add_image_special_tokens': False,
            'attention_mode': 'cross_attn',
            'chunk_size': 50,
            'compile_mode': 'max-autotune',
            'compile_model': False,
            'device': 'cuda',
            'empty_cameras': 0,
            'expert_width_multiplier': 0.75,
            'freeze_vision_encoder': True,
            'input_features': {'observation.images.camera1': {'shape': (3,
                                                                        256,
                                                                        256),
                                                              'type': <FeatureType.VISUAL: 'VISUAL'>},
                               'observation.images.camera2': {'shape': (3,
                                                                        256,
                                                                        256),
                                                              'type': <FeatureType.VISUAL: 'VISUAL'>},
                               'observation.images.camera3': {'shape': (3,
                                                                        256,
                                                                        256),
                                                              'type': <FeatureType.VISUAL: 'VISUAL'>},
                               'observation.state': {'shape': (6,),
                                                     'type': <FeatureType.STATE: 'STATE'>}},
            'license': None,
            'load_vlm_weights': True,
            'max_action_dim': 32,
            'max_period': 4.0,
            'max_state_dim': 32,
            'min_period': 0.004,
            'n_action_steps': 50,
            'n_obs_steps': 1,
            'normalization_mapping': {'ACTION': <NormalizationMode.MEAN_STD: 'MEAN_STD'>,
                                      'STATE': <NormalizationMode.MEAN_STD: 'MEAN_STD'>,
                                      'VISUAL': <NormalizationMode.IDENTITY: 'IDENTITY'>},
            'num_expert_layers': 0,
            'num_steps': 10,
            'num_vlm_layers': 16,
            'optimizer_betas': (0.9, 0.95),
            'optimizer_eps': 1e-08,
            'optimizer_grad_clip_norm': 10.0,
            'optimizer_lr': 0.0001,
            'optimizer_weight_decay': 1e-10,
            'output_features': {'action': {'shape': (4,),
                                           'type': <FeatureType.ACTION: 'ACTION'>}},
            'pad_language_to': 'max_length',
            'prefix_length': 0,
            'pretrained_path': PosixPath('/data/zhonglinye/jun/lerobot/personal/work2/duibi/subzerocore_112_seed42_corner/subzerocore_112_seed42/checkpoints/006000/pretrained_model'),
            'pretrained_revision': None,
            'private': None,
            'push_to_hub': False,
            'repo_id': None,
            'resize_imgs_with_padding': (512, 512),
            'rtc_config': None,
            'scheduler_decay_lr': 2.5e-06,
            'scheduler_decay_steps': 30000,
            'scheduler_warmup_steps': 1000,
            'self_attn_every_n_layers': 2,
            'tags': None,
            'tokenizer_max_length': 48,
            'train_expert_only': True,
            'train_state_proj': False,
            'use_amp': False,
            'use_cache': True,
            'use_delta_joint_actions_aloha': False,
            'use_peft': False,
            'vlm_model_name': 'HuggingFaceTB/SmolVLM2-500M-Video-Instruct'},
 'rename_map': {'observation.images.top': 'observation.images.camera1',
                'observation.images.wrist': 'observation.images.camera2'},
 'seed': 1000,
 'trust_remote_code': False}
INFO 2026-09-20 13:58:33 ot_eval.py:1157 Set CUDA_VISIBLE_DEVICES=0 for policy and environment subprocesses
INFO 2026-09-20 13:58:33 ot_eval.py:1166 Output dir: /data/zhonglinye/jun/lerobot/personal/work2/attention_fig/quick_surrogate_eval/quick40_pickplace/shard_1_of_2/eval_outputs/subzerocore_112_seed42_corner_subzerocore_112_seed42_006000
INFO 2026-09-20 13:58:33 ot_eval.py:1168 Making environment (batch_size=5, async=True).
Creating Meta-World envs | task_groups=['pick-place-v3'] | n_envs(per task)=5
Building vec env | group=pick-place-v3 | task_id=0 | task=pick-place-v3
INFO 2026-09-20 13:58:34 ot_eval.py:1176 Making policy.
[DEBUG factory] policy_cls: <class 'lerobot.policies.smolvla.modeling_smolvla.SmolVLAPolicy'>
[DEBUG factory] policy_cls.__init__ signature: <function SmolVLAPolicy.__init__ at 0x796a3abd7b00>
[DEBUG factory] kwargs keys: ['config', 'pretrained_name_or_path', 'revision']
Loading  HuggingFaceTB/SmolVLM2-500M-Video-Instruct weights ...
`torch_dtype` is deprecated! Use `dtype` instead!
Loading weights:   0%|          | 0/489 [00:00<?, ?it/s]Loading weights:  59%|█████▉    | 289/489 [00:00<00:00, 2879.07it/s]Loading weights: 100%|██████████| 489/489 [00:00<00:00, 3448.63it/s]

[HEARTBEAT] subzerocore_112_seed42_corner/subzerocore_112_seed42@006000: child still running, elapsed=20s / timeout=240s
Reducing the number of VLM layers to 16 ...
Loading weights from local directory

[HEARTBEAT] subzerocore_112_seed42_corner/subzerocore_112_seed42@006000: child still running, elapsed=30s / timeout=240s
Evaluating tasks:   0%|          | 0/1 [00:00<?, ?it/s]Evaluating (0/5 episodes):   0%|          | 0/1 [00:00<?, ?it/s]
[HEARTBEAT] subzerocore_112_seed42_corner/subzerocore_112_seed42@006000: child still running, elapsed=40s / timeout=240s

[HEARTBEAT] subzerocore_112_seed42_corner/subzerocore_112_seed42@006000: child still running, elapsed=50s / timeout=240s

[HEARTBEAT] subzerocore_112_seed42_corner/subzerocore_112_seed42@006000: child still running, elapsed=60s / timeout=240s

[HEARTBEAT] subzerocore_112_seed42_corner/subzerocore_112_seed42@006000: child still running, elapsed=70s / timeout=240s

[HEARTBEAT] subzerocore_112_seed42_corner/subzerocore_112_seed42@006000: child still running, elapsed=80s / timeout=240s
Evaluating (5/5 episodes, success: 2/5, rate: 40.0%):   0%|          | 0/1 [00:43<?, ?it/s]Evaluating (5/5 episodes, success: 2/5, rate: 40.0%): 100%|██████████| 1/1 [00:43<00:00, 43.45s/it]Evaluating (5/5 episodes, success: 2/5, rate: 40.0%): 100%|██████████| 1/1 [00:43<00:00, 43.45s/it]
INFO 2026-09-20 13:59:44 ot_eval.py:1092 Saved per-episode eval results to /data/zhonglinye/jun/lerobot/personal/work2/attention_fig/quick_surrogate_eval/quick40_pickplace/shard_1_of_2/eval_outputs/subzerocore_112_seed42_corner_subzerocore_112_seed42_006000/eval_results/pick-place-v3_0/eval_episode_results.json
Task 1/1: pick-place-v3 (episodes: 5, success: 2):   0%|          | 0/1 [00:43<?, ?it/s]Task 1/1: pick-place-v3 (episodes: 5, success: 2): 100%|██████████| 1/1 [00:43<00:00, 43.47s/it]Task 1/1: pick-place-v3 (episodes: 5, success: 2): 100%|██████████| 1/1 [00:43<00:00, 43.95s/it]
INFO 2026-09-20 13:59:45 ot_eval.py:1655 Saved per-episode eval results to /data/zhonglinye/jun/lerobot/personal/work2/attention_fig/quick_surrogate_eval/quick40_pickplace/shard_1_of_2/eval_outputs/subzerocore_112_seed42_corner_subzerocore_112_seed42_006000/eval_results/eval_episode_results.json
INFO 2026-09-20 13:59:45 ot_eval.py:1240 Overall Aggregated Metrics:
INFO 2026-09-20 13:59:45 ot_eval.py:1241 {'avg_sum_reward': 807.6167299148353, 'avg_max_reward': 4.607796789077678, 'pc_success': 40.0, 'pc_grasp_success': 100.0, 'success@5mm': None, 'coffee_success_5mm_count': None, 'n_episodes': 5, 'eval_s': 43.95039892196655, 'eval_ep_s': 8.790079927444458, 'video_paths': [], 'predicted_video_paths': []}
INFO 2026-09-20 13:59:45 ot_eval.py:1245 
Aggregated Metrics for per_task:
INFO 2026-09-20 13:59:45 ot_eval.py:1246 [{'task_group': 'pick-place-v3', 'task_id': 0, 'metrics': {'sum_rewards': [2245.4783306923273, 7.863572154534214, 124.16719411519033, 55.216538335846906, 1605.3580142762776], 'max_rewards': [5.7379372562024855, 0.12691744152050055, 6.8103790283203125, 6.536563873291016, 3.827186346054077], 'successes': [False, False, True, True, False], 'grasp_successes': [True, True, True, True, True], 'video_paths': [], 'predicted_video_paths': [], 'success_at_5mm': [None, None, None, None, None], 'obj_to_targets': [0.2618781626224518, 0.27208027243614197, 0.0, 0.0, 0.28933167457580566]}}]
INFO 2026-09-20 13:59:45 ot_eval.py:1245 
Aggregated Metrics for per_group:
INFO 2026-09-20 13:59:45 ot_eval.py:1246 {'pick-place-v3': {'avg_sum_reward': 807.6167299148353, 'avg_max_reward': 4.607796789077678, 'pc_success': 40.0, 'pc_grasp_success': 100.0, 'success@5mm': None, 'coffee_success_5mm_count': None, 'n_episodes': 5, 'video_paths': [], 'predicted_video_paths': []}}
INFO 2026-09-20 13:59:45 ot_eval.py:1245 
Aggregated Metrics for overall:
INFO 2026-09-20 13:59:45 ot_eval.py:1246 {'avg_sum_reward': 807.6167299148353, 'avg_max_reward': 4.607796789077678, 'pc_success': 40.0, 'pc_grasp_success': 100.0, 'success@5mm': None, 'coffee_success_5mm_count': None, 'n_episodes': 5, 'eval_s': 43.95039892196655, 'eval_ep_s': 8.790079927444458, 'video_paths': [], 'predicted_video_paths': []}
INFO 2026-09-20 13:59:45 ot_eval.py:1254 End of eval
[DONE] subzerocore_112_seed42_corner/subzerocore_112_seed42@006000: quick_success=40.0% quick_grasp=100.0%
[PROGRESS] shard=1/2 processed=25/52 successful_quick_results=11 global_elapsed=16.0 min

================================================================================
[MODEL 26/52] subzerocore_112_seed42_corner/subzerocore_112_seed42@008000 | historical=30.0% (200 episodes)
[PATH] /data/zhonglinye/jun/lerobot/personal/work2/duibi/subzerocore_112_seed42_corner/subzerocore_112_seed42/checkpoints/008000/pretrained_model
[CMD] lerobot-eval --policy.path=/data/zhonglinye/jun/lerobot/personal/work2/duibi/subzerocore_112_seed42_corner/subzerocore_112_seed42/checkpoints/008000/pretrained_model --env.type=metaworld --env.task=pick-place-v3 --env.camera_name=corner,gripperPOV --env.use_self_mw=true --eval.batch_size=5 --eval.n_episodes=5 --policy.device=cuda --policy.use_amp=false --seed=1000 --output_dir=/data/zhonglinye/jun/lerobot/personal/work2/attention_fig/quick_surrogate_eval/quick40_pickplace/shard_1_of_2/eval_outputs/subzerocore_112_seed42_corner_subzerocore_112_seed42_008000 --rename_map={"observation.images.top": "observation.images.camera1", "observation.images.wrist": "observation.images.camera2"}
================================================================================

[HEARTBEAT] subzerocore_112_seed42_corner/subzerocore_112_seed42@008000: child still running, elapsed=10s / timeout=240s
[DEBUG] Loaded config from: /data/zhonglinye/jun/lerobot/personal/work2/duibi/subzerocore_112_seed42_corner/subzerocore_112_seed42/checkpoints/008000/pretrained_model/config.json
[DEBUG] Config keys: ['type', 'n_obs_steps', 'input_features', 'output_features', 'device', 'use_amp', 'use_peft', 'push_to_hub', 'repo_id', 'private', 'tags', 'license', 'pretrained_path', 'pretrained_revision', 'chunk_size', 'n_action_steps', 'normalization_mapping', 'max_state_dim', 'max_action_dim', 'resize_imgs_with_padding', 'empty_cameras', 'adapt_to_pi_aloha', 'use_delta_joint_actions_aloha', 'tokenizer_max_length', 'num_steps', 'use_cache', 'freeze_vision_encoder', 'train_expert_only', 'train_state_proj', 'optimizer_lr', 'optimizer_betas', 'optimizer_eps', 'optimizer_weight_decay', 'optimizer_grad_clip_norm', 'scheduler_warmup_steps', 'scheduler_decay_steps', 'scheduler_decay_lr', 'vlm_model_name', 'load_vlm_weights', 'add_image_special_tokens', 'attention_mode', 'prefix_length', 'pad_language_to', 'num_expert_layers', 'num_vlm_layers', 'self_attn_every_n_layers', 'expert_width_multiplier', 'min_period', 'max_period', 'rtc_config', 'compile_model', 'compile_mode']
[DEBUG] policy_type parameter: None
[DEBUG] Extracted policy_type from config: smolvla
[DEBUG] Filtered config keys: ['n_obs_steps', 'input_features', 'output_features', 'device', 'use_amp', 'use_peft', 'push_to_hub', 'repo_id', 'private', 'tags', 'license', 'pretrained_path', 'pretrained_revision', 'chunk_size', 'n_action_steps', 'normalization_mapping', 'max_state_dim', 'max_action_dim', 'resize_imgs_with_padding', 'empty_cameras', 'adapt_to_pi_aloha', 'use_delta_joint_actions_aloha', 'tokenizer_max_length', 'num_steps', 'use_cache', 'freeze_vision_encoder', 'train_expert_only', 'train_state_proj', 'optimizer_lr', 'optimizer_betas', 'optimizer_eps', 'optimizer_weight_decay', 'optimizer_grad_clip_norm', 'scheduler_warmup_steps', 'scheduler_decay_steps', 'scheduler_decay_lr', 'vlm_model_name', 'load_vlm_weights', 'add_image_special_tokens', 'attention_mode', 'prefix_length', 'pad_language_to', 'num_expert_layers', 'num_vlm_layers', 'self_attn_every_n_layers', 'expert_width_multiplier', 'min_period', 'max_period', 'rtc_config', 'compile_model', 'compile_mode']
[DEBUG] Removed invalid keys: set()
WARNING 2026-09-20 13:59:59 figs/eval.py:69 No job name provided, using 'metaworld_smolvla' as job name.
INFO 2026-09-20 13:59:59 ot_eval.py:1146 {'env': {'camera_name': 'corner,gripperPOV',
         'disable_env_checker': True,
         'episode_length': 400,
         'features': {'action': {'shape': (4,),
                                 'type': <FeatureType.ACTION: 'ACTION'>},
                      'observation.images.camera1': {'shape': (3, 480, 480),
                                                     'type': <FeatureType.VISUAL: 'VISUAL'>},
                      'observation.images.camera2': {'shape': (3, 480, 480),
                                                     'type': <FeatureType.VISUAL: 'VISUAL'>},
                      'observation.state': {'shape': (4,),
                                            'type': <FeatureType.STATE: 'STATE'>}},
         'features_map': {'action': 'action',
                          'agent_pos': 'observation.state',
                          'observation.images.camera1': 'observation.images.camera1',
                          'observation.images.camera2': 'observation.images.camera2',
                          'observation.state': 'observation.state',
                          'pixels/top': 'observation.images.top',
                          'top': 'observation.image'},
         'fps': 80,
         'max_parallel_tasks': 1,
         'multitask_eval': True,
         'obs_type': 'pixels_agent_pos',
         'render_mode': 'rgb_array',
         'task': 'pick-place-v3',
         'use_self_mw': True},
 'eval': {'batch_size': 5,
          'n_episodes': 5,
          'recording': False,
          'recording_private': False,
          'recording_repo_id': None,
          'save_dataset': False,
          'use_async_envs': True},
 'job_name': 'metaworld_smolvla',
 'output_dir': PosixPath('/data/zhonglinye/jun/lerobot/personal/work2/attention_fig/quick_surrogate_eval/quick40_pickplace/shard_1_of_2/eval_outputs/subzerocore_112_seed42_corner_subzerocore_112_seed42_008000'),
 'policy': {'adapt_to_pi_aloha': False,
            'add_image_special_tokens': False,
            'attention_mode': 'cross_attn',
            'chunk_size': 50,
            'compile_mode': 'max-autotune',
            'compile_model': False,
            'device': 'cuda',
            'empty_cameras': 0,
            'expert_width_multiplier': 0.75,
            'freeze_vision_encoder': True,
            'input_features': {'observation.images.camera1': {'shape': (3,
                                                                        256,
                                                                        256),
                                                              'type': <FeatureType.VISUAL: 'VISUAL'>},
                               'observation.images.camera2': {'shape': (3,
                                                                        256,
                                                                        256),
                                                              'type': <FeatureType.VISUAL: 'VISUAL'>},
                               'observation.images.camera3': {'shape': (3,
                                                                        256,
                                                                        256),
                                                              'type': <FeatureType.VISUAL: 'VISUAL'>},
                               'observation.state': {'shape': (6,),
                                                     'type': <FeatureType.STATE: 'STATE'>}},
            'license': None,
            'load_vlm_weights': True,
            'max_action_dim': 32,
            'max_period': 4.0,
            'max_state_dim': 32,
            'min_period': 0.004,
            'n_action_steps': 50,
            'n_obs_steps': 1,
            'normalization_mapping': {'ACTION': <NormalizationMode.MEAN_STD: 'MEAN_STD'>,
                                      'STATE': <NormalizationMode.MEAN_STD: 'MEAN_STD'>,
                                      'VISUAL': <NormalizationMode.IDENTITY: 'IDENTITY'>},
            'num_expert_layers': 0,
            'num_steps': 10,
            'num_vlm_layers': 16,
            'optimizer_betas': (0.9, 0.95),
            'optimizer_eps': 1e-08,
            'optimizer_grad_clip_norm': 10.0,
            'optimizer_lr': 0.0001,
            'optimizer_weight_decay': 1e-10,
            'output_features': {'action': {'shape': (4,),
                                           'type': <FeatureType.ACTION: 'ACTION'>}},
            'pad_language_to': 'max_length',
            'prefix_length': 0,
            'pretrained_path': PosixPath('/data/zhonglinye/jun/lerobot/personal/work2/duibi/subzerocore_112_seed42_corner/subzerocore_112_seed42/checkpoints/008000/pretrained_model'),
            'pretrained_revision': None,
            'private': None,
            'push_to_hub': False,
            'repo_id': None,
            'resize_imgs_with_padding': (512, 512),
            'rtc_config': None,
            'scheduler_decay_lr': 2.5e-06,
            'scheduler_decay_steps': 30000,
            'scheduler_warmup_steps': 1000,
            'self_attn_every_n_layers': 2,
            'tags': None,
            'tokenizer_max_length': 48,
            'train_expert_only': True,
            'train_state_proj': False,
            'use_amp': False,
            'use_cache': True,
            'use_delta_joint_actions_aloha': False,
            'use_peft': False,
            'vlm_model_name': 'HuggingFaceTB/SmolVLM2-500M-Video-Instruct'},
 'rename_map': {'observation.images.top': 'observation.images.camera1',
                'observation.images.wrist': 'observation.images.camera2'},
 'seed': 1000,
 'trust_remote_code': False}
INFO 2026-09-20 13:59:59 ot_eval.py:1157 Set CUDA_VISIBLE_DEVICES=0 for policy and environment subprocesses
INFO 2026-09-20 13:59:59 ot_eval.py:1166 Output dir: /data/zhonglinye/jun/lerobot/personal/work2/attention_fig/quick_surrogate_eval/quick40_pickplace/shard_1_of_2/eval_outputs/subzerocore_112_seed42_corner_subzerocore_112_seed42_008000
INFO 2026-09-20 13:59:59 ot_eval.py:1168 Making environment (batch_size=5, async=True).
Creating Meta-World envs | task_groups=['pick-place-v3'] | n_envs(per task)=5
Building vec env | group=pick-place-v3 | task_id=0 | task=pick-place-v3
INFO 2026-09-20 13:59:59 ot_eval.py:1176 Making policy.
[DEBUG factory] policy_cls: <class 'lerobot.policies.smolvla.modeling_smolvla.SmolVLAPolicy'>
[DEBUG factory] policy_cls.__init__ signature: <function SmolVLAPolicy.__init__ at 0x705e7c3e3b00>
[DEBUG factory] kwargs keys: ['config', 'pretrained_name_or_path', 'revision']
Loading  HuggingFaceTB/SmolVLM2-500M-Video-Instruct weights ...
`torch_dtype` is deprecated! Use `dtype` instead!
Loading weights:   0%|          | 0/489 [00:00<?, ?it/s]Loading weights:  64%|██████▍   | 314/489 [00:00<00:00, 3137.66it/s]Loading weights: 100%|██████████| 489/489 [00:00<00:00, 3453.03it/s]

[HEARTBEAT] subzerocore_112_seed42_corner/subzerocore_112_seed42@008000: child still running, elapsed=20s / timeout=240s
Reducing the number of VLM layers to 16 ...

[HEARTBEAT] subzerocore_112_seed42_corner/subzerocore_112_seed42@008000: child still running, elapsed=30s / timeout=240s
Loading weights from local directory
Evaluating tasks:   0%|          | 0/1 [00:00<?, ?it/s]Evaluating (0/5 episodes):   0%|          | 0/1 [00:00<?, ?it/s]
[HEARTBEAT] subzerocore_112_seed42_corner/subzerocore_112_seed42@008000: child still running, elapsed=40s / timeout=240s

[HEARTBEAT] subzerocore_112_seed42_corner/subzerocore_112_seed42@008000: child still running, elapsed=51s / timeout=240s

[HEARTBEAT] subzerocore_112_seed42_corner/subzerocore_112_seed42@008000: child still running, elapsed=61s / timeout=240s

[HEARTBEAT] subzerocore_112_seed42_corner/subzerocore_112_seed42@008000: child still running, elapsed=71s / timeout=240s

[HEARTBEAT] subzerocore_112_seed42_corner/subzerocore_112_seed42@008000: child still running, elapsed=81s / timeout=240s
Evaluating (5/5 episodes, success: 1/5, rate: 20.0%):   0%|          | 0/1 [00:44<?, ?it/s]Evaluating (5/5 episodes, success: 1/5, rate: 20.0%): 100%|██████████| 1/1 [00:44<00:00, 44.15s/it]Evaluating (5/5 episodes, success: 1/5, rate: 20.0%): 100%|██████████| 1/1 [00:44<00:00, 44.15s/it]
INFO 2026-09-20 14:01:12 ot_eval.py:1092 Saved per-episode eval results to /data/zhonglinye/jun/lerobot/personal/work2/attention_fig/quick_surrogate_eval/quick40_pickplace/shard_1_of_2/eval_outputs/subzerocore_112_seed42_corner_subzerocore_112_seed42_008000/eval_results/pick-place-v3_0/eval_episode_results.json
Task 1/1: pick-place-v3 (episodes: 5, success: 1):   0%|          | 0/1 [00:44<?, ?it/s]Task 1/1: pick-place-v3 (episodes: 5, success: 1): 100%|██████████| 1/1 [00:44<00:00, 44.17s/it]Task 1/1: pick-place-v3 (episodes: 5, success: 1): 100%|██████████| 1/1 [00:44<00:00, 44.66s/it]
INFO 2026-09-20 14:01:12 ot_eval.py:1655 Saved per-episode eval results to /data/zhonglinye/jun/lerobot/personal/work2/attention_fig/quick_surrogate_eval/quick40_pickplace/shard_1_of_2/eval_outputs/subzerocore_112_seed42_corner_subzerocore_112_seed42_008000/eval_results/eval_episode_results.json
INFO 2026-09-20 14:01:12 ot_eval.py:1240 Overall Aggregated Metrics:
INFO 2026-09-20 14:01:12 ot_eval.py:1241 {'avg_sum_reward': 934.6537835076344, 'avg_max_reward': 4.535175491544903, 'pc_success': 20.0, 'pc_grasp_success': 100.0, 'success@5mm': None, 'coffee_success_5mm_count': None, 'n_episodes': 5, 'eval_s': 44.66207218170166, 'eval_ep_s': 8.932414627075195, 'video_paths': [], 'predicted_video_paths': []}
INFO 2026-09-20 14:01:12 ot_eval.py:1245 
Aggregated Metrics for per_task:
INFO 2026-09-20 14:01:12 ot_eval.py:1246 [{'task_group': 'pick-place-v3', 'task_id': 0, 'metrics': {'sum_rewards': [2366.7096425055533, 7.4754177248173, 135.09398944919604, 2102.9893028835886, 61.00056497501687], 'max_rewards': [5.846895217895508, 0.1314809021236154, 6.808471202850342, 6.4005889892578125, 3.488441145597238], 'successes': [False, False, True, False, False], 'grasp_successes': [True, True, True, True, True], 'video_paths': [], 'predicted_video_paths': [], 'success_at_5mm': [None, None, None, None, None], 'obj_to_targets': [0.2618781626224518, 0.27208027243614197, 0.0, 0.2635713219642639, 0.28933167457580566]}}]
INFO 2026-09-20 14:01:12 ot_eval.py:1245 
Aggregated Metrics for per_group:
INFO 2026-09-20 14:01:12 ot_eval.py:1246 {'pick-place-v3': {'avg_sum_reward': 934.6537835076344, 'avg_max_reward': 4.535175491544903, 'pc_success': 20.0, 'pc_grasp_success': 100.0, 'success@5mm': None, 'coffee_success_5mm_count': None, 'n_episodes': 5, 'video_paths': [], 'predicted_video_paths': []}}
INFO 2026-09-20 14:01:12 ot_eval.py:1245 
Aggregated Metrics for overall:
INFO 2026-09-20 14:01:12 ot_eval.py:1246 {'avg_sum_reward': 934.6537835076344, 'avg_max_reward': 4.535175491544903, 'pc_success': 20.0, 'pc_grasp_success': 100.0, 'success@5mm': None, 'coffee_success_5mm_count': None, 'n_episodes': 5, 'eval_s': 44.66207218170166, 'eval_ep_s': 8.932414627075195, 'video_paths': [], 'predicted_video_paths': []}
INFO 2026-09-20 14:01:12 ot_eval.py:1254 End of eval
[DONE] subzerocore_112_seed42_corner/subzerocore_112_seed42@008000: quick_success=20.0% quick_grasp=100.0%
[PROGRESS] shard=1/2 processed=26/52 successful_quick_results=12 global_elapsed=17.4 min

================================================================================
[MODEL 27/52] subzerocore_112_seed42_corner/subzerocore_112_seed42@010000 | historical=30.5% (200 episodes)
[PATH] /data/zhonglinye/jun/lerobot/personal/work2/duibi/subzerocore_112_seed42_corner/subzerocore_112_seed42/checkpoints/010000/pretrained_model
[CMD] lerobot-eval --policy.path=/data/zhonglinye/jun/lerobot/personal/work2/duibi/subzerocore_112_seed42_corner/subzerocore_112_seed42/checkpoints/010000/pretrained_model --env.type=metaworld --env.task=pick-place-v3 --env.camera_name=corner,gripperPOV --env.use_self_mw=true --eval.batch_size=5 --eval.n_episodes=5 --policy.device=cuda --policy.use_amp=false --seed=1000 --output_dir=/data/zhonglinye/jun/lerobot/personal/work2/attention_fig/quick_surrogate_eval/quick40_pickplace/shard_1_of_2/eval_outputs/subzerocore_112_seed42_corner_subzerocore_112_seed42_010000 --rename_map={"observation.images.top": "observation.images.camera1", "observation.images.wrist": "observation.images.camera2"}
================================================================================

[HEARTBEAT] subzerocore_112_seed42_corner/subzerocore_112_seed42@010000: child still running, elapsed=10s / timeout=240s
[DEBUG] Loaded config from: /data/zhonglinye/jun/lerobot/personal/work2/duibi/subzerocore_112_seed42_corner/subzerocore_112_seed42/checkpoints/010000/pretrained_model/config.json
[DEBUG] Config keys: ['type', 'n_obs_steps', 'input_features', 'output_features', 'device', 'use_amp', 'use_peft', 'push_to_hub', 'repo_id', 'private', 'tags', 'license', 'pretrained_path', 'pretrained_revision', 'chunk_size', 'n_action_steps', 'normalization_mapping', 'max_state_dim', 'max_action_dim', 'resize_imgs_with_padding', 'empty_cameras', 'adapt_to_pi_aloha', 'use_delta_joint_actions_aloha', 'tokenizer_max_length', 'num_steps', 'use_cache', 'freeze_vision_encoder', 'train_expert_only', 'train_state_proj', 'optimizer_lr', 'optimizer_betas', 'optimizer_eps', 'optimizer_weight_decay', 'optimizer_grad_clip_norm', 'scheduler_warmup_steps', 'scheduler_decay_steps', 'scheduler_decay_lr', 'vlm_model_name', 'load_vlm_weights', 'add_image_special_tokens', 'attention_mode', 'prefix_length', 'pad_language_to', 'num_expert_layers', 'num_vlm_layers', 'self_attn_every_n_layers', 'expert_width_multiplier', 'min_period', 'max_period', 'rtc_config', 'compile_model', 'compile_mode']
[DEBUG] policy_type parameter: None
[DEBUG] Extracted policy_type from config: smolvla
[DEBUG] Filtered config keys: ['n_obs_steps', 'input_features', 'output_features', 'device', 'use_amp', 'use_peft', 'push_to_hub', 'repo_id', 'private', 'tags', 'license', 'pretrained_path', 'pretrained_revision', 'chunk_size', 'n_action_steps', 'normalization_mapping', 'max_state_dim', 'max_action_dim', 'resize_imgs_with_padding', 'empty_cameras', 'adapt_to_pi_aloha', 'use_delta_joint_actions_aloha', 'tokenizer_max_length', 'num_steps', 'use_cache', 'freeze_vision_encoder', 'train_expert_only', 'train_state_proj', 'optimizer_lr', 'optimizer_betas', 'optimizer_eps', 'optimizer_weight_decay', 'optimizer_grad_clip_norm', 'scheduler_warmup_steps', 'scheduler_decay_steps', 'scheduler_decay_lr', 'vlm_model_name', 'load_vlm_weights', 'add_image_special_tokens', 'attention_mode', 'prefix_length', 'pad_language_to', 'num_expert_layers', 'num_vlm_layers', 'self_attn_every_n_layers', 'expert_width_multiplier', 'min_period', 'max_period', 'rtc_config', 'compile_model', 'compile_mode']
[DEBUG] Removed invalid keys: set()
WARNING 2026-09-20 14:01:26 figs/eval.py:69 No job name provided, using 'metaworld_smolvla' as job name.
INFO 2026-09-20 14:01:26 ot_eval.py:1146 {'env': {'camera_name': 'corner,gripperPOV',
         'disable_env_checker': True,
         'episode_length': 400,
         'features': {'action': {'shape': (4,),
                                 'type': <FeatureType.ACTION: 'ACTION'>},
                      'observation.images.camera1': {'shape': (3, 480, 480),
                                                     'type': <FeatureType.VISUAL: 'VISUAL'>},
                      'observation.images.camera2': {'shape': (3, 480, 480),
                                                     'type': <FeatureType.VISUAL: 'VISUAL'>},
                      'observation.state': {'shape': (4,),
                                            'type': <FeatureType.STATE: 'STATE'>}},
         'features_map': {'action': 'action',
                          'agent_pos': 'observation.state',
                          'observation.images.camera1': 'observation.images.camera1',
                          'observation.images.camera2': 'observation.images.camera2',
                          'observation.state': 'observation.state',
                          'pixels/top': 'observation.images.top',
                          'top': 'observation.image'},
         'fps': 80,
         'max_parallel_tasks': 1,
         'multitask_eval': True,
         'obs_type': 'pixels_agent_pos',
         'render_mode': 'rgb_array',
         'task': 'pick-place-v3',
         'use_self_mw': True},
 'eval': {'batch_size': 5,
          'n_episodes': 5,
          'recording': False,
          'recording_private': False,
          'recording_repo_id': None,
          'save_dataset': False,
          'use_async_envs': True},
 'job_name': 'metaworld_smolvla',
 'output_dir': PosixPath('/data/zhonglinye/jun/lerobot/personal/work2/attention_fig/quick_surrogate_eval/quick40_pickplace/shard_1_of_2/eval_outputs/subzerocore_112_seed42_corner_subzerocore_112_seed42_010000'),
 'policy': {'adapt_to_pi_aloha': False,
            'add_image_special_tokens': False,
            'attention_mode': 'cross_attn',
            'chunk_size': 50,
            'compile_mode': 'max-autotune',
            'compile_model': False,
            'device': 'cuda',
            'empty_cameras': 0,
            'expert_width_multiplier': 0.75,
            'freeze_vision_encoder': True,
            'input_features': {'observation.images.camera1': {'shape': (3,
                                                                        256,
                                                                        256),
                                                              'type': <FeatureType.VISUAL: 'VISUAL'>},
                               'observation.images.camera2': {'shape': (3,
                                                                        256,
                                                                        256),
                                                              'type': <FeatureType.VISUAL: 'VISUAL'>},
                               'observation.images.camera3': {'shape': (3,
                                                                        256,
                                                                        256),
                                                              'type': <FeatureType.VISUAL: 'VISUAL'>},
                               'observation.state': {'shape': (6,),
                                                     'type': <FeatureType.STATE: 'STATE'>}},
            'license': None,
            'load_vlm_weights': True,
            'max_action_dim': 32,
            'max_period': 4.0,
            'max_state_dim': 32,
            'min_period': 0.004,
            'n_action_steps': 50,
            'n_obs_steps': 1,
            'normalization_mapping': {'ACTION': <NormalizationMode.MEAN_STD: 'MEAN_STD'>,
                                      'STATE': <NormalizationMode.MEAN_STD: 'MEAN_STD'>,
                                      'VISUAL': <NormalizationMode.IDENTITY: 'IDENTITY'>},
            'num_expert_layers': 0,
            'num_steps': 10,
            'num_vlm_layers': 16,
            'optimizer_betas': (0.9, 0.95),
            'optimizer_eps': 1e-08,
            'optimizer_grad_clip_norm': 10.0,
            'optimizer_lr': 0.0001,
            'optimizer_weight_decay': 1e-10,
            'output_features': {'action': {'shape': (4,),
                                           'type': <FeatureType.ACTION: 'ACTION'>}},
            'pad_language_to': 'max_length',
            'prefix_length': 0,
            'pretrained_path': PosixPath('/data/zhonglinye/jun/lerobot/personal/work2/duibi/subzerocore_112_seed42_corner/subzerocore_112_seed42/checkpoints/010000/pretrained_model'),
            'pretrained_revision': None,
            'private': None,
            'push_to_hub': False,
            'repo_id': None,
            'resize_imgs_with_padding': (512, 512),
            'rtc_config': None,
            'scheduler_decay_lr': 2.5e-06,
            'scheduler_decay_steps': 30000,
            'scheduler_warmup_steps': 1000,
            'self_attn_every_n_layers': 2,
            'tags': None,
            'tokenizer_max_length': 48,
            'train_expert_only': True,
            'train_state_proj': False,
            'use_amp': False,
            'use_cache': True,
            'use_delta_joint_actions_aloha': False,
            'use_peft': False,
            'vlm_model_name': 'HuggingFaceTB/SmolVLM2-500M-Video-Instruct'},
 'rename_map': {'observation.images.top': 'observation.images.camera1',
                'observation.images.wrist': 'observation.images.camera2'},
 'seed': 1000,
 'trust_remote_code': False}
INFO 2026-09-20 14:01:26 ot_eval.py:1157 Set CUDA_VISIBLE_DEVICES=0 for policy and environment subprocesses
INFO 2026-09-20 14:01:26 ot_eval.py:1166 Output dir: /data/zhonglinye/jun/lerobot/personal/work2/attention_fig/quick_surrogate_eval/quick40_pickplace/shard_1_of_2/eval_outputs/subzerocore_112_seed42_corner_subzerocore_112_seed42_010000
INFO 2026-09-20 14:01:26 ot_eval.py:1168 Making environment (batch_size=5, async=True).
Creating Meta-World envs | task_groups=['pick-place-v3'] | n_envs(per task)=5
Building vec env | group=pick-place-v3 | task_id=0 | task=pick-place-v3
INFO 2026-09-20 14:01:26 ot_eval.py:1176 Making policy.
[DEBUG factory] policy_cls: <class 'lerobot.policies.smolvla.modeling_smolvla.SmolVLAPolicy'>
[DEBUG factory] policy_cls.__init__ signature: <function SmolVLAPolicy.__init__ at 0x74e2a1bebb00>
[DEBUG factory] kwargs keys: ['config', 'pretrained_name_or_path', 'revision']
Loading  HuggingFaceTB/SmolVLM2-500M-Video-Instruct weights ...
`torch_dtype` is deprecated! Use `dtype` instead!
Loading weights:   0%|          | 0/489 [00:00<?, ?it/s]Loading weights:  54%|█████▎    | 262/489 [00:00<00:00, 2605.33it/s]Loading weights: 100%|██████████| 489/489 [00:00<00:00, 2919.65it/s]

[HEARTBEAT] subzerocore_112_seed42_corner/subzerocore_112_seed42@010000: child still running, elapsed=20s / timeout=240s
Reducing the number of VLM layers to 16 ...

[HEARTBEAT] subzerocore_112_seed42_corner/subzerocore_112_seed42@010000: child still running, elapsed=30s / timeout=240s
Loading weights from local directory
Evaluating tasks:   0%|          | 0/1 [00:00<?, ?it/s]Evaluating (0/5 episodes):   0%|          | 0/1 [00:00<?, ?it/s]
[HEARTBEAT] subzerocore_112_seed42_corner/subzerocore_112_seed42@010000: child still running, elapsed=40s / timeout=240s

[HEARTBEAT] subzerocore_112_seed42_corner/subzerocore_112_seed42@010000: child still running, elapsed=50s / timeout=240s

[HEARTBEAT] subzerocore_112_seed42_corner/subzerocore_112_seed42@010000: child still running, elapsed=60s / timeout=240s

[HEARTBEAT] subzerocore_112_seed42_corner/subzerocore_112_seed42@010000: child still running, elapsed=70s / timeout=240s

[HEARTBEAT] subzerocore_112_seed42_corner/subzerocore_112_seed42@010000: child still running, elapsed=80s / timeout=240s
Evaluating (5/5 episodes, success: 2/5, rate: 40.0%):   0%|          | 0/1 [00:43<?, ?it/s]Evaluating (5/5 episodes, success: 2/5, rate: 40.0%): 100%|██████████| 1/1 [00:43<00:00, 43.23s/it]Evaluating (5/5 episodes, success: 2/5, rate: 40.0%): 100%|██████████| 1/1 [00:43<00:00, 43.23s/it]
INFO 2026-09-20 14:02:37 ot_eval.py:1092 Saved per-episode eval results to /data/zhonglinye/jun/lerobot/personal/work2/attention_fig/quick_surrogate_eval/quick40_pickplace/shard_1_of_2/eval_outputs/subzerocore_112_seed42_corner_subzerocore_112_seed42_010000/eval_results/pick-place-v3_0/eval_episode_results.json
Task 1/1: pick-place-v3 (episodes: 5, success: 2):   0%|          | 0/1 [00:43<?, ?it/s]Task 1/1: pick-place-v3 (episodes: 5, success: 2): 100%|██████████| 1/1 [00:43<00:00, 43.24s/it]Task 1/1: pick-place-v3 (episodes: 5, success: 2): 100%|██████████| 1/1 [00:43<00:00, 43.75s/it]
INFO 2026-09-20 14:02:38 ot_eval.py:1655 Saved per-episode eval results to /data/zhonglinye/jun/lerobot/personal/work2/attention_fig/quick_surrogate_eval/quick40_pickplace/shard_1_of_2/eval_outputs/subzerocore_112_seed42_corner_subzerocore_112_seed42_010000/eval_results/eval_episode_results.json
INFO 2026-09-20 14:02:38 ot_eval.py:1240 Overall Aggregated Metrics:
INFO 2026-09-20 14:02:38 ot_eval.py:1241 {'avg_sum_reward': 763.7254852343428, 'avg_max_reward': 4.533571654834669, 'pc_success': 40.0, 'pc_grasp_success': 100.0, 'success@5mm': None, 'coffee_success_5mm_count': None, 'n_episodes': 5, 'eval_s': 43.74910569190979, 'eval_ep_s': 8.749821281433105, 'video_paths': [], 'predicted_video_paths': []}
INFO 2026-09-20 14:02:38 ot_eval.py:1245 
Aggregated Metrics for per_task:
INFO 2026-09-20 14:02:38 ot_eval.py:1246 [{'task_group': 'pick-place-v3', 'task_id': 0, 'metrics': {'sum_rewards': [2339.6705218318725, 6.901737781534385, 129.29023581848423, 60.448961239854256, 1282.315969499969], 'max_rewards': [5.734190423655336, 0.13627643587567786, 6.779080867767334, 6.4556779861450195, 3.5626325607299805], 'successes': [False, False, True, True, False], 'grasp_successes': [True, True, True, True, True], 'video_paths': [], 'predicted_video_paths': [], 'success_at_5mm': [None, None, None, None, None], 'obj_to_targets': [0.2618781626224518, 0.27208027243614197, 0.0, 0.0, 0.28933167457580566]}}]
INFO 2026-09-20 14:02:38 ot_eval.py:1245 
Aggregated Metrics for per_group:
INFO 2026-09-20 14:02:38 ot_eval.py:1246 {'pick-place-v3': {'avg_sum_reward': 763.7254852343428, 'avg_max_reward': 4.533571654834669, 'pc_success': 40.0, 'pc_grasp_success': 100.0, 'success@5mm': None, 'coffee_success_5mm_count': None, 'n_episodes': 5, 'video_paths': [], 'predicted_video_paths': []}}
INFO 2026-09-20 14:02:38 ot_eval.py:1245 
Aggregated Metrics for overall:
INFO 2026-09-20 14:02:38 ot_eval.py:1246 {'avg_sum_reward': 763.7254852343428, 'avg_max_reward': 4.533571654834669, 'pc_success': 40.0, 'pc_grasp_success': 100.0, 'success@5mm': None, 'coffee_success_5mm_count': None, 'n_episodes': 5, 'eval_s': 43.74910569190979, 'eval_ep_s': 8.749821281433105, 'video_paths': [], 'predicted_video_paths': []}
INFO 2026-09-20 14:02:38 ot_eval.py:1254 End of eval
[DONE] subzerocore_112_seed42_corner/subzerocore_112_seed42@010000: quick_success=40.0% quick_grasp=100.0%
[PROGRESS] shard=1/2 processed=27/52 successful_quick_results=13 global_elapsed=18.8 min

================================================================================
[MODEL 28/52] subzerocore_112_seed42_corner/subzerocore_112_seed42@012000 | historical=32.0% (200 episodes)
[PATH] /data/zhonglinye/jun/lerobot/personal/work2/duibi/subzerocore_112_seed42_corner/subzerocore_112_seed42/checkpoints/012000/pretrained_model
[CMD] lerobot-eval --policy.path=/data/zhonglinye/jun/lerobot/personal/work2/duibi/subzerocore_112_seed42_corner/subzerocore_112_seed42/checkpoints/012000/pretrained_model --env.type=metaworld --env.task=pick-place-v3 --env.camera_name=corner,gripperPOV --env.use_self_mw=true --eval.batch_size=5 --eval.n_episodes=5 --policy.device=cuda --policy.use_amp=false --seed=1000 --output_dir=/data/zhonglinye/jun/lerobot/personal/work2/attention_fig/quick_surrogate_eval/quick40_pickplace/shard_1_of_2/eval_outputs/subzerocore_112_seed42_corner_subzerocore_112_seed42_012000 --rename_map={"observation.images.top": "observation.images.camera1", "observation.images.wrist": "observation.images.camera2"}
================================================================================

[HEARTBEAT] subzerocore_112_seed42_corner/subzerocore_112_seed42@012000: child still running, elapsed=10s / timeout=240s
[DEBUG] Loaded config from: /data/zhonglinye/jun/lerobot/personal/work2/duibi/subzerocore_112_seed42_corner/subzerocore_112_seed42/checkpoints/012000/pretrained_model/config.json
[DEBUG] Config keys: ['type', 'n_obs_steps', 'input_features', 'output_features', 'device', 'use_amp', 'use_peft', 'push_to_hub', 'repo_id', 'private', 'tags', 'license', 'pretrained_path', 'pretrained_revision', 'chunk_size', 'n_action_steps', 'normalization_mapping', 'max_state_dim', 'max_action_dim', 'resize_imgs_with_padding', 'empty_cameras', 'adapt_to_pi_aloha', 'use_delta_joint_actions_aloha', 'tokenizer_max_length', 'num_steps', 'use_cache', 'freeze_vision_encoder', 'train_expert_only', 'train_state_proj', 'optimizer_lr', 'optimizer_betas', 'optimizer_eps', 'optimizer_weight_decay', 'optimizer_grad_clip_norm', 'scheduler_warmup_steps', 'scheduler_decay_steps', 'scheduler_decay_lr', 'vlm_model_name', 'load_vlm_weights', 'add_image_special_tokens', 'attention_mode', 'prefix_length', 'pad_language_to', 'num_expert_layers', 'num_vlm_layers', 'self_attn_every_n_layers', 'expert_width_multiplier', 'min_period', 'max_period', 'rtc_config', 'compile_model', 'compile_mode']
[DEBUG] policy_type parameter: None
[DEBUG] Extracted policy_type from config: smolvla
[DEBUG] Filtered config keys: ['n_obs_steps', 'input_features', 'output_features', 'device', 'use_amp', 'use_peft', 'push_to_hub', 'repo_id', 'private', 'tags', 'license', 'pretrained_path', 'pretrained_revision', 'chunk_size', 'n_action_steps', 'normalization_mapping', 'max_state_dim', 'max_action_dim', 'resize_imgs_with_padding', 'empty_cameras', 'adapt_to_pi_aloha', 'use_delta_joint_actions_aloha', 'tokenizer_max_length', 'num_steps', 'use_cache', 'freeze_vision_encoder', 'train_expert_only', 'train_state_proj', 'optimizer_lr', 'optimizer_betas', 'optimizer_eps', 'optimizer_weight_decay', 'optimizer_grad_clip_norm', 'scheduler_warmup_steps', 'scheduler_decay_steps', 'scheduler_decay_lr', 'vlm_model_name', 'load_vlm_weights', 'add_image_special_tokens', 'attention_mode', 'prefix_length', 'pad_language_to', 'num_expert_layers', 'num_vlm_layers', 'self_attn_every_n_layers', 'expert_width_multiplier', 'min_period', 'max_period', 'rtc_config', 'compile_model', 'compile_mode']
[DEBUG] Removed invalid keys: set()
WARNING 2026-09-20 14:02:52 figs/eval.py:69 No job name provided, using 'metaworld_smolvla' as job name.
INFO 2026-09-20 14:02:52 ot_eval.py:1146 {'env': {'camera_name': 'corner,gripperPOV',
         'disable_env_checker': True,
         'episode_length': 400,
         'features': {'action': {'shape': (4,),
                                 'type': <FeatureType.ACTION: 'ACTION'>},
                      'observation.images.camera1': {'shape': (3, 480, 480),
                                                     'type': <FeatureType.VISUAL: 'VISUAL'>},
                      'observation.images.camera2': {'shape': (3, 480, 480),
                                                     'type': <FeatureType.VISUAL: 'VISUAL'>},
                      'observation.state': {'shape': (4,),
                                            'type': <FeatureType.STATE: 'STATE'>}},
         'features_map': {'action': 'action',
                          'agent_pos': 'observation.state',
                          'observation.images.camera1': 'observation.images.camera1',
                          'observation.images.camera2': 'observation.images.camera2',
                          'observation.state': 'observation.state',
                          'pixels/top': 'observation.images.top',
                          'top': 'observation.image'},
         'fps': 80,
         'max_parallel_tasks': 1,
         'multitask_eval': True,
         'obs_type': 'pixels_agent_pos',
         'render_mode': 'rgb_array',
         'task': 'pick-place-v3',
         'use_self_mw': True},
 'eval': {'batch_size': 5,
          'n_episodes': 5,
          'recording': False,
          'recording_private': False,
          'recording_repo_id': None,
          'save_dataset': False,
          'use_async_envs': True},
 'job_name': 'metaworld_smolvla',
 'output_dir': PosixPath('/data/zhonglinye/jun/lerobot/personal/work2/attention_fig/quick_surrogate_eval/quick40_pickplace/shard_1_of_2/eval_outputs/subzerocore_112_seed42_corner_subzerocore_112_seed42_012000'),
 'policy': {'adapt_to_pi_aloha': False,
            'add_image_special_tokens': False,
            'attention_mode': 'cross_attn',
            'chunk_size': 50,
            'compile_mode': 'max-autotune',
            'compile_model': False,
            'device': 'cuda',
            'empty_cameras': 0,
            'expert_width_multiplier': 0.75,
            'freeze_vision_encoder': True,
            'input_features': {'observation.images.camera1': {'shape': (3,
                                                                        256,
                                                                        256),
                                                              'type': <FeatureType.VISUAL: 'VISUAL'>},
                               'observation.images.camera2': {'shape': (3,
                                                                        256,
                                                                        256),
                                                              'type': <FeatureType.VISUAL: 'VISUAL'>},
                               'observation.images.camera3': {'shape': (3,
                                                                        256,
                                                                        256),
                                                              'type': <FeatureType.VISUAL: 'VISUAL'>},
                               'observation.state': {'shape': (6,),
                                                     'type': <FeatureType.STATE: 'STATE'>}},
            'license': None,
            'load_vlm_weights': True,
            'max_action_dim': 32,
            'max_period': 4.0,
            'max_state_dim': 32,
            'min_period': 0.004,
            'n_action_steps': 50,
            'n_obs_steps': 1,
            'normalization_mapping': {'ACTION': <NormalizationMode.MEAN_STD: 'MEAN_STD'>,
                                      'STATE': <NormalizationMode.MEAN_STD: 'MEAN_STD'>,
                                      'VISUAL': <NormalizationMode.IDENTITY: 'IDENTITY'>},
            'num_expert_layers': 0,
            'num_steps': 10,
            'num_vlm_layers': 16,
            'optimizer_betas': (0.9, 0.95),
            'optimizer_eps': 1e-08,
            'optimizer_grad_clip_norm': 10.0,
            'optimizer_lr': 0.0001,
            'optimizer_weight_decay': 1e-10,
            'output_features': {'action': {'shape': (4,),
                                           'type': <FeatureType.ACTION: 'ACTION'>}},
            'pad_language_to': 'max_length',
            'prefix_length': 0,
            'pretrained_path': PosixPath('/data/zhonglinye/jun/lerobot/personal/work2/duibi/subzerocore_112_seed42_corner/subzerocore_112_seed42/checkpoints/012000/pretrained_model'),
            'pretrained_revision': None,
            'private': None,
            'push_to_hub': False,
            'repo_id': None,
            'resize_imgs_with_padding': (512, 512),
            'rtc_config': None,
            'scheduler_decay_lr': 2.5e-06,
            'scheduler_decay_steps': 30000,
            'scheduler_warmup_steps': 1000,
            'self_attn_every_n_layers': 2,
            'tags': None,
            'tokenizer_max_length': 48,
            'train_expert_only': True,
            'train_state_proj': False,
            'use_amp': False,
            'use_cache': True,
            'use_delta_joint_actions_aloha': False,
            'use_peft': False,
            'vlm_model_name': 'HuggingFaceTB/SmolVLM2-500M-Video-Instruct'},
 'rename_map': {'observation.images.top': 'observation.images.camera1',
                'observation.images.wrist': 'observation.images.camera2'},
 'seed': 1000,
 'trust_remote_code': False}
INFO 2026-09-20 14:02:52 ot_eval.py:1157 Set CUDA_VISIBLE_DEVICES=0 for policy and environment subprocesses
INFO 2026-09-20 14:02:52 ot_eval.py:1166 Output dir: /data/zhonglinye/jun/lerobot/personal/work2/attention_fig/quick_surrogate_eval/quick40_pickplace/shard_1_of_2/eval_outputs/subzerocore_112_seed42_corner_subzerocore_112_seed42_012000
INFO 2026-09-20 14:02:52 ot_eval.py:1168 Making environment (batch_size=5, async=True).
Creating Meta-World envs | task_groups=['pick-place-v3'] | n_envs(per task)=5
Building vec env | group=pick-place-v3 | task_id=0 | task=pick-place-v3
INFO 2026-09-20 14:02:52 ot_eval.py:1176 Making policy.
[DEBUG factory] policy_cls: <class 'lerobot.policies.smolvla.modeling_smolvla.SmolVLAPolicy'>
[DEBUG factory] policy_cls.__init__ signature: <function SmolVLAPolicy.__init__ at 0x777d43fe3b00>
[DEBUG factory] kwargs keys: ['config', 'pretrained_name_or_path', 'revision']
Loading  HuggingFaceTB/SmolVLM2-500M-Video-Instruct weights ...
`torch_dtype` is deprecated! Use `dtype` instead!
Loading weights:   0%|          | 0/489 [00:00<?, ?it/s]Loading weights:  60%|█████▉    | 293/489 [00:00<00:00, 2921.35it/s]Loading weights: 100%|██████████| 489/489 [00:00<00:00, 3294.98it/s]

[HEARTBEAT] subzerocore_112_seed42_corner/subzerocore_112_seed42@012000: child still running, elapsed=20s / timeout=240s
Reducing the number of VLM layers to 16 ...

[HEARTBEAT] subzerocore_112_seed42_corner/subzerocore_112_seed42@012000: child still running, elapsed=30s / timeout=240s
Loading weights from local directory
Evaluating tasks:   0%|          | 0/1 [00:00<?, ?it/s]Evaluating (0/5 episodes):   0%|          | 0/1 [00:00<?, ?it/s]
[HEARTBEAT] subzerocore_112_seed42_corner/subzerocore_112_seed42@012000: child still running, elapsed=40s / timeout=240s

[HEARTBEAT] subzerocore_112_seed42_corner/subzerocore_112_seed42@012000: child still running, elapsed=50s / timeout=240s

[HEARTBEAT] subzerocore_112_seed42_corner/subzerocore_112_seed42@012000: child still running, elapsed=60s / timeout=240s

[HEARTBEAT] subzerocore_112_seed42_corner/subzerocore_112_seed42@012000: child still running, elapsed=70s / timeout=240s

[HEARTBEAT] subzerocore_112_seed42_corner/subzerocore_112_seed42@012000: child still running, elapsed=80s / timeout=240s
Evaluating (5/5 episodes, success: 1/5, rate: 20.0%):   0%|          | 0/1 [00:43<?, ?it/s]Evaluating (5/5 episodes, success: 1/5, rate: 20.0%): 100%|██████████| 1/1 [00:43<00:00, 43.82s/it]Evaluating (5/5 episodes, success: 1/5, rate: 20.0%): 100%|██████████| 1/1 [00:43<00:00, 43.82s/it]
INFO 2026-09-20 14:04:04 ot_eval.py:1092 Saved per-episode eval results to /data/zhonglinye/jun/lerobot/personal/work2/attention_fig/quick_surrogate_eval/quick40_pickplace/shard_1_of_2/eval_outputs/subzerocore_112_seed42_corner_subzerocore_112_seed42_012000/eval_results/pick-place-v3_0/eval_episode_results.json
Task 1/1: pick-place-v3 (episodes: 5, success: 1):   0%|          | 0/1 [00:43<?, ?it/s]Task 1/1: pick-place-v3 (episodes: 5, success: 1): 100%|██████████| 1/1 [00:43<00:00, 43.84s/it]Task 1/1: pick-place-v3 (episodes: 5, success: 1): 100%|██████████| 1/1 [00:44<00:00, 44.36s/it]
INFO 2026-09-20 14:04:04 ot_eval.py:1655 Saved per-episode eval results to /data/zhonglinye/jun/lerobot/personal/work2/attention_fig/quick_surrogate_eval/quick40_pickplace/shard_1_of_2/eval_outputs/subzerocore_112_seed42_corner_subzerocore_112_seed42_012000/eval_results/eval_episode_results.json
INFO 2026-09-20 14:04:04 ot_eval.py:1240 Overall Aggregated Metrics:
INFO 2026-09-20 14:04:04 ot_eval.py:1241 {'avg_sum_reward': 1080.345225995265, 'avg_max_reward': 4.504608776043487, 'pc_success': 20.0, 'pc_grasp_success': 100.0, 'success@5mm': None, 'coffee_success_5mm_count': None, 'n_episodes': 5, 'eval_s': 44.35910081863403, 'eval_ep_s': 8.871820402145385, 'video_paths': [], 'predicted_video_paths': []}
INFO 2026-09-20 14:04:04 ot_eval.py:1245 
Aggregated Metrics for per_task:
INFO 2026-09-20 14:04:04 ot_eval.py:1246 [{'task_group': 'pick-place-v3', 'task_id': 0, 'metrics': {'sum_rewards': [2243.0894407721544, 6.816245310704446, 135.7070051118775, 1709.1770225145488, 1306.936416267041], 'max_rewards': [5.625500647886647, 0.1351681159825202, 6.800121307373047, 6.368548393249512, 3.593705415725708], 'successes': [False, False, True, False, False], 'grasp_successes': [True, True, True, True, True], 'video_paths': [], 'predicted_video_paths': [], 'success_at_5mm': [None, None, None, None, None], 'obj_to_targets': [0.2618781626224518, 0.27208027243614197, 0.0, 0.2635713219642639, 0.28933167457580566]}}]
INFO 2026-09-20 14:04:04 ot_eval.py:1245 
Aggregated Metrics for per_group:
INFO 2026-09-20 14:04:04 ot_eval.py:1246 {'pick-place-v3': {'avg_sum_reward': 1080.345225995265, 'avg_max_reward': 4.504608776043487, 'pc_success': 20.0, 'pc_grasp_success': 100.0, 'success@5mm': None, 'coffee_success_5mm_count': None, 'n_episodes': 5, 'video_paths': [], 'predicted_video_paths': []}}
INFO 2026-09-20 14:04:04 ot_eval.py:1245 
Aggregated Metrics for overall:
INFO 2026-09-20 14:04:04 ot_eval.py:1246 {'avg_sum_reward': 1080.345225995265, 'avg_max_reward': 4.504608776043487, 'pc_success': 20.0, 'pc_grasp_success': 100.0, 'success@5mm': None, 'coffee_success_5mm_count': None, 'n_episodes': 5, 'eval_s': 44.35910081863403, 'eval_ep_s': 8.871820402145385, 'video_paths': [], 'predicted_video_paths': []}
INFO 2026-09-20 14:04:04 ot_eval.py:1254 End of eval
[DONE] subzerocore_112_seed42_corner/subzerocore_112_seed42@012000: quick_success=20.0% quick_grasp=100.0%
[PROGRESS] shard=1/2 processed=28/52 successful_quick_results=14 global_elapsed=20.3 min

================================================================================
[MODEL 29/52] uniform_42_corner/uniform_112_seed42@002000 | historical=23.0% (200 episodes)
[PATH] /data/zhonglinye/jun/lerobot/personal/work2/duibi/uniform_42_corner/uniform_112_seed42/checkpoints/002000/pretrained_model
[CMD] lerobot-eval --policy.path=/data/zhonglinye/jun/lerobot/personal/work2/duibi/uniform_42_corner/uniform_112_seed42/checkpoints/002000/pretrained_model --env.type=metaworld --env.task=pick-place-v3 --env.camera_name=corner,gripperPOV --env.use_self_mw=true --eval.batch_size=5 --eval.n_episodes=5 --policy.device=cuda --policy.use_amp=false --seed=1000 --output_dir=/data/zhonglinye/jun/lerobot/personal/work2/attention_fig/quick_surrogate_eval/quick40_pickplace/shard_1_of_2/eval_outputs/uniform_42_corner_uniform_112_seed42_002000 --rename_map={"observation.images.top": "observation.images.camera1", "observation.images.wrist": "observation.images.camera2"}
================================================================================

[HEARTBEAT] uniform_42_corner/uniform_112_seed42@002000: child still running, elapsed=10s / timeout=240s
[DEBUG] Loaded config from: /data/zhonglinye/jun/lerobot/personal/work2/duibi/uniform_42_corner/uniform_112_seed42/checkpoints/002000/pretrained_model/config.json
[DEBUG] Config keys: ['type', 'n_obs_steps', 'input_features', 'output_features', 'device', 'use_amp', 'use_peft', 'push_to_hub', 'repo_id', 'private', 'tags', 'license', 'pretrained_path', 'pretrained_revision', 'chunk_size', 'n_action_steps', 'normalization_mapping', 'max_state_dim', 'max_action_dim', 'resize_imgs_with_padding', 'empty_cameras', 'adapt_to_pi_aloha', 'use_delta_joint_actions_aloha', 'tokenizer_max_length', 'num_steps', 'use_cache', 'freeze_vision_encoder', 'train_expert_only', 'train_state_proj', 'optimizer_lr', 'optimizer_betas', 'optimizer_eps', 'optimizer_weight_decay', 'optimizer_grad_clip_norm', 'scheduler_warmup_steps', 'scheduler_decay_steps', 'scheduler_decay_lr', 'vlm_model_name', 'load_vlm_weights', 'add_image_special_tokens', 'attention_mode', 'prefix_length', 'pad_language_to', 'num_expert_layers', 'num_vlm_layers', 'self_attn_every_n_layers', 'expert_width_multiplier', 'min_period', 'max_period', 'rtc_config', 'compile_model', 'compile_mode']
[DEBUG] policy_type parameter: None
[DEBUG] Extracted policy_type from config: smolvla
[DEBUG] Filtered config keys: ['n_obs_steps', 'input_features', 'output_features', 'device', 'use_amp', 'use_peft', 'push_to_hub', 'repo_id', 'private', 'tags', 'license', 'pretrained_path', 'pretrained_revision', 'chunk_size', 'n_action_steps', 'normalization_mapping', 'max_state_dim', 'max_action_dim', 'resize_imgs_with_padding', 'empty_cameras', 'adapt_to_pi_aloha', 'use_delta_joint_actions_aloha', 'tokenizer_max_length', 'num_steps', 'use_cache', 'freeze_vision_encoder', 'train_expert_only', 'train_state_proj', 'optimizer_lr', 'optimizer_betas', 'optimizer_eps', 'optimizer_weight_decay', 'optimizer_grad_clip_norm', 'scheduler_warmup_steps', 'scheduler_decay_steps', 'scheduler_decay_lr', 'vlm_model_name', 'load_vlm_weights', 'add_image_special_tokens', 'attention_mode', 'prefix_length', 'pad_language_to', 'num_expert_layers', 'num_vlm_layers', 'self_attn_every_n_layers', 'expert_width_multiplier', 'min_period', 'max_period', 'rtc_config', 'compile_model', 'compile_mode']
[DEBUG] Removed invalid keys: set()
WARNING 2026-09-20 14:04:18 figs/eval.py:69 No job name provided, using 'metaworld_smolvla' as job name.
INFO 2026-09-20 14:04:18 ot_eval.py:1146 {'env': {'camera_name': 'corner,gripperPOV',
         'disable_env_checker': True,
         'episode_length': 400,
         'features': {'action': {'shape': (4,),
                                 'type': <FeatureType.ACTION: 'ACTION'>},
                      'observation.images.camera1': {'shape': (3, 480, 480),
                                                     'type': <FeatureType.VISUAL: 'VISUAL'>},
                      'observation.images.camera2': {'shape': (3, 480, 480),
                                                     'type': <FeatureType.VISUAL: 'VISUAL'>},
                      'observation.state': {'shape': (4,),
                                            'type': <FeatureType.STATE: 'STATE'>}},
         'features_map': {'action': 'action',
                          'agent_pos': 'observation.state',
                          'observation.images.camera1': 'observation.images.camera1',
                          'observation.images.camera2': 'observation.images.camera2',
                          'observation.state': 'observation.state',
                          'pixels/top': 'observation.images.top',
                          'top': 'observation.image'},
         'fps': 80,
         'max_parallel_tasks': 1,
         'multitask_eval': True,
         'obs_type': 'pixels_agent_pos',
         'render_mode': 'rgb_array',
         'task': 'pick-place-v3',
         'use_self_mw': True},
 'eval': {'batch_size': 5,
          'n_episodes': 5,
          'recording': False,
          'recording_private': False,
          'recording_repo_id': None,
          'save_dataset': False,
          'use_async_envs': True},
 'job_name': 'metaworld_smolvla',
 'output_dir': PosixPath('/data/zhonglinye/jun/lerobot/personal/work2/attention_fig/quick_surrogate_eval/quick40_pickplace/shard_1_of_2/eval_outputs/uniform_42_corner_uniform_112_seed42_002000'),
 'policy': {'adapt_to_pi_aloha': False,
            'add_image_special_tokens': False,
            'attention_mode': 'cross_attn',
            'chunk_size': 50,
            'compile_mode': 'max-autotune',
            'compile_model': False,
            'device': 'cuda',
            'empty_cameras': 0,
            'expert_width_multiplier': 0.75,
            'freeze_vision_encoder': True,
            'input_features': {'observation.images.camera1': {'shape': (3,
                                                                        256,
                                                                        256),
                                                              'type': <FeatureType.VISUAL: 'VISUAL'>},
                               'observation.images.camera2': {'shape': (3,
                                                                        256,
                                                                        256),
                                                              'type': <FeatureType.VISUAL: 'VISUAL'>},
                               'observation.images.camera3': {'shape': (3,
                                                                        256,
                                                                        256),
                                                              'type': <FeatureType.VISUAL: 'VISUAL'>},
                               'observation.state': {'shape': (6,),
                                                     'type': <FeatureType.STATE: 'STATE'>}},
            'license': None,
            'load_vlm_weights': True,
            'max_action_dim': 32,
            'max_period': 4.0,
            'max_state_dim': 32,
            'min_period': 0.004,
            'n_action_steps': 50,
            'n_obs_steps': 1,
            'normalization_mapping': {'ACTION': <NormalizationMode.MEAN_STD: 'MEAN_STD'>,
                                      'STATE': <NormalizationMode.MEAN_STD: 'MEAN_STD'>,
                                      'VISUAL': <NormalizationMode.IDENTITY: 'IDENTITY'>},
            'num_expert_layers': 0,
            'num_steps': 10,
            'num_vlm_layers': 16,
            'optimizer_betas': (0.9, 0.95),
            'optimizer_eps': 1e-08,
            'optimizer_grad_clip_norm': 10.0,
            'optimizer_lr': 0.0001,
            'optimizer_weight_decay': 1e-10,
            'output_features': {'action': {'shape': (4,),
                                           'type': <FeatureType.ACTION: 'ACTION'>}},
            'pad_language_to': 'max_length',
            'prefix_length': 0,
            'pretrained_path': PosixPath('/data/zhonglinye/jun/lerobot/personal/work2/duibi/uniform_42_corner/uniform_112_seed42/checkpoints/002000/pretrained_model'),
            'pretrained_revision': None,
            'private': None,
            'push_to_hub': False,
            'repo_id': None,
            'resize_imgs_with_padding': (512, 512),
            'rtc_config': None,
            'scheduler_decay_lr': 2.5e-06,
            'scheduler_decay_steps': 30000,
            'scheduler_warmup_steps': 1000,
            'self_attn_every_n_layers': 2,
            'tags': None,
            'tokenizer_max_length': 48,
            'train_expert_only': True,
            'train_state_proj': False,
            'use_amp': False,
            'use_cache': True,
            'use_delta_joint_actions_aloha': False,
            'use_peft': False,
            'vlm_model_name': 'HuggingFaceTB/SmolVLM2-500M-Video-Instruct'},
 'rename_map': {'observation.images.top': 'observation.images.camera1',
                'observation.images.wrist': 'observation.images.camera2'},
 'seed': 1000,
 'trust_remote_code': False}
INFO 2026-09-20 14:04:18 ot_eval.py:1157 Set CUDA_VISIBLE_DEVICES=0 for policy and environment subprocesses
INFO 2026-09-20 14:04:18 ot_eval.py:1166 Output dir: /data/zhonglinye/jun/lerobot/personal/work2/attention_fig/quick_surrogate_eval/quick40_pickplace/shard_1_of_2/eval_outputs/uniform_42_corner_uniform_112_seed42_002000
INFO 2026-09-20 14:04:18 ot_eval.py:1168 Making environment (batch_size=5, async=True).
Creating Meta-World envs | task_groups=['pick-place-v3'] | n_envs(per task)=5
Building vec env | group=pick-place-v3 | task_id=0 | task=pick-place-v3
INFO 2026-09-20 14:04:18 ot_eval.py:1176 Making policy.
[DEBUG factory] policy_cls: <class 'lerobot.policies.smolvla.modeling_smolvla.SmolVLAPolicy'>
[DEBUG factory] policy_cls.__init__ signature: <function SmolVLAPolicy.__init__ at 0x73ab39597b00>
[DEBUG factory] kwargs keys: ['config', 'pretrained_name_or_path', 'revision']
Loading  HuggingFaceTB/SmolVLM2-500M-Video-Instruct weights ...
`torch_dtype` is deprecated! Use `dtype` instead!
Loading weights:   0%|          | 0/489 [00:00<?, ?it/s]Loading weights:  56%|█████▌    | 273/489 [00:00<00:00, 2697.17it/s]Loading weights: 100%|██████████| 489/489 [00:00<00:00, 3164.04it/s]

[HEARTBEAT] uniform_42_corner/uniform_112_seed42@002000: child still running, elapsed=20s / timeout=240s
Reducing the number of VLM layers to 16 ...

[HEARTBEAT] uniform_42_corner/uniform_112_seed42@002000: child still running, elapsed=30s / timeout=240s
Loading weights from local directory

[HEARTBEAT] uniform_42_corner/uniform_112_seed42@002000: child still running, elapsed=40s / timeout=240s
Evaluating tasks:   0%|          | 0/1 [00:00<?, ?it/s]Evaluating (0/5 episodes):   0%|          | 0/1 [00:00<?, ?it/s]
[HEARTBEAT] uniform_42_corner/uniform_112_seed42@002000: child still running, elapsed=50s / timeout=240s

[HEARTBEAT] uniform_42_corner/uniform_112_seed42@002000: child still running, elapsed=60s / timeout=240s

[HEARTBEAT] uniform_42_corner/uniform_112_seed42@002000: child still running, elapsed=70s / timeout=240s

[HEARTBEAT] uniform_42_corner/uniform_112_seed42@002000: child still running, elapsed=80s / timeout=240s
Evaluating (5/5 episodes, success: 2/5, rate: 40.0%):   0%|          | 0/1 [00:44<?, ?it/s]Evaluating (5/5 episodes, success: 2/5, rate: 40.0%): 100%|██████████| 1/1 [00:44<00:00, 44.24s/it]Evaluating (5/5 episodes, success: 2/5, rate: 40.0%): 100%|██████████| 1/1 [00:44<00:00, 44.24s/it]
INFO 2026-09-20 14:05:35 ot_eval.py:1092 Saved per-episode eval results to /data/zhonglinye/jun/lerobot/personal/work2/attention_fig/quick_surrogate_eval/quick40_pickplace/shard_1_of_2/eval_outputs/uniform_42_corner_uniform_112_seed42_002000/eval_results/pick-place-v3_0/eval_episode_results.json
Task 1/1: pick-place-v3 (episodes: 5, success: 2):   0%|          | 0/1 [00:44<?, ?it/s]Task 1/1: pick-place-v3 (episodes: 5, success: 2): 100%|██████████| 1/1 [00:44<00:00, 44.25s/it]Task 1/1: pick-place-v3 (episodes: 5, success: 2): 100%|██████████| 1/1 [00:44<00:00, 44.79s/it]
INFO 2026-09-20 14:05:35 ot_eval.py:1655 Saved per-episode eval results to /data/zhonglinye/jun/lerobot/personal/work2/attention_fig/quick_surrogate_eval/quick40_pickplace/shard_1_of_2/eval_outputs/uniform_42_corner_uniform_112_seed42_002000/eval_results/eval_episode_results.json
INFO 2026-09-20 14:05:35 ot_eval.py:1240 Overall Aggregated Metrics:
INFO 2026-09-20 14:05:35 ot_eval.py:1241 {'avg_sum_reward': 401.35166757774533, 'avg_max_reward': 3.843302100094133, 'pc_success': 40.0, 'pc_grasp_success': 60.0, 'success@5mm': None, 'coffee_success_5mm_count': None, 'n_episodes': 5, 'eval_s': 44.78854203224182, 'eval_ep_s': 8.957708549499511, 'video_paths': [], 'predicted_video_paths': []}
INFO 2026-09-20 14:05:35 ot_eval.py:1245 
Aggregated Metrics for per_task:
INFO 2026-09-20 14:05:35 ot_eval.py:1246 [{'task_group': 'pick-place-v3', 'task_id': 0, 'metrics': {'sum_rewards': [1790.2547308224152, 11.550418687735256, 134.32997123821508, 62.542494551686815, 8.080722588674481], 'max_rewards': [5.70188570022583, 0.11354984817942447, 6.794909954071045, 6.4815473556518555, 0.12461764234250913], 'successes': [False, False, True, True, False], 'grasp_successes': [True, False, True, True, False], 'video_paths': [], 'predicted_video_paths': [], 'success_at_5mm': [None, None, None, None, None], 'obj_to_targets': [0.2618781626224518, 0.27208027243614197, 0.0, 0.0, 0.28933167457580566]}}]
INFO 2026-09-20 14:05:35 ot_eval.py:1245 
Aggregated Metrics for per_group:
INFO 2026-09-20 14:05:35 ot_eval.py:1246 {'pick-place-v3': {'avg_sum_reward': 401.35166757774533, 'avg_max_reward': 3.843302100094133, 'pc_success': 40.0, 'pc_grasp_success': 60.0, 'success@5mm': None, 'coffee_success_5mm_count': None, 'n_episodes': 5, 'video_paths': [], 'predicted_video_paths': []}}
INFO 2026-09-20 14:05:35 ot_eval.py:1245 
Aggregated Metrics for overall:
INFO 2026-09-20 14:05:35 ot_eval.py:1246 {'avg_sum_reward': 401.35166757774533, 'avg_max_reward': 3.843302100094133, 'pc_success': 40.0, 'pc_grasp_success': 60.0, 'success@5mm': None, 'coffee_success_5mm_count': None, 'n_episodes': 5, 'eval_s': 44.78854203224182, 'eval_ep_s': 8.957708549499511, 'video_paths': [], 'predicted_video_paths': []}
INFO 2026-09-20 14:05:35 ot_eval.py:1254 End of eval

[HEARTBEAT] uniform_42_corner/uniform_112_seed42@002000: child still running, elapsed=90s / timeout=240s
[DONE] uniform_42_corner/uniform_112_seed42@002000: quick_success=40.0% quick_grasp=60.0%
[PROGRESS] shard=1/2 processed=29/52 successful_quick_results=15 global_elapsed=21.8 min

================================================================================
[MODEL 30/52] uniform_42_corner/uniform_112_seed42@004000 | historical=25.5% (200 episodes)
[PATH] /data/zhonglinye/jun/lerobot/personal/work2/duibi/uniform_42_corner/uniform_112_seed42/checkpoints/004000/pretrained_model
[CMD] lerobot-eval --policy.path=/data/zhonglinye/jun/lerobot/personal/work2/duibi/uniform_42_corner/uniform_112_seed42/checkpoints/004000/pretrained_model --env.type=metaworld --env.task=pick-place-v3 --env.camera_name=corner,gripperPOV --env.use_self_mw=true --eval.batch_size=5 --eval.n_episodes=5 --policy.device=cuda --policy.use_amp=false --seed=1000 --output_dir=/data/zhonglinye/jun/lerobot/personal/work2/attention_fig/quick_surrogate_eval/quick40_pickplace/shard_1_of_2/eval_outputs/uniform_42_corner_uniform_112_seed42_004000 --rename_map={"observation.images.top": "observation.images.camera1", "observation.images.wrist": "observation.images.camera2"}
================================================================================

[HEARTBEAT] uniform_42_corner/uniform_112_seed42@004000: child still running, elapsed=10s / timeout=240s
[DEBUG] Loaded config from: /data/zhonglinye/jun/lerobot/personal/work2/duibi/uniform_42_corner/uniform_112_seed42/checkpoints/004000/pretrained_model/config.json
[DEBUG] Config keys: ['type', 'n_obs_steps', 'input_features', 'output_features', 'device', 'use_amp', 'use_peft', 'push_to_hub', 'repo_id', 'private', 'tags', 'license', 'pretrained_path', 'pretrained_revision', 'chunk_size', 'n_action_steps', 'normalization_mapping', 'max_state_dim', 'max_action_dim', 'resize_imgs_with_padding', 'empty_cameras', 'adapt_to_pi_aloha', 'use_delta_joint_actions_aloha', 'tokenizer_max_length', 'num_steps', 'use_cache', 'freeze_vision_encoder', 'train_expert_only', 'train_state_proj', 'optimizer_lr', 'optimizer_betas', 'optimizer_eps', 'optimizer_weight_decay', 'optimizer_grad_clip_norm', 'scheduler_warmup_steps', 'scheduler_decay_steps', 'scheduler_decay_lr', 'vlm_model_name', 'load_vlm_weights', 'add_image_special_tokens', 'attention_mode', 'prefix_length', 'pad_language_to', 'num_expert_layers', 'num_vlm_layers', 'self_attn_every_n_layers', 'expert_width_multiplier', 'min_period', 'max_period', 'rtc_config', 'compile_model', 'compile_mode']
[DEBUG] policy_type parameter: None
[DEBUG] Extracted policy_type from config: smolvla
[DEBUG] Filtered config keys: ['n_obs_steps', 'input_features', 'output_features', 'device', 'use_amp', 'use_peft', 'push_to_hub', 'repo_id', 'private', 'tags', 'license', 'pretrained_path', 'pretrained_revision', 'chunk_size', 'n_action_steps', 'normalization_mapping', 'max_state_dim', 'max_action_dim', 'resize_imgs_with_padding', 'empty_cameras', 'adapt_to_pi_aloha', 'use_delta_joint_actions_aloha', 'tokenizer_max_length', 'num_steps', 'use_cache', 'freeze_vision_encoder', 'train_expert_only', 'train_state_proj', 'optimizer_lr', 'optimizer_betas', 'optimizer_eps', 'optimizer_weight_decay', 'optimizer_grad_clip_norm', 'scheduler_warmup_steps', 'scheduler_decay_steps', 'scheduler_decay_lr', 'vlm_model_name', 'load_vlm_weights', 'add_image_special_tokens', 'attention_mode', 'prefix_length', 'pad_language_to', 'num_expert_layers', 'num_vlm_layers', 'self_attn_every_n_layers', 'expert_width_multiplier', 'min_period', 'max_period', 'rtc_config', 'compile_model', 'compile_mode']
[DEBUG] Removed invalid keys: set()
WARNING 2026-09-20 14:05:50 figs/eval.py:69 No job name provided, using 'metaworld_smolvla' as job name.
INFO 2026-09-20 14:05:50 ot_eval.py:1146 {'env': {'camera_name': 'corner,gripperPOV',
         'disable_env_checker': True,
         'episode_length': 400,
         'features': {'action': {'shape': (4,),
                                 'type': <FeatureType.ACTION: 'ACTION'>},
                      'observation.images.camera1': {'shape': (3, 480, 480),
                                                     'type': <FeatureType.VISUAL: 'VISUAL'>},
                      'observation.images.camera2': {'shape': (3, 480, 480),
                                                     'type': <FeatureType.VISUAL: 'VISUAL'>},
                      'observation.state': {'shape': (4,),
                                            'type': <FeatureType.STATE: 'STATE'>}},
         'features_map': {'action': 'action',
                          'agent_pos': 'observation.state',
                          'observation.images.camera1': 'observation.images.camera1',
                          'observation.images.camera2': 'observation.images.camera2',
                          'observation.state': 'observation.state',
                          'pixels/top': 'observation.images.top',
                          'top': 'observation.image'},
         'fps': 80,
         'max_parallel_tasks': 1,
         'multitask_eval': True,
         'obs_type': 'pixels_agent_pos',
         'render_mode': 'rgb_array',
         'task': 'pick-place-v3',
         'use_self_mw': True},
 'eval': {'batch_size': 5,
          'n_episodes': 5,
          'recording': False,
          'recording_private': False,
          'recording_repo_id': None,
          'save_dataset': False,
          'use_async_envs': True},
 'job_name': 'metaworld_smolvla',
 'output_dir': PosixPath('/data/zhonglinye/jun/lerobot/personal/work2/attention_fig/quick_surrogate_eval/quick40_pickplace/shard_1_of_2/eval_outputs/uniform_42_corner_uniform_112_seed42_004000'),
 'policy': {'adapt_to_pi_aloha': False,
            'add_image_special_tokens': False,
            'attention_mode': 'cross_attn',
            'chunk_size': 50,
            'compile_mode': 'max-autotune',
            'compile_model': False,
            'device': 'cuda',
            'empty_cameras': 0,
            'expert_width_multiplier': 0.75,
            'freeze_vision_encoder': True,
            'input_features': {'observation.images.camera1': {'shape': (3,
                                                                        256,
                                                                        256),
                                                              'type': <FeatureType.VISUAL: 'VISUAL'>},
                               'observation.images.camera2': {'shape': (3,
                                                                        256,
                                                                        256),
                                                              'type': <FeatureType.VISUAL: 'VISUAL'>},
                               'observation.images.camera3': {'shape': (3,
                                                                        256,
                                                                        256),
                                                              'type': <FeatureType.VISUAL: 'VISUAL'>},
                               'observation.state': {'shape': (6,),
                                                     'type': <FeatureType.STATE: 'STATE'>}},
            'license': None,
            'load_vlm_weights': True,
            'max_action_dim': 32,
            'max_period': 4.0,
            'max_state_dim': 32,
            'min_period': 0.004,
            'n_action_steps': 50,
            'n_obs_steps': 1,
            'normalization_mapping': {'ACTION': <NormalizationMode.MEAN_STD: 'MEAN_STD'>,
                                      'STATE': <NormalizationMode.MEAN_STD: 'MEAN_STD'>,
                                      'VISUAL': <NormalizationMode.IDENTITY: 'IDENTITY'>},
            'num_expert_layers': 0,
            'num_steps': 10,
            'num_vlm_layers': 16,
            'optimizer_betas': (0.9, 0.95),
            'optimizer_eps': 1e-08,
            'optimizer_grad_clip_norm': 10.0,
            'optimizer_lr': 0.0001,
            'optimizer_weight_decay': 1e-10,
            'output_features': {'action': {'shape': (4,),
                                           'type': <FeatureType.ACTION: 'ACTION'>}},
            'pad_language_to': 'max_length',
            'prefix_length': 0,
            'pretrained_path': PosixPath('/data/zhonglinye/jun/lerobot/personal/work2/duibi/uniform_42_corner/uniform_112_seed42/checkpoints/004000/pretrained_model'),
            'pretrained_revision': None,
            'private': None,
            'push_to_hub': False,
            'repo_id': None,
            'resize_imgs_with_padding': (512, 512),
            'rtc_config': None,
            'scheduler_decay_lr': 2.5e-06,
            'scheduler_decay_steps': 30000,
            'scheduler_warmup_steps': 1000,
            'self_attn_every_n_layers': 2,
            'tags': None,
            'tokenizer_max_length': 48,
            'train_expert_only': True,
            'train_state_proj': False,
            'use_amp': False,
            'use_cache': True,
            'use_delta_joint_actions_aloha': False,
            'use_peft': False,
            'vlm_model_name': 'HuggingFaceTB/SmolVLM2-500M-Video-Instruct'},
 'rename_map': {'observation.images.top': 'observation.images.camera1',
                'observation.images.wrist': 'observation.images.camera2'},
 'seed': 1000,
 'trust_remote_code': False}
INFO 2026-09-20 14:05:50 ot_eval.py:1157 Set CUDA_VISIBLE_DEVICES=0 for policy and environment subprocesses
INFO 2026-09-20 14:05:50 ot_eval.py:1166 Output dir: /data/zhonglinye/jun/lerobot/personal/work2/attention_fig/quick_surrogate_eval/quick40_pickplace/shard_1_of_2/eval_outputs/uniform_42_corner_uniform_112_seed42_004000
INFO 2026-09-20 14:05:50 ot_eval.py:1168 Making environment (batch_size=5, async=True).
Creating Meta-World envs | task_groups=['pick-place-v3'] | n_envs(per task)=5
Building vec env | group=pick-place-v3 | task_id=0 | task=pick-place-v3
INFO 2026-09-20 14:05:50 ot_eval.py:1176 Making policy.
[DEBUG factory] policy_cls: <class 'lerobot.policies.smolvla.modeling_smolvla.SmolVLAPolicy'>
[DEBUG factory] policy_cls.__init__ signature: <function SmolVLAPolicy.__init__ at 0x7528899dfb00>
[DEBUG factory] kwargs keys: ['config', 'pretrained_name_or_path', 'revision']
Loading  HuggingFaceTB/SmolVLM2-500M-Video-Instruct weights ...
`torch_dtype` is deprecated! Use `dtype` instead!
Loading weights:   0%|          | 0/489 [00:00<?, ?it/s]Loading weights:  52%|█████▏    | 254/489 [00:00<00:00, 2521.49it/s]Loading weights: 100%|██████████| 489/489 [00:00<00:00, 3047.47it/s]

[HEARTBEAT] uniform_42_corner/uniform_112_seed42@004000: child still running, elapsed=20s / timeout=240s
Reducing the number of VLM layers to 16 ...

[HEARTBEAT] uniform_42_corner/uniform_112_seed42@004000: child still running, elapsed=30s / timeout=240s
Loading weights from local directory
Evaluating tasks:   0%|          | 0/1 [00:00<?, ?it/s]
[HEARTBEAT] uniform_42_corner/uniform_112_seed42@004000: child still running, elapsed=40s / timeout=240s
Evaluating (0/5 episodes):   0%|          | 0/1 [00:00<?, ?it/s]
[HEARTBEAT] uniform_42_corner/uniform_112_seed42@004000: child still running, elapsed=50s / timeout=240s

[HEARTBEAT] uniform_42_corner/uniform_112_seed42@004000: child still running, elapsed=60s / timeout=240s

[HEARTBEAT] uniform_42_corner/uniform_112_seed42@004000: child still running, elapsed=70s / timeout=240s

[HEARTBEAT] uniform_42_corner/uniform_112_seed42@004000: child still running, elapsed=80s / timeout=240s
Evaluating (5/5 episodes, success: 2/5, rate: 40.0%):   0%|          | 0/1 [00:43<?, ?it/s]Evaluating (5/5 episodes, success: 2/5, rate: 40.0%): 100%|██████████| 1/1 [00:43<00:00, 43.27s/it]Evaluating (5/5 episodes, success: 2/5, rate: 40.0%): 100%|██████████| 1/1 [00:43<00:00, 43.27s/it]
INFO 2026-09-20 14:07:02 ot_eval.py:1092 Saved per-episode eval results to /data/zhonglinye/jun/lerobot/personal/work2/attention_fig/quick_surrogate_eval/quick40_pickplace/shard_1_of_2/eval_outputs/uniform_42_corner_uniform_112_seed42_004000/eval_results/pick-place-v3_0/eval_episode_results.json
Task 1/1: pick-place-v3 (episodes: 5, success: 2):   0%|          | 0/1 [00:43<?, ?it/s]Task 1/1: pick-place-v3 (episodes: 5, success: 2): 100%|██████████| 1/1 [00:43<00:00, 43.28s/it]Task 1/1: pick-place-v3 (episodes: 5, success: 2): 100%|██████████| 1/1 [00:43<00:00, 43.79s/it]
INFO 2026-09-20 14:07:02 ot_eval.py:1655 Saved per-episode eval results to /data/zhonglinye/jun/lerobot/personal/work2/attention_fig/quick_surrogate_eval/quick40_pickplace/shard_1_of_2/eval_outputs/uniform_42_corner_uniform_112_seed42_004000/eval_results/eval_episode_results.json
INFO 2026-09-20 14:07:02 ot_eval.py:1240 Overall Aggregated Metrics:
INFO 2026-09-20 14:07:02 ot_eval.py:1241 {'avg_sum_reward': 437.2296472297843, 'avg_max_reward': 2.76257775584619, 'pc_success': 40.0, 'pc_grasp_success': 80.0, 'success@5mm': None, 'coffee_success_5mm_count': None, 'n_episodes': 5, 'eval_s': 43.794495820999146, 'eval_ep_s': 8.758899354934693, 'video_paths': [], 'predicted_video_paths': []}
INFO 2026-09-20 14:07:02 ot_eval.py:1245 
Aggregated Metrics for per_task:
INFO 2026-09-20 14:07:02 ot_eval.py:1246 [{'task_group': 'pick-place-v3', 'task_id': 0, 'metrics': {'sum_rewards': [2024.6946542011058, 26.061178942751233, 71.69832948667465, 47.04709185743012, 16.646981660959504], 'max_rewards': [4.646037578582764, 0.11355094330975926, 0.3216588669277171, 6.485925674438477, 2.2457157159722305], 'successes': [False, False, False, True, True], 'grasp_successes': [True, False, True, True, True], 'video_paths': [], 'predicted_video_paths': [], 'success_at_5mm': [None, None, None, None, None], 'obj_to_targets': [0.2618781626224518, 0.27208027243614197, 0.30689024925231934, 0.0, 0.0]}}]
INFO 2026-09-20 14:07:02 ot_eval.py:1245 
Aggregated Metrics for per_group:
INFO 2026-09-20 14:07:02 ot_eval.py:1246 {'pick-place-v3': {'avg_sum_reward': 437.2296472297843, 'avg_max_reward': 2.76257775584619, 'pc_success': 40.0, 'pc_grasp_success': 80.0, 'success@5mm': None, 'coffee_success_5mm_count': None, 'n_episodes': 5, 'video_paths': [], 'predicted_video_paths': []}}
INFO 2026-09-20 14:07:02 ot_eval.py:1245 
Aggregated Metrics for overall:
INFO 2026-09-20 14:07:02 ot_eval.py:1246 {'avg_sum_reward': 437.2296472297843, 'avg_max_reward': 2.76257775584619, 'pc_success': 40.0, 'pc_grasp_success': 80.0, 'success@5mm': None, 'coffee_success_5mm_count': None, 'n_episodes': 5, 'eval_s': 43.794495820999146, 'eval_ep_s': 8.758899354934693, 'video_paths': [], 'predicted_video_paths': []}
INFO 2026-09-20 14:07:02 ot_eval.py:1254 End of eval
[DONE] uniform_42_corner/uniform_112_seed42@004000: quick_success=40.0% quick_grasp=80.0%
[PROGRESS] shard=1/2 processed=30/52 successful_quick_results=16 global_elapsed=23.3 min

================================================================================
[MODEL 31/52] uniform_42_corner/uniform_112_seed42@006000 | historical=24.5% (200 episodes)
[PATH] /data/zhonglinye/jun/lerobot/personal/work2/duibi/uniform_42_corner/uniform_112_seed42/checkpoints/006000/pretrained_model
[CMD] lerobot-eval --policy.path=/data/zhonglinye/jun/lerobot/personal/work2/duibi/uniform_42_corner/uniform_112_seed42/checkpoints/006000/pretrained_model --env.type=metaworld --env.task=pick-place-v3 --env.camera_name=corner,gripperPOV --env.use_self_mw=true --eval.batch_size=5 --eval.n_episodes=5 --policy.device=cuda --policy.use_amp=false --seed=1000 --output_dir=/data/zhonglinye/jun/lerobot/personal/work2/attention_fig/quick_surrogate_eval/quick40_pickplace/shard_1_of_2/eval_outputs/uniform_42_corner_uniform_112_seed42_006000 --rename_map={"observation.images.top": "observation.images.camera1", "observation.images.wrist": "observation.images.camera2"}
================================================================================

[HEARTBEAT] uniform_42_corner/uniform_112_seed42@006000: child still running, elapsed=10s / timeout=240s
[DEBUG] Loaded config from: /data/zhonglinye/jun/lerobot/personal/work2/duibi/uniform_42_corner/uniform_112_seed42/checkpoints/006000/pretrained_model/config.json
[DEBUG] Config keys: ['type', 'n_obs_steps', 'input_features', 'output_features', 'device', 'use_amp', 'use_peft', 'push_to_hub', 'repo_id', 'private', 'tags', 'license', 'pretrained_path', 'pretrained_revision', 'chunk_size', 'n_action_steps', 'normalization_mapping', 'max_state_dim', 'max_action_dim', 'resize_imgs_with_padding', 'empty_cameras', 'adapt_to_pi_aloha', 'use_delta_joint_actions_aloha', 'tokenizer_max_length', 'num_steps', 'use_cache', 'freeze_vision_encoder', 'train_expert_only', 'train_state_proj', 'optimizer_lr', 'optimizer_betas', 'optimizer_eps', 'optimizer_weight_decay', 'optimizer_grad_clip_norm', 'scheduler_warmup_steps', 'scheduler_decay_steps', 'scheduler_decay_lr', 'vlm_model_name', 'load_vlm_weights', 'add_image_special_tokens', 'attention_mode', 'prefix_length', 'pad_language_to', 'num_expert_layers', 'num_vlm_layers', 'self_attn_every_n_layers', 'expert_width_multiplier', 'min_period', 'max_period', 'rtc_config', 'compile_model', 'compile_mode']
[DEBUG] policy_type parameter: None
[DEBUG] Extracted policy_type from config: smolvla
[DEBUG] Filtered config keys: ['n_obs_steps', 'input_features', 'output_features', 'device', 'use_amp', 'use_peft', 'push_to_hub', 'repo_id', 'private', 'tags', 'license', 'pretrained_path', 'pretrained_revision', 'chunk_size', 'n_action_steps', 'normalization_mapping', 'max_state_dim', 'max_action_dim', 'resize_imgs_with_padding', 'empty_cameras', 'adapt_to_pi_aloha', 'use_delta_joint_actions_aloha', 'tokenizer_max_length', 'num_steps', 'use_cache', 'freeze_vision_encoder', 'train_expert_only', 'train_state_proj', 'optimizer_lr', 'optimizer_betas', 'optimizer_eps', 'optimizer_weight_decay', 'optimizer_grad_clip_norm', 'scheduler_warmup_steps', 'scheduler_decay_steps', 'scheduler_decay_lr', 'vlm_model_name', 'load_vlm_weights', 'add_image_special_tokens', 'attention_mode', 'prefix_length', 'pad_language_to', 'num_expert_layers', 'num_vlm_layers', 'self_attn_every_n_layers', 'expert_width_multiplier', 'min_period', 'max_period', 'rtc_config', 'compile_model', 'compile_mode']
[DEBUG] Removed invalid keys: set()
WARNING 2026-09-20 14:07:16 figs/eval.py:69 No job name provided, using 'metaworld_smolvla' as job name.
INFO 2026-09-20 14:07:16 ot_eval.py:1146 {'env': {'camera_name': 'corner,gripperPOV',
         'disable_env_checker': True,
         'episode_length': 400,
         'features': {'action': {'shape': (4,),
                                 'type': <FeatureType.ACTION: 'ACTION'>},
                      'observation.images.camera1': {'shape': (3, 480, 480),
                                                     'type': <FeatureType.VISUAL: 'VISUAL'>},
                      'observation.images.camera2': {'shape': (3, 480, 480),
                                                     'type': <FeatureType.VISUAL: 'VISUAL'>},
                      'observation.state': {'shape': (4,),
                                            'type': <FeatureType.STATE: 'STATE'>}},
         'features_map': {'action': 'action',
                          'agent_pos': 'observation.state',
                          'observation.images.camera1': 'observation.images.camera1',
                          'observation.images.camera2': 'observation.images.camera2',
                          'observation.state': 'observation.state',
                          'pixels/top': 'observation.images.top',
                          'top': 'observation.image'},
         'fps': 80,
         'max_parallel_tasks': 1,
         'multitask_eval': True,
         'obs_type': 'pixels_agent_pos',
         'render_mode': 'rgb_array',
         'task': 'pick-place-v3',
         'use_self_mw': True},
 'eval': {'batch_size': 5,
          'n_episodes': 5,
          'recording': False,
          'recording_private': False,
          'recording_repo_id': None,
          'save_dataset': False,
          'use_async_envs': True},
 'job_name': 'metaworld_smolvla',
 'output_dir': PosixPath('/data/zhonglinye/jun/lerobot/personal/work2/attention_fig/quick_surrogate_eval/quick40_pickplace/shard_1_of_2/eval_outputs/uniform_42_corner_uniform_112_seed42_006000'),
 'policy': {'adapt_to_pi_aloha': False,
            'add_image_special_tokens': False,
            'attention_mode': 'cross_attn',
            'chunk_size': 50,
            'compile_mode': 'max-autotune',
            'compile_model': False,
            'device': 'cuda',
            'empty_cameras': 0,
            'expert_width_multiplier': 0.75,
            'freeze_vision_encoder': True,
            'input_features': {'observation.images.camera1': {'shape': (3,
                                                                        256,
                                                                        256),
                                                              'type': <FeatureType.VISUAL: 'VISUAL'>},
                               'observation.images.camera2': {'shape': (3,
                                                                        256,
                                                                        256),
                                                              'type': <FeatureType.VISUAL: 'VISUAL'>},
                               'observation.images.camera3': {'shape': (3,
                                                                        256,
                                                                        256),
                                                              'type': <FeatureType.VISUAL: 'VISUAL'>},
                               'observation.state': {'shape': (6,),
                                                     'type': <FeatureType.STATE: 'STATE'>}},
            'license': None,
            'load_vlm_weights': True,
            'max_action_dim': 32,
            'max_period': 4.0,
            'max_state_dim': 32,
            'min_period': 0.004,
            'n_action_steps': 50,
            'n_obs_steps': 1,
            'normalization_mapping': {'ACTION': <NormalizationMode.MEAN_STD: 'MEAN_STD'>,
                                      'STATE': <NormalizationMode.MEAN_STD: 'MEAN_STD'>,
                                      'VISUAL': <NormalizationMode.IDENTITY: 'IDENTITY'>},
            'num_expert_layers': 0,
            'num_steps': 10,
            'num_vlm_layers': 16,
            'optimizer_betas': (0.9, 0.95),
            'optimizer_eps': 1e-08,
            'optimizer_grad_clip_norm': 10.0,
            'optimizer_lr': 0.0001,
            'optimizer_weight_decay': 1e-10,
            'output_features': {'action': {'shape': (4,),
                                           'type': <FeatureType.ACTION: 'ACTION'>}},
            'pad_language_to': 'max_length',
            'prefix_length': 0,
            'pretrained_path': PosixPath('/data/zhonglinye/jun/lerobot/personal/work2/duibi/uniform_42_corner/uniform_112_seed42/checkpoints/006000/pretrained_model'),
            'pretrained_revision': None,
            'private': None,
            'push_to_hub': False,
            'repo_id': None,
            'resize_imgs_with_padding': (512, 512),
            'rtc_config': None,
            'scheduler_decay_lr': 2.5e-06,
            'scheduler_decay_steps': 30000,
            'scheduler_warmup_steps': 1000,
            'self_attn_every_n_layers': 2,
            'tags': None,
            'tokenizer_max_length': 48,
            'train_expert_only': True,
            'train_state_proj': False,
            'use_amp': False,
            'use_cache': True,
            'use_delta_joint_actions_aloha': False,
            'use_peft': False,
            'vlm_model_name': 'HuggingFaceTB/SmolVLM2-500M-Video-Instruct'},
 'rename_map': {'observation.images.top': 'observation.images.camera1',
                'observation.images.wrist': 'observation.images.camera2'},
 'seed': 1000,
 'trust_remote_code': False}
INFO 2026-09-20 14:07:16 ot_eval.py:1157 Set CUDA_VISIBLE_DEVICES=0 for policy and environment subprocesses
INFO 2026-09-20 14:07:16 ot_eval.py:1166 Output dir: /data/zhonglinye/jun/lerobot/personal/work2/attention_fig/quick_surrogate_eval/quick40_pickplace/shard_1_of_2/eval_outputs/uniform_42_corner_uniform_112_seed42_006000
INFO 2026-09-20 14:07:16 ot_eval.py:1168 Making environment (batch_size=5, async=True).
Creating Meta-World envs | task_groups=['pick-place-v3'] | n_envs(per task)=5
Building vec env | group=pick-place-v3 | task_id=0 | task=pick-place-v3
INFO 2026-09-20 14:07:17 ot_eval.py:1176 Making policy.
[DEBUG factory] policy_cls: <class 'lerobot.policies.smolvla.modeling_smolvla.SmolVLAPolicy'>
[DEBUG factory] policy_cls.__init__ signature: <function SmolVLAPolicy.__init__ at 0x7557227ebb00>
[DEBUG factory] kwargs keys: ['config', 'pretrained_name_or_path', 'revision']
Loading  HuggingFaceTB/SmolVLM2-500M-Video-Instruct weights ...
`torch_dtype` is deprecated! Use `dtype` instead!
Loading weights:   0%|          | 0/489 [00:00<?, ?it/s]Loading weights:  54%|█████▍    | 265/489 [00:00<00:00, 2649.13it/s]Loading weights: 100%|██████████| 489/489 [00:00<00:00, 3083.29it/s]

[HEARTBEAT] uniform_42_corner/uniform_112_seed42@006000: child still running, elapsed=20s / timeout=240s
Reducing the number of VLM layers to 16 ...

[HEARTBEAT] uniform_42_corner/uniform_112_seed42@006000: child still running, elapsed=30s / timeout=240s
Loading weights from local directory
Evaluating tasks:   0%|          | 0/1 [00:00<?, ?it/s]Evaluating (0/5 episodes):   0%|          | 0/1 [00:00<?, ?it/s]
[HEARTBEAT] uniform_42_corner/uniform_112_seed42@006000: child still running, elapsed=41s / timeout=240s

[HEARTBEAT] uniform_42_corner/uniform_112_seed42@006000: child still running, elapsed=51s / timeout=240s

[HEARTBEAT] uniform_42_corner/uniform_112_seed42@006000: child still running, elapsed=61s / timeout=240s

[HEARTBEAT] uniform_42_corner/uniform_112_seed42@006000: child still running, elapsed=71s / timeout=240s

[HEARTBEAT] uniform_42_corner/uniform_112_seed42@006000: child still running, elapsed=81s / timeout=240s
Evaluating (5/5 episodes, success: 2/5, rate: 40.0%):   0%|          | 0/1 [00:41<?, ?it/s]Evaluating (5/5 episodes, success: 2/5, rate: 40.0%): 100%|██████████| 1/1 [00:41<00:00, 41.01s/it]Evaluating (5/5 episodes, success: 2/5, rate: 40.0%): 100%|██████████| 1/1 [00:41<00:00, 41.01s/it]
INFO 2026-09-20 14:08:26 ot_eval.py:1092 Saved per-episode eval results to /data/zhonglinye/jun/lerobot/personal/work2/attention_fig/quick_surrogate_eval/quick40_pickplace/shard_1_of_2/eval_outputs/uniform_42_corner_uniform_112_seed42_006000/eval_results/pick-place-v3_0/eval_episode_results.json
Task 1/1: pick-place-v3 (episodes: 5, success: 2):   0%|          | 0/1 [00:41<?, ?it/s]Task 1/1: pick-place-v3 (episodes: 5, success: 2): 100%|██████████| 1/1 [00:41<00:00, 41.02s/it]Task 1/1: pick-place-v3 (episodes: 5, success: 2): 100%|██████████| 1/1 [00:41<00:00, 41.50s/it]
INFO 2026-09-20 14:08:27 ot_eval.py:1655 Saved per-episode eval results to /data/zhonglinye/jun/lerobot/personal/work2/attention_fig/quick_surrogate_eval/quick40_pickplace/shard_1_of_2/eval_outputs/uniform_42_corner_uniform_112_seed42_006000/eval_results/eval_episode_results.json
INFO 2026-09-20 14:08:27 ot_eval.py:1240 Overall Aggregated Metrics:
INFO 2026-09-20 14:08:27 ot_eval.py:1241 {'avg_sum_reward': 69.5500611121137, 'avg_max_reward': 3.0870910127294975, 'pc_success': 40.0, 'pc_grasp_success': 80.0, 'success@5mm': None, 'coffee_success_5mm_count': None, 'n_episodes': 5, 'eval_s': 41.50179839134216, 'eval_ep_s': 8.300359773635865, 'video_paths': [], 'predicted_video_paths': []}
INFO 2026-09-20 14:08:27 ot_eval.py:1245 
Aggregated Metrics for per_task:
INFO 2026-09-20 14:08:27 ot_eval.py:1246 [{'task_group': 'pick-place-v3', 'task_id': 0, 'metrics': {'sum_rewards': [138.62366703023406, 9.485340999405562, 65.47571413609612, 55.92161375460218, 78.24396964023053], 'max_rewards': [4.297708587907524, 0.11021294281272757, 0.2691441478644507, 6.523784637451172, 4.234604747611615], 'successes': [False, False, False, True, True], 'grasp_successes': [True, False, True, True, True], 'video_paths': [], 'predicted_video_paths': [], 'success_at_5mm': [None, None, None, None, None], 'obj_to_targets': [0.2618781626224518, 0.27208027243614197, 0.30689024925231934, 0.0, 0.0]}}]
INFO 2026-09-20 14:08:27 ot_eval.py:1245 
Aggregated Metrics for per_group:
INFO 2026-09-20 14:08:27 ot_eval.py:1246 {'pick-place-v3': {'avg_sum_reward': 69.5500611121137, 'avg_max_reward': 3.0870910127294975, 'pc_success': 40.0, 'pc_grasp_success': 80.0, 'success@5mm': None, 'coffee_success_5mm_count': None, 'n_episodes': 5, 'video_paths': [], 'predicted_video_paths': []}}
INFO 2026-09-20 14:08:27 ot_eval.py:1245 
Aggregated Metrics for overall:
INFO 2026-09-20 14:08:27 ot_eval.py:1246 {'avg_sum_reward': 69.5500611121137, 'avg_max_reward': 3.0870910127294975, 'pc_success': 40.0, 'pc_grasp_success': 80.0, 'success@5mm': None, 'coffee_success_5mm_count': None, 'n_episodes': 5, 'eval_s': 41.50179839134216, 'eval_ep_s': 8.300359773635865, 'video_paths': [], 'predicted_video_paths': []}
INFO 2026-09-20 14:08:27 ot_eval.py:1254 End of eval
[DONE] uniform_42_corner/uniform_112_seed42@006000: quick_success=40.0% quick_grasp=80.0%
[PROGRESS] shard=1/2 processed=31/52 successful_quick_results=17 global_elapsed=24.7 min

================================================================================
[MODEL 32/52] uniform_42_corner/uniform_112_seed42@008000 | historical=25.5% (200 episodes)
[PATH] /data/zhonglinye/jun/lerobot/personal/work2/duibi/uniform_42_corner/uniform_112_seed42/checkpoints/008000/pretrained_model
[CMD] lerobot-eval --policy.path=/data/zhonglinye/jun/lerobot/personal/work2/duibi/uniform_42_corner/uniform_112_seed42/checkpoints/008000/pretrained_model --env.type=metaworld --env.task=pick-place-v3 --env.camera_name=corner,gripperPOV --env.use_self_mw=true --eval.batch_size=5 --eval.n_episodes=5 --policy.device=cuda --policy.use_amp=false --seed=1000 --output_dir=/data/zhonglinye/jun/lerobot/personal/work2/attention_fig/quick_surrogate_eval/quick40_pickplace/shard_1_of_2/eval_outputs/uniform_42_corner_uniform_112_seed42_008000 --rename_map={"observation.images.top": "observation.images.camera1", "observation.images.wrist": "observation.images.camera2"}
================================================================================

[HEARTBEAT] uniform_42_corner/uniform_112_seed42@008000: child still running, elapsed=10s / timeout=240s
[DEBUG] Loaded config from: /data/zhonglinye/jun/lerobot/personal/work2/duibi/uniform_42_corner/uniform_112_seed42/checkpoints/008000/pretrained_model/config.json
[DEBUG] Config keys: ['type', 'n_obs_steps', 'input_features', 'output_features', 'device', 'use_amp', 'use_peft', 'push_to_hub', 'repo_id', 'private', 'tags', 'license', 'pretrained_path', 'pretrained_revision', 'chunk_size', 'n_action_steps', 'normalization_mapping', 'max_state_dim', 'max_action_dim', 'resize_imgs_with_padding', 'empty_cameras', 'adapt_to_pi_aloha', 'use_delta_joint_actions_aloha', 'tokenizer_max_length', 'num_steps', 'use_cache', 'freeze_vision_encoder', 'train_expert_only', 'train_state_proj', 'optimizer_lr', 'optimizer_betas', 'optimizer_eps', 'optimizer_weight_decay', 'optimizer_grad_clip_norm', 'scheduler_warmup_steps', 'scheduler_decay_steps', 'scheduler_decay_lr', 'vlm_model_name', 'load_vlm_weights', 'add_image_special_tokens', 'attention_mode', 'prefix_length', 'pad_language_to', 'num_expert_layers', 'num_vlm_layers', 'self_attn_every_n_layers', 'expert_width_multiplier', 'min_period', 'max_period', 'rtc_config', 'compile_model', 'compile_mode']
[DEBUG] policy_type parameter: None
[DEBUG] Extracted policy_type from config: smolvla
[DEBUG] Filtered config keys: ['n_obs_steps', 'input_features', 'output_features', 'device', 'use_amp', 'use_peft', 'push_to_hub', 'repo_id', 'private', 'tags', 'license', 'pretrained_path', 'pretrained_revision', 'chunk_size', 'n_action_steps', 'normalization_mapping', 'max_state_dim', 'max_action_dim', 'resize_imgs_with_padding', 'empty_cameras', 'adapt_to_pi_aloha', 'use_delta_joint_actions_aloha', 'tokenizer_max_length', 'num_steps', 'use_cache', 'freeze_vision_encoder', 'train_expert_only', 'train_state_proj', 'optimizer_lr', 'optimizer_betas', 'optimizer_eps', 'optimizer_weight_decay', 'optimizer_grad_clip_norm', 'scheduler_warmup_steps', 'scheduler_decay_steps', 'scheduler_decay_lr', 'vlm_model_name', 'load_vlm_weights', 'add_image_special_tokens', 'attention_mode', 'prefix_length', 'pad_language_to', 'num_expert_layers', 'num_vlm_layers', 'self_attn_every_n_layers', 'expert_width_multiplier', 'min_period', 'max_period', 'rtc_config', 'compile_model', 'compile_mode']
[DEBUG] Removed invalid keys: set()
WARNING 2026-09-20 14:08:41 figs/eval.py:69 No job name provided, using 'metaworld_smolvla' as job name.
INFO 2026-09-20 14:08:41 ot_eval.py:1146 {'env': {'camera_name': 'corner,gripperPOV',
         'disable_env_checker': True,
         'episode_length': 400,
         'features': {'action': {'shape': (4,),
                                 'type': <FeatureType.ACTION: 'ACTION'>},
                      'observation.images.camera1': {'shape': (3, 480, 480),
                                                     'type': <FeatureType.VISUAL: 'VISUAL'>},
                      'observation.images.camera2': {'shape': (3, 480, 480),
                                                     'type': <FeatureType.VISUAL: 'VISUAL'>},
                      'observation.state': {'shape': (4,),
                                            'type': <FeatureType.STATE: 'STATE'>}},
         'features_map': {'action': 'action',
                          'agent_pos': 'observation.state',
                          'observation.images.camera1': 'observation.images.camera1',
                          'observation.images.camera2': 'observation.images.camera2',
                          'observation.state': 'observation.state',
                          'pixels/top': 'observation.images.top',
                          'top': 'observation.image'},
         'fps': 80,
         'max_parallel_tasks': 1,
         'multitask_eval': True,
         'obs_type': 'pixels_agent_pos',
         'render_mode': 'rgb_array',
         'task': 'pick-place-v3',
         'use_self_mw': True},
 'eval': {'batch_size': 5,
          'n_episodes': 5,
          'recording': False,
          'recording_private': False,
          'recording_repo_id': None,
          'save_dataset': False,
          'use_async_envs': True},
 'job_name': 'metaworld_smolvla',
 'output_dir': PosixPath('/data/zhonglinye/jun/lerobot/personal/work2/attention_fig/quick_surrogate_eval/quick40_pickplace/shard_1_of_2/eval_outputs/uniform_42_corner_uniform_112_seed42_008000'),
 'policy': {'adapt_to_pi_aloha': False,
            'add_image_special_tokens': False,
            'attention_mode': 'cross_attn',
            'chunk_size': 50,
            'compile_mode': 'max-autotune',
            'compile_model': False,
            'device': 'cuda',
            'empty_cameras': 0,
            'expert_width_multiplier': 0.75,
            'freeze_vision_encoder': True,
            'input_features': {'observation.images.camera1': {'shape': (3,
                                                                        256,
                                                                        256),
                                                              'type': <FeatureType.VISUAL: 'VISUAL'>},
                               'observation.images.camera2': {'shape': (3,
                                                                        256,
                                                                        256),
                                                              'type': <FeatureType.VISUAL: 'VISUAL'>},
                               'observation.images.camera3': {'shape': (3,
                                                                        256,
                                                                        256),
                                                              'type': <FeatureType.VISUAL: 'VISUAL'>},
                               'observation.state': {'shape': (6,),
                                                     'type': <FeatureType.STATE: 'STATE'>}},
            'license': None,
            'load_vlm_weights': True,
            'max_action_dim': 32,
            'max_period': 4.0,
            'max_state_dim': 32,
            'min_period': 0.004,
            'n_action_steps': 50,
            'n_obs_steps': 1,
            'normalization_mapping': {'ACTION': <NormalizationMode.MEAN_STD: 'MEAN_STD'>,
                                      'STATE': <NormalizationMode.MEAN_STD: 'MEAN_STD'>,
                                      'VISUAL': <NormalizationMode.IDENTITY: 'IDENTITY'>},
            'num_expert_layers': 0,
            'num_steps': 10,
            'num_vlm_layers': 16,
            'optimizer_betas': (0.9, 0.95),
            'optimizer_eps': 1e-08,
            'optimizer_grad_clip_norm': 10.0,
            'optimizer_lr': 0.0001,
            'optimizer_weight_decay': 1e-10,
            'output_features': {'action': {'shape': (4,),
                                           'type': <FeatureType.ACTION: 'ACTION'>}},
            'pad_language_to': 'max_length',
            'prefix_length': 0,
            'pretrained_path': PosixPath('/data/zhonglinye/jun/lerobot/personal/work2/duibi/uniform_42_corner/uniform_112_seed42/checkpoints/008000/pretrained_model'),
            'pretrained_revision': None,
            'private': None,
            'push_to_hub': False,
            'repo_id': None,
            'resize_imgs_with_padding': (512, 512),
            'rtc_config': None,
            'scheduler_decay_lr': 2.5e-06,
            'scheduler_decay_steps': 30000,
            'scheduler_warmup_steps': 1000,
            'self_attn_every_n_layers': 2,
            'tags': None,
            'tokenizer_max_length': 48,
            'train_expert_only': True,
            'train_state_proj': False,
            'use_amp': False,
            'use_cache': True,
            'use_delta_joint_actions_aloha': False,
            'use_peft': False,
            'vlm_model_name': 'HuggingFaceTB/SmolVLM2-500M-Video-Instruct'},
 'rename_map': {'observation.images.top': 'observation.images.camera1',
                'observation.images.wrist': 'observation.images.camera2'},
 'seed': 1000,
 'trust_remote_code': False}
INFO 2026-09-20 14:08:41 ot_eval.py:1157 Set CUDA_VISIBLE_DEVICES=0 for policy and environment subprocesses
INFO 2026-09-20 14:08:41 ot_eval.py:1166 Output dir: /data/zhonglinye/jun/lerobot/personal/work2/attention_fig/quick_surrogate_eval/quick40_pickplace/shard_1_of_2/eval_outputs/uniform_42_corner_uniform_112_seed42_008000
INFO 2026-09-20 14:08:41 ot_eval.py:1168 Making environment (batch_size=5, async=True).
Creating Meta-World envs | task_groups=['pick-place-v3'] | n_envs(per task)=5
Building vec env | group=pick-place-v3 | task_id=0 | task=pick-place-v3
INFO 2026-09-20 14:08:41 ot_eval.py:1176 Making policy.
[DEBUG factory] policy_cls: <class 'lerobot.policies.smolvla.modeling_smolvla.SmolVLAPolicy'>
[DEBUG factory] policy_cls.__init__ signature: <function SmolVLAPolicy.__init__ at 0x7d7abb9dbb00>
[DEBUG factory] kwargs keys: ['config', 'pretrained_name_or_path', 'revision']
Loading  HuggingFaceTB/SmolVLM2-500M-Video-Instruct weights ...
`torch_dtype` is deprecated! Use `dtype` instead!
Loading weights:   0%|          | 0/489 [00:00<?, ?it/s]Loading weights:  52%|█████▏    | 255/489 [00:00<00:00, 2541.21it/s]Loading weights: 100%|██████████| 489/489 [00:00<00:00, 3076.32it/s]

[HEARTBEAT] uniform_42_corner/uniform_112_seed42@008000: child still running, elapsed=20s / timeout=240s
Reducing the number of VLM layers to 16 ...

[HEARTBEAT] uniform_42_corner/uniform_112_seed42@008000: child still running, elapsed=30s / timeout=240s
Loading weights from local directory

[HEARTBEAT] uniform_42_corner/uniform_112_seed42@008000: child still running, elapsed=40s / timeout=240s
Evaluating tasks:   0%|          | 0/1 [00:00<?, ?it/s]Evaluating (0/5 episodes):   0%|          | 0/1 [00:00<?, ?it/s]
[HEARTBEAT] uniform_42_corner/uniform_112_seed42@008000: child still running, elapsed=50s / timeout=240s

[HEARTBEAT] uniform_42_corner/uniform_112_seed42@008000: child still running, elapsed=61s / timeout=240s

[HEARTBEAT] uniform_42_corner/uniform_112_seed42@008000: child still running, elapsed=71s / timeout=240s

[HEARTBEAT] uniform_42_corner/uniform_112_seed42@008000: child still running, elapsed=81s / timeout=240s
Evaluating (5/5 episodes, success: 2/5, rate: 40.0%):   0%|          | 0/1 [00:40<?, ?it/s]Evaluating (5/5 episodes, success: 2/5, rate: 40.0%): 100%|██████████| 1/1 [00:40<00:00, 40.98s/it]Evaluating (5/5 episodes, success: 2/5, rate: 40.0%): 100%|██████████| 1/1 [00:40<00:00, 40.98s/it]
INFO 2026-09-20 14:09:53 ot_eval.py:1092 Saved per-episode eval results to /data/zhonglinye/jun/lerobot/personal/work2/attention_fig/quick_surrogate_eval/quick40_pickplace/shard_1_of_2/eval_outputs/uniform_42_corner_uniform_112_seed42_008000/eval_results/pick-place-v3_0/eval_episode_results.json
Task 1/1: pick-place-v3 (episodes: 5, success: 2):   0%|          | 0/1 [00:40<?, ?it/s]Task 1/1: pick-place-v3 (episodes: 5, success: 2): 100%|██████████| 1/1 [00:40<00:00, 41.00s/it]Task 1/1: pick-place-v3 (episodes: 5, success: 2): 100%|██████████| 1/1 [00:41<00:00, 41.46s/it]
INFO 2026-09-20 14:09:53 ot_eval.py:1655 Saved per-episode eval results to /data/zhonglinye/jun/lerobot/personal/work2/attention_fig/quick_surrogate_eval/quick40_pickplace/shard_1_of_2/eval_outputs/uniform_42_corner_uniform_112_seed42_008000/eval_results/eval_episode_results.json
INFO 2026-09-20 14:09:53 ot_eval.py:1240 Overall Aggregated Metrics:
INFO 2026-09-20 14:09:53 ot_eval.py:1241 {'avg_sum_reward': 822.3706790067929, 'avg_max_reward': 4.746949881032386, 'pc_success': 40.0, 'pc_grasp_success': 80.0, 'success@5mm': None, 'coffee_success_5mm_count': None, 'n_episodes': 5, 'eval_s': 41.46247673034668, 'eval_ep_s': 8.2924955368042, 'video_paths': [], 'predicted_video_paths': []}
INFO 2026-09-20 14:09:53 ot_eval.py:1245 
Aggregated Metrics for per_task:
INFO 2026-09-20 14:09:53 ot_eval.py:1246 [{'task_group': 'pick-place-v3', 'task_id': 0, 'metrics': {'sum_rewards': [1998.180440576772, 8.362779268481534, 116.25206134805808, 47.140273859220514, 1941.9178399814323], 'max_rewards': [5.446182354801107, 0.11889849124908275, 6.761933326721191, 6.589302062988281, 4.818433169402267], 'successes': [False, False, True, True, False], 'grasp_successes': [True, False, True, True, True], 'video_paths': [], 'predicted_video_paths': [], 'success_at_5mm': [None, None, None, None, None], 'obj_to_targets': [0.2618781626224518, 0.27208027243614197, 0.0, 0.0, 0.28933167457580566]}}]
INFO 2026-09-20 14:09:53 ot_eval.py:1245 
Aggregated Metrics for per_group:
INFO 2026-09-20 14:09:53 ot_eval.py:1246 {'pick-place-v3': {'avg_sum_reward': 822.3706790067929, 'avg_max_reward': 4.746949881032386, 'pc_success': 40.0, 'pc_grasp_success': 80.0, 'success@5mm': None, 'coffee_success_5mm_count': None, 'n_episodes': 5, 'video_paths': [], 'predicted_video_paths': []}}
INFO 2026-09-20 14:09:53 ot_eval.py:1245 
Aggregated Metrics for overall:
INFO 2026-09-20 14:09:53 ot_eval.py:1246 {'avg_sum_reward': 822.3706790067929, 'avg_max_reward': 4.746949881032386, 'pc_success': 40.0, 'pc_grasp_success': 80.0, 'success@5mm': None, 'coffee_success_5mm_count': None, 'n_episodes': 5, 'eval_s': 41.46247673034668, 'eval_ep_s': 8.2924955368042, 'video_paths': [], 'predicted_video_paths': []}
INFO 2026-09-20 14:09:53 ot_eval.py:1254 End of eval
[DONE] uniform_42_corner/uniform_112_seed42@008000: quick_success=40.0% quick_grasp=80.0%
[PROGRESS] shard=1/2 processed=32/52 successful_quick_results=18 global_elapsed=26.1 min

================================================================================
[MODEL 33/52] uniform_42_corner/uniform_112_seed42@010000 | historical=27.0% (200 episodes)
[PATH] /data/zhonglinye/jun/lerobot/personal/work2/duibi/uniform_42_corner/uniform_112_seed42/checkpoints/010000/pretrained_model
[CMD] lerobot-eval --policy.path=/data/zhonglinye/jun/lerobot/personal/work2/duibi/uniform_42_corner/uniform_112_seed42/checkpoints/010000/pretrained_model --env.type=metaworld --env.task=pick-place-v3 --env.camera_name=corner,gripperPOV --env.use_self_mw=true --eval.batch_size=5 --eval.n_episodes=5 --policy.device=cuda --policy.use_amp=false --seed=1000 --output_dir=/data/zhonglinye/jun/lerobot/personal/work2/attention_fig/quick_surrogate_eval/quick40_pickplace/shard_1_of_2/eval_outputs/uniform_42_corner_uniform_112_seed42_010000 --rename_map={"observation.images.top": "observation.images.camera1", "observation.images.wrist": "observation.images.camera2"}
================================================================================

[HEARTBEAT] uniform_42_corner/uniform_112_seed42@010000: child still running, elapsed=10s / timeout=240s
[DEBUG] Loaded config from: /data/zhonglinye/jun/lerobot/personal/work2/duibi/uniform_42_corner/uniform_112_seed42/checkpoints/010000/pretrained_model/config.json
[DEBUG] Config keys: ['type', 'n_obs_steps', 'input_features', 'output_features', 'device', 'use_amp', 'use_peft', 'push_to_hub', 'repo_id', 'private', 'tags', 'license', 'pretrained_path', 'pretrained_revision', 'chunk_size', 'n_action_steps', 'normalization_mapping', 'max_state_dim', 'max_action_dim', 'resize_imgs_with_padding', 'empty_cameras', 'adapt_to_pi_aloha', 'use_delta_joint_actions_aloha', 'tokenizer_max_length', 'num_steps', 'use_cache', 'freeze_vision_encoder', 'train_expert_only', 'train_state_proj', 'optimizer_lr', 'optimizer_betas', 'optimizer_eps', 'optimizer_weight_decay', 'optimizer_grad_clip_norm', 'scheduler_warmup_steps', 'scheduler_decay_steps', 'scheduler_decay_lr', 'vlm_model_name', 'load_vlm_weights', 'add_image_special_tokens', 'attention_mode', 'prefix_length', 'pad_language_to', 'num_expert_layers', 'num_vlm_layers', 'self_attn_every_n_layers', 'expert_width_multiplier', 'min_period', 'max_period', 'rtc_config', 'compile_model', 'compile_mode']
[DEBUG] policy_type parameter: None
[DEBUG] Extracted policy_type from config: smolvla
[DEBUG] Filtered config keys: ['n_obs_steps', 'input_features', 'output_features', 'device', 'use_amp', 'use_peft', 'push_to_hub', 'repo_id', 'private', 'tags', 'license', 'pretrained_path', 'pretrained_revision', 'chunk_size', 'n_action_steps', 'normalization_mapping', 'max_state_dim', 'max_action_dim', 'resize_imgs_with_padding', 'empty_cameras', 'adapt_to_pi_aloha', 'use_delta_joint_actions_aloha', 'tokenizer_max_length', 'num_steps', 'use_cache', 'freeze_vision_encoder', 'train_expert_only', 'train_state_proj', 'optimizer_lr', 'optimizer_betas', 'optimizer_eps', 'optimizer_weight_decay', 'optimizer_grad_clip_norm', 'scheduler_warmup_steps', 'scheduler_decay_steps', 'scheduler_decay_lr', 'vlm_model_name', 'load_vlm_weights', 'add_image_special_tokens', 'attention_mode', 'prefix_length', 'pad_language_to', 'num_expert_layers', 'num_vlm_layers', 'self_attn_every_n_layers', 'expert_width_multiplier', 'min_period', 'max_period', 'rtc_config', 'compile_model', 'compile_mode']
[DEBUG] Removed invalid keys: set()
WARNING 2026-09-20 14:10:07 figs/eval.py:69 No job name provided, using 'metaworld_smolvla' as job name.
INFO 2026-09-20 14:10:07 ot_eval.py:1146 {'env': {'camera_name': 'corner,gripperPOV',
         'disable_env_checker': True,
         'episode_length': 400,
         'features': {'action': {'shape': (4,),
                                 'type': <FeatureType.ACTION: 'ACTION'>},
                      'observation.images.camera1': {'shape': (3, 480, 480),
                                                     'type': <FeatureType.VISUAL: 'VISUAL'>},
                      'observation.images.camera2': {'shape': (3, 480, 480),
                                                     'type': <FeatureType.VISUAL: 'VISUAL'>},
                      'observation.state': {'shape': (4,),
                                            'type': <FeatureType.STATE: 'STATE'>}},
         'features_map': {'action': 'action',
                          'agent_pos': 'observation.state',
                          'observation.images.camera1': 'observation.images.camera1',
                          'observation.images.camera2': 'observation.images.camera2',
                          'observation.state': 'observation.state',
                          'pixels/top': 'observation.images.top',
                          'top': 'observation.image'},
         'fps': 80,
         'max_parallel_tasks': 1,
         'multitask_eval': True,
         'obs_type': 'pixels_agent_pos',
         'render_mode': 'rgb_array',
         'task': 'pick-place-v3',
         'use_self_mw': True},
 'eval': {'batch_size': 5,
          'n_episodes': 5,
          'recording': False,
          'recording_private': False,
          'recording_repo_id': None,
          'save_dataset': False,
          'use_async_envs': True},
 'job_name': 'metaworld_smolvla',
 'output_dir': PosixPath('/data/zhonglinye/jun/lerobot/personal/work2/attention_fig/quick_surrogate_eval/quick40_pickplace/shard_1_of_2/eval_outputs/uniform_42_corner_uniform_112_seed42_010000'),
 'policy': {'adapt_to_pi_aloha': False,
            'add_image_special_tokens': False,
            'attention_mode': 'cross_attn',
            'chunk_size': 50,
            'compile_mode': 'max-autotune',
            'compile_model': False,
            'device': 'cuda',
            'empty_cameras': 0,
            'expert_width_multiplier': 0.75,
            'freeze_vision_encoder': True,
            'input_features': {'observation.images.camera1': {'shape': (3,
                                                                        256,
                                                                        256),
                                                              'type': <FeatureType.VISUAL: 'VISUAL'>},
                               'observation.images.camera2': {'shape': (3,
                                                                        256,
                                                                        256),
                                                              'type': <FeatureType.VISUAL: 'VISUAL'>},
                               'observation.images.camera3': {'shape': (3,
                                                                        256,
                                                                        256),
                                                              'type': <FeatureType.VISUAL: 'VISUAL'>},
                               'observation.state': {'shape': (6,),
                                                     'type': <FeatureType.STATE: 'STATE'>}},
            'license': None,
            'load_vlm_weights': True,
            'max_action_dim': 32,
            'max_period': 4.0,
            'max_state_dim': 32,
            'min_period': 0.004,
            'n_action_steps': 50,
            'n_obs_steps': 1,
            'normalization_mapping': {'ACTION': <NormalizationMode.MEAN_STD: 'MEAN_STD'>,
                                      'STATE': <NormalizationMode.MEAN_STD: 'MEAN_STD'>,
                                      'VISUAL': <NormalizationMode.IDENTITY: 'IDENTITY'>},
            'num_expert_layers': 0,
            'num_steps': 10,
            'num_vlm_layers': 16,
            'optimizer_betas': (0.9, 0.95),
            'optimizer_eps': 1e-08,
            'optimizer_grad_clip_norm': 10.0,
            'optimizer_lr': 0.0001,
            'optimizer_weight_decay': 1e-10,
            'output_features': {'action': {'shape': (4,),
                                           'type': <FeatureType.ACTION: 'ACTION'>}},
            'pad_language_to': 'max_length',
            'prefix_length': 0,
            'pretrained_path': PosixPath('/data/zhonglinye/jun/lerobot/personal/work2/duibi/uniform_42_corner/uniform_112_seed42/checkpoints/010000/pretrained_model'),
            'pretrained_revision': None,
            'private': None,
            'push_to_hub': False,
            'repo_id': None,
            'resize_imgs_with_padding': (512, 512),
            'rtc_config': None,
            'scheduler_decay_lr': 2.5e-06,
            'scheduler_decay_steps': 30000,
            'scheduler_warmup_steps': 1000,
            'self_attn_every_n_layers': 2,
            'tags': None,
            'tokenizer_max_length': 48,
            'train_expert_only': True,
            'train_state_proj': False,
            'use_amp': False,
            'use_cache': True,
            'use_delta_joint_actions_aloha': False,
            'use_peft': False,
            'vlm_model_name': 'HuggingFaceTB/SmolVLM2-500M-Video-Instruct'},
 'rename_map': {'observation.images.top': 'observation.images.camera1',
                'observation.images.wrist': 'observation.images.camera2'},
 'seed': 1000,
 'trust_remote_code': False}
INFO 2026-09-20 14:10:07 ot_eval.py:1157 Set CUDA_VISIBLE_DEVICES=0 for policy and environment subprocesses
INFO 2026-09-20 14:10:07 ot_eval.py:1166 Output dir: /data/zhonglinye/jun/lerobot/personal/work2/attention_fig/quick_surrogate_eval/quick40_pickplace/shard_1_of_2/eval_outputs/uniform_42_corner_uniform_112_seed42_010000
INFO 2026-09-20 14:10:07 ot_eval.py:1168 Making environment (batch_size=5, async=True).
Creating Meta-World envs | task_groups=['pick-place-v3'] | n_envs(per task)=5
Building vec env | group=pick-place-v3 | task_id=0 | task=pick-place-v3
INFO 2026-09-20 14:10:08 ot_eval.py:1176 Making policy.
[DEBUG factory] policy_cls: <class 'lerobot.policies.smolvla.modeling_smolvla.SmolVLAPolicy'>
[DEBUG factory] policy_cls.__init__ signature: <function SmolVLAPolicy.__init__ at 0x71b0e05e3b00>
[DEBUG factory] kwargs keys: ['config', 'pretrained_name_or_path', 'revision']
Loading  HuggingFaceTB/SmolVLM2-500M-Video-Instruct weights ...
`torch_dtype` is deprecated! Use `dtype` instead!
Loading weights:   0%|          | 0/489 [00:00<?, ?it/s]Loading weights:  58%|█████▊    | 284/489 [00:00<00:00, 2821.67it/s]Loading weights: 100%|██████████| 489/489 [00:00<00:00, 3299.89it/s]

[HEARTBEAT] uniform_42_corner/uniform_112_seed42@010000: child still running, elapsed=20s / timeout=240s
Reducing the number of VLM layers to 16 ...

[HEARTBEAT] uniform_42_corner/uniform_112_seed42@010000: child still running, elapsed=30s / timeout=240s
Loading weights from local directory

[HEARTBEAT] uniform_42_corner/uniform_112_seed42@010000: child still running, elapsed=41s / timeout=240s
Evaluating tasks:   0%|          | 0/1 [00:00<?, ?it/s]Evaluating (0/5 episodes):   0%|          | 0/1 [00:00<?, ?it/s]
[HEARTBEAT] uniform_42_corner/uniform_112_seed42@010000: child still running, elapsed=51s / timeout=240s

[HEARTBEAT] uniform_42_corner/uniform_112_seed42@010000: child still running, elapsed=61s / timeout=240s

[HEARTBEAT] uniform_42_corner/uniform_112_seed42@010000: child still running, elapsed=71s / timeout=240s

[HEARTBEAT] uniform_42_corner/uniform_112_seed42@010000: child still running, elapsed=81s / timeout=240s
Evaluating (5/5 episodes, success: 2/5, rate: 40.0%):   0%|          | 0/1 [00:40<?, ?it/s]Evaluating (5/5 episodes, success: 2/5, rate: 40.0%): 100%|██████████| 1/1 [00:40<00:00, 40.86s/it]Evaluating (5/5 episodes, success: 2/5, rate: 40.0%): 100%|██████████| 1/1 [00:40<00:00, 40.86s/it]
INFO 2026-09-20 14:11:19 ot_eval.py:1092 Saved per-episode eval results to /data/zhonglinye/jun/lerobot/personal/work2/attention_fig/quick_surrogate_eval/quick40_pickplace/shard_1_of_2/eval_outputs/uniform_42_corner_uniform_112_seed42_010000/eval_results/pick-place-v3_0/eval_episode_results.json
Task 1/1: pick-place-v3 (episodes: 5, success: 2):   0%|          | 0/1 [00:40<?, ?it/s]Task 1/1: pick-place-v3 (episodes: 5, success: 2): 100%|██████████| 1/1 [00:40<00:00, 40.87s/it]Task 1/1: pick-place-v3 (episodes: 5, success: 2): 100%|██████████| 1/1 [00:41<00:00, 41.37s/it]
INFO 2026-09-20 14:11:19 ot_eval.py:1655 Saved per-episode eval results to /data/zhonglinye/jun/lerobot/personal/work2/attention_fig/quick_surrogate_eval/quick40_pickplace/shard_1_of_2/eval_outputs/uniform_42_corner_uniform_112_seed42_010000/eval_results/eval_episode_results.json
INFO 2026-09-20 14:11:19 ot_eval.py:1240 Overall Aggregated Metrics:
INFO 2026-09-20 14:11:19 ot_eval.py:1241 {'avg_sum_reward': 795.3805179563897, 'avg_max_reward': 4.607420890010448, 'pc_success': 40.0, 'pc_grasp_success': 100.0, 'success@5mm': None, 'coffee_success_5mm_count': None, 'n_episodes': 5, 'eval_s': 41.36701941490173, 'eval_ep_s': 8.273404121398926, 'video_paths': [], 'predicted_video_paths': []}
INFO 2026-09-20 14:11:19 ot_eval.py:1245 
Aggregated Metrics for per_task:
INFO 2026-09-20 14:11:19 ot_eval.py:1246 [{'task_group': 'pick-place-v3', 'task_id': 0, 'metrics': {'sum_rewards': [2022.2632745166545, 8.205015829288545, 123.76258377729943, 57.89537290401741, 1764.7763427546884], 'max_rewards': [5.2807400154591475, 0.12281092964924482, 6.846167087554932, 6.524012565612793, 4.263373851776123], 'successes': [False, False, True, True, False], 'grasp_successes': [True, True, True, True, True], 'video_paths': [], 'predicted_video_paths': [], 'success_at_5mm': [None, None, None, None, None], 'obj_to_targets': [0.2618781626224518, 0.27208027243614197, 0.0, 0.0, 0.28933167457580566]}}]
INFO 2026-09-20 14:11:19 ot_eval.py:1245 
Aggregated Metrics for per_group:
INFO 2026-09-20 14:11:19 ot_eval.py:1246 {'pick-place-v3': {'avg_sum_reward': 795.3805179563897, 'avg_max_reward': 4.607420890010448, 'pc_success': 40.0, 'pc_grasp_success': 100.0, 'success@5mm': None, 'coffee_success_5mm_count': None, 'n_episodes': 5, 'video_paths': [], 'predicted_video_paths': []}}
INFO 2026-09-20 14:11:19 ot_eval.py:1245 
Aggregated Metrics for overall:
INFO 2026-09-20 14:11:19 ot_eval.py:1246 {'avg_sum_reward': 795.3805179563897, 'avg_max_reward': 4.607420890010448, 'pc_success': 40.0, 'pc_grasp_success': 100.0, 'success@5mm': None, 'coffee_success_5mm_count': None, 'n_episodes': 5, 'eval_s': 41.36701941490173, 'eval_ep_s': 8.273404121398926, 'video_paths': [], 'predicted_video_paths': []}
INFO 2026-09-20 14:11:19 ot_eval.py:1254 End of eval
[DONE] uniform_42_corner/uniform_112_seed42@010000: quick_success=40.0% quick_grasp=100.0%
[PROGRESS] shard=1/2 processed=33/52 successful_quick_results=19 global_elapsed=27.5 min

================================================================================
[MODEL 34/52] uniform_42_corner/uniform_112_seed42@012000 | historical=28.0% (200 episodes)
[PATH] /data/zhonglinye/jun/lerobot/personal/work2/duibi/uniform_42_corner/uniform_112_seed42/checkpoints/012000/pretrained_model
[CMD] lerobot-eval --policy.path=/data/zhonglinye/jun/lerobot/personal/work2/duibi/uniform_42_corner/uniform_112_seed42/checkpoints/012000/pretrained_model --env.type=metaworld --env.task=pick-place-v3 --env.camera_name=corner,gripperPOV --env.use_self_mw=true --eval.batch_size=5 --eval.n_episodes=5 --policy.device=cuda --policy.use_amp=false --seed=1000 --output_dir=/data/zhonglinye/jun/lerobot/personal/work2/attention_fig/quick_surrogate_eval/quick40_pickplace/shard_1_of_2/eval_outputs/uniform_42_corner_uniform_112_seed42_012000 --rename_map={"observation.images.top": "observation.images.camera1", "observation.images.wrist": "observation.images.camera2"}
================================================================================

[HEARTBEAT] uniform_42_corner/uniform_112_seed42@012000: child still running, elapsed=10s / timeout=240s
[DEBUG] Loaded config from: /data/zhonglinye/jun/lerobot/personal/work2/duibi/uniform_42_corner/uniform_112_seed42/checkpoints/012000/pretrained_model/config.json
[DEBUG] Config keys: ['type', 'n_obs_steps', 'input_features', 'output_features', 'device', 'use_amp', 'use_peft', 'push_to_hub', 'repo_id', 'private', 'tags', 'license', 'pretrained_path', 'pretrained_revision', 'chunk_size', 'n_action_steps', 'normalization_mapping', 'max_state_dim', 'max_action_dim', 'resize_imgs_with_padding', 'empty_cameras', 'adapt_to_pi_aloha', 'use_delta_joint_actions_aloha', 'tokenizer_max_length', 'num_steps', 'use_cache', 'freeze_vision_encoder', 'train_expert_only', 'train_state_proj', 'optimizer_lr', 'optimizer_betas', 'optimizer_eps', 'optimizer_weight_decay', 'optimizer_grad_clip_norm', 'scheduler_warmup_steps', 'scheduler_decay_steps', 'scheduler_decay_lr', 'vlm_model_name', 'load_vlm_weights', 'add_image_special_tokens', 'attention_mode', 'prefix_length', 'pad_language_to', 'num_expert_layers', 'num_vlm_layers', 'self_attn_every_n_layers', 'expert_width_multiplier', 'min_period', 'max_period', 'rtc_config', 'compile_model', 'compile_mode']
[DEBUG] policy_type parameter: None
[DEBUG] Extracted policy_type from config: smolvla
[DEBUG] Filtered config keys: ['n_obs_steps', 'input_features', 'output_features', 'device', 'use_amp', 'use_peft', 'push_to_hub', 'repo_id', 'private', 'tags', 'license', 'pretrained_path', 'pretrained_revision', 'chunk_size', 'n_action_steps', 'normalization_mapping', 'max_state_dim', 'max_action_dim', 'resize_imgs_with_padding', 'empty_cameras', 'adapt_to_pi_aloha', 'use_delta_joint_actions_aloha', 'tokenizer_max_length', 'num_steps', 'use_cache', 'freeze_vision_encoder', 'train_expert_only', 'train_state_proj', 'optimizer_lr', 'optimizer_betas', 'optimizer_eps', 'optimizer_weight_decay', 'optimizer_grad_clip_norm', 'scheduler_warmup_steps', 'scheduler_decay_steps', 'scheduler_decay_lr', 'vlm_model_name', 'load_vlm_weights', 'add_image_special_tokens', 'attention_mode', 'prefix_length', 'pad_language_to', 'num_expert_layers', 'num_vlm_layers', 'self_attn_every_n_layers', 'expert_width_multiplier', 'min_period', 'max_period', 'rtc_config', 'compile_model', 'compile_mode']
[DEBUG] Removed invalid keys: set()
WARNING 2026-09-20 14:11:33 figs/eval.py:69 No job name provided, using 'metaworld_smolvla' as job name.
INFO 2026-09-20 14:11:33 ot_eval.py:1146 {'env': {'camera_name': 'corner,gripperPOV',
         'disable_env_checker': True,
         'episode_length': 400,
         'features': {'action': {'shape': (4,),
                                 'type': <FeatureType.ACTION: 'ACTION'>},
                      'observation.images.camera1': {'shape': (3, 480, 480),
                                                     'type': <FeatureType.VISUAL: 'VISUAL'>},
                      'observation.images.camera2': {'shape': (3, 480, 480),
                                                     'type': <FeatureType.VISUAL: 'VISUAL'>},
                      'observation.state': {'shape': (4,),
                                            'type': <FeatureType.STATE: 'STATE'>}},
         'features_map': {'action': 'action',
                          'agent_pos': 'observation.state',
                          'observation.images.camera1': 'observation.images.camera1',
                          'observation.images.camera2': 'observation.images.camera2',
                          'observation.state': 'observation.state',
                          'pixels/top': 'observation.images.top',
                          'top': 'observation.image'},
         'fps': 80,
         'max_parallel_tasks': 1,
         'multitask_eval': True,
         'obs_type': 'pixels_agent_pos',
         'render_mode': 'rgb_array',
         'task': 'pick-place-v3',
         'use_self_mw': True},
 'eval': {'batch_size': 5,
          'n_episodes': 5,
          'recording': False,
          'recording_private': False,
          'recording_repo_id': None,
          'save_dataset': False,
          'use_async_envs': True},
 'job_name': 'metaworld_smolvla',
 'output_dir': PosixPath('/data/zhonglinye/jun/lerobot/personal/work2/attention_fig/quick_surrogate_eval/quick40_pickplace/shard_1_of_2/eval_outputs/uniform_42_corner_uniform_112_seed42_012000'),
 'policy': {'adapt_to_pi_aloha': False,
            'add_image_special_tokens': False,
            'attention_mode': 'cross_attn',
            'chunk_size': 50,
            'compile_mode': 'max-autotune',
            'compile_model': False,
            'device': 'cuda',
            'empty_cameras': 0,
            'expert_width_multiplier': 0.75,
            'freeze_vision_encoder': True,
            'input_features': {'observation.images.camera1': {'shape': (3,
                                                                        256,
                                                                        256),
                                                              'type': <FeatureType.VISUAL: 'VISUAL'>},
                               'observation.images.camera2': {'shape': (3,
                                                                        256,
                                                                        256),
                                                              'type': <FeatureType.VISUAL: 'VISUAL'>},
                               'observation.images.camera3': {'shape': (3,
                                                                        256,
                                                                        256),
                                                              'type': <FeatureType.VISUAL: 'VISUAL'>},
                               'observation.state': {'shape': (6,),
                                                     'type': <FeatureType.STATE: 'STATE'>}},
            'license': None,
            'load_vlm_weights': True,
            'max_action_dim': 32,
            'max_period': 4.0,
            'max_state_dim': 32,
            'min_period': 0.004,
            'n_action_steps': 50,
            'n_obs_steps': 1,
            'normalization_mapping': {'ACTION': <NormalizationMode.MEAN_STD: 'MEAN_STD'>,
                                      'STATE': <NormalizationMode.MEAN_STD: 'MEAN_STD'>,
                                      'VISUAL': <NormalizationMode.IDENTITY: 'IDENTITY'>},
            'num_expert_layers': 0,
            'num_steps': 10,
            'num_vlm_layers': 16,
            'optimizer_betas': (0.9, 0.95),
            'optimizer_eps': 1e-08,
            'optimizer_grad_clip_norm': 10.0,
            'optimizer_lr': 0.0001,
            'optimizer_weight_decay': 1e-10,
            'output_features': {'action': {'shape': (4,),
                                           'type': <FeatureType.ACTION: 'ACTION'>}},
            'pad_language_to': 'max_length',
            'prefix_length': 0,
            'pretrained_path': PosixPath('/data/zhonglinye/jun/lerobot/personal/work2/duibi/uniform_42_corner/uniform_112_seed42/checkpoints/012000/pretrained_model'),
            'pretrained_revision': None,
            'private': None,
            'push_to_hub': False,
            'repo_id': None,
            'resize_imgs_with_padding': (512, 512),
            'rtc_config': None,
            'scheduler_decay_lr': 2.5e-06,
            'scheduler_decay_steps': 30000,
            'scheduler_warmup_steps': 1000,
            'self_attn_every_n_layers': 2,
            'tags': None,
            'tokenizer_max_length': 48,
            'train_expert_only': True,
            'train_state_proj': False,
            'use_amp': False,
            'use_cache': True,
            'use_delta_joint_actions_aloha': False,
            'use_peft': False,
            'vlm_model_name': 'HuggingFaceTB/SmolVLM2-500M-Video-Instruct'},
 'rename_map': {'observation.images.top': 'observation.images.camera1',
                'observation.images.wrist': 'observation.images.camera2'},
 'seed': 1000,
 'trust_remote_code': False}
INFO 2026-09-20 14:11:33 ot_eval.py:1157 Set CUDA_VISIBLE_DEVICES=0 for policy and environment subprocesses
INFO 2026-09-20 14:11:33 ot_eval.py:1166 Output dir: /data/zhonglinye/jun/lerobot/personal/work2/attention_fig/quick_surrogate_eval/quick40_pickplace/shard_1_of_2/eval_outputs/uniform_42_corner_uniform_112_seed42_012000
INFO 2026-09-20 14:11:33 ot_eval.py:1168 Making environment (batch_size=5, async=True).
Creating Meta-World envs | task_groups=['pick-place-v3'] | n_envs(per task)=5
Building vec env | group=pick-place-v3 | task_id=0 | task=pick-place-v3
INFO 2026-09-20 14:11:33 ot_eval.py:1176 Making policy.
[DEBUG factory] policy_cls: <class 'lerobot.policies.smolvla.modeling_smolvla.SmolVLAPolicy'>
[DEBUG factory] policy_cls.__init__ signature: <function SmolVLAPolicy.__init__ at 0x707ca43dfb00>
[DEBUG factory] kwargs keys: ['config', 'pretrained_name_or_path', 'revision']
Loading  HuggingFaceTB/SmolVLM2-500M-Video-Instruct weights ...
`torch_dtype` is deprecated! Use `dtype` instead!
Loading weights:   0%|          | 0/489 [00:00<?, ?it/s]Loading weights:  56%|█████▌    | 272/489 [00:00<00:00, 2709.06it/s]Loading weights: 100%|██████████| 489/489 [00:00<00:00, 3081.64it/s]

[HEARTBEAT] uniform_42_corner/uniform_112_seed42@012000: child still running, elapsed=20s / timeout=240s
Reducing the number of VLM layers to 16 ...

[HEARTBEAT] uniform_42_corner/uniform_112_seed42@012000: child still running, elapsed=30s / timeout=240s
Loading weights from local directory
Evaluating tasks:   0%|          | 0/1 [00:00<?, ?it/s]Evaluating (0/5 episodes):   0%|          | 0/1 [00:00<?, ?it/s]
[HEARTBEAT] uniform_42_corner/uniform_112_seed42@012000: child still running, elapsed=40s / timeout=240s

[HEARTBEAT] uniform_42_corner/uniform_112_seed42@012000: child still running, elapsed=50s / timeout=240s

[HEARTBEAT] uniform_42_corner/uniform_112_seed42@012000: child still running, elapsed=60s / timeout=240s

[HEARTBEAT] uniform_42_corner/uniform_112_seed42@012000: child still running, elapsed=70s / timeout=240s

[HEARTBEAT] uniform_42_corner/uniform_112_seed42@012000: child still running, elapsed=80s / timeout=240s
Evaluating (5/5 episodes, success: 2/5, rate: 40.0%):   0%|          | 0/1 [00:42<?, ?it/s]Evaluating (5/5 episodes, success: 2/5, rate: 40.0%): 100%|██████████| 1/1 [00:42<00:00, 42.66s/it]Evaluating (5/5 episodes, success: 2/5, rate: 40.0%): 100%|██████████| 1/1 [00:42<00:00, 42.66s/it]
INFO 2026-09-20 14:12:45 ot_eval.py:1092 Saved per-episode eval results to /data/zhonglinye/jun/lerobot/personal/work2/attention_fig/quick_surrogate_eval/quick40_pickplace/shard_1_of_2/eval_outputs/uniform_42_corner_uniform_112_seed42_012000/eval_results/pick-place-v3_0/eval_episode_results.json
Task 1/1: pick-place-v3 (episodes: 5, success: 2):   0%|          | 0/1 [00:42<?, ?it/s]Task 1/1: pick-place-v3 (episodes: 5, success: 2): 100%|██████████| 1/1 [00:42<00:00, 42.67s/it]Task 1/1: pick-place-v3 (episodes: 5, success: 2): 100%|██████████| 1/1 [00:43<00:00, 43.15s/it]
INFO 2026-09-20 14:12:45 ot_eval.py:1655 Saved per-episode eval results to /data/zhonglinye/jun/lerobot/personal/work2/attention_fig/quick_surrogate_eval/quick40_pickplace/shard_1_of_2/eval_outputs/uniform_42_corner_uniform_112_seed42_012000/eval_results/eval_episode_results.json
INFO 2026-09-20 14:12:45 ot_eval.py:1240 Overall Aggregated Metrics:
INFO 2026-09-20 14:12:45 ot_eval.py:1241 {'avg_sum_reward': 722.3237544865426, 'avg_max_reward': 4.453618074643604, 'pc_success': 40.0, 'pc_grasp_success': 100.0, 'success@5mm': None, 'coffee_success_5mm_count': None, 'n_episodes': 5, 'eval_s': 43.14974117279053, 'eval_ep_s': 8.629948377609253, 'video_paths': [], 'predicted_video_paths': []}
INFO 2026-09-20 14:12:45 ot_eval.py:1245 
Aggregated Metrics for per_task:
INFO 2026-09-20 14:12:45 ot_eval.py:1246 [{'task_group': 'pick-place-v3', 'task_id': 0, 'metrics': {'sum_rewards': [1901.7153582453036, 8.428498815476601, 110.98347505919976, 57.016254866755375, 1533.475185445978], 'max_rewards': [4.882801627173141, 0.12265494553828739, 6.818177700042725, 6.460306167602539, 3.984149932861328], 'successes': [False, False, True, True, False], 'grasp_successes': [True, True, True, True, True], 'video_paths': [], 'predicted_video_paths': [], 'success_at_5mm': [None, None, None, None, None], 'obj_to_targets': [0.2618781626224518, 0.27208027243614197, 0.0, 0.0, 0.28933167457580566]}}]
INFO 2026-09-20 14:12:45 ot_eval.py:1245 
Aggregated Metrics for per_group:
INFO 2026-09-20 14:12:45 ot_eval.py:1246 {'pick-place-v3': {'avg_sum_reward': 722.3237544865426, 'avg_max_reward': 4.453618074643604, 'pc_success': 40.0, 'pc_grasp_success': 100.0, 'success@5mm': None, 'coffee_success_5mm_count': None, 'n_episodes': 5, 'video_paths': [], 'predicted_video_paths': []}}
INFO 2026-09-20 14:12:45 ot_eval.py:1245 
Aggregated Metrics for overall:
INFO 2026-09-20 14:12:45 ot_eval.py:1246 {'avg_sum_reward': 722.3237544865426, 'avg_max_reward': 4.453618074643604, 'pc_success': 40.0, 'pc_grasp_success': 100.0, 'success@5mm': None, 'coffee_success_5mm_count': None, 'n_episodes': 5, 'eval_s': 43.14974117279053, 'eval_ep_s': 8.629948377609253, 'video_paths': [], 'predicted_video_paths': []}
INFO 2026-09-20 14:12:45 ot_eval.py:1254 End of eval
[DONE] uniform_42_corner/uniform_112_seed42@012000: quick_success=40.0% quick_grasp=100.0%
[PROGRESS] shard=1/2 processed=34/52 successful_quick_results=20 global_elapsed=29.0 min

================================================================================
[MODEL 35/52] uniform_42_corner/uniform_112_seed42@014000 | historical=28.0% (200 episodes)
[PATH] /data/zhonglinye/jun/lerobot/personal/work2/duibi/uniform_42_corner/uniform_112_seed42/checkpoints/014000/pretrained_model
[CMD] lerobot-eval --policy.path=/data/zhonglinye/jun/lerobot/personal/work2/duibi/uniform_42_corner/uniform_112_seed42/checkpoints/014000/pretrained_model --env.type=metaworld --env.task=pick-place-v3 --env.camera_name=corner,gripperPOV --env.use_self_mw=true --eval.batch_size=5 --eval.n_episodes=5 --policy.device=cuda --policy.use_amp=false --seed=1000 --output_dir=/data/zhonglinye/jun/lerobot/personal/work2/attention_fig/quick_surrogate_eval/quick40_pickplace/shard_1_of_2/eval_outputs/uniform_42_corner_uniform_112_seed42_014000 --rename_map={"observation.images.top": "observation.images.camera1", "observation.images.wrist": "observation.images.camera2"}
================================================================================

[HEARTBEAT] uniform_42_corner/uniform_112_seed42@014000: child still running, elapsed=10s / timeout=240s
[DEBUG] Loaded config from: /data/zhonglinye/jun/lerobot/personal/work2/duibi/uniform_42_corner/uniform_112_seed42/checkpoints/014000/pretrained_model/config.json
[DEBUG] Config keys: ['type', 'n_obs_steps', 'input_features', 'output_features', 'device', 'use_amp', 'use_peft', 'push_to_hub', 'repo_id', 'private', 'tags', 'license', 'pretrained_path', 'pretrained_revision', 'chunk_size', 'n_action_steps', 'normalization_mapping', 'max_state_dim', 'max_action_dim', 'resize_imgs_with_padding', 'empty_cameras', 'adapt_to_pi_aloha', 'use_delta_joint_actions_aloha', 'tokenizer_max_length', 'num_steps', 'use_cache', 'freeze_vision_encoder', 'train_expert_only', 'train_state_proj', 'optimizer_lr', 'optimizer_betas', 'optimizer_eps', 'optimizer_weight_decay', 'optimizer_grad_clip_norm', 'scheduler_warmup_steps', 'scheduler_decay_steps', 'scheduler_decay_lr', 'vlm_model_name', 'load_vlm_weights', 'add_image_special_tokens', 'attention_mode', 'prefix_length', 'pad_language_to', 'num_expert_layers', 'num_vlm_layers', 'self_attn_every_n_layers', 'expert_width_multiplier', 'min_period', 'max_period', 'rtc_config', 'compile_model', 'compile_mode']
[DEBUG] policy_type parameter: None
[DEBUG] Extracted policy_type from config: smolvla
[DEBUG] Filtered config keys: ['n_obs_steps', 'input_features', 'output_features', 'device', 'use_amp', 'use_peft', 'push_to_hub', 'repo_id', 'private', 'tags', 'license', 'pretrained_path', 'pretrained_revision', 'chunk_size', 'n_action_steps', 'normalization_mapping', 'max_state_dim', 'max_action_dim', 'resize_imgs_with_padding', 'empty_cameras', 'adapt_to_pi_aloha', 'use_delta_joint_actions_aloha', 'tokenizer_max_length', 'num_steps', 'use_cache', 'freeze_vision_encoder', 'train_expert_only', 'train_state_proj', 'optimizer_lr', 'optimizer_betas', 'optimizer_eps', 'optimizer_weight_decay', 'optimizer_grad_clip_norm', 'scheduler_warmup_steps', 'scheduler_decay_steps', 'scheduler_decay_lr', 'vlm_model_name', 'load_vlm_weights', 'add_image_special_tokens', 'attention_mode', 'prefix_length', 'pad_language_to', 'num_expert_layers', 'num_vlm_layers', 'self_attn_every_n_layers', 'expert_width_multiplier', 'min_period', 'max_period', 'rtc_config', 'compile_model', 'compile_mode']
[DEBUG] Removed invalid keys: set()
WARNING 2026-09-20 14:13:00 figs/eval.py:69 No job name provided, using 'metaworld_smolvla' as job name.
INFO 2026-09-20 14:13:00 ot_eval.py:1146 {'env': {'camera_name': 'corner,gripperPOV',
         'disable_env_checker': True,
         'episode_length': 400,
         'features': {'action': {'shape': (4,),
                                 'type': <FeatureType.ACTION: 'ACTION'>},
                      'observation.images.camera1': {'shape': (3, 480, 480),
                                                     'type': <FeatureType.VISUAL: 'VISUAL'>},
                      'observation.images.camera2': {'shape': (3, 480, 480),
                                                     'type': <FeatureType.VISUAL: 'VISUAL'>},
                      'observation.state': {'shape': (4,),
                                            'type': <FeatureType.STATE: 'STATE'>}},
         'features_map': {'action': 'action',
                          'agent_pos': 'observation.state',
                          'observation.images.camera1': 'observation.images.camera1',
                          'observation.images.camera2': 'observation.images.camera2',
                          'observation.state': 'observation.state',
                          'pixels/top': 'observation.images.top',
                          'top': 'observation.image'},
         'fps': 80,
         'max_parallel_tasks': 1,
         'multitask_eval': True,
         'obs_type': 'pixels_agent_pos',
         'render_mode': 'rgb_array',
         'task': 'pick-place-v3',
         'use_self_mw': True},
 'eval': {'batch_size': 5,
          'n_episodes': 5,
          'recording': False,
          'recording_private': False,
          'recording_repo_id': None,
          'save_dataset': False,
          'use_async_envs': True},
 'job_name': 'metaworld_smolvla',
 'output_dir': PosixPath('/data/zhonglinye/jun/lerobot/personal/work2/attention_fig/quick_surrogate_eval/quick40_pickplace/shard_1_of_2/eval_outputs/uniform_42_corner_uniform_112_seed42_014000'),
 'policy': {'adapt_to_pi_aloha': False,
            'add_image_special_tokens': False,
            'attention_mode': 'cross_attn',
            'chunk_size': 50,
            'compile_mode': 'max-autotune',
            'compile_model': False,
            'device': 'cuda',
            'empty_cameras': 0,
            'expert_width_multiplier': 0.75,
            'freeze_vision_encoder': True,
            'input_features': {'observation.images.camera1': {'shape': (3,
                                                                        256,
                                                                        256),
                                                              'type': <FeatureType.VISUAL: 'VISUAL'>},
                               'observation.images.camera2': {'shape': (3,
                                                                        256,
                                                                        256),
                                                              'type': <FeatureType.VISUAL: 'VISUAL'>},
                               'observation.images.camera3': {'shape': (3,
                                                                        256,
                                                                        256),
                                                              'type': <FeatureType.VISUAL: 'VISUAL'>},
                               'observation.state': {'shape': (6,),
                                                     'type': <FeatureType.STATE: 'STATE'>}},
            'license': None,
            'load_vlm_weights': True,
            'max_action_dim': 32,
            'max_period': 4.0,
            'max_state_dim': 32,
            'min_period': 0.004,
            'n_action_steps': 50,
            'n_obs_steps': 1,
            'normalization_mapping': {'ACTION': <NormalizationMode.MEAN_STD: 'MEAN_STD'>,
                                      'STATE': <NormalizationMode.MEAN_STD: 'MEAN_STD'>,
                                      'VISUAL': <NormalizationMode.IDENTITY: 'IDENTITY'>},
            'num_expert_layers': 0,
            'num_steps': 10,
            'num_vlm_layers': 16,
            'optimizer_betas': (0.9, 0.95),
            'optimizer_eps': 1e-08,
            'optimizer_grad_clip_norm': 10.0,
            'optimizer_lr': 0.0001,
            'optimizer_weight_decay': 1e-10,
            'output_features': {'action': {'shape': (4,),
                                           'type': <FeatureType.ACTION: 'ACTION'>}},
            'pad_language_to': 'max_length',
            'prefix_length': 0,
            'pretrained_path': PosixPath('/data/zhonglinye/jun/lerobot/personal/work2/duibi/uniform_42_corner/uniform_112_seed42/checkpoints/014000/pretrained_model'),
            'pretrained_revision': None,
            'private': None,
            'push_to_hub': False,
            'repo_id': None,
            'resize_imgs_with_padding': (512, 512),
            'rtc_config': None,
            'scheduler_decay_lr': 2.5e-06,
            'scheduler_decay_steps': 30000,
            'scheduler_warmup_steps': 1000,
            'self_attn_every_n_layers': 2,
            'tags': None,
            'tokenizer_max_length': 48,
            'train_expert_only': True,
            'train_state_proj': False,
            'use_amp': False,
            'use_cache': True,
            'use_delta_joint_actions_aloha': False,
            'use_peft': False,
            'vlm_model_name': 'HuggingFaceTB/SmolVLM2-500M-Video-Instruct'},
 'rename_map': {'observation.images.top': 'observation.images.camera1',
                'observation.images.wrist': 'observation.images.camera2'},
 'seed': 1000,
 'trust_remote_code': False}
INFO 2026-09-20 14:13:00 ot_eval.py:1157 Set CUDA_VISIBLE_DEVICES=0 for policy and environment subprocesses
INFO 2026-09-20 14:13:00 ot_eval.py:1166 Output dir: /data/zhonglinye/jun/lerobot/personal/work2/attention_fig/quick_surrogate_eval/quick40_pickplace/shard_1_of_2/eval_outputs/uniform_42_corner_uniform_112_seed42_014000
INFO 2026-09-20 14:13:00 ot_eval.py:1168 Making environment (batch_size=5, async=True).
Creating Meta-World envs | task_groups=['pick-place-v3'] | n_envs(per task)=5
Building vec env | group=pick-place-v3 | task_id=0 | task=pick-place-v3
INFO 2026-09-20 14:13:00 ot_eval.py:1176 Making policy.
[DEBUG factory] policy_cls: <class 'lerobot.policies.smolvla.modeling_smolvla.SmolVLAPolicy'>
[DEBUG factory] policy_cls.__init__ signature: <function SmolVLAPolicy.__init__ at 0x71aad558bb00>
[DEBUG factory] kwargs keys: ['config', 'pretrained_name_or_path', 'revision']
Loading  HuggingFaceTB/SmolVLM2-500M-Video-Instruct weights ...
`torch_dtype` is deprecated! Use `dtype` instead!
Loading weights:   0%|          | 0/489 [00:00<?, ?it/s]Loading weights:  60%|██████    | 294/489 [00:00<00:00, 2938.80it/s]Loading weights: 100%|██████████| 489/489 [00:00<00:00, 3425.21it/s]

[HEARTBEAT] uniform_42_corner/uniform_112_seed42@014000: child still running, elapsed=20s / timeout=240s
Reducing the number of VLM layers to 16 ...

[HEARTBEAT] uniform_42_corner/uniform_112_seed42@014000: child still running, elapsed=30s / timeout=240s
Loading weights from local directory

[HEARTBEAT] uniform_42_corner/uniform_112_seed42@014000: child still running, elapsed=41s / timeout=240s
Evaluating tasks:   0%|          | 0/1 [00:00<?, ?it/s]Evaluating (0/5 episodes):   0%|          | 0/1 [00:00<?, ?it/s]
[HEARTBEAT] uniform_42_corner/uniform_112_seed42@014000: child still running, elapsed=51s / timeout=240s

[HEARTBEAT] uniform_42_corner/uniform_112_seed42@014000: child still running, elapsed=61s / timeout=240s

[HEARTBEAT] uniform_42_corner/uniform_112_seed42@014000: child still running, elapsed=71s / timeout=240s

[HEARTBEAT] uniform_42_corner/uniform_112_seed42@014000: child still running, elapsed=81s / timeout=240s
Evaluating (5/5 episodes, success: 2/5, rate: 40.0%):   0%|          | 0/1 [00:44<?, ?it/s]Evaluating (5/5 episodes, success: 2/5, rate: 40.0%): 100%|██████████| 1/1 [00:44<00:00, 44.21s/it]Evaluating (5/5 episodes, success: 2/5, rate: 40.0%): 100%|██████████| 1/1 [00:44<00:00, 44.21s/it]
INFO 2026-09-20 14:14:16 ot_eval.py:1092 Saved per-episode eval results to /data/zhonglinye/jun/lerobot/personal/work2/attention_fig/quick_surrogate_eval/quick40_pickplace/shard_1_of_2/eval_outputs/uniform_42_corner_uniform_112_seed42_014000/eval_results/pick-place-v3_0/eval_episode_results.json
Task 1/1: pick-place-v3 (episodes: 5, success: 2):   0%|          | 0/1 [00:44<?, ?it/s]Task 1/1: pick-place-v3 (episodes: 5, success: 2): 100%|██████████| 1/1 [00:44<00:00, 44.22s/it]Task 1/1: pick-place-v3 (episodes: 5, success: 2): 100%|██████████| 1/1 [00:44<00:00, 44.71s/it]
INFO 2026-09-20 14:14:17 ot_eval.py:1655 Saved per-episode eval results to /data/zhonglinye/jun/lerobot/personal/work2/attention_fig/quick_surrogate_eval/quick40_pickplace/shard_1_of_2/eval_outputs/uniform_42_corner_uniform_112_seed42_014000/eval_results/eval_episode_results.json
INFO 2026-09-20 14:14:17 ot_eval.py:1240 Overall Aggregated Metrics:
INFO 2026-09-20 14:14:17 ot_eval.py:1241 {'avg_sum_reward': 766.9095689293092, 'avg_max_reward': 4.564933601171695, 'pc_success': 40.0, 'pc_grasp_success': 100.0, 'success@5mm': None, 'coffee_success_5mm_count': None, 'n_episodes': 5, 'eval_s': 44.70962619781494, 'eval_ep_s': 8.941925382614135, 'video_paths': [], 'predicted_video_paths': []}
INFO 2026-09-20 14:14:17 ot_eval.py:1245 
Aggregated Metrics for per_task:
INFO 2026-09-20 14:14:17 ot_eval.py:1246 [{'task_group': 'pick-place-v3', 'task_id': 0, 'metrics': {'sum_rewards': [2006.082892400551, 8.176767697721038, 117.77304701806608, 63.67579273968038, 1638.8393447905278], 'max_rewards': [5.274063101587817, 0.12645348367740025, 6.850066661834717, 6.446284294128418, 4.127800464630127], 'successes': [False, False, True, True, False], 'grasp_successes': [True, True, True, True, True], 'video_paths': [], 'predicted_video_paths': [], 'success_at_5mm': [None, None, None, None, None], 'obj_to_targets': [0.2618781626224518, 0.27208027243614197, 0.0, 0.0, 0.28933167457580566]}}]
INFO 2026-09-20 14:14:17 ot_eval.py:1245 
Aggregated Metrics for per_group:
INFO 2026-09-20 14:14:17 ot_eval.py:1246 {'pick-place-v3': {'avg_sum_reward': 766.9095689293092, 'avg_max_reward': 4.564933601171695, 'pc_success': 40.0, 'pc_grasp_success': 100.0, 'success@5mm': None, 'coffee_success_5mm_count': None, 'n_episodes': 5, 'video_paths': [], 'predicted_video_paths': []}}
INFO 2026-09-20 14:14:17 ot_eval.py:1245 
Aggregated Metrics for overall:
INFO 2026-09-20 14:14:17 ot_eval.py:1246 {'avg_sum_reward': 766.9095689293092, 'avg_max_reward': 4.564933601171695, 'pc_success': 40.0, 'pc_grasp_success': 100.0, 'success@5mm': None, 'coffee_success_5mm_count': None, 'n_episodes': 5, 'eval_s': 44.70962619781494, 'eval_ep_s': 8.941925382614135, 'video_paths': [], 'predicted_video_paths': []}
INFO 2026-09-20 14:14:17 ot_eval.py:1254 End of eval

[HEARTBEAT] uniform_42_corner/uniform_112_seed42@014000: child still running, elapsed=91s / timeout=240s
[DONE] uniform_42_corner/uniform_112_seed42@014000: quick_success=40.0% quick_grasp=100.0%
[PROGRESS] shard=1/2 processed=35/52 successful_quick_results=21 global_elapsed=30.5 min

================================================================================
[MODEL 36/52] uniform_42_corner/uniform_112_seed42@016000 | historical=27.0% (200 episodes)
[PATH] /data/zhonglinye/jun/lerobot/personal/work2/duibi/uniform_42_corner/uniform_112_seed42/checkpoints/016000/pretrained_model
[CMD] lerobot-eval --policy.path=/data/zhonglinye/jun/lerobot/personal/work2/duibi/uniform_42_corner/uniform_112_seed42/checkpoints/016000/pretrained_model --env.type=metaworld --env.task=pick-place-v3 --env.camera_name=corner,gripperPOV --env.use_self_mw=true --eval.batch_size=5 --eval.n_episodes=5 --policy.device=cuda --policy.use_amp=false --seed=1000 --output_dir=/data/zhonglinye/jun/lerobot/personal/work2/attention_fig/quick_surrogate_eval/quick40_pickplace/shard_1_of_2/eval_outputs/uniform_42_corner_uniform_112_seed42_016000 --rename_map={"observation.images.top": "observation.images.camera1", "observation.images.wrist": "observation.images.camera2"}
================================================================================

[HEARTBEAT] uniform_42_corner/uniform_112_seed42@016000: child still running, elapsed=10s / timeout=240s
[DEBUG] Loaded config from: /data/zhonglinye/jun/lerobot/personal/work2/duibi/uniform_42_corner/uniform_112_seed42/checkpoints/016000/pretrained_model/config.json
[DEBUG] Config keys: ['type', 'n_obs_steps', 'input_features', 'output_features', 'device', 'use_amp', 'use_peft', 'push_to_hub', 'repo_id', 'private', 'tags', 'license', 'pretrained_path', 'pretrained_revision', 'chunk_size', 'n_action_steps', 'normalization_mapping', 'max_state_dim', 'max_action_dim', 'resize_imgs_with_padding', 'empty_cameras', 'adapt_to_pi_aloha', 'use_delta_joint_actions_aloha', 'tokenizer_max_length', 'num_steps', 'use_cache', 'freeze_vision_encoder', 'train_expert_only', 'train_state_proj', 'optimizer_lr', 'optimizer_betas', 'optimizer_eps', 'optimizer_weight_decay', 'optimizer_grad_clip_norm', 'scheduler_warmup_steps', 'scheduler_decay_steps', 'scheduler_decay_lr', 'vlm_model_name', 'load_vlm_weights', 'add_image_special_tokens', 'attention_mode', 'prefix_length', 'pad_language_to', 'num_expert_layers', 'num_vlm_layers', 'self_attn_every_n_layers', 'expert_width_multiplier', 'min_period', 'max_period', 'rtc_config', 'compile_model', 'compile_mode']
[DEBUG] policy_type parameter: None
[DEBUG] Extracted policy_type from config: smolvla
[DEBUG] Filtered config keys: ['n_obs_steps', 'input_features', 'output_features', 'device', 'use_amp', 'use_peft', 'push_to_hub', 'repo_id', 'private', 'tags', 'license', 'pretrained_path', 'pretrained_revision', 'chunk_size', 'n_action_steps', 'normalization_mapping', 'max_state_dim', 'max_action_dim', 'resize_imgs_with_padding', 'empty_cameras', 'adapt_to_pi_aloha', 'use_delta_joint_actions_aloha', 'tokenizer_max_length', 'num_steps', 'use_cache', 'freeze_vision_encoder', 'train_expert_only', 'train_state_proj', 'optimizer_lr', 'optimizer_betas', 'optimizer_eps', 'optimizer_weight_decay', 'optimizer_grad_clip_norm', 'scheduler_warmup_steps', 'scheduler_decay_steps', 'scheduler_decay_lr', 'vlm_model_name', 'load_vlm_weights', 'add_image_special_tokens', 'attention_mode', 'prefix_length', 'pad_language_to', 'num_expert_layers', 'num_vlm_layers', 'self_attn_every_n_layers', 'expert_width_multiplier', 'min_period', 'max_period', 'rtc_config', 'compile_model', 'compile_mode']
[DEBUG] Removed invalid keys: set()
WARNING 2026-09-20 14:14:31 figs/eval.py:69 No job name provided, using 'metaworld_smolvla' as job name.
INFO 2026-09-20 14:14:31 ot_eval.py:1146 {'env': {'camera_name': 'corner,gripperPOV',
         'disable_env_checker': True,
         'episode_length': 400,
         'features': {'action': {'shape': (4,),
                                 'type': <FeatureType.ACTION: 'ACTION'>},
                      'observation.images.camera1': {'shape': (3, 480, 480),
                                                     'type': <FeatureType.VISUAL: 'VISUAL'>},
                      'observation.images.camera2': {'shape': (3, 480, 480),
                                                     'type': <FeatureType.VISUAL: 'VISUAL'>},
                      'observation.state': {'shape': (4,),
                                            'type': <FeatureType.STATE: 'STATE'>}},
         'features_map': {'action': 'action',
                          'agent_pos': 'observation.state',
                          'observation.images.camera1': 'observation.images.camera1',
                          'observation.images.camera2': 'observation.images.camera2',
                          'observation.state': 'observation.state',
                          'pixels/top': 'observation.images.top',
                          'top': 'observation.image'},
         'fps': 80,
         'max_parallel_tasks': 1,
         'multitask_eval': True,
         'obs_type': 'pixels_agent_pos',
         'render_mode': 'rgb_array',
         'task': 'pick-place-v3',
         'use_self_mw': True},
 'eval': {'batch_size': 5,
          'n_episodes': 5,
          'recording': False,
          'recording_private': False,
          'recording_repo_id': None,
          'save_dataset': False,
          'use_async_envs': True},
 'job_name': 'metaworld_smolvla',
 'output_dir': PosixPath('/data/zhonglinye/jun/lerobot/personal/work2/attention_fig/quick_surrogate_eval/quick40_pickplace/shard_1_of_2/eval_outputs/uniform_42_corner_uniform_112_seed42_016000'),
 'policy': {'adapt_to_pi_aloha': False,
            'add_image_special_tokens': False,
            'attention_mode': 'cross_attn',
            'chunk_size': 50,
            'compile_mode': 'max-autotune',
            'compile_model': False,
            'device': 'cuda',
            'empty_cameras': 0,
            'expert_width_multiplier': 0.75,
            'freeze_vision_encoder': True,
            'input_features': {'observation.images.camera1': {'shape': (3,
                                                                        256,
                                                                        256),
                                                              'type': <FeatureType.VISUAL: 'VISUAL'>},
                               'observation.images.camera2': {'shape': (3,
                                                                        256,
                                                                        256),
                                                              'type': <FeatureType.VISUAL: 'VISUAL'>},
                               'observation.images.camera3': {'shape': (3,
                                                                        256,
                                                                        256),
                                                              'type': <FeatureType.VISUAL: 'VISUAL'>},
                               'observation.state': {'shape': (6,),
                                                     'type': <FeatureType.STATE: 'STATE'>}},
            'license': None,
            'load_vlm_weights': True,
            'max_action_dim': 32,
            'max_period': 4.0,
            'max_state_dim': 32,
            'min_period': 0.004,
            'n_action_steps': 50,
            'n_obs_steps': 1,
            'normalization_mapping': {'ACTION': <NormalizationMode.MEAN_STD: 'MEAN_STD'>,
                                      'STATE': <NormalizationMode.MEAN_STD: 'MEAN_STD'>,
                                      'VISUAL': <NormalizationMode.IDENTITY: 'IDENTITY'>},
            'num_expert_layers': 0,
            'num_steps': 10,
            'num_vlm_layers': 16,
            'optimizer_betas': (0.9, 0.95),
            'optimizer_eps': 1e-08,
            'optimizer_grad_clip_norm': 10.0,
            'optimizer_lr': 0.0001,
            'optimizer_weight_decay': 1e-10,
            'output_features': {'action': {'shape': (4,),
                                           'type': <FeatureType.ACTION: 'ACTION'>}},
            'pad_language_to': 'max_length',
            'prefix_length': 0,
            'pretrained_path': PosixPath('/data/zhonglinye/jun/lerobot/personal/work2/duibi/uniform_42_corner/uniform_112_seed42/checkpoints/016000/pretrained_model'),
            'pretrained_revision': None,
            'private': None,
            'push_to_hub': False,
            'repo_id': None,
            'resize_imgs_with_padding': (512, 512),
            'rtc_config': None,
            'scheduler_decay_lr': 2.5e-06,
            'scheduler_decay_steps': 30000,
            'scheduler_warmup_steps': 1000,
            'self_attn_every_n_layers': 2,
            'tags': None,
            'tokenizer_max_length': 48,
            'train_expert_only': True,
            'train_state_proj': False,
            'use_amp': False,
            'use_cache': True,
            'use_delta_joint_actions_aloha': False,
            'use_peft': False,
            'vlm_model_name': 'HuggingFaceTB/SmolVLM2-500M-Video-Instruct'},
 'rename_map': {'observation.images.top': 'observation.images.camera1',
                'observation.images.wrist': 'observation.images.camera2'},
 'seed': 1000,
 'trust_remote_code': False}
INFO 2026-09-20 14:14:31 ot_eval.py:1157 Set CUDA_VISIBLE_DEVICES=0 for policy and environment subprocesses
INFO 2026-09-20 14:14:31 ot_eval.py:1166 Output dir: /data/zhonglinye/jun/lerobot/personal/work2/attention_fig/quick_surrogate_eval/quick40_pickplace/shard_1_of_2/eval_outputs/uniform_42_corner_uniform_112_seed42_016000
INFO 2026-09-20 14:14:31 ot_eval.py:1168 Making environment (batch_size=5, async=True).
Creating Meta-World envs | task_groups=['pick-place-v3'] | n_envs(per task)=5
Building vec env | group=pick-place-v3 | task_id=0 | task=pick-place-v3
INFO 2026-09-20 14:14:31 ot_eval.py:1176 Making policy.
[DEBUG factory] policy_cls: <class 'lerobot.policies.smolvla.modeling_smolvla.SmolVLAPolicy'>
[DEBUG factory] policy_cls.__init__ signature: <function SmolVLAPolicy.__init__ at 0x7f525ffd7b00>
[DEBUG factory] kwargs keys: ['config', 'pretrained_name_or_path', 'revision']
Loading  HuggingFaceTB/SmolVLM2-500M-Video-Instruct weights ...
`torch_dtype` is deprecated! Use `dtype` instead!
Loading weights:   0%|          | 0/489 [00:00<?, ?it/s]Loading weights:  54%|█████▎    | 262/489 [00:00<00:00, 2616.01it/s]Loading weights: 100%|██████████| 489/489 [00:00<00:00, 3008.29it/s]

[HEARTBEAT] uniform_42_corner/uniform_112_seed42@016000: child still running, elapsed=20s / timeout=240s
Reducing the number of VLM layers to 16 ...

[HEARTBEAT] uniform_42_corner/uniform_112_seed42@016000: child still running, elapsed=30s / timeout=240s
Loading weights from local directory

[HEARTBEAT] uniform_42_corner/uniform_112_seed42@016000: child still running, elapsed=41s / timeout=240s
Evaluating tasks:   0%|          | 0/1 [00:00<?, ?it/s]Evaluating (0/5 episodes):   0%|          | 0/1 [00:00<?, ?it/s]
[HEARTBEAT] uniform_42_corner/uniform_112_seed42@016000: child still running, elapsed=51s / timeout=240s

[HEARTBEAT] uniform_42_corner/uniform_112_seed42@016000: child still running, elapsed=61s / timeout=240s

[HEARTBEAT] uniform_42_corner/uniform_112_seed42@016000: child still running, elapsed=71s / timeout=240s

[HEARTBEAT] uniform_42_corner/uniform_112_seed42@016000: child still running, elapsed=81s / timeout=240s
Evaluating (5/5 episodes, success: 1/5, rate: 20.0%):   0%|          | 0/1 [00:42<?, ?it/s]Evaluating (5/5 episodes, success: 1/5, rate: 20.0%): 100%|██████████| 1/1 [00:42<00:00, 42.94s/it]Evaluating (5/5 episodes, success: 1/5, rate: 20.0%): 100%|██████████| 1/1 [00:42<00:00, 42.94s/it]
INFO 2026-09-20 14:15:46 ot_eval.py:1092 Saved per-episode eval results to /data/zhonglinye/jun/lerobot/personal/work2/attention_fig/quick_surrogate_eval/quick40_pickplace/shard_1_of_2/eval_outputs/uniform_42_corner_uniform_112_seed42_016000/eval_results/pick-place-v3_0/eval_episode_results.json
Task 1/1: pick-place-v3 (episodes: 5, success: 1):   0%|          | 0/1 [00:42<?, ?it/s]Task 1/1: pick-place-v3 (episodes: 5, success: 1): 100%|██████████| 1/1 [00:42<00:00, 42.95s/it]Task 1/1: pick-place-v3 (episodes: 5, success: 1): 100%|██████████| 1/1 [00:43<00:00, 43.42s/it]
INFO 2026-09-20 14:15:47 ot_eval.py:1655 Saved per-episode eval results to /data/zhonglinye/jun/lerobot/personal/work2/attention_fig/quick_surrogate_eval/quick40_pickplace/shard_1_of_2/eval_outputs/uniform_42_corner_uniform_112_seed42_016000/eval_results/eval_episode_results.json
INFO 2026-09-20 14:15:47 ot_eval.py:1240 Overall Aggregated Metrics:
INFO 2026-09-20 14:15:47 ot_eval.py:1241 {'avg_sum_reward': 1102.702418706099, 'avg_max_reward': 4.510965427496058, 'pc_success': 20.0, 'pc_grasp_success': 100.0, 'success@5mm': None, 'coffee_success_5mm_count': None, 'n_episodes': 5, 'eval_s': 43.42660593986511, 'eval_ep_s': 8.685321378707886, 'video_paths': [], 'predicted_video_paths': []}
INFO 2026-09-20 14:15:47 ot_eval.py:1245 
Aggregated Metrics for per_task:
INFO 2026-09-20 14:15:47 ot_eval.py:1246 [{'task_group': 'pick-place-v3', 'task_id': 0, 'metrics': {'sum_rewards': [1980.432389950812, 7.791715826647367, 117.7256673046617, 1853.587540830885, 1553.9747796174893], 'max_rewards': [5.124135984847172, 0.12590351682989215, 6.8500800132751465, 6.422764301300049, 4.031943321228027], 'successes': [False, False, True, False, False], 'grasp_successes': [True, True, True, True, True], 'video_paths': [], 'predicted_video_paths': [], 'success_at_5mm': [None, None, None, None, None], 'obj_to_targets': [0.2618781626224518, 0.27208027243614197, 0.0, 0.2635713219642639, 0.28933167457580566]}}]
INFO 2026-09-20 14:15:47 ot_eval.py:1245 
Aggregated Metrics for per_group:
INFO 2026-09-20 14:15:47 ot_eval.py:1246 {'pick-place-v3': {'avg_sum_reward': 1102.702418706099, 'avg_max_reward': 4.510965427496058, 'pc_success': 20.0, 'pc_grasp_success': 100.0, 'success@5mm': None, 'coffee_success_5mm_count': None, 'n_episodes': 5, 'video_paths': [], 'predicted_video_paths': []}}
INFO 2026-09-20 14:15:47 ot_eval.py:1245 
Aggregated Metrics for overall:
INFO 2026-09-20 14:15:47 ot_eval.py:1246 {'avg_sum_reward': 1102.702418706099, 'avg_max_reward': 4.510965427496058, 'pc_success': 20.0, 'pc_grasp_success': 100.0, 'success@5mm': None, 'coffee_success_5mm_count': None, 'n_episodes': 5, 'eval_s': 43.42660593986511, 'eval_ep_s': 8.685321378707886, 'video_paths': [], 'predicted_video_paths': []}
INFO 2026-09-20 14:15:47 ot_eval.py:1254 End of eval
[DONE] uniform_42_corner/uniform_112_seed42@016000: quick_success=20.0% quick_grasp=100.0%
[PROGRESS] shard=1/2 processed=36/52 successful_quick_results=22 global_elapsed=32.0 min

================================================================================
[MODEL 37/52] uniform_42_corner2/uniform_112_seed42@002000 | historical=7.0% (200 episodes)
[PATH] /data/zhonglinye/jun/lerobot/personal/work2/duibi/uniform_42_corner2/uniform_112_seed42/checkpoints/002000/pretrained_model
[CMD] lerobot-eval --policy.path=/data/zhonglinye/jun/lerobot/personal/work2/duibi/uniform_42_corner2/uniform_112_seed42/checkpoints/002000/pretrained_model --env.type=metaworld --env.task=pick-place-v3 --env.camera_name=corner2,gripperPOV --env.use_self_mw=true --eval.batch_size=5 --eval.n_episodes=5 --policy.device=cuda --policy.use_amp=false --seed=1000 --output_dir=/data/zhonglinye/jun/lerobot/personal/work2/attention_fig/quick_surrogate_eval/quick40_pickplace/shard_1_of_2/eval_outputs/uniform_42_corner2_uniform_112_seed42_002000 --rename_map={"observation.images.top": "observation.images.camera1", "observation.images.wrist": "observation.images.camera2"}
================================================================================
[SKIP] checkpoint path does not exist locally: /data/zhonglinye/jun/lerobot/personal/work2/duibi/uniform_42_corner2/uniform_112_seed42/checkpoints/002000/pretrained_model

================================================================================
[MODEL 38/52] uniform_42_corner2/uniform_112_seed42@004000 | historical=17.5% (200 episodes)
[PATH] /data/zhonglinye/jun/lerobot/personal/work2/duibi/uniform_42_corner2/uniform_112_seed42/checkpoints/004000/pretrained_model
[CMD] lerobot-eval --policy.path=/data/zhonglinye/jun/lerobot/personal/work2/duibi/uniform_42_corner2/uniform_112_seed42/checkpoints/004000/pretrained_model --env.type=metaworld --env.task=pick-place-v3 --env.camera_name=corner2,gripperPOV --env.use_self_mw=true --eval.batch_size=5 --eval.n_episodes=5 --policy.device=cuda --policy.use_amp=false --seed=1000 --output_dir=/data/zhonglinye/jun/lerobot/personal/work2/attention_fig/quick_surrogate_eval/quick40_pickplace/shard_1_of_2/eval_outputs/uniform_42_corner2_uniform_112_seed42_004000 --rename_map={"observation.images.top": "observation.images.camera1", "observation.images.wrist": "observation.images.camera2"}
================================================================================
[SKIP] checkpoint path does not exist locally: /data/zhonglinye/jun/lerobot/personal/work2/duibi/uniform_42_corner2/uniform_112_seed42/checkpoints/004000/pretrained_model

================================================================================
[MODEL 39/52] uniform_42_corner2/uniform_112_seed42@006000 | historical=19.5% (200 episodes)
[PATH] /data/zhonglinye/jun/lerobot/personal/work2/duibi/uniform_42_corner2/uniform_112_seed42/checkpoints/006000/pretrained_model
[CMD] lerobot-eval --policy.path=/data/zhonglinye/jun/lerobot/personal/work2/duibi/uniform_42_corner2/uniform_112_seed42/checkpoints/006000/pretrained_model --env.type=metaworld --env.task=pick-place-v3 --env.camera_name=corner2,gripperPOV --env.use_self_mw=true --eval.batch_size=5 --eval.n_episodes=5 --policy.device=cuda --policy.use_amp=false --seed=1000 --output_dir=/data/zhonglinye/jun/lerobot/personal/work2/attention_fig/quick_surrogate_eval/quick40_pickplace/shard_1_of_2/eval_outputs/uniform_42_corner2_uniform_112_seed42_006000 --rename_map={"observation.images.top": "observation.images.camera1", "observation.images.wrist": "observation.images.camera2"}
================================================================================
[SKIP] checkpoint path does not exist locally: /data/zhonglinye/jun/lerobot/personal/work2/duibi/uniform_42_corner2/uniform_112_seed42/checkpoints/006000/pretrained_model

================================================================================
[MODEL 40/52] uniform_42_corner2/uniform_112_seed42@008000 | historical=17.5% (200 episodes)
[PATH] /data/zhonglinye/jun/lerobot/personal/work2/duibi/uniform_42_corner2/uniform_112_seed42/checkpoints/008000/pretrained_model
[CMD] lerobot-eval --policy.path=/data/zhonglinye/jun/lerobot/personal/work2/duibi/uniform_42_corner2/uniform_112_seed42/checkpoints/008000/pretrained_model --env.type=metaworld --env.task=pick-place-v3 --env.camera_name=corner2,gripperPOV --env.use_self_mw=true --eval.batch_size=5 --eval.n_episodes=5 --policy.device=cuda --policy.use_amp=false --seed=1000 --output_dir=/data/zhonglinye/jun/lerobot/personal/work2/attention_fig/quick_surrogate_eval/quick40_pickplace/shard_1_of_2/eval_outputs/uniform_42_corner2_uniform_112_seed42_008000 --rename_map={"observation.images.top": "observation.images.camera1", "observation.images.wrist": "observation.images.camera2"}
================================================================================
[SKIP] checkpoint path does not exist locally: /data/zhonglinye/jun/lerobot/personal/work2/duibi/uniform_42_corner2/uniform_112_seed42/checkpoints/008000/pretrained_model

================================================================================
[MODEL 41/52] uniform_42_corner2/uniform_112_seed42@010000 | historical=22.5% (200 episodes)
[PATH] /data/zhonglinye/jun/lerobot/personal/work2/duibi/uniform_42_corner2/uniform_112_seed42/checkpoints/010000/pretrained_model
[CMD] lerobot-eval --policy.path=/data/zhonglinye/jun/lerobot/personal/work2/duibi/uniform_42_corner2/uniform_112_seed42/checkpoints/010000/pretrained_model --env.type=metaworld --env.task=pick-place-v3 --env.camera_name=corner2,gripperPOV --env.use_self_mw=true --eval.batch_size=5 --eval.n_episodes=5 --policy.device=cuda --policy.use_amp=false --seed=1000 --output_dir=/data/zhonglinye/jun/lerobot/personal/work2/attention_fig/quick_surrogate_eval/quick40_pickplace/shard_1_of_2/eval_outputs/uniform_42_corner2_uniform_112_seed42_010000 --rename_map={"observation.images.top": "observation.images.camera1", "observation.images.wrist": "observation.images.camera2"}
================================================================================
[SKIP] checkpoint path does not exist locally: /data/zhonglinye/jun/lerobot/personal/work2/duibi/uniform_42_corner2/uniform_112_seed42/checkpoints/010000/pretrained_model

================================================================================
[MODEL 42/52] uniform_42_corner2/uniform_112_seed42@012000 | historical=19.5% (200 episodes)
[PATH] /data/zhonglinye/jun/lerobot/personal/work2/duibi/uniform_42_corner2/uniform_112_seed42/checkpoints/012000/pretrained_model
[CMD] lerobot-eval --policy.path=/data/zhonglinye/jun/lerobot/personal/work2/duibi/uniform_42_corner2/uniform_112_seed42/checkpoints/012000/pretrained_model --env.type=metaworld --env.task=pick-place-v3 --env.camera_name=corner2,gripperPOV --env.use_self_mw=true --eval.batch_size=5 --eval.n_episodes=5 --policy.device=cuda --policy.use_amp=false --seed=1000 --output_dir=/data/zhonglinye/jun/lerobot/personal/work2/attention_fig/quick_surrogate_eval/quick40_pickplace/shard_1_of_2/eval_outputs/uniform_42_corner2_uniform_112_seed42_012000 --rename_map={"observation.images.top": "observation.images.camera1", "observation.images.wrist": "observation.images.camera2"}
================================================================================
[SKIP] checkpoint path does not exist locally: /data/zhonglinye/jun/lerobot/personal/work2/duibi/uniform_42_corner2/uniform_112_seed42/checkpoints/012000/pretrained_model

================================================================================
[MODEL 43/52] uniform_42_corner2/uniform_112_seed42@014000 | historical=20.5% (200 episodes)
[PATH] /data/zhonglinye/jun/lerobot/personal/work2/duibi/uniform_42_corner2/uniform_112_seed42/checkpoints/014000/pretrained_model
[CMD] lerobot-eval --policy.path=/data/zhonglinye/jun/lerobot/personal/work2/duibi/uniform_42_corner2/uniform_112_seed42/checkpoints/014000/pretrained_model --env.type=metaworld --env.task=pick-place-v3 --env.camera_name=corner2,gripperPOV --env.use_self_mw=true --eval.batch_size=5 --eval.n_episodes=5 --policy.device=cuda --policy.use_amp=false --seed=1000 --output_dir=/data/zhonglinye/jun/lerobot/personal/work2/attention_fig/quick_surrogate_eval/quick40_pickplace/shard_1_of_2/eval_outputs/uniform_42_corner2_uniform_112_seed42_014000 --rename_map={"observation.images.top": "observation.images.camera1", "observation.images.wrist": "observation.images.camera2"}
================================================================================
[SKIP] checkpoint path does not exist locally: /data/zhonglinye/jun/lerobot/personal/work2/duibi/uniform_42_corner2/uniform_112_seed42/checkpoints/014000/pretrained_model

================================================================================
[MODEL 44/52] uniform_42_corner2/uniform_112_seed42@016000 | historical=19.5% (200 episodes)
[PATH] /data/zhonglinye/jun/lerobot/personal/work2/duibi/uniform_42_corner2/uniform_112_seed42/checkpoints/016000/pretrained_model
[CMD] lerobot-eval --policy.path=/data/zhonglinye/jun/lerobot/personal/work2/duibi/uniform_42_corner2/uniform_112_seed42/checkpoints/016000/pretrained_model --env.type=metaworld --env.task=pick-place-v3 --env.camera_name=corner2,gripperPOV --env.use_self_mw=true --eval.batch_size=5 --eval.n_episodes=5 --policy.device=cuda --policy.use_amp=false --seed=1000 --output_dir=/data/zhonglinye/jun/lerobot/personal/work2/attention_fig/quick_surrogate_eval/quick40_pickplace/shard_1_of_2/eval_outputs/uniform_42_corner2_uniform_112_seed42_016000 --rename_map={"observation.images.top": "observation.images.camera1", "observation.images.wrist": "observation.images.camera2"}
================================================================================
[SKIP] checkpoint path does not exist locally: /data/zhonglinye/jun/lerobot/personal/work2/duibi/uniform_42_corner2/uniform_112_seed42/checkpoints/016000/pretrained_model

================================================================================
[MODEL 45/52] uniform_42_corner3/uniform_112_seed42@002000 | historical=13.0% (200 episodes)
[PATH] /data/zhonglinye/jun/lerobot/personal/work2/duibi/uniform_42_corner3/uniform_112_seed42/checkpoints/002000/pretrained_model
[CMD] lerobot-eval --policy.path=/data/zhonglinye/jun/lerobot/personal/work2/duibi/uniform_42_corner3/uniform_112_seed42/checkpoints/002000/pretrained_model --env.type=metaworld --env.task=pick-place-v3 --env.camera_name=corner3,gripperPOV --env.use_self_mw=true --eval.batch_size=5 --eval.n_episodes=5 --policy.device=cuda --policy.use_amp=false --seed=1000 --output_dir=/data/zhonglinye/jun/lerobot/personal/work2/attention_fig/quick_surrogate_eval/quick40_pickplace/shard_1_of_2/eval_outputs/uniform_42_corner3_uniform_112_seed42_002000 --rename_map={"observation.images.top": "observation.images.camera1", "observation.images.wrist": "observation.images.camera2"}
================================================================================

[HEARTBEAT] uniform_42_corner3/uniform_112_seed42@002000: child still running, elapsed=10s / timeout=240s
[DEBUG] Loaded config from: /data/zhonglinye/jun/lerobot/personal/work2/duibi/uniform_42_corner3/uniform_112_seed42/checkpoints/002000/pretrained_model/config.json
[DEBUG] Config keys: ['type', 'n_obs_steps', 'input_features', 'output_features', 'device', 'use_amp', 'use_peft', 'push_to_hub', 'repo_id', 'private', 'tags', 'license', 'pretrained_path', 'pretrained_revision', 'chunk_size', 'n_action_steps', 'normalization_mapping', 'max_state_dim', 'max_action_dim', 'resize_imgs_with_padding', 'empty_cameras', 'adapt_to_pi_aloha', 'use_delta_joint_actions_aloha', 'tokenizer_max_length', 'num_steps', 'use_cache', 'freeze_vision_encoder', 'train_expert_only', 'train_state_proj', 'optimizer_lr', 'optimizer_betas', 'optimizer_eps', 'optimizer_weight_decay', 'optimizer_grad_clip_norm', 'scheduler_warmup_steps', 'scheduler_decay_steps', 'scheduler_decay_lr', 'vlm_model_name', 'load_vlm_weights', 'add_image_special_tokens', 'attention_mode', 'prefix_length', 'pad_language_to', 'num_expert_layers', 'num_vlm_layers', 'self_attn_every_n_layers', 'expert_width_multiplier', 'min_period', 'max_period', 'rtc_config', 'compile_model', 'compile_mode']
[DEBUG] policy_type parameter: None
[DEBUG] Extracted policy_type from config: smolvla
[DEBUG] Filtered config keys: ['n_obs_steps', 'input_features', 'output_features', 'device', 'use_amp', 'use_peft', 'push_to_hub', 'repo_id', 'private', 'tags', 'license', 'pretrained_path', 'pretrained_revision', 'chunk_size', 'n_action_steps', 'normalization_mapping', 'max_state_dim', 'max_action_dim', 'resize_imgs_with_padding', 'empty_cameras', 'adapt_to_pi_aloha', 'use_delta_joint_actions_aloha', 'tokenizer_max_length', 'num_steps', 'use_cache', 'freeze_vision_encoder', 'train_expert_only', 'train_state_proj', 'optimizer_lr', 'optimizer_betas', 'optimizer_eps', 'optimizer_weight_decay', 'optimizer_grad_clip_norm', 'scheduler_warmup_steps', 'scheduler_decay_steps', 'scheduler_decay_lr', 'vlm_model_name', 'load_vlm_weights', 'add_image_special_tokens', 'attention_mode', 'prefix_length', 'pad_language_to', 'num_expert_layers', 'num_vlm_layers', 'self_attn_every_n_layers', 'expert_width_multiplier', 'min_period', 'max_period', 'rtc_config', 'compile_model', 'compile_mode']
[DEBUG] Removed invalid keys: set()
WARNING 2026-09-20 14:16:00 figs/eval.py:69 No job name provided, using 'metaworld_smolvla' as job name.
INFO 2026-09-20 14:16:00 ot_eval.py:1146 {'env': {'camera_name': 'corner3,gripperPOV',
         'disable_env_checker': True,
         'episode_length': 400,
         'features': {'action': {'shape': (4,),
                                 'type': <FeatureType.ACTION: 'ACTION'>},
                      'observation.images.camera1': {'shape': (3, 480, 480),
                                                     'type': <FeatureType.VISUAL: 'VISUAL'>},
                      'observation.images.camera2': {'shape': (3, 480, 480),
                                                     'type': <FeatureType.VISUAL: 'VISUAL'>},
                      'observation.state': {'shape': (4,),
                                            'type': <FeatureType.STATE: 'STATE'>}},
         'features_map': {'action': 'action',
                          'agent_pos': 'observation.state',
                          'observation.images.camera1': 'observation.images.camera1',
                          'observation.images.camera2': 'observation.images.camera2',
                          'observation.state': 'observation.state',
                          'pixels/top': 'observation.images.top',
                          'top': 'observation.image'},
         'fps': 80,
         'max_parallel_tasks': 1,
         'multitask_eval': True,
         'obs_type': 'pixels_agent_pos',
         'render_mode': 'rgb_array',
         'task': 'pick-place-v3',
         'use_self_mw': True},
 'eval': {'batch_size': 5,
          'n_episodes': 5,
          'recording': False,
          'recording_private': False,
          'recording_repo_id': None,
          'save_dataset': False,
          'use_async_envs': True},
 'job_name': 'metaworld_smolvla',
 'output_dir': PosixPath('/data/zhonglinye/jun/lerobot/personal/work2/attention_fig/quick_surrogate_eval/quick40_pickplace/shard_1_of_2/eval_outputs/uniform_42_corner3_uniform_112_seed42_002000'),
 'policy': {'adapt_to_pi_aloha': False,
            'add_image_special_tokens': False,
            'attention_mode': 'cross_attn',
            'chunk_size': 50,
            'compile_mode': 'max-autotune',
            'compile_model': False,
            'device': 'cuda',
            'empty_cameras': 0,
            'expert_width_multiplier': 0.75,
            'freeze_vision_encoder': True,
            'input_features': {'observation.images.camera1': {'shape': (3,
                                                                        256,
                                                                        256),
                                                              'type': <FeatureType.VISUAL: 'VISUAL'>},
                               'observation.images.camera2': {'shape': (3,
                                                                        256,
                                                                        256),
                                                              'type': <FeatureType.VISUAL: 'VISUAL'>},
                               'observation.images.camera3': {'shape': (3,
                                                                        256,
                                                                        256),
                                                              'type': <FeatureType.VISUAL: 'VISUAL'>},
                               'observation.state': {'shape': (6,),
                                                     'type': <FeatureType.STATE: 'STATE'>}},
            'license': None,
            'load_vlm_weights': True,
            'max_action_dim': 32,
            'max_period': 4.0,
            'max_state_dim': 32,
            'min_period': 0.004,
            'n_action_steps': 50,
            'n_obs_steps': 1,
            'normalization_mapping': {'ACTION': <NormalizationMode.MEAN_STD: 'MEAN_STD'>,
                                      'STATE': <NormalizationMode.MEAN_STD: 'MEAN_STD'>,
                                      'VISUAL': <NormalizationMode.IDENTITY: 'IDENTITY'>},
            'num_expert_layers': 0,
            'num_steps': 10,
            'num_vlm_layers': 16,
            'optimizer_betas': (0.9, 0.95),
            'optimizer_eps': 1e-08,
            'optimizer_grad_clip_norm': 10.0,
            'optimizer_lr': 0.0001,
            'optimizer_weight_decay': 1e-10,
            'output_features': {'action': {'shape': (4,),
                                           'type': <FeatureType.ACTION: 'ACTION'>}},
            'pad_language_to': 'max_length',
            'prefix_length': 0,
            'pretrained_path': PosixPath('/data/zhonglinye/jun/lerobot/personal/work2/duibi/uniform_42_corner3/uniform_112_seed42/checkpoints/002000/pretrained_model'),
            'pretrained_revision': None,
            'private': None,
            'push_to_hub': False,
            'repo_id': None,
            'resize_imgs_with_padding': (512, 512),
            'rtc_config': None,
            'scheduler_decay_lr': 2.5e-06,
            'scheduler_decay_steps': 30000,
            'scheduler_warmup_steps': 1000,
            'self_attn_every_n_layers': 2,
            'tags': None,
            'tokenizer_max_length': 48,
            'train_expert_only': True,
            'train_state_proj': False,
            'use_amp': False,
            'use_cache': True,
            'use_delta_joint_actions_aloha': False,
            'use_peft': False,
            'vlm_model_name': 'HuggingFaceTB/SmolVLM2-500M-Video-Instruct'},
 'rename_map': {'observation.images.top': 'observation.images.camera1',
                'observation.images.wrist': 'observation.images.camera2'},
 'seed': 1000,
 'trust_remote_code': False}
INFO 2026-09-20 14:16:00 ot_eval.py:1157 Set CUDA_VISIBLE_DEVICES=0 for policy and environment subprocesses
INFO 2026-09-20 14:16:00 ot_eval.py:1166 Output dir: /data/zhonglinye/jun/lerobot/personal/work2/attention_fig/quick_surrogate_eval/quick40_pickplace/shard_1_of_2/eval_outputs/uniform_42_corner3_uniform_112_seed42_002000
INFO 2026-09-20 14:16:00 ot_eval.py:1168 Making environment (batch_size=5, async=True).
Creating Meta-World envs | task_groups=['pick-place-v3'] | n_envs(per task)=5
Building vec env | group=pick-place-v3 | task_id=0 | task=pick-place-v3
INFO 2026-09-20 14:16:00 ot_eval.py:1176 Making policy.
[DEBUG factory] policy_cls: <class 'lerobot.policies.smolvla.modeling_smolvla.SmolVLAPolicy'>
[DEBUG factory] policy_cls.__init__ signature: <function SmolVLAPolicy.__init__ at 0x749a615eb880>
[DEBUG factory] kwargs keys: ['config', 'pretrained_name_or_path', 'revision']
Loading  HuggingFaceTB/SmolVLM2-500M-Video-Instruct weights ...
`torch_dtype` is deprecated! Use `dtype` instead!
Loading weights:   0%|          | 0/489 [00:00<?, ?it/s]Loading weights:  56%|█████▌    | 275/489 [00:00<00:00, 2697.01it/s]Loading weights: 100%|██████████| 489/489 [00:00<00:00, 3234.85it/s]

[HEARTBEAT] uniform_42_corner3/uniform_112_seed42@002000: child still running, elapsed=20s / timeout=240s
Reducing the number of VLM layers to 16 ...

[HEARTBEAT] uniform_42_corner3/uniform_112_seed42@002000: child still running, elapsed=30s / timeout=240s
Loading weights from local directory
Evaluating tasks:   0%|          | 0/1 [00:00<?, ?it/s]Evaluating (0/5 episodes):   0%|          | 0/1 [00:00<?, ?it/s]
[HEARTBEAT] uniform_42_corner3/uniform_112_seed42@002000: child still running, elapsed=40s / timeout=240s

[HEARTBEAT] uniform_42_corner3/uniform_112_seed42@002000: child still running, elapsed=50s / timeout=240s

[HEARTBEAT] uniform_42_corner3/uniform_112_seed42@002000: child still running, elapsed=60s / timeout=240s

[HEARTBEAT] uniform_42_corner3/uniform_112_seed42@002000: child still running, elapsed=70s / timeout=240s

[HEARTBEAT] uniform_42_corner3/uniform_112_seed42@002000: child still running, elapsed=80s / timeout=240s
Evaluating (5/5 episodes, success: 1/5, rate: 20.0%):   0%|          | 0/1 [00:44<?, ?it/s]Evaluating (5/5 episodes, success: 1/5, rate: 20.0%): 100%|██████████| 1/1 [00:44<00:00, 44.25s/it]Evaluating (5/5 episodes, success: 1/5, rate: 20.0%): 100%|██████████| 1/1 [00:44<00:00, 44.25s/it]
INFO 2026-09-20 14:17:13 ot_eval.py:1092 Saved per-episode eval results to /data/zhonglinye/jun/lerobot/personal/work2/attention_fig/quick_surrogate_eval/quick40_pickplace/shard_1_of_2/eval_outputs/uniform_42_corner3_uniform_112_seed42_002000/eval_results/pick-place-v3_0/eval_episode_results.json
Task 1/1: pick-place-v3 (episodes: 5, success: 1):   0%|          | 0/1 [00:44<?, ?it/s]Task 1/1: pick-place-v3 (episodes: 5, success: 1): 100%|██████████| 1/1 [00:44<00:00, 44.27s/it]Task 1/1: pick-place-v3 (episodes: 5, success: 1): 100%|██████████| 1/1 [00:44<00:00, 44.79s/it]
INFO 2026-09-20 14:17:14 ot_eval.py:1655 Saved per-episode eval results to /data/zhonglinye/jun/lerobot/personal/work2/attention_fig/quick_surrogate_eval/quick40_pickplace/shard_1_of_2/eval_outputs/uniform_42_corner3_uniform_112_seed42_002000/eval_results/eval_episode_results.json
INFO 2026-09-20 14:17:14 ot_eval.py:1240 Overall Aggregated Metrics:
INFO 2026-09-20 14:17:14 ot_eval.py:1241 {'avg_sum_reward': 7.58803632012398, 'avg_max_reward': 0.18471747151970166, 'pc_success': 20.0, 'pc_grasp_success': 40.0, 'success@5mm': None, 'coffee_success_5mm_count': None, 'n_episodes': 5, 'eval_s': 44.787941455841064, 'eval_ep_s': 8.957590293884277, 'video_paths': [], 'predicted_video_paths': []}
INFO 2026-09-20 14:17:14 ot_eval.py:1245 
Aggregated Metrics for per_task:
INFO 2026-09-20 14:17:14 ot_eval.py:1246 [{'task_group': 'pick-place-v3', 'task_id': 0, 'metrics': {'sum_rewards': [10.784811187598038, 4.84130492501893, 8.3966760725035, 5.101448987814829, 8.815940427684609], 'max_rewards': [0.13421568272699702, 0.11192752309091543, 0.15672996678215106, 0.3460203225717463, 0.1746938624266985], 'successes': [False, False, False, True, False], 'grasp_successes': [False, False, False, True, True], 'video_paths': [], 'predicted_video_paths': [], 'success_at_5mm': [None, None, None, None, None], 'obj_to_targets': [0.2618781626224518, 0.27208027243614197, 0.30689024925231934, 0.0, 0.28933167457580566]}}]
INFO 2026-09-20 14:17:14 ot_eval.py:1245 
Aggregated Metrics for per_group:
INFO 2026-09-20 14:17:14 ot_eval.py:1246 {'pick-place-v3': {'avg_sum_reward': 7.58803632012398, 'avg_max_reward': 0.18471747151970166, 'pc_success': 20.0, 'pc_grasp_success': 40.0, 'success@5mm': None, 'coffee_success_5mm_count': None, 'n_episodes': 5, 'video_paths': [], 'predicted_video_paths': []}}
INFO 2026-09-20 14:17:14 ot_eval.py:1245 
Aggregated Metrics for overall:
INFO 2026-09-20 14:17:14 ot_eval.py:1246 {'avg_sum_reward': 7.58803632012398, 'avg_max_reward': 0.18471747151970166, 'pc_success': 20.0, 'pc_grasp_success': 40.0, 'success@5mm': None, 'coffee_success_5mm_count': None, 'n_episodes': 5, 'eval_s': 44.787941455841064, 'eval_ep_s': 8.957590293884277, 'video_paths': [], 'predicted_video_paths': []}
INFO 2026-09-20 14:17:14 ot_eval.py:1254 End of eval
[DONE] uniform_42_corner3/uniform_112_seed42@002000: quick_success=20.0% quick_grasp=40.0%
[PROGRESS] shard=1/2 processed=45/52 successful_quick_results=23 global_elapsed=33.4 min

================================================================================
[MODEL 46/52] uniform_42_corner3/uniform_112_seed42@004000 | historical=16.0% (200 episodes)
[PATH] /data/zhonglinye/jun/lerobot/personal/work2/duibi/uniform_42_corner3/uniform_112_seed42/checkpoints/004000/pretrained_model
[CMD] lerobot-eval --policy.path=/data/zhonglinye/jun/lerobot/personal/work2/duibi/uniform_42_corner3/uniform_112_seed42/checkpoints/004000/pretrained_model --env.type=metaworld --env.task=pick-place-v3 --env.camera_name=corner3,gripperPOV --env.use_self_mw=true --eval.batch_size=5 --eval.n_episodes=5 --policy.device=cuda --policy.use_amp=false --seed=1000 --output_dir=/data/zhonglinye/jun/lerobot/personal/work2/attention_fig/quick_surrogate_eval/quick40_pickplace/shard_1_of_2/eval_outputs/uniform_42_corner3_uniform_112_seed42_004000 --rename_map={"observation.images.top": "observation.images.camera1", "observation.images.wrist": "observation.images.camera2"}
================================================================================
[DEBUG] Loaded config from: /data/zhonglinye/jun/lerobot/personal/work2/duibi/uniform_42_corner3/uniform_112_seed42/checkpoints/004000/pretrained_model/config.json
[DEBUG] Config keys: ['type', 'n_obs_steps', 'input_features', 'output_features', 'device', 'use_amp', 'use_peft', 'push_to_hub', 'repo_id', 'private', 'tags', 'license', 'pretrained_path', 'pretrained_revision', 'chunk_size', 'n_action_steps', 'normalization_mapping', 'max_state_dim', 'max_action_dim', 'resize_imgs_with_padding', 'empty_cameras', 'adapt_to_pi_aloha', 'use_delta_joint_actions_aloha', 'tokenizer_max_length', 'num_steps', 'use_cache', 'freeze_vision_encoder', 'train_expert_only', 'train_state_proj', 'optimizer_lr', 'optimizer_betas', 'optimizer_eps', 'optimizer_weight_decay', 'optimizer_grad_clip_norm', 'scheduler_warmup_steps', 'scheduler_decay_steps', 'scheduler_decay_lr', 'vlm_model_name', 'load_vlm_weights', 'add_image_special_tokens', 'attention_mode', 'prefix_length', 'pad_language_to', 'num_expert_layers', 'num_vlm_layers', 'self_attn_every_n_layers', 'expert_width_multiplier', 'min_period', 'max_period', 'rtc_config', 'compile_model', 'compile_mode']
[DEBUG] policy_type parameter: None
[DEBUG] Extracted policy_type from config: smolvla
[DEBUG] Filtered config keys: ['n_obs_steps', 'input_features', 'output_features', 'device', 'use_amp', 'use_peft', 'push_to_hub', 'repo_id', 'private', 'tags', 'license', 'pretrained_path', 'pretrained_revision', 'chunk_size', 'n_action_steps', 'normalization_mapping', 'max_state_dim', 'max_action_dim', 'resize_imgs_with_padding', 'empty_cameras', 'adapt_to_pi_aloha', 'use_delta_joint_actions_aloha', 'tokenizer_max_length', 'num_steps', 'use_cache', 'freeze_vision_encoder', 'train_expert_only', 'train_state_proj', 'optimizer_lr', 'optimizer_betas', 'optimizer_eps', 'optimizer_weight_decay', 'optimizer_grad_clip_norm', 'scheduler_warmup_steps', 'scheduler_decay_steps', 'scheduler_decay_lr', 'vlm_model_name', 'load_vlm_weights', 'add_image_special_tokens', 'attention_mode', 'prefix_length', 'pad_language_to', 'num_expert_layers', 'num_vlm_layers', 'self_attn_every_n_layers', 'expert_width_multiplier', 'min_period', 'max_period', 'rtc_config', 'compile_model', 'compile_mode']
[DEBUG] Removed invalid keys: set()
WARNING 2026-09-20 14:17:26 figs/eval.py:69 No job name provided, using 'metaworld_smolvla' as job name.
INFO 2026-09-20 14:17:26 ot_eval.py:1146 {'env': {'camera_name': 'corner3,gripperPOV',
         'disable_env_checker': True,
         'episode_length': 400,
         'features': {'action': {'shape': (4,),
                                 'type': <FeatureType.ACTION: 'ACTION'>},
                      'observation.images.camera1': {'shape': (3, 480, 480),
                                                     'type': <FeatureType.VISUAL: 'VISUAL'>},
                      'observation.images.camera2': {'shape': (3, 480, 480),
                                                     'type': <FeatureType.VISUAL: 'VISUAL'>},
                      'observation.state': {'shape': (4,),
                                            'type': <FeatureType.STATE: 'STATE'>}},
         'features_map': {'action': 'action',
                          'agent_pos': 'observation.state',
                          'observation.images.camera1': 'observation.images.camera1',
                          'observation.images.camera2': 'observation.images.camera2',
                          'observation.state': 'observation.state',
                          'pixels/top': 'observation.images.top',
                          'top': 'observation.image'},
         'fps': 80,
         'max_parallel_tasks': 1,
         'multitask_eval': True,
         'obs_type': 'pixels_agent_pos',
         'render_mode': 'rgb_array',
         'task': 'pick-place-v3',
         'use_self_mw': True},
 'eval': {'batch_size': 5,
          'n_episodes': 5,
          'recording': False,
          'recording_private': False,
          'recording_repo_id': None,
          'save_dataset': False,
          'use_async_envs': True},
 'job_name': 'metaworld_smolvla',
 'output_dir': PosixPath('/data/zhonglinye/jun/lerobot/personal/work2/attention_fig/quick_surrogate_eval/quick40_pickplace/shard_1_of_2/eval_outputs/uniform_42_corner3_uniform_112_seed42_004000'),
 'policy': {'adapt_to_pi_aloha': False,
            'add_image_special_tokens': False,
            'attention_mode': 'cross_attn',
            'chunk_size': 50,
            'compile_mode': 'max-autotune',
            'compile_model': False,
            'device': 'cuda',
            'empty_cameras': 0,
            'expert_width_multiplier': 0.75,
            'freeze_vision_encoder': True,
            'input_features': {'observation.images.camera1': {'shape': (3,
                                                                        256,
                                                                        256),
                                                              'type': <FeatureType.VISUAL: 'VISUAL'>},
                               'observation.images.camera2': {'shape': (3,
                                                                        256,
                                                                        256),
                                                              'type': <FeatureType.VISUAL: 'VISUAL'>},
                               'observation.images.camera3': {'shape': (3,
                                                                        256,
                                                                        256),
                                                              'type': <FeatureType.VISUAL: 'VISUAL'>},
                               'observation.state': {'shape': (6,),
                                                     'type': <FeatureType.STATE: 'STATE'>}},
            'license': None,
            'load_vlm_weights': True,
            'max_action_dim': 32,
            'max_period': 4.0,
            'max_state_dim': 32,
            'min_period': 0.004,
            'n_action_steps': 50,
            'n_obs_steps': 1,
            'normalization_mapping': {'ACTION': <NormalizationMode.MEAN_STD: 'MEAN_STD'>,
                                      'STATE': <NormalizationMode.MEAN_STD: 'MEAN_STD'>,
                                      'VISUAL': <NormalizationMode.IDENTITY: 'IDENTITY'>},
            'num_expert_layers': 0,
            'num_steps': 10,
            'num_vlm_layers': 16,
            'optimizer_betas': (0.9, 0.95),
            'optimizer_eps': 1e-08,
            'optimizer_grad_clip_norm': 10.0,
            'optimizer_lr': 0.0001,
            'optimizer_weight_decay': 1e-10,
            'output_features': {'action': {'shape': (4,),
                                           'type': <FeatureType.ACTION: 'ACTION'>}},
            'pad_language_to': 'max_length',
            'prefix_length': 0,
            'pretrained_path': PosixPath('/data/zhonglinye/jun/lerobot/personal/work2/duibi/uniform_42_corner3/uniform_112_seed42/checkpoints/004000/pretrained_model'),
            'pretrained_revision': None,
            'private': None,
            'push_to_hub': False,
            'repo_id': None,
            'resize_imgs_with_padding': (512, 512),
            'rtc_config': None,
            'scheduler_decay_lr': 2.5e-06,
            'scheduler_decay_steps': 30000,
            'scheduler_warmup_steps': 1000,
            'self_attn_every_n_layers': 2,
            'tags': None,
            'tokenizer_max_length': 48,
            'train_expert_only': True,
            'train_state_proj': False,
            'use_amp': False,
            'use_cache': True,
            'use_delta_joint_actions_aloha': False,
            'use_peft': False,
            'vlm_model_name': 'HuggingFaceTB/SmolVLM2-500M-Video-Instruct'},
 'rename_map': {'observation.images.top': 'observation.images.camera1',
                'observation.images.wrist': 'observation.images.camera2'},
 'seed': 1000,
 'trust_remote_code': False}
INFO 2026-09-20 14:17:26 ot_eval.py:1157 Set CUDA_VISIBLE_DEVICES=0 for policy and environment subprocesses
INFO 2026-09-20 14:17:26 ot_eval.py:1166 Output dir: /data/zhonglinye/jun/lerobot/personal/work2/attention_fig/quick_surrogate_eval/quick40_pickplace/shard_1_of_2/eval_outputs/uniform_42_corner3_uniform_112_seed42_004000
INFO 2026-09-20 14:17:26 ot_eval.py:1168 Making environment (batch_size=5, async=True).
Creating Meta-World envs | task_groups=['pick-place-v3'] | n_envs(per task)=5
[HEARTBEAT] uniform_42_corner3/uniform_112_seed42@004000: child still running, elapsed=10s / timeout=240s

Building vec env | group=pick-place-v3 | task_id=0 | task=pick-place-v3
INFO 2026-09-20 14:17:27 ot_eval.py:1176 Making policy.
[DEBUG factory] policy_cls: <class 'lerobot.policies.smolvla.modeling_smolvla.SmolVLAPolicy'>
[DEBUG factory] policy_cls.__init__ signature: <function SmolVLAPolicy.__init__ at 0x7961857dfb00>
[DEBUG factory] kwargs keys: ['config', 'pretrained_name_or_path', 'revision']
Loading  HuggingFaceTB/SmolVLM2-500M-Video-Instruct weights ...
`torch_dtype` is deprecated! Use `dtype` instead!
Loading weights:   0%|          | 0/489 [00:00<?, ?it/s]Loading weights:  64%|██████▍   | 312/489 [00:00<00:00, 3119.51it/s]Loading weights: 100%|██████████| 489/489 [00:00<00:00, 3554.53it/s]

[HEARTBEAT] uniform_42_corner3/uniform_112_seed42@004000: child still running, elapsed=20s / timeout=240s
Reducing the number of VLM layers to 16 ...
Loading weights from local directory

[HEARTBEAT] uniform_42_corner3/uniform_112_seed42@004000: child still running, elapsed=30s / timeout=240s
Evaluating tasks:   0%|          | 0/1 [00:00<?, ?it/s]Evaluating (0/5 episodes):   0%|          | 0/1 [00:00<?, ?it/s]
[HEARTBEAT] uniform_42_corner3/uniform_112_seed42@004000: child still running, elapsed=40s / timeout=240s

[HEARTBEAT] uniform_42_corner3/uniform_112_seed42@004000: child still running, elapsed=50s / timeout=240s

[HEARTBEAT] uniform_42_corner3/uniform_112_seed42@004000: child still running, elapsed=60s / timeout=240s

[HEARTBEAT] uniform_42_corner3/uniform_112_seed42@004000: child still running, elapsed=70s / timeout=240s

[HEARTBEAT] uniform_42_corner3/uniform_112_seed42@004000: child still running, elapsed=80s / timeout=240s
Evaluating (5/5 episodes, success: 2/5, rate: 40.0%):   0%|          | 0/1 [00:44<?, ?it/s]Evaluating (5/5 episodes, success: 2/5, rate: 40.0%): 100%|██████████| 1/1 [00:44<00:00, 44.61s/it]Evaluating (5/5 episodes, success: 2/5, rate: 40.0%): 100%|██████████| 1/1 [00:44<00:00, 44.61s/it]
INFO 2026-09-20 14:18:38 ot_eval.py:1092 Saved per-episode eval results to /data/zhonglinye/jun/lerobot/personal/work2/attention_fig/quick_surrogate_eval/quick40_pickplace/shard_1_of_2/eval_outputs/uniform_42_corner3_uniform_112_seed42_004000/eval_results/pick-place-v3_0/eval_episode_results.json
Task 1/1: pick-place-v3 (episodes: 5, success: 2):   0%|          | 0/1 [00:44<?, ?it/s]Task 1/1: pick-place-v3 (episodes: 5, success: 2): 100%|██████████| 1/1 [00:44<00:00, 44.63s/it]Task 1/1: pick-place-v3 (episodes: 5, success: 2): 100%|██████████| 1/1 [00:45<00:00, 45.17s/it]
INFO 2026-09-20 14:18:39 ot_eval.py:1655 Saved per-episode eval results to /data/zhonglinye/jun/lerobot/personal/work2/attention_fig/quick_surrogate_eval/quick40_pickplace/shard_1_of_2/eval_outputs/uniform_42_corner3_uniform_112_seed42_004000/eval_results/eval_episode_results.json
INFO 2026-09-20 14:18:39 ot_eval.py:1240 Overall Aggregated Metrics:
INFO 2026-09-20 14:18:39 ot_eval.py:1241 {'avg_sum_reward': 71.29774236563681, 'avg_max_reward': 3.379304685422949, 'pc_success': 40.0, 'pc_grasp_success': 60.0, 'success@5mm': None, 'coffee_success_5mm_count': None, 'n_episodes': 5, 'eval_s': 45.17055296897888, 'eval_ep_s': 9.034110689163208, 'video_paths': [], 'predicted_video_paths': []}
INFO 2026-09-20 14:18:39 ot_eval.py:1245 
Aggregated Metrics for per_task:
INFO 2026-09-20 14:18:39 ot_eval.py:1246 [{'task_group': 'pick-place-v3', 'task_id': 0, 'metrics': {'sum_rewards': [5.7438839003848265, 6.590440847004546, 97.8488410042785, 48.13681248093658, 198.16873359557957], 'max_rewards': [0.1354002927818836, 0.11148631241101209, 6.3369743269109495, 6.684066295623779, 3.6285961993871183], 'successes': [False, False, True, True, False], 'grasp_successes': [False, False, True, True, True], 'video_paths': [], 'predicted_video_paths': [], 'success_at_5mm': [None, None, None, None, None], 'obj_to_targets': [0.2618781626224518, 0.27208027243614197, 0.0, 0.0, 0.28933167457580566]}}]
INFO 2026-09-20 14:18:39 ot_eval.py:1245 
Aggregated Metrics for per_group:
INFO 2026-09-20 14:18:39 ot_eval.py:1246 {'pick-place-v3': {'avg_sum_reward': 71.29774236563681, 'avg_max_reward': 3.379304685422949, 'pc_success': 40.0, 'pc_grasp_success': 60.0, 'success@5mm': None, 'coffee_success_5mm_count': None, 'n_episodes': 5, 'video_paths': [], 'predicted_video_paths': []}}
INFO 2026-09-20 14:18:39 ot_eval.py:1245 
Aggregated Metrics for overall:
INFO 2026-09-20 14:18:39 ot_eval.py:1246 {'avg_sum_reward': 71.29774236563681, 'avg_max_reward': 3.379304685422949, 'pc_success': 40.0, 'pc_grasp_success': 60.0, 'success@5mm': None, 'coffee_success_5mm_count': None, 'n_episodes': 5, 'eval_s': 45.17055296897888, 'eval_ep_s': 9.034110689163208, 'video_paths': [], 'predicted_video_paths': []}
INFO 2026-09-20 14:18:39 ot_eval.py:1254 End of eval
[DONE] uniform_42_corner3/uniform_112_seed42@004000: quick_success=40.0% quick_grasp=60.0%
[PROGRESS] shard=1/2 processed=46/52 successful_quick_results=24 global_elapsed=34.9 min

================================================================================
[MODEL 47/52] uniform_42_corner3/uniform_112_seed42@006000 | historical=22.5% (200 episodes)
[PATH] /data/zhonglinye/jun/lerobot/personal/work2/duibi/uniform_42_corner3/uniform_112_seed42/checkpoints/006000/pretrained_model
[CMD] lerobot-eval --policy.path=/data/zhonglinye/jun/lerobot/personal/work2/duibi/uniform_42_corner3/uniform_112_seed42/checkpoints/006000/pretrained_model --env.type=metaworld --env.task=pick-place-v3 --env.camera_name=corner3,gripperPOV --env.use_self_mw=true --eval.batch_size=5 --eval.n_episodes=5 --policy.device=cuda --policy.use_amp=false --seed=1000 --output_dir=/data/zhonglinye/jun/lerobot/personal/work2/attention_fig/quick_surrogate_eval/quick40_pickplace/shard_1_of_2/eval_outputs/uniform_42_corner3_uniform_112_seed42_006000 --rename_map={"observation.images.top": "observation.images.camera1", "observation.images.wrist": "observation.images.camera2"}
================================================================================

[HEARTBEAT] uniform_42_corner3/uniform_112_seed42@006000: child still running, elapsed=10s / timeout=178s
[DEBUG] Loaded config from: /data/zhonglinye/jun/lerobot/personal/work2/duibi/uniform_42_corner3/uniform_112_seed42/checkpoints/006000/pretrained_model/config.json
[DEBUG] Config keys: ['type', 'n_obs_steps', 'input_features', 'output_features', 'device', 'use_amp', 'use_peft', 'push_to_hub', 'repo_id', 'private', 'tags', 'license', 'pretrained_path', 'pretrained_revision', 'chunk_size', 'n_action_steps', 'normalization_mapping', 'max_state_dim', 'max_action_dim', 'resize_imgs_with_padding', 'empty_cameras', 'adapt_to_pi_aloha', 'use_delta_joint_actions_aloha', 'tokenizer_max_length', 'num_steps', 'use_cache', 'freeze_vision_encoder', 'train_expert_only', 'train_state_proj', 'optimizer_lr', 'optimizer_betas', 'optimizer_eps', 'optimizer_weight_decay', 'optimizer_grad_clip_norm', 'scheduler_warmup_steps', 'scheduler_decay_steps', 'scheduler_decay_lr', 'vlm_model_name', 'load_vlm_weights', 'add_image_special_tokens', 'attention_mode', 'prefix_length', 'pad_language_to', 'num_expert_layers', 'num_vlm_layers', 'self_attn_every_n_layers', 'expert_width_multiplier', 'min_period', 'max_period', 'rtc_config', 'compile_model', 'compile_mode']
[DEBUG] policy_type parameter: None
[DEBUG] Extracted policy_type from config: smolvla
[DEBUG] Filtered config keys: ['n_obs_steps', 'input_features', 'output_features', 'device', 'use_amp', 'use_peft', 'push_to_hub', 'repo_id', 'private', 'tags', 'license', 'pretrained_path', 'pretrained_revision', 'chunk_size', 'n_action_steps', 'normalization_mapping', 'max_state_dim', 'max_action_dim', 'resize_imgs_with_padding', 'empty_cameras', 'adapt_to_pi_aloha', 'use_delta_joint_actions_aloha', 'tokenizer_max_length', 'num_steps', 'use_cache', 'freeze_vision_encoder', 'train_expert_only', 'train_state_proj', 'optimizer_lr', 'optimizer_betas', 'optimizer_eps', 'optimizer_weight_decay', 'optimizer_grad_clip_norm', 'scheduler_warmup_steps', 'scheduler_decay_steps', 'scheduler_decay_lr', 'vlm_model_name', 'load_vlm_weights', 'add_image_special_tokens', 'attention_mode', 'prefix_length', 'pad_language_to', 'num_expert_layers', 'num_vlm_layers', 'self_attn_every_n_layers', 'expert_width_multiplier', 'min_period', 'max_period', 'rtc_config', 'compile_model', 'compile_mode']
[DEBUG] Removed invalid keys: set()
WARNING 2026-09-20 14:18:53 figs/eval.py:69 No job name provided, using 'metaworld_smolvla' as job name.
INFO 2026-09-20 14:18:53 ot_eval.py:1146 {'env': {'camera_name': 'corner3,gripperPOV',
         'disable_env_checker': True,
         'episode_length': 400,
         'features': {'action': {'shape': (4,),
                                 'type': <FeatureType.ACTION: 'ACTION'>},
                      'observation.images.camera1': {'shape': (3, 480, 480),
                                                     'type': <FeatureType.VISUAL: 'VISUAL'>},
                      'observation.images.camera2': {'shape': (3, 480, 480),
                                                     'type': <FeatureType.VISUAL: 'VISUAL'>},
                      'observation.state': {'shape': (4,),
                                            'type': <FeatureType.STATE: 'STATE'>}},
         'features_map': {'action': 'action',
                          'agent_pos': 'observation.state',
                          'observation.images.camera1': 'observation.images.camera1',
                          'observation.images.camera2': 'observation.images.camera2',
                          'observation.state': 'observation.state',
                          'pixels/top': 'observation.images.top',
                          'top': 'observation.image'},
         'fps': 80,
         'max_parallel_tasks': 1,
         'multitask_eval': True,
         'obs_type': 'pixels_agent_pos',
         'render_mode': 'rgb_array',
         'task': 'pick-place-v3',
         'use_self_mw': True},
 'eval': {'batch_size': 5,
          'n_episodes': 5,
          'recording': False,
          'recording_private': False,
          'recording_repo_id': None,
          'save_dataset': False,
          'use_async_envs': True},
 'job_name': 'metaworld_smolvla',
 'output_dir': PosixPath('/data/zhonglinye/jun/lerobot/personal/work2/attention_fig/quick_surrogate_eval/quick40_pickplace/shard_1_of_2/eval_outputs/uniform_42_corner3_uniform_112_seed42_006000'),
 'policy': {'adapt_to_pi_aloha': False,
            'add_image_special_tokens': False,
            'attention_mode': 'cross_attn',
            'chunk_size': 50,
            'compile_mode': 'max-autotune',
            'compile_model': False,
            'device': 'cuda',
            'empty_cameras': 0,
            'expert_width_multiplier': 0.75,
            'freeze_vision_encoder': True,
            'input_features': {'observation.images.camera1': {'shape': (3,
                                                                        256,
                                                                        256),
                                                              'type': <FeatureType.VISUAL: 'VISUAL'>},
                               'observation.images.camera2': {'shape': (3,
                                                                        256,
                                                                        256),
                                                              'type': <FeatureType.VISUAL: 'VISUAL'>},
                               'observation.images.camera3': {'shape': (3,
                                                                        256,
                                                                        256),
                                                              'type': <FeatureType.VISUAL: 'VISUAL'>},
                               'observation.state': {'shape': (6,),
                                                     'type': <FeatureType.STATE: 'STATE'>}},
            'license': None,
            'load_vlm_weights': True,
            'max_action_dim': 32,
            'max_period': 4.0,
            'max_state_dim': 32,
            'min_period': 0.004,
            'n_action_steps': 50,
            'n_obs_steps': 1,
            'normalization_mapping': {'ACTION': <NormalizationMode.MEAN_STD: 'MEAN_STD'>,
                                      'STATE': <NormalizationMode.MEAN_STD: 'MEAN_STD'>,
                                      'VISUAL': <NormalizationMode.IDENTITY: 'IDENTITY'>},
            'num_expert_layers': 0,
            'num_steps': 10,
            'num_vlm_layers': 16,
            'optimizer_betas': (0.9, 0.95),
            'optimizer_eps': 1e-08,
            'optimizer_grad_clip_norm': 10.0,
            'optimizer_lr': 0.0001,
            'optimizer_weight_decay': 1e-10,
            'output_features': {'action': {'shape': (4,),
                                           'type': <FeatureType.ACTION: 'ACTION'>}},
            'pad_language_to': 'max_length',
            'prefix_length': 0,
            'pretrained_path': PosixPath('/data/zhonglinye/jun/lerobot/personal/work2/duibi/uniform_42_corner3/uniform_112_seed42/checkpoints/006000/pretrained_model'),
            'pretrained_revision': None,
            'private': None,
            'push_to_hub': False,
            'repo_id': None,
            'resize_imgs_with_padding': (512, 512),
            'rtc_config': None,
            'scheduler_decay_lr': 2.5e-06,
            'scheduler_decay_steps': 30000,
            'scheduler_warmup_steps': 1000,
            'self_attn_every_n_layers': 2,
            'tags': None,
            'tokenizer_max_length': 48,
            'train_expert_only': True,
            'train_state_proj': False,
            'use_amp': False,
            'use_cache': True,
            'use_delta_joint_actions_aloha': False,
            'use_peft': False,
            'vlm_model_name': 'HuggingFaceTB/SmolVLM2-500M-Video-Instruct'},
 'rename_map': {'observation.images.top': 'observation.images.camera1',
                'observation.images.wrist': 'observation.images.camera2'},
 'seed': 1000,
 'trust_remote_code': False}
INFO 2026-09-20 14:18:53 ot_eval.py:1157 Set CUDA_VISIBLE_DEVICES=0 for policy and environment subprocesses
INFO 2026-09-20 14:18:53 ot_eval.py:1166 Output dir: /data/zhonglinye/jun/lerobot/personal/work2/attention_fig/quick_surrogate_eval/quick40_pickplace/shard_1_of_2/eval_outputs/uniform_42_corner3_uniform_112_seed42_006000
INFO 2026-09-20 14:18:53 ot_eval.py:1168 Making environment (batch_size=5, async=True).
Creating Meta-World envs | task_groups=['pick-place-v3'] | n_envs(per task)=5
Building vec env | group=pick-place-v3 | task_id=0 | task=pick-place-v3
INFO 2026-09-20 14:18:53 ot_eval.py:1176 Making policy.
[DEBUG factory] policy_cls: <class 'lerobot.policies.smolvla.modeling_smolvla.SmolVLAPolicy'>
[DEBUG factory] policy_cls.__init__ signature: <function SmolVLAPolicy.__init__ at 0x7eb4cbbe7b00>
[DEBUG factory] kwargs keys: ['config', 'pretrained_name_or_path', 'revision']
Loading  HuggingFaceTB/SmolVLM2-500M-Video-Instruct weights ...
`torch_dtype` is deprecated! Use `dtype` instead!
Loading weights:   0%|          | 0/489 [00:00<?, ?it/s]Loading weights:  66%|██████▋   | 324/489 [00:00<00:00, 3236.90it/s]Loading weights: 100%|██████████| 489/489 [00:00<00:00, 3565.38it/s]

[HEARTBEAT] uniform_42_corner3/uniform_112_seed42@006000: child still running, elapsed=20s / timeout=178s
Reducing the number of VLM layers to 16 ...

[HEARTBEAT] uniform_42_corner3/uniform_112_seed42@006000: child still running, elapsed=30s / timeout=178s
Loading weights from local directory
Evaluating tasks:   0%|          | 0/1 [00:00<?, ?it/s]
[HEARTBEAT] uniform_42_corner3/uniform_112_seed42@006000: child still running, elapsed=40s / timeout=178s
Evaluating (0/5 episodes):   0%|          | 0/1 [00:00<?, ?it/s]
[HEARTBEAT] uniform_42_corner3/uniform_112_seed42@006000: child still running, elapsed=50s / timeout=178s

[HEARTBEAT] uniform_42_corner3/uniform_112_seed42@006000: child still running, elapsed=60s / timeout=178s

[HEARTBEAT] uniform_42_corner3/uniform_112_seed42@006000: child still running, elapsed=70s / timeout=178s

[HEARTBEAT] uniform_42_corner3/uniform_112_seed42@006000: child still running, elapsed=80s / timeout=178s
Evaluating (5/5 episodes, success: 3/5, rate: 60.0%):   0%|          | 0/1 [00:44<?, ?it/s]Evaluating (5/5 episodes, success: 3/5, rate: 60.0%): 100%|██████████| 1/1 [00:44<00:00, 44.91s/it]Evaluating (5/5 episodes, success: 3/5, rate: 60.0%): 100%|██████████| 1/1 [00:44<00:00, 44.91s/it]
INFO 2026-09-20 14:20:07 ot_eval.py:1092 Saved per-episode eval results to /data/zhonglinye/jun/lerobot/personal/work2/attention_fig/quick_surrogate_eval/quick40_pickplace/shard_1_of_2/eval_outputs/uniform_42_corner3_uniform_112_seed42_006000/eval_results/pick-place-v3_0/eval_episode_results.json
Task 1/1: pick-place-v3 (episodes: 5, success: 3):   0%|          | 0/1 [00:44<?, ?it/s]Task 1/1: pick-place-v3 (episodes: 5, success: 3): 100%|██████████| 1/1 [00:44<00:00, 44.93s/it]Task 1/1: pick-place-v3 (episodes: 5, success: 3): 100%|██████████| 1/1 [00:45<00:00, 45.42s/it]
INFO 2026-09-20 14:20:08 ot_eval.py:1655 Saved per-episode eval results to /data/zhonglinye/jun/lerobot/personal/work2/attention_fig/quick_surrogate_eval/quick40_pickplace/shard_1_of_2/eval_outputs/uniform_42_corner3_uniform_112_seed42_006000/eval_results/eval_episode_results.json
INFO 2026-09-20 14:20:08 ot_eval.py:1240 Overall Aggregated Metrics:
INFO 2026-09-20 14:20:08 ot_eval.py:1241 {'avg_sum_reward': 726.6775712891788, 'avg_max_reward': 5.855904341462196, 'pc_success': 60.0, 'pc_grasp_success': 100.0, 'success@5mm': None, 'coffee_success_5mm_count': None, 'n_episodes': 5, 'eval_s': 45.416980028152466, 'eval_ep_s': 9.08339614868164, 'video_paths': [], 'predicted_video_paths': []}
INFO 2026-09-20 14:20:08 ot_eval.py:1245 
Aggregated Metrics for per_task:
INFO 2026-09-20 14:20:08 ot_eval.py:1246 [{'task_group': 'pick-place-v3', 'task_id': 0, 'metrics': {'sum_rewards': [103.0813282440153, 1162.0515915383676, 104.1763120939069, 1151.742158847876, 1112.3364657217282], 'max_rewards': [6.81126594543457, 3.540179491043091, 6.382958454170552, 5.849960288739184, 6.695157527923584], 'successes': [True, False, True, False, True], 'grasp_successes': [True, True, True, True, True], 'video_paths': [], 'predicted_video_paths': [], 'success_at_5mm': [None, None, None, None, None], 'obj_to_targets': [0.0, 0.27208027243614197, 0.0, 0.2635713219642639, 0.0]}}]
INFO 2026-09-20 14:20:08 ot_eval.py:1245 
Aggregated Metrics for per_group:
INFO 2026-09-20 14:20:08 ot_eval.py:1246 {'pick-place-v3': {'avg_sum_reward': 726.6775712891788, 'avg_max_reward': 5.855904341462196, 'pc_success': 60.0, 'pc_grasp_success': 100.0, 'success@5mm': None, 'coffee_success_5mm_count': None, 'n_episodes': 5, 'video_paths': [], 'predicted_video_paths': []}}
INFO 2026-09-20 14:20:08 ot_eval.py:1245 
Aggregated Metrics for overall:
INFO 2026-09-20 14:20:08 ot_eval.py:1246 {'avg_sum_reward': 726.6775712891788, 'avg_max_reward': 5.855904341462196, 'pc_success': 60.0, 'pc_grasp_success': 100.0, 'success@5mm': None, 'coffee_success_5mm_count': None, 'n_episodes': 5, 'eval_s': 45.416980028152466, 'eval_ep_s': 9.08339614868164, 'video_paths': [], 'predicted_video_paths': []}
INFO 2026-09-20 14:20:08 ot_eval.py:1254 End of eval
[DONE] uniform_42_corner3/uniform_112_seed42@006000: quick_success=60.0% quick_grasp=100.0%
[PROGRESS] shard=1/2 processed=47/52 successful_quick_results=25 global_elapsed=36.3 min

================================================================================
[MODEL 48/52] uniform_42_corner3/uniform_112_seed42@008000 | historical=21.0% (200 episodes)
[PATH] /data/zhonglinye/jun/lerobot/personal/work2/duibi/uniform_42_corner3/uniform_112_seed42/checkpoints/008000/pretrained_model
[CMD] lerobot-eval --policy.path=/data/zhonglinye/jun/lerobot/personal/work2/duibi/uniform_42_corner3/uniform_112_seed42/checkpoints/008000/pretrained_model --env.type=metaworld --env.task=pick-place-v3 --env.camera_name=corner3,gripperPOV --env.use_self_mw=true --eval.batch_size=5 --eval.n_episodes=5 --policy.device=cuda --policy.use_amp=false --seed=1000 --output_dir=/data/zhonglinye/jun/lerobot/personal/work2/attention_fig/quick_surrogate_eval/quick40_pickplace/shard_1_of_2/eval_outputs/uniform_42_corner3_uniform_112_seed42_008000 --rename_map={"observation.images.top": "observation.images.camera1", "observation.images.wrist": "observation.images.camera2"}
================================================================================

[HEARTBEAT] uniform_42_corner3/uniform_112_seed42@008000: child still running, elapsed=10s / timeout=90s
[DEBUG] Loaded config from: /data/zhonglinye/jun/lerobot/personal/work2/duibi/uniform_42_corner3/uniform_112_seed42/checkpoints/008000/pretrained_model/config.json
[DEBUG] Config keys: ['type', 'n_obs_steps', 'input_features', 'output_features', 'device', 'use_amp', 'use_peft', 'push_to_hub', 'repo_id', 'private', 'tags', 'license', 'pretrained_path', 'pretrained_revision', 'chunk_size', 'n_action_steps', 'normalization_mapping', 'max_state_dim', 'max_action_dim', 'resize_imgs_with_padding', 'empty_cameras', 'adapt_to_pi_aloha', 'use_delta_joint_actions_aloha', 'tokenizer_max_length', 'num_steps', 'use_cache', 'freeze_vision_encoder', 'train_expert_only', 'train_state_proj', 'optimizer_lr', 'optimizer_betas', 'optimizer_eps', 'optimizer_weight_decay', 'optimizer_grad_clip_norm', 'scheduler_warmup_steps', 'scheduler_decay_steps', 'scheduler_decay_lr', 'vlm_model_name', 'load_vlm_weights', 'add_image_special_tokens', 'attention_mode', 'prefix_length', 'pad_language_to', 'num_expert_layers', 'num_vlm_layers', 'self_attn_every_n_layers', 'expert_width_multiplier', 'min_period', 'max_period', 'rtc_config', 'compile_model', 'compile_mode']
[DEBUG] policy_type parameter: None
[DEBUG] Extracted policy_type from config: smolvla
[DEBUG] Filtered config keys: ['n_obs_steps', 'input_features', 'output_features', 'device', 'use_amp', 'use_peft', 'push_to_hub', 'repo_id', 'private', 'tags', 'license', 'pretrained_path', 'pretrained_revision', 'chunk_size', 'n_action_steps', 'normalization_mapping', 'max_state_dim', 'max_action_dim', 'resize_imgs_with_padding', 'empty_cameras', 'adapt_to_pi_aloha', 'use_delta_joint_actions_aloha', 'tokenizer_max_length', 'num_steps', 'use_cache', 'freeze_vision_encoder', 'train_expert_only', 'train_state_proj', 'optimizer_lr', 'optimizer_betas', 'optimizer_eps', 'optimizer_weight_decay', 'optimizer_grad_clip_norm', 'scheduler_warmup_steps', 'scheduler_decay_steps', 'scheduler_decay_lr', 'vlm_model_name', 'load_vlm_weights', 'add_image_special_tokens', 'attention_mode', 'prefix_length', 'pad_language_to', 'num_expert_layers', 'num_vlm_layers', 'self_attn_every_n_layers', 'expert_width_multiplier', 'min_period', 'max_period', 'rtc_config', 'compile_model', 'compile_mode']
[DEBUG] Removed invalid keys: set()
WARNING 2026-09-20 14:20:21 figs/eval.py:69 No job name provided, using 'metaworld_smolvla' as job name.
INFO 2026-09-20 14:20:21 ot_eval.py:1146 {'env': {'camera_name': 'corner3,gripperPOV',
         'disable_env_checker': True,
         'episode_length': 400,
         'features': {'action': {'shape': (4,),
                                 'type': <FeatureType.ACTION: 'ACTION'>},
                      'observation.images.camera1': {'shape': (3, 480, 480),
                                                     'type': <FeatureType.VISUAL: 'VISUAL'>},
                      'observation.images.camera2': {'shape': (3, 480, 480),
                                                     'type': <FeatureType.VISUAL: 'VISUAL'>},
                      'observation.state': {'shape': (4,),
                                            'type': <FeatureType.STATE: 'STATE'>}},
         'features_map': {'action': 'action',
                          'agent_pos': 'observation.state',
                          'observation.images.camera1': 'observation.images.camera1',
                          'observation.images.camera2': 'observation.images.camera2',
                          'observation.state': 'observation.state',
                          'pixels/top': 'observation.images.top',
                          'top': 'observation.image'},
         'fps': 80,
         'max_parallel_tasks': 1,
         'multitask_eval': True,
         'obs_type': 'pixels_agent_pos',
         'render_mode': 'rgb_array',
         'task': 'pick-place-v3',
         'use_self_mw': True},
 'eval': {'batch_size': 5,
          'n_episodes': 5,
          'recording': False,
          'recording_private': False,
          'recording_repo_id': None,
          'save_dataset': False,
          'use_async_envs': True},
 'job_name': 'metaworld_smolvla',
 'output_dir': PosixPath('/data/zhonglinye/jun/lerobot/personal/work2/attention_fig/quick_surrogate_eval/quick40_pickplace/shard_1_of_2/eval_outputs/uniform_42_corner3_uniform_112_seed42_008000'),
 'policy': {'adapt_to_pi_aloha': False,
            'add_image_special_tokens': False,
            'attention_mode': 'cross_attn',
            'chunk_size': 50,
            'compile_mode': 'max-autotune',
            'compile_model': False,
            'device': 'cuda',
            'empty_cameras': 0,
            'expert_width_multiplier': 0.75,
            'freeze_vision_encoder': True,
            'input_features': {'observation.images.camera1': {'shape': (3,
                                                                        256,
                                                                        256),
                                                              'type': <FeatureType.VISUAL: 'VISUAL'>},
                               'observation.images.camera2': {'shape': (3,
                                                                        256,
                                                                        256),
                                                              'type': <FeatureType.VISUAL: 'VISUAL'>},
                               'observation.images.camera3': {'shape': (3,
                                                                        256,
                                                                        256),
                                                              'type': <FeatureType.VISUAL: 'VISUAL'>},
                               'observation.state': {'shape': (6,),
                                                     'type': <FeatureType.STATE: 'STATE'>}},
            'license': None,
            'load_vlm_weights': True,
            'max_action_dim': 32,
            'max_period': 4.0,
            'max_state_dim': 32,
            'min_period': 0.004,
            'n_action_steps': 50,
            'n_obs_steps': 1,
            'normalization_mapping': {'ACTION': <NormalizationMode.MEAN_STD: 'MEAN_STD'>,
                                      'STATE': <NormalizationMode.MEAN_STD: 'MEAN_STD'>,
                                      'VISUAL': <NormalizationMode.IDENTITY: 'IDENTITY'>},
            'num_expert_layers': 0,
            'num_steps': 10,
            'num_vlm_layers': 16,
            'optimizer_betas': (0.9, 0.95),
            'optimizer_eps': 1e-08,
            'optimizer_grad_clip_norm': 10.0,
            'optimizer_lr': 0.0001,
            'optimizer_weight_decay': 1e-10,
            'output_features': {'action': {'shape': (4,),
                                           'type': <FeatureType.ACTION: 'ACTION'>}},
            'pad_language_to': 'max_length',
            'prefix_length': 0,
            'pretrained_path': PosixPath('/data/zhonglinye/jun/lerobot/personal/work2/duibi/uniform_42_corner3/uniform_112_seed42/checkpoints/008000/pretrained_model'),
            'pretrained_revision': None,
            'private': None,
            'push_to_hub': False,
            'repo_id': None,
            'resize_imgs_with_padding': (512, 512),
            'rtc_config': None,
            'scheduler_decay_lr': 2.5e-06,
            'scheduler_decay_steps': 30000,
            'scheduler_warmup_steps': 1000,
            'self_attn_every_n_layers': 2,
            'tags': None,
            'tokenizer_max_length': 48,
            'train_expert_only': True,
            'train_state_proj': False,
            'use_amp': False,
            'use_cache': True,
            'use_delta_joint_actions_aloha': False,
            'use_peft': False,
            'vlm_model_name': 'HuggingFaceTB/SmolVLM2-500M-Video-Instruct'},
 'rename_map': {'observation.images.top': 'observation.images.camera1',
                'observation.images.wrist': 'observation.images.camera2'},
 'seed': 1000,
 'trust_remote_code': False}
INFO 2026-09-20 14:20:21 ot_eval.py:1157 Set CUDA_VISIBLE_DEVICES=0 for policy and environment subprocesses
INFO 2026-09-20 14:20:21 ot_eval.py:1166 Output dir: /data/zhonglinye/jun/lerobot/personal/work2/attention_fig/quick_surrogate_eval/quick40_pickplace/shard_1_of_2/eval_outputs/uniform_42_corner3_uniform_112_seed42_008000
INFO 2026-09-20 14:20:21 ot_eval.py:1168 Making environment (batch_size=5, async=True).
Creating Meta-World envs | task_groups=['pick-place-v3'] | n_envs(per task)=5
Building vec env | group=pick-place-v3 | task_id=0 | task=pick-place-v3
INFO 2026-09-20 14:20:21 ot_eval.py:1176 Making policy.
[DEBUG factory] policy_cls: <class 'lerobot.policies.smolvla.modeling_smolvla.SmolVLAPolicy'>
[DEBUG factory] policy_cls.__init__ signature: <function SmolVLAPolicy.__init__ at 0x7cd35c5e7b00>
[DEBUG factory] kwargs keys: ['config', 'pretrained_name_or_path', 'revision']
Loading  HuggingFaceTB/SmolVLM2-500M-Video-Instruct weights ...
