rank,method_name,position_correlation,d_bar_ratio,cluster_separation,overall_score,start_pct,end_pct,window_length_pct,weighting,cache_key
1,temporal_multi_window,0.1117732641509993,0.0,0.0,0.0670639584905995,0.15,0.3,0.15,uniform,dbbc9e62e704261e9c2d969b399711a4
2,temporal_multi_window,0.1117732641509993,0.0,0.0,0.0670639584905995,0.25,0.4,0.15,uniform,a6a35412a9076f1632ac5a3f8ebfb55f
3,temporal_multi_window,0.1117732641509993,0.0,0.0,0.0670639584905995,0.6,0.75,0.15,uniform,46aacbb189f1e3d7ecc111a37146174f
4,temporal_multi_window,0.1117732641509993,0.0,0.0,0.0670639584905995,0.7,0.85,0.15,uniform,757af0398c767ce28e828ecd5fa79d79
5,temporal_multi_window,0.0964968881309893,0.1023302923706914,0.0,0.0783641913527318,0.15,0.7,0.5499999999999999,uniform,c05bc614b50610eb59e071067605afea
6,temporal_multi_window,0.091379317902267,0.1020007918781987,0.0,0.0752277491169999,0.3,0.85,0.55,uniform,aa7d4fe57717c644ce2bfc18afcbec6c
7,temporal_multi_window,0.0901724460465564,0.1005314148650741,0.0,0.0742097506009487,0.3,0.65,0.35,uniform,c19a595001ef51295c8df547c86db8e8
8,temporal_multi_window,0.0900966897387483,0.1003949113439358,0.0,0.0741369961120361,0.35,0.7,0.35,uniform,2c46a0117c43095df20f0c7723bcbae5
9,temporal_window,0.0896138773901125,0.1016898683770535,288.4053546951869,57.75517723914685,0.5,0.95,0.4499999999999999,uniform,e0dadf45672d8b55983efa38b583f697
10,temporal_multi_window,0.0878864327150109,0.1002993208277561,0.0,0.0727917237945577,0.45,0.6,0.1499999999999999,uniform,a250b01374e9ffb129448edad6407eec
11,temporal_multi_window,0.0860948248532703,0.0999581108959714,0.0,0.0716485170911564,0.1,0.8,0.7000000000000001,uniform,c1c2a23198b8b5a58a37809cc318fa29
12,temporal_multi_window,0.0852284220281806,0.0823036367745502,0.0,0.0675977805718184,0.05,0.3,0.25,uniform,38bac779705a9b174bc5a835f3eed288
13,temporal_multi_window,0.0852284220281806,0.0823036367745502,0.0,0.0675977805718184,0.7,0.95,0.25,uniform,3d9140930ed0a65bee37a2d76cfd8eee
14,temporal_multi_window,0.0829192102747367,0.1021432577954335,0.0,0.0701801777239287,0.4,0.95,0.5499999999999999,uniform,cc339f77c2f3418cd7df7db6f680387e
15,temporal_multi_window,0.081207478926855,0.102078903291613,0.0,0.0691402680144356,0.2,0.75,0.55,uniform,c13153cf9d65c4034ecf7789eb0d6903
16,temporal_window,0.0795855377993947,0.1034719049658157,50.17127548885159,10.10270080144312,0.0,0.6,0.6,uniform,b31928670bff4c33e66f410edd2d7691
17,temporal_multi_window,0.0789405342474657,0.0,0.0,0.0473643205484794,0.55,0.9,0.35,uniform,8444a932466f5bc7e097fd013dd65551
18,temporal_multi_window,0.0775440613022819,0.0369617296805553,0.0,0.0539187827174802,0.45,1.0,0.55,uniform,ddd7645314402e89743f313432125996
19,temporal_window,0.0760301507297415,0.1048881397002202,30.232902065583527,6.113176131494595,0.3,0.9,0.6000000000000001,uniform,991cf0832c0b496a7d8b9312f1cacccd
20,temporal_multi_window,0.0731613008542282,0.1018457119405204,0.0,0.064265922900641,0.3,0.9,0.6000000000000001,uniform,5b47e00c82f7eb886367164fac2fcc56
21,temporal_multi_window,0.0730932324759794,0.101400302367299,0.0,0.0641359999590474,0.35,1.0,0.65,uniform,77228b35d4681f19d8edd4c9da276545
22,temporal_window,0.0730448868432643,0.1059651350802788,79.04170342234079,15.873360643590171,0.35,0.95,0.6,uniform,edfd7daca59c98eefc6beb09d051278b
23,temporal_window,0.0710658658396173,0.0,0.0,0.0426395195037704,0.3,0.45,0.15,uniform,e968050c2a86f591c45d3e3c13e5773a
24,temporal_multi_window,0.0708514121664668,0.0994834562311159,0.0,0.0624075385461032,0.15,0.9,0.75,uniform,c574161b37fc06a066af69a4065d0357
25,temporal_window,0.0690757628507396,0.0259090026719936,0.0,0.0466272582448425,0.75,0.9,0.15,uniform,f30a5236cae1aeeab2ea0d765b175b91
26,temporal_multi_window,0.068591599944519,0.10026510595389,0.0,0.0612079811574894,0.45,0.7,0.2499999999999999,uniform,477f649aa3202f9e75432deb7f519f59
27,temporal_multi_window,0.0682584045678736,0.1002468458553227,0.0,0.0610044119117887,0.4,0.75,0.35,uniform,bd6a696e148c8cfb4653dee4e31a69aa
28,temporal_window,0.0682513477572768,0.0073736193698711,0.0,0.0424255325283403,0.0,0.45,0.45,uniform,e2f7f0db99ffabd4032d23c4387becd5
29,temporal_window,0.0679620809460005,0.1009762229611705,0.0,0.0609724931598344,0.4,0.8,0.4,uniform,a0dc4480f0e264e9a6888a51e344c310
30,temporal_window,0.0678945895296074,0.1054598299006369,57.71754760786737,11.605338241271369,0.25,0.85,0.6,uniform,59eaaab6d3606f8ef963cb2ac0600c9c
31,temporal_window,0.0664417131874828,0.0995150405620513,0.0,0.0597680360248999,0.15,0.6,0.4499999999999999,uniform,72c8d8d876869f4850c24501e2ea0889
32,temporal_window,0.0663694176214519,0.1002585663903481,1279.7194516644508,256.00376369674115,0.25,0.7,0.4499999999999999,uniform,4c69c2e92dfa68b3b0ddd7c53a79d0d4
33,temporal_window,0.0659793131632402,0.0,0.0,0.0395875878979441,0.1,0.25,0.15,uniform,a33088e726ce32a87e4b23ebcb81863e
34,temporal_multi_window,0.0654899885072916,0.0946912517191499,0.0,0.0582322434482049,0.05,0.6,0.5499999999999999,uniform,ce49c1b568787ac5a6a8f694f81975b2
35,temporal_window,0.0649965345659869,0.1018465199024162,0.0,0.0593672247200754,0.5,0.85,0.35,uniform,adfad6278bee3e28ab7dbd5c45c61fbb
36,temporal_multi_window,0.0646835113967323,0.0,0.0,0.0388101068380393,0.15,0.4,0.25,uniform,4b9a5cf240dfc50e0e0806bf3ae3fef4
37,temporal_multi_window,0.0646835113967323,0.0,0.0,0.0388101068380393,0.6,0.85,0.25,uniform,cfd10d4d5c62db8b79f1b9ac84f09b36
38,temporal_multi_window,0.0640163520552607,0.1002922482355219,0.0,0.0584682608802608,0.1,1.0,0.9,uniform,aab660c928cba16dc513045ce4d15e4e
39,temporal_weighted_window,0.0638446200161657,0.0,0.0,0.0383067720096994,0.1,0.25,0.15,gaussian,5f650ffbac23a935a12c6a6f32b3908f
40,temporal_multi_window,0.0633689206460394,0.0999999999999999,0.0,0.0580213523876236,0.0,0.15,0.15,uniform,5c79be039c41e75fa98f05e54f15949e
41,temporal_multi_window,0.0633689206460394,0.1,0.0,0.0580213523876236,0.4,0.55,0.15,uniform,29601bbb1c13d619dce7670f3d3bca2f
42,temporal_multi_window,0.0633689206460394,0.0999999999999999,0.0,0.0580213523876236,0.85,1.0,0.15,uniform,d10c4090914feff7702066d546342f21
43,temporal_multi_window,0.0633138563687487,0.1003987845586678,0.0,0.0580680707329827,0.4,0.65,0.25,uniform,1328b84d206b58e5bc6b6a09777ce48b
44,temporal_window,0.0633122726302088,0.1055449565297429,38.22483916004168,7.704064186892411,0.05,0.65,0.6,uniform,86426936220a2b52a25d73f094871139
45,temporal_window,0.0632795701807783,0.0,0.0,0.0379677421084669,0.2,0.35,0.1499999999999999,uniform,54dd9003089fd87d0b7c96530030ec9e
46,temporal_multi_window,0.0631067844916303,0.0995878733634487,0.0,0.0577816453676679,0.0,0.75,0.75,uniform,df3beb25a31a095045d64c397fdff989
47,temporal_multi_window,0.062524600430354,0.0401000234594329,0.0,0.045534764950099,0.15,0.5,0.35,uniform,5c214063a58bf6f429259fdc0a616fb7
48,temporal_attention_like,0.0618208372480269,0.1,0.0,0.0570925023488161,0.4,0.75,0.35,uniform,6e2e98b3534bda646e25f742a331d9cb
49,temporal_attention_like,0.0618208372480269,0.0999999999999999,0.0,0.0570925023488161,0.25,0.6,0.35,uniform,f166137fc9cf909092b9c3aedfbac790
50,temporal_attention_like,0.0618208372480269,0.1,0.0,0.0570925023488161,0.3,0.65,0.35,uniform,b74240afabb9720da22940b3a5ea7efc
51,temporal_attention_like,0.0618208372480269,0.1,0.0,0.0570925023488161,0.35,0.7,0.35,uniform,ca645c808a86576ad8de317ff470682d
52,temporal_attention_like,0.0618208372480269,0.1,0.0,0.0570925023488161,0.2,0.55,0.35,uniform,e3e60007ea91302993673a8ba7cebca3
53,temporal_attention_like,0.0618208372480269,0.0999999999999999,0.0,0.0570925023488161,0.0,0.55,0.55,uniform,9c837a7b1f3347bdb657528560979995
54,temporal_attention_like,0.0618208372480269,0.1,0.0,0.0570925023488161,0.5,1.0,0.5,uniform,aca46cfeb8e98fadfa0bdd7f1bb949a6
55,temporal_attention_like,0.0618208372480269,0.0999999999999999,0.0,0.0570925023488161,0.5,0.65,0.15,uniform,527c9dba8b0e797dd0a1cca2f7b9bc6e
56,temporal_attention_like,0.0618208372480269,0.0999999999999999,0.0,0.0570925023488161,0.45,0.95,0.4999999999999999,uniform,becfaf6182753b4197c3f2af328adcef
57,temporal_attention_like,0.0618208372480269,0.0999999999999999,0.0,0.0570925023488161,0.15,0.95,0.7999999999999999,uniform,4d96ac0666b7f4ed636e6f881eec5383
58,temporal_attention_like,0.0618208372480269,0.1,0.0,0.0570925023488161,0.35,0.85,0.5,uniform,af255d9abf2514bf49b3af6384bd6793
59,temporal_attention_like,0.0618208372480269,0.0999999999999999,0.0,0.0570925023488161,0.45,0.55,0.1,uniform,0a6b62bf4c8a9a5219c1b017f3317b62
60,temporal_attention_like,0.0618208372480269,0.0999999999999999,0.0,0.0570925023488161,0.0,0.75,0.75,uniform,2e8f5d9459e0dfac177cd4096181411a
61,temporal_attention_like,0.0618208372480269,0.1,0.0,0.0570925023488161,0.3,1.0,0.7,uniform,c8a7294b18c7f801f3aabadaa4c1c045
62,temporal_attention_like,0.0618208372480269,0.1,0.0,0.0570925023488161,0.25,0.95,0.7,uniform,d29b4a57f4d1146d2ad599813da1f0f1
63,temporal_attention_like,0.0618208372480269,0.0999999999999999,0.0,0.0570925023488161,0.25,0.8,0.55,uniform,4f0de94ee51ef22b454ed53cf1df34d3
64,temporal_attention_like,0.0618208372480269,0.0999999999999999,0.0,0.0570925023488161,0.15,0.85,0.7,uniform,54f04b3e1fbc57834a6d1f3737885c88
65,temporal_attention_like,0.0618208372480269,0.1,0.0,0.0570925023488161,0.05,0.75,0.7,uniform,d4850a07b5c0804b6c9648af7680763e
66,temporal_attention_like,0.0618208372480269,0.0999999999999999,0.0,0.0570925023488161,0.4,0.65,0.25,uniform,a6455d0e1d651795825cc79314ef3782
67,temporal_attention_like,0.0618208372480269,0.1,0.0,0.0570925023488161,0.35,0.6,0.25,uniform,236be5162a2b7e316627f98c17c5c76e
68,temporal_attention_like,0.0618208372480269,0.1,0.0,0.0570925023488161,0.5,0.7,0.1999999999999999,uniform,8d63e950da0201f38605de570d1465d4
69,temporal_attention_like,0.0618208372480269,0.0999999999999999,0.0,0.0570925023488161,0.45,0.65,0.2,uniform,50248025c185fcee5b81e1494b5598af
70,temporal_attention_like,0.0618208372480269,0.0999999999999999,0.0,0.0570925023488161,0.4,0.6,0.1999999999999999,uniform,a2181b901583bf6f604a5372a1a13ee8
71,temporal_attention_like,0.0618208372480269,0.0999999999999999,0.0,0.0570925023488161,0.1,0.7,0.6,uniform,d9f354021d9b3c9d366a6c1db717b855
72,temporal_attention_like,0.0618208372480269,0.0999999999999999,0.0,0.0570925023488161,0.15,0.8,0.65,uniform,5d1d35cff4d18c543da8035ce713f909
73,temporal_attention_like,0.0618208372480269,0.0999999999999999,0.0,0.0570925023488161,0.2,0.85,0.6499999999999999,uniform,e893750a94b3479366e025ed839d17cb
74,temporal_attention_like,0.0618208372480269,0.0999999999999999,0.0,0.0570925023488161,0.25,0.9,0.65,uniform,c30c8fe89b32f38d632feb568909a3c3
75,temporal_attention_like,0.0618208372480269,0.1,0.0,0.0570925023488161,0.3,0.95,0.6499999999999999,uniform,be97b550b4f41b3b06de7972c8c6c3e6
76,temporal_attention_like,0.0618208372480269,0.0999999999999999,0.0,0.0570925023488161,0.35,1.0,0.65,uniform,14086e448e33b78bafe86517019149d8
77,temporal_attention_like,0.0618208372480269,0.0999999999999999,0.0,0.0570925023488161,0.05,0.65,0.6,uniform,0230ce613d20b1cdc96cfd1647586c6d
78,temporal_attention_like,0.0618208372480269,0.0999999999999999,0.0,0.0570925023488161,0.45,0.75,0.3,uniform,4e8af54d0d19825c471bc2a2531a99ed
79,temporal_attention_like,0.0618208372480269,0.1,0.0,0.0570925023488161,0.2,0.9,0.7,uniform,00a9f4edf05b3d355a624d3e340a6bec
80,temporal_attention_like,0.0618208372480269,0.0999999999999999,0.0,0.0570925023488161,0.05,0.8,0.75,uniform,de77dd2d3d085d0021d2454a7e81610f
81,temporal_attention_like,0.0618208372480269,0.0999999999999999,0.0,0.0570925023488161,0.05,0.95,0.8999999999999999,uniform,fb50850984b477a40452ad9a17eb7657
82,temporal_attention_like,0.0618208372480269,0.0999999999999999,0.0,0.0570925023488161,0.0,0.9,0.9,uniform,876486de981d177b429e0b99e878262c
83,temporal_attention_like,0.0618208372480269,0.0999999999999999,0.0,0.0570925023488161,0.15,1.0,0.85,uniform,f16e7b1bbdf62a185c42e5d2fcb84b2c
84,temporal_attention_like,0.0618208372480269,0.1,0.0,0.0570925023488161,0.1,0.65,0.55,uniform,9477f998e3c6a008c32f215e32460a90
85,temporal_attention_like,0.0618208372480269,0.0999999999999999,0.0,0.0570925023488161,0.4,0.8,0.4,uniform,1bfc89220c97a99707b225ef3e9c4389
86,temporal_attention_like,0.0618208372480269,0.0999999999999999,0.0,0.0570925023488161,0.3,0.75,0.45,uniform,0d254c803eb74d70a84d814b43e67a33
87,temporal_attention_like,0.0618208372480269,0.0999999999999999,0.0,0.0570925023488161,0.35,0.75,0.4,uniform,d2c1c399f3d09583ff48d8ad6a125585
88,temporal_attention_like,0.0618208372480269,0.0999999999999999,0.0,0.0570925023488161,0.35,0.8,0.45,uniform,d0a1718bae6f727bf591527f51175261
89,temporal_attention_like,0.0618208372480269,0.0999999999999999,0.0,0.0570925023488161,0.45,0.8,0.35,uniform,34786181a5932192044cc7b6687fa9f8
90,temporal_attention_like,0.0618208372480269,0.1,0.0,0.0570925023488161,0.5,0.8,0.3,uniform,a20b906aecdf38bcc0fe0ef8358610eb
91,temporal_attention_like,0.0618208372480269,0.0999999999999999,0.0,0.0570925023488161,0.5,0.95,0.4499999999999999,uniform,447ff0a458e27e013a590da0efba0668
92,temporal_attention_like,0.0618208372480269,0.0999999999999999,0.0,0.0570925023488161,0.0,0.65,0.65,uniform,683fac9f16b6c308ebab2df933f9a730
93,temporal_attention_like,0.0618208372480269,0.1,0.0,0.0570925023488161,0.05,0.55,0.5,uniform,78123477a1caf9acedfc3264d3722719
94,temporal_attention_like,0.0618208372480269,0.0999999999999999,0.0,0.0570925023488161,0.1,0.85,0.75,uniform,803c0acf010afb0b2d2f72cff521dbf9
95,temporal_attention_like,0.0618208372480269,0.0999999999999999,0.0,0.0570925023488161,0.1,0.75,0.65,uniform,a09bf77672af8829bb568fc5de317610
96,temporal_attention_like,0.0618208372480269,0.0999999999999999,0.0,0.0570925023488161,0.2,0.95,0.75,uniform,bb849d0f42b69e4664c019066694db6b
97,temporal_attention_like,0.0618208372480269,0.0999999999999999,0.0,0.0570925023488161,0.25,1.0,0.75,uniform,9ec9a7f6f0b382753985f3eda29e2c61
98,temporal_attention_like,0.0618208372480269,0.0999999999999999,0.0,0.0570925023488161,0.0,0.8,0.8,uniform,9278a51a9eda72d2eaa5ef761cbfcfa3
99,temporal_attention_like,0.0618208372480269,0.0999999999999999,0.0,0.0570925023488161,0.15,0.65,0.5,uniform,e887b71b0d0e22d541aa921f3d9b2e6d
100,temporal_attention_like,0.0618208372480269,0.1,0.0,0.0570925023488161,0.1,0.6,0.5,uniform,ed7dc396734792b32657d72b5823b7a9
101,temporal_attention_like,0.0618208372480269,0.0999999999999999,0.0,0.0570925023488161,0.5,0.9,0.4,uniform,59f64cd0a2d198e74334741f85909e11
102,temporal_attention_like,0.0618208372480269,0.0999999999999999,0.0,0.0570925023488161,0.4,0.7,0.2999999999999999,uniform,d8d30285dc18ce84f18f8b4ced9035a6
103,temporal_attention_like,0.0618208372480269,0.0999999999999999,0.0,0.0570925023488161,0.45,0.9,0.45,uniform,a79c510bf7e06fd8eae82c00b89b739c
104,temporal_attention_like,0.0618208372480269,0.0999999999999999,0.0,0.0570925023488161,0.3,0.85,0.55,uniform,9d56c2a167b3dd2654b8c2f75624ee42
105,temporal_attention_like,0.0618208372480269,0.1,0.0,0.0570925023488161,0.35,0.9,0.55,uniform,c0702b4609a03120c72741e46f08ed6c
106,temporal_attention_like,0.0618208372480269,0.0999999999999999,0.0,0.0570925023488161,0.45,0.85,0.3999999999999999,uniform,f203a3b6bf9f801b9c05e8959b4891bc
107,temporal_attention_like,0.0618208372480269,0.0999999999999999,0.0,0.0570925023488161,0.4,0.95,0.5499999999999999,uniform,af3dfc6d412964118442bbd8a7f2cc7a
108,temporal_attention_like,0.0618208372480269,0.0999999999999999,0.0,0.0570925023488161,0.15,0.9,0.75,uniform,dc018e7068b7a400b59bd94b008dba0d
109,temporal_attention_like,0.0618208372480269,0.1,0.0,0.0570925023488161,0.25,0.85,0.6,uniform,b91952c5cf2c531e7bceaef58b8ba849
110,temporal_attention_like,0.0618208372480269,0.0999999999999999,0.0,0.0570925023488161,0.1,0.8,0.7000000000000001,uniform,2c2636a5180e5ac98089ac0345b36181
111,temporal_attention_like,0.0618208372480269,0.0999999999999999,0.0,0.0570925023488161,0.45,1.0,0.55,uniform,b71f006ff693c42bda59e471c86e2975
112,temporal_attention_like,0.0618208372480269,0.0999999999999999,0.0,0.0570925023488161,0.0,0.6,0.6,uniform,344fce8ad06741e276c53635c9dfa9aa
113,temporal_attention_like,0.0618208372480269,0.0999999999999999,0.0,0.0570925023488161,0.3,0.8,0.5,uniform,df8c7b984c954039105e4c589f962eaf
114,temporal_attention_like,0.0618208372480269,0.0999999999999999,0.0,0.0570925023488161,0.1,0.55,0.45,uniform,01b9dfa473319e8d9a5a0db0bb28cca5
115,temporal_attention_like,0.0618208372480269,0.0999999999999999,0.0,0.0570925023488161,0.15,0.75,0.6,uniform,51414bdff086d42f785e18f286087086
116,temporal_attention_like,0.0618208372480269,0.1,0.0,0.0570925023488161,0.2,0.8,0.6000000000000001,uniform,a4c2b407d835c279a2d7dcea4c9e2101
117,temporal_attention_like,0.0618208372480269,0.0999999999999999,0.0,0.0570925023488161,0.05,0.6,0.5499999999999999,uniform,1ad58b2a0b26e889401c42472d5c4afc
118,temporal_attention_like,0.0618208372480269,0.0999999999999999,0.0,0.0570925023488161,0.05,1.0,0.95,uniform,f47b899c17ae623f8daa73e6b9247be8
119,temporal_attention_like,0.0618208372480269,0.0999999999999999,0.0,0.0570925023488161,0.0,1.0,1.0,uniform,5ce1930d452229cafc57269c67cf886c
120,temporal_multi_window,0.0618208372480269,0.1,0.0,0.0570925023488161,0.5,0.6,0.0999999999999999,uniform,8cb308566ce417e24217e504581b0dae
121,temporal_multi_window,0.0618208372480269,0.1,0.0,0.0570925023488161,0.5,0.65,0.15,uniform,9c21ef54f8ecfc7ae1715319f3eec0f4
122,temporal_attention_like,0.0618208372480269,0.0999999999999999,0.0,0.0570925023488161,0.1,1.0,0.9,uniform,a067a83009fe54be24fc7f19e2fac77f
123,temporal_attention_like,0.0618208372480269,0.0999999999999999,0.0,0.0570925023488161,0.35,0.55,0.2,uniform,7cb96e785aa1f254acbad103c7e4153f
124,temporal_attention_like,0.0618208372480269,0.0999999999999999,0.0,0.0570925023488161,0.1,0.95,0.85,uniform,1355ff3984a9464f9226af91259e89b1
125,temporal_attention_like,0.0618208372480269,0.0999999999999999,0.0,0.0570925023488161,0.05,0.9,0.85,uniform,973716ffadc698c234cdc3e23ddd5bc5
126,temporal_attention_like,0.0618208372480269,0.0999999999999999,0.0,0.0570925023488161,0.2,1.0,0.8,uniform,b21e80cabcfac7d185bd6b1c64bd6168
127,temporal_attention_like,0.0618208372480269,0.0999999999999999,0.0,0.0570925023488161,0.0,0.7,0.7,uniform,ea79c9255896abe25f0bc6b64a3cf6b2
128,temporal_attention_like,0.0618208372480269,0.0999999999999999,0.0,0.0570925023488161,0.1,0.9,0.8,uniform,1491a47e279024a3bc47fe57b5619aa5
129,temporal_attention_like,0.0618208372480269,0.0999999999999999,0.0,0.0570925023488161,0.5,0.85,0.35,uniform,c94b3c5bf4680a5164a6a795b92a6376
130,temporal_attention_like,0.0618208372480269,0.0999999999999999,0.0,0.0570925023488161,0.05,0.85,0.7999999999999999,uniform,3a87befc41ad4d9a97d189c57f170142
131,temporal_attention_like,0.0618208372480269,0.1,0.0,0.0570925023488161,0.4,0.85,0.4499999999999999,uniform,3bf7332bbe815d720338a47db599eee6
132,temporal_attention_like,0.0618208372480269,0.0999999999999999,0.0,0.0570925023488161,0.25,0.55,0.3,uniform,6a8b0aa3f256e0a15d919ab5b86c1721
133,temporal_attention_like,0.0618208372480269,0.0999999999999999,0.0,0.0570925023488161,0.3,0.55,0.25,uniform,4293f26da68e8be00616396ca0fff716
134,temporal_attention_like,0.0618208372480269,0.0999999999999999,0.0,0.0570925023488161,0.45,0.6,0.1499999999999999,uniform,ffe2b7ee3fd2a5a3674ee650be6c6aff
135,temporal_attention_like,0.0618208372480269,0.0999999999999999,0.0,0.0570925023488161,0.4,0.55,0.15,uniform,54d8cc820d56be6b853a80c76007e724
136,temporal_attention_like,0.0618208372480269,0.0999999999999999,0.0,0.0570925023488161,0.45,0.7,0.2499999999999999,uniform,31c9504da4c1f60b9fceb585d9251e33
137,temporal_attention_like,0.0618208372480269,0.1,0.0,0.0570925023488161,0.5,0.75,0.25,uniform,4b0cbeda2044ce4742c08ccfd3482e35
138,temporal_attention_like,0.0618208372480269,0.1,0.0,0.0570925023488161,0.0,0.95,0.95,uniform,d46e3a8f60661cbb885c8765b6f02c9c
139,temporal_attention_like,0.0618208372480269,0.0999999999999999,0.0,0.0570925023488161,0.3,0.6,0.3,uniform,3dc7c5e61250140b17af3831fa283a9d
140,temporal_attention_like,0.0618208372480269,0.0999999999999999,0.0,0.0570925023488161,0.35,0.65,0.3,uniform,b927a399bd253a529c7b764b6235e593
141,temporal_attention_like,0.0618208372480269,0.0999999999999999,0.0,0.0570925023488161,0.5,0.6,0.0999999999999999,uniform,13a8bf332342bcf65c3d46d4396b62b1
142,temporal_attention_like,0.0618208372480269,0.0999999999999999,0.0,0.0570925023488161,0.2,0.75,0.55,uniform,0c6cec0c8327638d3222743de16633c6
143,temporal_attention_like,0.0618208372480269,0.0999999999999999,0.0,0.0570925023488161,0.2,0.7,0.4999999999999999,uniform,10ae812390eb71f382f360d7d0644875
144,temporal_attention_like,0.0618208372480269,0.0999999999999999,0.0,0.0570925023488161,0.25,0.75,0.5,uniform,0f28bf982b22fad931640691d3e06a50
145,temporal_attention_like,0.0618208372480269,0.1,0.0,0.0570925023488161,0.2,0.65,0.45,uniform,e4f2edc39b86239dad9c45a76192bf4e
146,temporal_attention_like,0.0618208372480269,0.0999999999999999,0.0,0.0570925023488161,0.25,0.7,0.4499999999999999,uniform,66a91eec0f6a84b28144d267965cbb80
147,temporal_attention_like,0.0618208372480269,0.0999999999999999,0.0,0.0570925023488161,0.4,0.9,0.5,uniform,d7fed8d1dd21cd0268cc78f825f2175a
148,temporal_attention_like,0.0618208372480269,0.1,0.0,0.0570925023488161,0.15,0.6,0.4499999999999999,uniform,1ee0f0a6bdb51e3e448fcc16658ed834
149,temporal_attention_like,0.0618208372480269,0.0999999999999999,0.0,0.0570925023488161,0.3,0.7,0.3999999999999999,uniform,a84de1ab62e6b9f199489aad4464eb41
150,temporal_attention_like,0.0618208372480269,0.0999999999999999,0.0,0.0570925023488161,0.15,0.55,0.4,uniform,3dbf7e91e3efcca8ded8c2d50cead938
151,temporal_attention_like,0.0618208372480269,0.0999999999999999,0.0,0.0570925023488161,0.05,0.7,0.6499999999999999,uniform,30a6cbd46309e62aec75a7788ddfb82b
152,temporal_attention_like,0.0618208372480269,0.0999999999999999,0.0,0.0570925023488161,0.15,0.7,0.5499999999999999,uniform,1f22e70d462dea07daa4c952e312175c
153,temporal_attention_like,0.0618208372480269,0.0999999999999999,0.0,0.0570925023488161,0.4,1.0,0.6,uniform,ffb43c80a799a0f58c320c72310dcd38
154,temporal_attention_like,0.0618208372480269,0.0999999999999999,0.0,0.0570925023488161,0.35,0.95,0.6,uniform,50ad144e0b890d90ccd9cd073de530c7
155,temporal_attention_like,0.0618208372480269,0.1,0.0,0.0570925023488161,0.3,0.9,0.6000000000000001,uniform,4debac97339b3d64dab358791dba2008
156,temporal_attention_like,0.0618208372480269,0.0999999999999999,0.0,0.0570925023488161,0.2,0.6,0.3999999999999999,uniform,98f946b71ff3417bb1f0c391aca8dce4
157,temporal_attention_like,0.0618208372480269,0.0999999999999999,0.0,0.0570925023488161,0.25,0.65,0.4,uniform,651517848adc452d006988e85d2c355e
158,temporal_attention_like,0.0618208372480269,0.0999999999999999,0.0,0.0570925023488161,0.0,0.85,0.85,uniform,986ed4c275c588a5b1fea99102ab9814
159,temporal_window,0.0618195633534175,0.0799084704117707,0.0,0.0530734320944046,0.6,0.9,0.3,uniform,8023ce19769c41a170e956935e8b6b9f
160,temporal_window,0.0616354194742328,0.1145002722000363,12.685416046500928,2.5969645154247325,0.25,0.9,0.65,uniform,1dba04fad60fccf25bff17c5303f5442
161,temporal_multi_window,0.0614744079307673,0.0284377885687757,0.0,0.0425722024722155,0.5,0.85,0.35,uniform,574a169d983bbf2106e823f05110c977
162,temporal_multi_window,0.0613969411805434,0.1004337342538273,0.0,0.0569249115590915,0.45,0.8,0.35,uniform,10b6080a18da3352fa6ad8bdc1ad3096
163,temporal_window,0.061369142449546,0.1053432550803933,126.82292602279718,25.42247534104524,0.05,0.6,0.5499999999999999,uniform,dcd990a6105bba86a7ce34c4eddba5fa
164,temporal_window,0.0611938646394902,0.0728679591913342,0.0,0.0512899106219609,0.05,0.2,0.15,uniform,37473d5908be20a597dcb44eb0987a45
165,temporal_window,0.0611016369640529,0.1101466037049314,19.934554505653637,4.045601204050145,0.1,0.75,0.65,uniform,c3a1203da0fbbfbf07bb48e05feaf4cf
166,temporal_window,0.0609310658619832,0.1156028706695283,11.926205993488756,2.4449204123488477,0.15,0.95,0.7999999999999999,uniform,adcde7ab94b39b316bf0af76b908cb24
167,temporal_multi_window,0.0605781874353437,0.0611932022324612,0.0,0.0485855529076984,0.0,0.6,0.6,uniform,88812b85240e5476157e2ebc5f44b551
168,temporal_window,0.0601471306538082,0.1166397089522815,10.898543290657486,2.239124878314238,0.05,0.8,0.75,uniform,42f88a27c0e639626d2a74a6d29d22c4
169,temporal_window,0.0600686193531856,0.1191647532598795,8.504603527919889,1.7607948278478651,0.05,0.9,0.85,uniform,52dcd2d20214ea9656731b7f3694036c
170,temporal_multi_window,0.0597732094320785,0.099978651443432,0.0,0.0558596559479335,0.35,0.85,0.5,uniform,5d915fca8a2002bf06f361eaf3b483b3
171,temporal_window,0.059634744133532,0.1057724997638601,59.14194706590348,11.885324759613589,0.2,0.75,0.55,uniform,79451f9a3f2d174ee4bf0d140dccb81a
172,temporal_window,0.0593061531908737,0.0450319800956703,0.0,0.0445900879336583,0.8,0.95,0.1499999999999999,uniform,12fb9c2dfb5b300effa2732a4c777551
173,temporal_window,0.059274481991939,0.1038193757007464,35.1252657415854,7.0813817126523935,0.1,0.7,0.6,uniform,6c067a710e5169fa2674d60f0e4c16b9
174,temporal_window,0.0588463215788362,0.1152503955852824,23.428089844681782,4.743975841000716,0.05,0.75,0.7,uniform,30f3574eb3ec2c5eb6b8162afc3b6e35
175,temporal_multi_window,0.058717209243865,0.0,0.0,0.035230325546319,0.1,0.45,0.35,uniform,aaa564976317cfefa85a5ecf72fc560c
176,temporal_window,0.0586927192034152,0.0308803971588934,0.0,0.0413917109538278,0.05,0.25,0.2,uniform,b953732776372d1d8943ec2628292650
177,temporal_window,0.0585383273001413,0.1122059271896549,18.352868772497928,3.7281379363176015,0.05,0.7,0.6499999999999999,uniform,4b6dd1472b67ede466c20406f02307b5
178,temporal_window,0.0584769458339837,0.1010865043844696,325.1067893113896,65.07666133065521,0.45,0.9,0.45,uniform,b84852c0bddcda81bb40da16905ce26f
179,temporal_window,0.0582796771395971,0.1149141087161512,10.91274530570243,2.2404996891674744,0.15,0.9,0.75,uniform,5d467b4e2ccd9d2d631a5ac163ab1d3b
180,temporal_window,0.0582090902933752,0.1096503992131291,11.557442079491471,2.3683439499169454,0.05,0.85,0.7999999999999999,uniform,2e07f8307c095e64dbf19aa66bdcec1f
181,temporal_window,0.0575449007393627,0.1027342791213402,0.0,0.0550737962678857,0.2,0.55,0.35,uniform,e9e4ec9e60323a6c216b664d703e9f42
182,temporal_window,0.0575163144480292,0.1055305059467536,44.101105442922815,8.875836978442733,0.15,0.75,0.6,uniform,84040f59f611b1f5e27b33c05b1b6bf9
183,temporal_multi_window,0.0570051734760967,0.0,0.0,0.034203104085658,0.05,0.4,0.35,uniform,721fc543e3c4a8c4537ad7c1eb5c704b
184,temporal_multi_window,0.0570051734760967,0.0,0.0,0.034203104085658,0.6,0.95,0.35,uniform,525105b4ddc26652db402b0e6430e686
185,temporal_window,0.0569689346151032,0.102200417436905,51.65915219931196,10.386451884118836,0.4,1.0,0.6,uniform,93dce02a2d1d5650b77f9c282607d043
186,temporal_window,0.0566486325959803,0.1098537709149202,311.9210926954242,62.440178472825416,0.0,0.55,0.55,uniform,c037a5be7c0fd34774e8c3cd72e423c2
187,temporal_window,0.0565108036175461,0.1006603529377494,0.0,0.0540385527580775,0.3,0.7,0.3999999999999999,uniform,a8bb5f1b7c19be14239147b8413b21d4
188,temporal_window,0.0564904047501343,0.0397886775507389,0.0,0.0418519783602283,0.0,0.35,0.35,uniform,c39e12df00cf7799fb57845a772fd119
189,temporal_multi_window,0.0555522743463994,0.0550875135247676,0.0,0.0443488673127932,0.0,0.35,0.35,uniform,de5be706604e19bc5de936ebd7191d1f
190,temporal_multi_window,0.0555522743463994,0.0550875135247676,0.0,0.0443488673127932,0.65,1.0,0.35,uniform,a565ae105f4bda397cc84ece16d71cb5
191,temporal_window,0.0554488990051376,0.0236909581875566,0.0,0.0380075310405939,0.55,0.95,0.3999999999999999,uniform,754b3db13fa9e6c526e7f54f8b2d4be8
192,temporal_window,0.0547418753399609,0.1092762130027699,73.4471189074601,14.74412414929655,0.35,0.9,0.55,uniform,bf3f8cd1a42fa93c07fd055435a6fa0b
193,temporal_window,0.0547189649250997,0.0640149310959921,0.0,0.0456343651742582,0.6,0.95,0.35,uniform,1e459fa8ba716fdac7abf5b40c8e5d4e
194,temporal_multi_window,0.0546857679941318,0.0,0.0,0.0328114607964791,0.3,0.45,0.15,uniform,2334b317a57fea7d084e0f9b7323cbe0
195,temporal_multi_window,0.0546857679941318,0.0,0.0,0.0328114607964791,0.55,0.7,0.1499999999999999,uniform,2783c06c50924e1ea03d7e70b360cb1f
196,temporal_window,0.0537316511150048,0.1036331230051068,56.811432378406366,11.415252090951295,0.5,0.9,0.4,uniform,fe9e62aafed95a282eea3bf668822f92
197,temporal_multi_window,0.0533260216361384,0.1025792911165706,0.0,0.0525114712049971,0.25,0.8,0.55,uniform,be2c5e6b17bb15eb679c1ca9451867b6
198,temporal_multi_window,0.051134166846277,0.0672069084583078,0.0,0.0441218817994278,0.5,0.75,0.25,uniform,808668a09ce17dd41d72fc69c3030806
199,temporal_multi_window,0.0508926894355477,0.035859228201816,0.0,0.0377074593016918,0.25,0.5,0.25,uniform,8685afe5588ffafdede680afbea97084
200,temporal_multi_window,0.0506620933118778,0.0329942994679892,0.0,0.0369961158807245,0.25,0.6,0.35,uniform,1ad12116b054c2aa241716ae20935c48
201,temporal_window,0.0505322527560385,0.0863401663325911,0.0,0.0475873849201413,0.6,1.0,0.4,uniform,d7d8984c7f479c3c6e05e87c8c3d575a
202,temporal_window,0.0504721767914883,0.1063807222588826,0.0,0.0515594505266695,0.25,0.65,0.4,uniform,052f517beaa1158181c559020959b8a0
203,temporal_multi_window,0.0503346769596707,0.0646065979812553,0.0,0.0431221257720535,0.3,0.55,0.25,uniform,746b09213a648bf815a4882aaf73b623
204,temporal_multi_window,0.0500201106942795,0.0,0.0,0.0300120664165677,0.0,0.2,0.2,uniform,01436618ef4314b31faee86f730ab523
205,temporal_multi_window,0.0500201106942795,0.0,0.0,0.0300120664165677,0.8,1.0,0.1999999999999999,uniform,4c9dadf0090a1b50709067e2b5ed0ed5
206,temporal_multi_window,0.0495799276188984,0.0,0.0,0.029747956571339,0.25,0.55,0.3,uniform,f0c058ff3ff81e29bb91ba59317feea8
207,temporal_window,0.0494330780852307,0.063686556920538,0.0,0.042397158235246,0.15,0.25,0.1,uniform,3ff7aa2e0498581a31432e21506bd446
208,temporal_window,0.0490648523102386,0.1024650504211913,31.937185819518284,6.437369085374039,0.2,0.8,0.6000000000000001,uniform,e74e9c553c4a80314dda26449219877c
209,temporal_window,0.0483704805906804,0.1011527403249282,0.0,0.0492528364193939,0.5,0.7,0.1999999999999999,uniform,55c8f13f491c453ee5650be96bf1ed86
210,temporal_weighted_window,0.0479361736231727,0.0,0.0,0.0287617041739036,0.4,0.5,0.0999999999999999,gaussian,6be9b035b73fd9f0d9d2dc52871ea1b8
211,temporal_window,0.04765956131451,0.0507848602978218,0.0,0.0387527088482704,0.05,0.4,0.35,uniform,253abd9b12c9b5b51cb3a8e78a6bffaf
212,temporal_window,0.0475811097122945,0.0999671401767517,831.8837816609904,166.4252984260608,0.1,0.55,0.45,uniform,9c48698f727bbf37679dd8e181d8cb4b
213,temporal_multi_window,0.0472146208360892,0.1026188556949375,0.0,0.048852543640641,0.2,1.0,0.8,uniform,e8d494fdcd1cd89a149a97e605a16c99
214,temporal_window,0.0471274858689069,0.0974596141064907,0.0,0.0477684143426423,0.2,0.4,0.2,uniform,1053a211613027f3d1cd45a7a6d497bf
215,temporal_window,0.0471069768656189,0.1239970075036054,8.867820538279426,1.826627695275978,0.05,0.95,0.8999999999999999,uniform,be32aaa7fa1bde699c568a188d3aeeb6
216,temporal_window,0.0470269350990785,0.1118654969567404,13.570468259454891,2.7646829123417738,0.1,0.85,0.75,uniform,e08cfbf44b7d89d2daa95af283e230da
217,temporal_window,0.0469852961769556,0.1154338692750741,11.277569760619272,2.306791903685043,0.2,1.0,0.8,uniform,c1fa955a466b92d3351df4950dfb5e73
218,temporal_window,0.0464416114257158,0.1079511800595356,24.482915358654463,4.94603827459823,0.15,0.8,0.65,uniform,6dd9360b92d8c5df744a1de40f67328b
219,temporal_window,0.0463505735337246,0.1015011171228685,0.0,0.0481105675448084,0.5,0.65,0.15,uniform,7d8172527b2db444db260db736a721ff
220,temporal_window,0.0461140762340619,0.1034155200602908,182.35581037502223,36.51951362475695,0.3,0.85,0.55,uniform,47e413d9629b9cdd23a234c495038350
221,temporal_window,0.0459724009411979,0.0,0.0,0.0275834405647187,0.6,0.75,0.15,uniform,21748588df76bdb0e7910f872a15c1f7
222,temporal_weighted_window,0.0457542524049839,0.0999999999243823,0.0,0.0474525514278668,0.1,0.95,0.85,cosine,6f921bcaeb364967b57682141a27da96
223,temporal_multi_window,0.0456941420071897,0.0358805483061714,0.0,0.0345925948655481,0.0,0.55,0.55,uniform,f8ebc3c6c29cac698fedcb947599eaba
224,temporal_window,0.0456496435555619,0.1089586866540574,21.76480507625125,4.402142538714399,0.3,0.95,0.6499999999999999,uniform,2da211035956d37b4f90d9bf168f4a15
225,temporal_multi_window,0.0450869728844852,0.1011848535150719,0.0,0.0472891544337055,0.35,0.95,0.6,uniform,f46a5783d268bf240889a0df1820283a
226,temporal_multi_window,0.0449797921561018,0.1021065383564162,0.0,0.0474091829649443,0.35,0.9,0.55,uniform,4434cd9eff6b30d7181ffc24d60fa156
227,temporal_window,0.0448692902108818,0.0,0.0,0.0269215741265291,0.55,0.7,0.1499999999999999,uniform,634b5929be4c7d6891b293d18a25b49a
228,temporal_window,0.0446258619369687,0.1036405378423778,107.73401424585882,21.59430647390242,0.15,0.7,0.5499999999999999,uniform,0db15a85e11fa5f4074bff75710546a7
229,temporal_window,0.0444749580432704,0.1073002646175891,75.15569294735666,15.079283617220812,0.45,1.0,0.55,uniform,748444dbcc0a29fc6a507a2d02ea80bc
230,temporal_weighted_window,0.0443468672845487,1.3078501137489418e-13,0.0,0.0266081203707554,0.05,0.25,0.2,triangular,bca03d4102634343cd40431ba64d4890
231,temporal_weighted_window,0.0443468672845487,1.222565862297735e-13,0.0,0.0266081203707537,0.05,0.25,0.2,cosine,e314b02dfc64c1c0cbb7d071784198fa
232,temporal_weighted_window,0.0443468672845487,6.423415589017015e-13,0.0,0.0266081203708577,0.05,0.25,0.2,gaussian,0752eea7b6ed81c7116efd815420a29e
233,temporal_multi_window,0.04420806728868,0.0997829276832326,0.0,0.0464814259098545,0.3,0.8,0.5,uniform,47a7b869d18ba639f98718d176d6d4b7
234,temporal_multi_window,0.0441914382012556,0.1010560765577107,0.0,0.0467260782322955,0.1,0.7,0.6,uniform,ca17a605e08b303255367806353bc8e2
235,temporal_window,0.0441785251743002,0.1222714762408634,7.026156963134255,1.456192802979604,0.1,0.95,0.85,uniform,cb04835d9536a4ef0ec3a4f6ecaef6ed
236,temporal_multi_window,0.0438793362882845,0.0887117055577672,0.0,0.0440699428845241,0.35,0.6,0.25,uniform,f2e3dcf1d44639adf32e3242beb6231a
237,temporal_multi_window,0.0437914634686941,0.1022587785388038,0.0,0.0467266337889772,0.15,1.0,0.85,uniform,11660ed8eaa5ddaffc12331b30d2da8e
238,temporal_window,0.0437216558001011,0.1005303650874231,0.0,0.0463390664975453,0.35,0.75,0.4,uniform,dc93ddea1f46942e6ae398c5ac2ca1eb
239,temporal_weighted_window,0.043662723930374,0.0,0.0,0.0261976343582244,0.65,0.75,0.0999999999999999,gaussian,1b38b9769f3b1115e27e560c5a14b77a
240,temporal_window,0.043269123038647,0.1009908928466923,0.0,0.0461596523925266,0.4,0.55,0.15,uniform,ed9f52dbe22c3ad62c1566c04265dd4a
241,temporal_weighted_window,0.0432668545904604,0.0473246154911619,0.0,0.0354250358525086,0.15,0.25,0.1,gaussian,8157776f132bb2799fa5ac5b7ca4df44
242,temporal_multi_window,0.04298843615521,0.048484024952768,0.0,0.0354898666836796,0.2,0.55,0.35,uniform,d9a1d88b7adf68e4ef25f7eb1a98a43d
243,temporal_window,0.0428225043059827,0.1025002546817466,0.0,0.0461935535199389,0.4,0.75,0.35,uniform,fc02d853991da65d5dbc108be692660c
244,temporal_multi_window,0.0426921165870922,0.0,0.0,0.0256152699522553,0.1,0.3,0.1999999999999999,uniform,3b668cf832ca5a20a0debb0801331405
245,temporal_weighted_window,0.0426526326782429,0.0999999992321341,0.0,0.0455915794533725,0.4,0.95,0.5499999999999999,cosine,e55093e88d21664a9e05cf886ed174c5
246,temporal_window,0.0425371898392355,0.1239059129421016,7.351900796309676,1.520683655753897,0.1,1.0,0.9,uniform,c3a2ee654edc488e18e7caf1b25ed0fb
247,temporal_weighted_window,0.042412266231009,0.0999912212327332,0.0,0.045445603985152,0.5,0.6,0.0999999999999999,gaussian,76278201389f9a4f2692c6321a974d5c
248,temporal_weighted_window,0.0422438989496217,0.0,0.0,0.025346339369773,0.05,0.15,0.0999999999999999,gaussian,2f012311fd0c318e6062ff39f14bb119
249,temporal_weighted_window,0.0422438989496217,0.0,0.0,0.025346339369773,0.05,0.15,0.0999999999999999,triangular,363d6db6058284275cb72051bb4fded4
250,temporal_weighted_window,0.0422438989496217,0.0,0.0,0.025346339369773,0.85,0.95,0.0999999999999999,gaussian,80ee76669bf4194437c438ea38ac7567
251,temporal_window,0.0422438989496217,0.0,0.0,0.025346339369773,0.05,0.15,0.0999999999999999,uniform,147e5e16dc5989235f614c18fe159e9d
252,temporal_weighted_window,0.0422438989496217,0.0,0.0,0.025346339369773,0.05,0.15,0.0999999999999999,cosine,067a720ea2eb628fb2c133edaec6834f
253,temporal_window,0.0422438989496217,0.0,0.0,0.025346339369773,0.85,0.95,0.0999999999999999,uniform,a7c5993010a9fc9d0a131bd0b83edb07
254,temporal_weighted_window,0.0422438989496217,0.0,0.0,0.025346339369773,0.85,0.95,0.0999999999999999,triangular,95d33e2ba87fff6990179fa2d74a931b
255,temporal_weighted_window,0.0422438989496217,0.0,0.0,0.025346339369773,0.85,0.95,0.0999999999999999,cosine,05e1bed8b32af7a8cbf1fa479a145869
256,temporal_multi_window,0.042112048660503,0.101255816002306,0.0,0.045518392396763,0.05,0.95,0.8999999999999999,uniform,3036ea71ffa5dcebff16668dd43d7349
257,temporal_multi_window,0.0418151930110151,0.0,0.0,0.0250891158066091,0.35,0.55,0.2,uniform,f9491eddadcbd61eef4ea1da2894f919
258,temporal_weighted_window,0.0415857453678219,0.0999999999797491,0.0,0.0449514472166429,0.05,0.95,0.8999999999999999,triangular,a5042f88a9fd4c833c4b868d9a2b07f1
259,temporal_window,0.0414139821051972,0.1196350596212165,8.984511579064431,1.845677717000248,0.05,1.0,0.95,uniform,3e05371c2e73256717001037d099d671
260,temporal_window,0.0409111460940911,0.124468345782882,8.00235210722267,1.649910778257565,0.1,0.9,0.8,uniform,687a408235f41895dae43555e601aa95
261,temporal_multi_window,0.0407142477508719,0.1028746262083305,0.0,0.0450034738921892,0.15,0.75,0.6,uniform,00faccf2101717f9d33bcc4728a8d232
262,temporal_multi_window,0.0398995284635703,0.1040678971232857,0.0,0.0447532965027993,0.15,0.85,0.7,uniform,d3cae235d60855b41ec52dc5b3988b2d
263,temporal_window,0.0397901630056079,0.0267315712766329,0.0,0.0292204120586913,0.05,0.45,0.4,uniform,0f928265f0345d429f0612d44e024f4a
264,temporal_multi_window,0.0394621641349492,0.0517996354056728,0.0,0.0340372255621041,0.55,0.8,0.25,uniform,efb81a38752003013a1457f84ba33ed5
265,temporal_multi_window,0.0391994931831725,0.1013010360408094,0.0,0.0437799031180654,0.0,0.85,0.85,uniform,890a02be0cb987644a0fc9bd414d7877
266,temporal_window,0.0390969914101514,0.113275165854472,10.206403728196529,2.087393973656291,0.2,0.95,0.75,uniform,130a9912fcbb87bb16f24616b51a5fa9
267,temporal_weighted_window,0.0390621053640367,0.0999999999014885,0.0,0.0434372631987197,0.05,0.85,0.7999999999999999,cosine,0b92025b90da8a17083c92ac6d5842e8
268,temporal_weighted_window,0.0389930544039851,0.0,0.0,0.023395832642391,0.6,0.75,0.15,gaussian,6c663a56f9254ae3309628e1b2387422
269,temporal_weighted_window,0.0383282129586956,0.0999999997642577,0.0,0.0429969277280689,0.3,0.9,0.6000000000000001,gaussian,4d3fcb249a73bb4506f6318af99429c4
270,temporal_weighted_window,0.0382330480108245,0.0999999998997265,0.0,0.04293982878644,0.3,0.95,0.6499999999999999,cosine,951757de8e25c1dedd3b10e70076340f
271,temporal_weighted_window,0.0381278534955568,5.030819895992812e-13,0.0,0.0228767120974347,0.15,0.25,0.1,triangular,b832dcaff06722277ce49c0da93b0417
272,temporal_weighted_window,0.0381278534955568,4.917206185379521e-13,0.0,0.0228767120974324,0.15,0.25,0.1,cosine,ea7d5c93f3e35c8a1c67ea08d4834fd4
273,temporal_weighted_window,0.0380663093784309,0.0999999999071041,0.0,0.0428397856084793,0.15,0.95,0.7999999999999999,cosine,2a3e85422cb81051a2c77cf32ec5debb
274,temporal_weighted_window,0.0379241711751228,0.0999999999980013,0.0,0.0427545027046739,0.05,0.9,0.85,gaussian,0f4149c4cd78901f206d243381654d46
275,temporal_window,0.0379065277829487,0.1213189127282238,7.787637250730902,1.6045351493615945,0.0,0.8,0.8,uniform,a944ea759c716b4c9ab0de0fc396cb1b
276,temporal_weighted_window,0.037874336563355,0.0999999996885791,0.0,0.0427246018757288,0.05,0.7,0.6499999999999999,cosine,601fbc44b2662f9f0e84f8933038f877
277,temporal_weighted_window,0.0378443606744478,0.0999999979696367,0.0,0.042706615998596,0.05,0.7,0.6499999999999999,gaussian,37d9935b3bf88bc54c1b568de14f9c9e
278,temporal_weighted_window,0.0377405605643231,0.0999999999290669,0.0,0.0426443363244072,0.3,0.95,0.6499999999999999,triangular,a12b36223c0b7bfe4c1e32898f343991
279,temporal_window,0.03750818536722,0.0,0.0,0.022504911220332,0.65,0.9,0.25,uniform,0cd79eb23cd9cc27c7c7a4b3e620c635
280,temporal_window,0.0372106365524787,0.0,0.0,0.0223263819314872,0.65,0.8,0.15,uniform,5354119f8eccb08a0090dd5ad136ad0a
281,temporal_multi_window,0.0371739755090118,0.1018234314718121,0.0,0.0426690715997695,0.2,0.8,0.6000000000000001,uniform,70303e7c6ffcd2a0cfa8ff2789073fb9
282,temporal_weighted_window,0.037109629493269,0.0,0.0,0.0222657776959614,0.2,0.3,0.0999999999999999,gaussian,955c6e98918d91d845ac76cf71a74d37
283,temporal_weighted_window,0.0370590721648672,0.0,0.0,0.0222354432989203,0.1,0.25,0.15,triangular,348474ab6d429279807b41f8bb269df7
284,temporal_weighted_window,0.0370590721648672,0.0,0.0,0.0222354432989203,0.1,0.25,0.15,cosine,49e25d25c08e12f5d4fb9b1236b4ad35
285,temporal_window,0.0369633423462164,0.1082904092984623,53.753432797701045,10.794522646807632,0.1,0.65,0.55,uniform,6bc485d0f9b4f7c8d903b5a147f50145
286,temporal_window,0.0368056247161351,0.1013621140420371,74.54655020863791,14.95166583936567,0.3,0.8,0.5,uniform,8325d807b9897f4de13ff2118af11d69
287,temporal_window,0.0365410855879792,0.1034764517729625,46.110303064417,9.264680554590782,0.4,0.95,0.5499999999999999,uniform,beb36722e1252466c8ae2fbf88b3e881
288,temporal_window,0.0365344480296751,0.1126598754581371,15.142421093540548,3.072936862617542,0.0,0.75,0.75,uniform,8f0221802b8a093986e7b776c5a7d8a2
289,temporal_multi_window,0.0364938393754021,0.0864434061640695,0.0,0.0391849848580551,0.2,0.45,0.25,uniform,15f10120c2a3525b1422650d8c468f88
290,temporal_weighted_window,0.0360982069441512,0.0999999998433287,0.0,0.0416589241351564,0.05,0.85,0.7999999999999999,triangular,08088d8369057443b7f45e8c865b0161
291,temporal_weighted_window,0.0358680554536152,0.0999999999887352,0.0,0.0415208332699161,0.05,0.95,0.8999999999999999,gaussian,ea189e38a487aacb9ced4d4fd4a640bd
292,temporal_window,0.0356723856104337,0.1121767859423986,12.65242700874069,2.5743241903028777,0.25,1.0,0.75,uniform,474c99cd681ea8838c8b7e22e09f0a88
293,temporal_weighted_window,0.0356694256776958,0.099999999855316,0.0,0.0414016553776806,0.15,0.9,0.75,triangular,e9c8eeeadf8ebe106b1a801713f457b7
294,temporal_weighted_window,0.0356115796051652,5.343484173246824e-13,0.0,0.021366947763206,0.05,0.2,0.15,gaussian,d02410c43a4da342a3f86bba036f65c1
295,temporal_weighted_window,0.0356107556552599,0.0999999998066352,0.0,0.041366453354483,0.1,0.85,0.75,triangular,8637e5d978feb302e782e41cdab07684
296,temporal_weighted_window,0.035350823712617,0.0999999997693343,0.0,0.0412104941814371,0.05,0.75,0.7,cosine,06fec1bb95de8d690f1b25926ee4921e
297,temporal_weighted_window,0.0352033767588953,0.0999999999567351,0.0,0.0411220260466842,0.05,0.95,0.8999999999999999,cosine,a6629796c17496d09be3257152faae6b
298,temporal_weighted_window,0.0350010512269257,0.0999999999397852,0.0,0.0410006307241125,0.1,0.95,0.85,triangular,15e14822b57a0111ca580e34d1bace89
299,temporal_window,0.0347998224097119,0.1015028602317073,0.0,0.0411804654921686,0.2,0.6,0.3999999999999999,uniform,b507cd7246dd8ef07816e2518edb461c
300,temporal_window,0.0346986165166899,0.1017976789995095,0.0,0.0411787057099159,0.35,0.7,0.35,uniform,63ed14822ce00a72b8d506c630d98aa5
301,temporal_window,0.0346823326392765,0.0,0.0,0.0208093995835659,0.1,0.3,0.1999999999999999,uniform,623f7bd37317992d3f5dacd7964b0bf7
302,temporal_window,0.0346534012779277,0.1140002880207369,11.922877511563025,2.428167600683509,0.3,1.0,0.7,uniform,af7089e78f65d93e00409c5a333d3657
303,temporal_window,0.0346489026660532,0.100926520621512,0.0,0.0409746457239343,0.25,0.6,0.35,uniform,ff7761e41b8a3ae01e236bcc718309ff
304,temporal_weighted_window,0.0345876965036569,0.0999999997675626,0.0,0.0407526178557067,0.05,0.7,0.6499999999999999,triangular,06801f72e32df1873482f8b19b2fe164
305,temporal_weighted_window,0.0344164324454591,0.0999999999829029,0.0,0.040649859463856,0.05,0.9,0.85,triangular,e61494ff4de9cd38f30ed0e60eb7999e
306,temporal_weighted_window,0.0343878557162571,0.0999999999518584,0.0,0.0406327134201259,0.1,0.9,0.8,gaussian,820003c738713f70a3af74d056d20469
307,temporal_window,0.0343791810955496,0.1117877940285196,15.86712801037846,3.216410669538726,0.1,0.8,0.7000000000000001,uniform,71c8953d0907d3fb3c7e1a3192dd0b2b
308,temporal_weighted_window,0.0342370812924173,0.0999999999566806,0.0,0.0405422487667865,0.1,0.95,0.85,gaussian,54c9c1e3710e0c134a41f0d274305f59
309,temporal_weighted_window,0.0340144158651274,0.0999999996934737,0.0,0.0404086494577712,0.1,0.7,0.6,triangular,06157a7e3f3d95743658442c189496bd
310,temporal_weighted_window,0.033829783006427,2.558121844014658e-13,0.0,0.0202978698039073,0.8,0.95,0.1499999999999999,triangular,ba5153002ade76d2fcd2e825c34676d7
311,temporal_weighted_window,0.033829783006427,2.472941848275469e-13,0.0,0.0202978698039056,0.8,0.95,0.1499999999999999,cosine,f91f9d348b78675bc31b5ea3d743e0d5
312,temporal_weighted_window,0.0337660473910532,0.0999999999241202,0.0,0.0402596284194559,0.35,0.95,0.6,cosine,93d0a7323003e833f63f124bd105904e
313,temporal_window,0.033431012308667,0.1035524112959016,65.61008076874788,13.162785243393955,0.45,0.95,0.4999999999999999,uniform,4ba0622666ae5cf78d0ce89489cda84d
314,temporal_weighted_window,0.0334023867549337,0.0999999998779545,0.0,0.0400414320285511,0.15,0.95,0.7999999999999999,triangular,1f68f0e8e889bb77e9fc0f3a487555fb
315,temporal_weighted_window,0.0334003957270654,0.0999999997863967,0.0,0.0400402373935186,0.3,1.0,0.7,triangular,cea3b8a9e9d05d40ad5d7e3065ed31a5
316,temporal_multi_window,0.0332086268471318,0.0630791169905663,0.0,0.0325409995063923,0.05,0.65,0.6,uniform,cd74c7040a964516fcdcfa4cc7398433
317,temporal_window,0.0331779737199935,0.0887929716452703,0.0,0.0376653785610502,0.15,0.3,0.15,uniform,fa04811e24b79b03b788050182b89c73
318,temporal_weighted_window,0.033127114748311,0.0999999998917165,0.0,0.0398762688273299,0.0,0.95,0.95,gaussian,75db2d41f7858408b1aa0644088bc5c7
319,temporal_multi_window,0.033109004837014,0.1011330315924825,0.0,0.0400920092207049,0.2,0.9,0.7,uniform,6b104d173a99dea638ac11d1a8646b56
320,temporal_window,0.0329211948938151,0.1093436942562747,19.90360505892357,4.022342467572259,0.35,1.0,0.65,uniform,c6217fb02feca25b0ef3582bec84d90c
321,temporal_weighted_window,0.0328714986077124,0.0999999998639763,0.0,0.0397228991374227,0.3,0.9,0.6000000000000001,cosine,46d843ea659157c486a807b41a5dd491
322,temporal_window,0.0328351797798166,0.110039402489841,170.76701052312612,34.19511109299108,0.25,0.8,0.55,uniform,b09a078d0d7f117692640b13fb511aa0
323,temporal_weighted_window,0.0328324404652674,2.558325523319867e-13,0.0,0.0196994642792116,0.05,0.2,0.15,triangular,2134cc4d35906d7b35d5c4e168d6932c
324,temporal_weighted_window,0.0328324404652674,2.387825654075411e-13,0.0,0.0196994642792082,0.05,0.2,0.15,cosine,07820eba7bb57071ddb6a64516742913
325,temporal_weighted_window,0.0327658702670707,0.0999999994932223,0.0,0.0396595220588869,0.2,0.75,0.55,gaussian,0135e81148a2c48a9234b1f9405d81b1
326,temporal_weighted_window,0.0327370694204007,0.0999999994901883,0.0,0.0396422415502781,0.1,0.75,0.65,gaussian,bc3ddaf3fb7ee144c45215e1a7948a64
327,temporal_weighted_window,0.0327270333192421,0.0999999997408917,0.0,0.0396362199397236,0.3,0.95,0.6499999999999999,gaussian,a7b34bb017d02a5cbc99bf28a69340f2
328,temporal_weighted_window,0.0326785589472148,0.0999999998352625,0.0,0.0396071353353814,0.2,0.95,0.75,gaussian,b76ac706aacb545326e8b7a77ba9dfb5
329,temporal_window,0.032650625001214,0.0584241219815695,0.0,0.0312751993970423,0.2,0.5,0.3,uniform,955f051ff9feda24f7048b9615ea3222
330,temporal_weighted_window,0.0326036390355636,0.0999999997241964,0.0,0.0395621833661774,0.1,0.7,0.6,cosine,c59b44a9fa2f57c9677c3d62d0528662
331,temporal_multi_window,0.0325243758216007,0.0993580287356991,0.0,0.0393862312401002,0.25,1.0,0.75,uniform,c8a12079614b30fc83b69e56d2581789
332,temporal_weighted_window,0.0324288064532312,0.0999999998985152,0.0,0.0394572838516418,0.15,0.95,0.7999999999999999,gaussian,dff39b0a53023861fb3580ee554369d7
333,temporal_window,0.0323952922148826,0.0999908565797551,0.0,0.0394353466448805,0.45,0.55,0.1,uniform,381c259eb3b3d02ce5a81dce41fc813c
334,temporal_weighted_window,0.0323642911193817,0.0999999997882418,0.0,0.0394185746292774,0.05,0.8,0.75,gaussian,a6b3699a34910fe015072d12ba8fe184
335,temporal_weighted_window,0.0323411507219472,0.0999999997818043,0.0,0.0394046903895292,0.1,0.75,0.65,cosine,5b65004d38634799aa818378208dc1d0
336,temporal_multi_window,0.0321990816814054,0.0255977949958166,0.0,0.0244390080080066,0.0,0.65,0.65,uniform,23de97b454425ff94efde31b3a38af2d
337,temporal_weighted_window,0.0321374373736963,0.0999999997165255,0.0,0.0392824623675229,0.05,0.75,0.7,triangular,6ac100d172fd27098bb453e27fe69b81
338,temporal_window,0.0321184698110614,0.115204279165131,12.004188211685811,2.4431495800568257,0.25,0.95,0.7,uniform,54e97edf7f509d64812a3cbc2fca49e6
339,temporal_weighted_window,0.0320223580470639,0.0999999811988336,0.0,0.0392134110680051,0.4,0.95,0.5499999999999999,gaussian,fd986754a0bb76024542a9d8929589cf
340,temporal_weighted_window,0.0319844405068966,0.0999999993433453,0.0,0.039190664172807,0.4,0.9,0.5,triangular,0e2cfabfcfa0070886e781e43104c72c
341,temporal_weighted_window,0.0319541382411171,0.0999999998471535,0.0,0.039172482914101,0.2,0.9,0.7,cosine,db052f65b4fc1a95f3d201c2831982e6
342,temporal_weighted_window,0.0318281351763504,0.0999999993997168,0.0,0.0390968809857536,0.05,0.75,0.7,gaussian,d48a7380b620816687d3848bc24eeb1e
343,temporal_weighted_window,0.0314736250262791,0.0999999998476056,0.0,0.0388841749852886,0.3,0.9,0.6000000000000001,triangular,49c4d0514df0f4838125c2fdc896605d
344,temporal_weighted_window,0.0312561383292792,0.0999985930100143,0.0,0.0387534015995704,0.05,0.6,0.5499999999999999,gaussian,d9b7760bed7807f52b93b3c1810a5315
345,temporal_multi_window,0.0311229167587798,0.1010744869225731,0.0,0.0388886474397825,0.25,0.85,0.6,uniform,9df0b40a86494b8846d7d5c788361988
346,temporal_weighted_window,0.0306308544206081,0.0999999997805725,0.0,0.0383785126084794,0.15,0.75,0.6,triangular,5df43a9921586353b386e388538ffed0
347,temporal_weighted_window,0.030630125780548,5.229738575140726e-13,0.0,0.0183780754684334,0.8,0.95,0.1499999999999999,gaussian,8472cbb67efd753d45b9cb80faa85792
348,temporal_weighted_window,0.0305588878119677,0.0999999999626595,0.0,0.0383353326797125,0.0,0.9,0.9,triangular,c7358629699d066c5eccba12514259e1
349,temporal_weighted_window,0.0305106885263948,0.0999999999074167,0.0,0.0383064130973202,0.05,1.0,0.95,gaussian,ceddc7cb8ee80a9145ad6536aeed5c6c
350,temporal_weighted_window,0.0304860425632292,0.0,0.0,0.0182916255379375,0.2,0.35,0.1499999999999999,gaussian,b89223ff7576b018e94dfcf784dc0269
351,temporal_window,0.030482918000468,0.1104890454426174,11.377081628901736,2.315803885669152,0.15,0.85,0.7,uniform,dd1f05530ff6084c536c35fac0e1a93a
352,temporal_weighted_window,0.0304789373278026,0.099999999924056,0.0,0.0382873623814927,0.35,0.95,0.6,triangular,8509553da61a3c812092b188685be5c3
353,temporal_weighted_window,0.030458548500506,0.0999999998233173,0.0,0.0382751290649671,0.0,0.8,0.8,triangular,5472bc7cf73d01666893d4e48c329128
354,temporal_weighted_window,0.030388224473808,0.0999999998555526,0.0,0.0382329346553953,0.05,0.9,0.85,cosine,02d30d9e1178ef87561f61ee54292dcb
355,temporal_weighted_window,0.0301968405742335,0.0999999998968915,0.0,0.0381181043239184,0.05,0.85,0.7999999999999999,gaussian,8060c1b9e2ad95e90b206ba63838d0fe
356,temporal_weighted_window,0.0300986678930023,0.0999999996693726,0.0,0.0380592006696759,0.15,0.75,0.6,gaussian,fd37c4e6dbc6d513915d944481314f2e
357,temporal_weighted_window,0.0299461186068687,0.0999999995358479,0.0,0.0379676710712908,0.15,0.7,0.5499999999999999,triangular,f123330e9c03e5b44b7a37dd74d20f22
358,temporal_window,0.0299358661526577,0.0235094222394184,0.0,0.0226634041394783,0.05,0.5,0.45,uniform,7b1d0d5e4251fdca0f3aa009c4094f1a
359,temporal_weighted_window,0.0298692614146909,0.099999999812787,0.0,0.037921556811372,0.2,0.85,0.6499999999999999,cosine,9007271c31ae9def6e9234e9eb9309f2
360,temporal_weighted_window,0.0296033733309555,0.0999999999135412,0.0,0.0377620239812815,0.1,0.9,0.8,triangular,6b52b45205a42f6fb9dbc8cdec8387a3
361,temporal_weighted_window,0.0295792554338628,0.099999998725322,0.0,0.0377475530053821,0.2,0.7,0.4999999999999999,gaussian,b04dbb9c69dfd75b5124ca34ae8cc367
362,temporal_weighted_window,0.0295389024888015,0.0999999999543828,0.0,0.0377233414841575,0.1,0.9,0.8,cosine,dee86b0e116c84655744ff69b348e964
363,temporal_weighted_window,0.0294457322508643,0.0999999998080327,0.0,0.0376674393121251,0.0,0.85,0.85,gaussian,226781f36fea1c935af6a51b9da9ab14
364,temporal_window,0.0294438459020072,0.0434662603507269,0.0,0.0263595596113497,0.65,1.0,0.35,uniform,cce02048ef322c82c88d47bf5ee74c6c
365,temporal_weighted_window,0.0294280097673312,0.0999999998832609,0.0,0.0376568058370509,0.15,0.9,0.75,gaussian,59e327ccb890b0f1e5cb3ca7396704bb
366,temporal_multi_window,0.0293829248726247,0.1045014349197378,0.0,0.0385300419075224,0.1,0.65,0.55,uniform,613fdf37da7e787c34fdb4763a5e16d1
367,temporal_weighted_window,0.0292524071867394,0.099999999947786,0.0,0.0375514443016008,0.05,0.8,0.75,triangular,74f683fd42a5379401686a1adf79d45b
368,temporal_window,0.0292386737093402,0.1041728919641484,754.9413123906813,151.0266402607547,0.25,0.75,0.5,uniform,3486f61226e538be94b066d6d68cf003
369,temporal_multi_window,0.0291398475121552,0.0,0.0,0.0174839085072931,0.3,0.5,0.2,uniform,66a214068e59805923d91d232ac57e88
370,temporal_weighted_window,0.0290150256053624,0.0999999998340845,0.0,0.0374090153300343,0.1,0.85,0.75,gaussian,6fdb8c406141081af7d89bc77e642ee4
371,temporal_weighted_window,0.029013307154834,0.09999999615311,0.0,0.0374079835235224,0.05,0.6,0.5499999999999999,cosine,10370227a557cf73e08e80a42ebb07d3
372,temporal_weighted_window,0.0290091993139999,0.0999999890533614,0.0,0.0374055173990722,0.5,1.0,0.5,cosine,cc40ffad3eedc5ad24d2ceb80abadd3d
373,temporal_weighted_window,0.0289076836461479,0.0999999998533261,0.0,0.037344610158354,0.2,0.95,0.75,triangular,85ec401269d7a672e256adafacaa1d35
374,temporal_weighted_window,0.0288973770854721,0.0999999999260682,0.0,0.0373384262364969,0.25,0.95,0.7,triangular,d08f6065963ac466b48630163014548f
375,temporal_weighted_window,0.0288527971481659,0.0999999998855581,0.0,0.0373116782660111,0.15,1.0,0.85,triangular,b9eec2792ebf030664ba85a6b8fb1f23
376,temporal_weighted_window,0.0288460393870141,0.0999999933394537,0.0,0.0373076223000992,0.5,0.9,0.4,cosine,99a5dfffaad9147b1e33128b27e42809
377,temporal_window,0.0288406952509084,0.0,0.0,0.017304417150545,0.55,0.8,0.25,uniform,f60d6f1a58197c2842824761f35cf0c8
378,temporal_weighted_window,0.0287216122431393,0.0999999984049916,0.0,0.0372329670268819,0.5,0.95,0.4499999999999999,triangular,86a793e036d881a6ea4f254c42c37e99
379,temporal_weighted_window,0.0286455697028435,0.0999999981515338,0.0,0.0371873414520129,0.1,0.7,0.6,gaussian,1633e23b1465e42ae25aea3f7b3afb1b
380,temporal_weighted_window,0.0286323650320134,0.0999999987060364,0.0,0.0371794187604153,0.05,0.6,0.5499999999999999,triangular,6932b6de6cf27ca4eda0575461afe30c
381,temporal_weighted_window,0.02855621403944,0.0999999998881962,0.0,0.0371337284013032,0.05,0.8,0.75,cosine,9fd97aaaa34c1ea9ca8e38c77cb89f74
382,temporal_weighted_window,0.02849391297743,0.0999999999403982,0.0,0.0370963477745376,0.1,1.0,0.9,gaussian,fd0b5d02f7180a4f8e901b9d3c836cbf
383,temporal_weighted_window,0.0284205754385857,0.0999999997353246,0.0,0.0370523452102163,0.2,0.7,0.4999999999999999,triangular,739973b3b8573ffaeb9fcf620ba20e34
384,temporal_weighted_window,0.0283183261320646,0.0999999998403761,0.0,0.036990995647314,0.1,0.85,0.75,cosine,6acbc0917324c16cce2912eb021e6157
385,temporal_weighted_window,0.0279888310507799,0.0999999993535371,0.0,0.0367932985011753,0.35,0.95,0.6,gaussian,292b19130c95629d87c726f7f5d1f2b6
386,temporal_weighted_window,0.0279726952694493,0.09999999978686,0.0,0.0367836171190416,0.1,0.75,0.65,triangular,5033484b41bfdb42021b966f7c8a934d
387,temporal_window,0.0279525450458832,0.0658896813296487,0.0,0.0299494632934596,0.65,0.95,0.2999999999999999,uniform,01c36c1af40fb1292ba04cad5f34952f
388,temporal_weighted_window,0.0279043771834386,0.0999999818149705,0.0,0.0367426226730572,0.1,0.65,0.55,gaussian,e4948200254565ee82902711ca35b084
389,temporal_window,0.0278365965532099,0.0824722396653196,0.0,0.0331964058649899,0.7,0.85,0.15,uniform,629f3a8b8edaeb648ed565910b056b73
390,temporal_window,0.0278207736090495,0.1030153648477057,62.47909465695096,12.533114468525165,0.1,0.6,0.5,uniform,b4b5ad894efd25ab223fb3c13ea18421
391,temporal_weighted_window,0.0277871143559391,0.1000000000044335,0.0,0.0366722686144501,0.05,1.0,0.95,triangular,2a724b6a5c30ae0c462438716234fa8b
392,temporal_weighted_window,0.0277572201587527,0.099999999871632,0.0,0.036654332069578,0.1,0.8,0.7000000000000001,gaussian,670d8954c38d972e68475cb037627016
393,temporal_weighted_window,0.0274857585425645,0.0999999998398693,0.0,0.0364914550935126,0.35,0.9,0.55,triangular,3af0ec7cc3c6883196d16239cba850ab
394,temporal_weighted_window,0.0274772132251896,0.0999999998922695,0.0,0.0364863279135676,0.1,0.8,0.7000000000000001,triangular,dd518130688f432b1e8dea22e6093364
395,temporal_weighted_window,0.027472867528579,0.099999999816025,0.0,0.0364837204803524,0.3,0.8,0.5,cosine,ea8871df6f97aad71d82881502d62917
396,temporal_weighted_window,0.0274152817093019,0.0999999998495859,0.0,0.0364491689954983,0.1,0.8,0.7000000000000001,cosine,bc8ba38b992bb94d20670e92d2fdd77b
397,temporal_weighted_window,0.0273616565848984,0.0999999999086747,0.0,0.036416993932674,0.1,1.0,0.9,cosine,4eee0e8b4eaf0ddd7bffe7d66b2b3455
398,temporal_weighted_window,0.0271442336001063,0.0999999998880944,0.0,0.0362865401376826,0.15,0.9,0.75,cosine,f38d5a9e1128d436a5e8538a29de3a30
399,temporal_weighted_window,0.0271184373920325,4.86848995126539e-12,0.0,0.0162710624361932,0.5,0.95,0.4499999999999999,gaussian,0c0323efe3471ecedd90b7d45359fcbb
400,temporal_weighted_window,0.0270927068722615,0.099999999839494,0.0,0.0362556240912557,0.2,1.0,0.8,cosine,dd1b5ab6cef91e17a059adc19440a504
401,temporal_weighted_window,0.0270922520416389,0.0999999961025663,0.0,0.0362553504454966,0.1,0.6,0.5,cosine,22c49252239abb7722d6cd88a0f357e1
402,temporal_weighted_window,0.0269516437331867,0.0999999998947358,0.0,0.0361709862188592,0.25,0.95,0.7,gaussian,ad894137b2d0ef6d84c284007bd4a468
403,temporal_weighted_window,0.0268859157379259,0.0999999928501547,0.0,0.0361315480127865,0.5,0.95,0.4499999999999999,cosine,af939c7dc3190fd890f04cf12b234905
404,temporal_weighted_window,0.0268451708915538,0.099999999762368,0.0,0.0361071024874059,0.3,0.85,0.55,cosine,c3c1eb2002a745ed9554393cb6dc0829
405,temporal_weighted_window,0.0268102820789939,0.0999999993334245,0.0,0.0360861691140812,0.4,0.95,0.5499999999999999,triangular,a46f8a1e742e9cd00b5e876215493d55
406,temporal_window,0.0267949592929353,0.0056284111796126,0.0,0.0172026578116837,0.0,0.2,0.2,uniform,cf2950f708d06ab6bd6b0ee9bf404853
407,temporal_weighted_window,0.0266963021450463,0.0999999998751107,0.0,0.0360177812620499,0.2,0.95,0.75,cosine,cfa025db480fa3a9c5282ebb7099e879
408,temporal_weighted_window,0.0265839888869054,0.0999999998467892,0.0,0.0359503933015011,0.35,0.9,0.55,cosine,1b07cca594c66a709abbf072bd032af8
409,temporal_weighted_window,0.0265109941909294,0.0999999998601174,0.0,0.0359065964865811,0.2,0.9,0.7,gaussian,8bb447515f513e4ffda52510ba0c25a8
410,temporal_multi_window,0.0264937778725265,0.0,0.0,0.0158962667235159,0.05,0.2,0.15,uniform,254b8232f0cbe0ebaade5acda0081b5a
411,temporal_multi_window,0.0264937778725265,0.0,0.0,0.0158962667235159,0.8,0.95,0.1499999999999999,uniform,7a3b53e1dfed4760c375962eb9a3b617
412,temporal_window,0.0259339592092793,0.0365400642657969,0.0,0.022868388378727,0.55,0.75,0.1999999999999999,uniform,697a8767c5ad6db46a1e36b299d946e9
413,temporal_weighted_window,0.0258832974311215,0.0999999995226179,0.0,0.0355299783631965,0.45,0.95,0.4999999999999999,cosine,7b882e151995b446d2be918f3bef1282
414,temporal_weighted_window,0.0258387281808823,0.099999999964888,0.0,0.035503236901507,0.0,0.95,0.95,triangular,9ac2fb3acdee79b14b5860232dd10b2c
415,temporal_weighted_window,0.025823250471946,0.0999996078534797,0.0,0.0354938718538635,0.45,0.95,0.4999999999999999,gaussian,f6b9edf8c695567eddf12def01b61cba
416,temporal_multi_window,0.0257869340124493,0.1025945979679028,0.0,0.0359910800010501,0.05,0.75,0.7,uniform,f630cf392f6630ba7f06da60319ce661
417,temporal_window,0.0257802223538,0.1053505037848871,80.1657514946232,16.069688533093895,0.05,0.55,0.5,uniform,953c9a3b899760a5635faafdcce2e26b
418,temporal_window,0.025776693932944,0.1116706037940926,28.690143274998118,5.775828792118208,0.0,0.65,0.65,uniform,b30edc12343c748867d53e34b14632f8
419,temporal_window,0.0257237233775644,0.0,0.0,0.0154342340265386,0.8,0.9,0.0999999999999999,uniform,631b8fff4a5a81bab7ed0672a3caeb2a
420,temporal_weighted_window,0.0257237233775644,0.0,0.0,0.0154342340265386,0.8,0.9,0.0999999999999999,gaussian,60a130c405f68e924823126877b193af
421,temporal_weighted_window,0.0257237233775644,0.0,0.0,0.0154342340265386,0.8,0.9,0.0999999999999999,triangular,194c6c84ea24c76a08215cd79dc5fad3
422,temporal_weighted_window,0.0257237233775644,0.0,0.0,0.0154342340265386,0.8,0.9,0.0999999999999999,cosine,5ca3460515e49e7cf3c665b614b37c24
423,temporal_weighted_window,0.0256298288228347,0.0999999997696887,0.0,0.0353778972476386,0.3,0.75,0.45,cosine,465c7f99da7714b83b9c6d9582845051
424,temporal_weighted_window,0.0255921017196461,0.0999999995199122,0.0,0.0353552609357701,0.15,0.7,0.5499999999999999,cosine,f084a572743dee3e99dfd85589ce11f4
425,temporal_weighted_window,0.0255708325596267,0.0999999996967322,0.0,0.0353424994751224,0.05,0.65,0.6,cosine,6fd974b371131a893e0075515ee6736e
426,temporal_weighted_window,0.0255033136279576,0.0999999998569035,0.0,0.0353019881481552,0.0,0.9,0.9,cosine,d00cf947d923d282e924d6f0c3028800
427,temporal_weighted_window,0.0254650054556852,0.0999999999406768,0.0,0.0352790032615465,0.05,1.0,0.95,cosine,29fe495f40e82752a25b503e867888ce
428,temporal_weighted_window,0.025440738418271,0.0999999980622573,0.0,0.035264442663414,0.5,0.9,0.4,triangular,221ebcf3e603496c89787d290f8c0984
429,temporal_window,0.0254097080327647,0.111313863112307,11.928076263351713,2.4231238501124626,0.2,0.9,0.7,uniform,822e159e5c4eeef0b32c43d34803362a
430,temporal_weighted_window,0.0253868862108926,6.83514147468728e-14,0.0,0.0152321317265492,0.55,0.95,0.3999999999999999,gaussian,c10c8d48d60c75268a31743930620ece
431,temporal_weighted_window,0.0253558947405708,0.0999999973179819,0.0,0.0352135363079389,0.15,0.7,0.5499999999999999,gaussian,fe41b1b4acded92a0b1d243c9e7ec3dc
432,temporal_weighted_window,0.0252805283478453,0.0999999998358623,0.0,0.0351683169758796,0.2,0.85,0.6499999999999999,gaussian,031a8ab81c90f88ce6ca9bbbe8f3fd7b
433,temporal_weighted_window,0.0252750644196253,0.0999999996430449,0.0,0.0351650385803842,0.3,0.7,0.3999999999999999,triangular,e4d03dbc35d15dcc5a23874a19ac3345
434,temporal_weighted_window,0.0252491495524468,0.0,0.0,0.015149489731468,0.7,0.8,0.1,gaussian,9108adacd46e56317275817d7b96f3a9
435,temporal_weighted_window,0.0252072874235452,2.5856219232405695e-14,0.0,0.0151243724541323,0.55,0.95,0.3999999999999999,triangular,cf64b08c9201ad885eb43e11ea1cfde4
436,temporal_weighted_window,0.0251941906757972,0.0,0.0,0.0151165144054783,0.65,0.8,0.15,gaussian,4b2b6b35166068574ff9824e7e6c0486
437,temporal_weighted_window,0.0251013569315449,0.0999999998261565,0.0,0.0350608141241582,0.2,0.9,0.7,triangular,e458960766b81a8441872a0afd3e26bd
438,temporal_weighted_window,0.025024487822892,0.0999999992861465,0.0,0.0350146925509645,0.4,0.9,0.5,cosine,33febde545c973ec26c3bddfbff610ae
439,temporal_multi_window,0.0249972234215958,0.1010822691975095,0.0,0.0352147878924593,0.25,0.9,0.65,uniform,4d6c054489d9aff7181e9ef965592a1e
440,temporal_weighted_window,0.0247940183387803,0.0999999901313345,0.0,0.034876409029535,0.05,0.65,0.6,gaussian,d5ef1aeba11b685ee7a52a56b4316020
441,temporal_window,0.0246443619785539,0.0,0.0,0.0147866171871323,0.4,0.5,0.0999999999999999,uniform,9c0f62c0cc72665a6fa0dab04adaeb22
442,temporal_weighted_window,0.0246443619785539,0.0,0.0,0.0147866171871323,0.4,0.5,0.0999999999999999,triangular,760c95cd036921f01afa32252f4a586c
443,temporal_weighted_window,0.0246443619785539,0.0,0.0,0.0147866171871323,0.4,0.5,0.0999999999999999,cosine,4f7e812230d1f16c96d3e2dead95c231
444,temporal_window,0.0246287913937973,0.0,0.0,0.0147772748362783,0.1,0.2,0.1,uniform,ca9509342459b45eea2ae42a83ae8cff
445,temporal_weighted_window,0.0246287913937973,0.0,0.0,0.0147772748362783,0.1,0.2,0.1,gaussian,8d5b83c53644f0d9094486608dd5cb66
446,temporal_weighted_window,0.0246287913937973,0.0,0.0,0.0147772748362783,0.1,0.2,0.1,triangular,be5a2f07f12026c595a6b125daf42ade
447,temporal_weighted_window,0.0246287913937973,0.0,0.0,0.0147772748362783,0.1,0.2,0.1,cosine,8b6d0760768b84c3cd2db947ee483bbf
448,temporal_weighted_window,0.0245905474330879,0.0999999999574645,0.0,0.0347543284513456,0.0,0.95,0.95,cosine,41f1f07baf7e504eb1598fa182ab8b18
449,temporal_weighted_window,0.0244199778647194,0.0999999999479846,0.0,0.0346519867084286,0.25,0.9,0.65,triangular,5d03eddb0be8429617ae348614623103
450,temporal_multi_window,0.0243214228109145,0.1010366209129874,0.0,0.0348001778691462,0.2,0.85,0.6499999999999999,uniform,6f442e399aa81eddb0d4ce525872a87e
451,temporal_weighted_window,0.0242913515243223,0.0999999998496932,0.0,0.034574810884532,0.15,1.0,0.85,gaussian,5f30a972c1f9f1f0db6925016ba21b79
452,temporal_window,0.0242859797143773,0.031826799591092,0.0,0.0209369477468448,0.75,1.0,0.25,uniform,62474b3197627603c561a7a96327a50e
453,temporal_weighted_window,0.0242174254466752,0.0,0.0,0.0145304552680051,0.55,0.9,0.35,cosine,ef49eff2616a47a2ecd7919f72437e52
454,temporal_weighted_window,0.0241500906051862,0.0999999998299328,0.0,0.0344900543290983,0.3,0.8,0.5,gaussian,192eff62cedaeaf010b97bca2feeaec8
455,temporal_weighted_window,0.0240167035001039,0.0999999996910234,0.0,0.034410022038267,0.2,0.75,0.55,cosine,88481ccf2691c726c158a6a0b5175ede
456,temporal_window,0.0239212416644168,0.1011665060374086,0.0,0.0345860462061318,0.45,0.6,0.1499999999999999,uniform,54b0a7099dd0628797fbd1b64b4354f5
457,temporal_weighted_window,0.0238725191278455,8.258581746497553e-13,0.0,0.0143235114768724,0.5,0.9,0.4,gaussian,00e38328cc877b764ae7877e64544bea
458,temporal_window,0.0237399057060216,0.1023381108135201,223.4146925532094,44.7176500762282,0.2,0.7,0.4999999999999999,uniform,7ab8bee2c6d08d088251284456f7b8af
459,temporal_weighted_window,0.0237146044361796,0.0999999973702836,0.0,0.0342287621357645,0.0,0.7,0.7,gaussian,6772773462bb15d882c1e845fb450140
460,temporal_weighted_window,0.0234078030591173,0.0999999997648587,0.0,0.0340446817884421,0.3,0.75,0.45,triangular,791fcfafa7a48fff850e37c1fe437333
461,temporal_window,0.0233603230303916,0.090805656777395,0.0,0.032177325173714,0.15,0.35,0.1999999999999999,uniform,6d64abc47cc3a37844d2bab3baab5e01
462,temporal_weighted_window,0.0233523184729604,0.0999999998072937,0.0,0.034011391045235,0.15,0.75,0.6,cosine,2c393ac7d88cc91df235a982d548fcbe
463,temporal_weighted_window,0.023324998562749,0.0999999996688078,0.0,0.033994999071411,0.2,0.7,0.4999999999999999,cosine,5b554f10834676d3611a7ed2a9aeb2f8
464,temporal_weighted_window,0.0233126401457506,0.0999999996083179,0.0,0.0339875840091139,0.1,0.65,0.55,cosine,5f79ac009230a4e14a4ad620857dc38d
465,temporal_weighted_window,0.023311585225371,0.0999999997806594,0.0,0.0339869510913545,0.3,1.0,0.7,cosine,3d8c533df156d73d689185f1066b8109
466,temporal_weighted_window,0.0232723423691024,0.0999999998765979,0.0,0.033963405396781,0.15,1.0,0.85,cosine,b35609492830c0807d165db5dd737bc4
467,temporal_weighted_window,0.0232684473497892,0.0999999995760545,0.0,0.0339610683250844,0.0,0.7,0.7,cosine,2037f773262ce325fad1072b06885eb9
468,temporal_window,0.0232198181481135,0.12297053945013,7.791966067324406,1.5969192122437754,0.0,0.9,0.9,uniform,4751b6f0ccf888a336d8eace83c2de2f
469,temporal_weighted_window,0.0231699956022082,0.0999965445202727,0.0,0.0339013062653795,0.1,0.6,0.5,gaussian,cf78e15566c9c3a6be72ade68e944c00
470,temporal_weighted_window,0.0231318412727423,0.0999999996667904,0.0,0.0338791046970034,0.3,0.85,0.55,gaussian,c2fdb6938fdb3f93b4d57a6ecf828ba5
471,temporal_weighted_window,0.0231017967527373,0.0999999998192193,0.0,0.0338610780154863,0.2,0.85,0.6499999999999999,triangular,e4e6973d347758732ffb609c72886966
472,temporal_weighted_window,0.0230640123335189,0.0999999992668382,0.0,0.033838407253479,0.35,0.9,0.55,gaussian,a02bce3e36e051c72e27f3887dfbf890
473,temporal_weighted_window,0.0228786168830557,0.0999999999178452,0.0,0.0337271701134025,0.25,0.95,0.7,cosine,0d50c8c55182c8ea6348b9a036ae50d0
474,temporal_weighted_window,0.0228597646154855,0.0999999828530393,0.0,0.0337158553398992,0.4,0.9,0.5,gaussian,caa9046b308fbe689c27f059e5a4aaed
475,temporal_weighted_window,0.02276663245207,0.0999999997759981,0.0,0.0336599794264416,0.15,0.85,0.7,triangular,cd060db9ecaaf0b52d6f362159916493
476,temporal_weighted_window,0.0225868419721687,0.0999999994621265,0.0,0.0335521050757265,0.3,0.7,0.3999999999999999,gaussian,3c24959a0b449833409a48dace831100
477,temporal_weighted_window,0.0221074825216342,0.0999999996786677,0.0,0.033264489448714,0.3,0.7,0.3999999999999999,cosine,5a4d9b9cb0e5fe07a869e62e0223d6ea
478,temporal_weighted_window,0.0219793753235583,0.0999999993899581,0.0,0.0331876250721266,0.0,0.75,0.75,gaussian,9fcde9aa2f91dc68e46c615c6eb8c008
479,uniform_full,0.021955502858386,0.1171132224078905,8.143858700451052,1.66536768628682,0.0,1.0,1.0,uniform,a1c6cc1a6cb3aa72b340d80e5c31e086
480,temporal_window,0.021955502858386,0.1171132224078905,8.143858700451052,1.66536768628682,0.0,1.0,1.0,uniform,dec79148bc37e4a233520852ff76eb46
481,temporal_weighted_window,0.0217858071161059,0.0999999997423566,0.0,0.0330714842181349,0.15,0.8,0.65,gaussian,cf92ae4babca718486955e563a38034a
482,temporal_weighted_window,0.0217028854601274,0.0048560245872371,0.0,0.0139929361935238,0.75,0.9,0.15,gaussian,dd967e940a5475b7ae99086ed46d5597
483,temporal_weighted_window,0.0216980220143011,0.0999999998203365,0.0,0.0330188131726479,0.3,0.8,0.5,triangular,fabc0a55f0d1135600870a4c19b7bf6f
484,temporal_weighted_window,0.021518825184118,0.0999999997726034,0.0,0.0329112950649915,0.1,0.65,0.55,triangular,adaafcc0d6f2e44104b01d70786c5c2f
485,temporal_window,0.0214161055203299,0.1043196153214961,0.0,0.0337135863764971,0.3,0.65,0.35,uniform,634c163aad37e291cba94588b7813976
486,temporal_weighted_window,0.0212477235695608,0.0082094056590883,0.0,0.0143905152735541,0.25,0.4,0.15,gaussian,a8940869f0e365bffb6c8c407a575b4e
487,temporal_weighted_window,0.0212296249568176,0.0999999985759022,0.0,0.032737774689271,0.1,0.6,0.5,triangular,53bd82d64ea238d837307e9cadcede2f
488,temporal_weighted_window,0.0210389765534583,0.0999999995036087,0.0,0.0326233858327967,0.15,0.65,0.5,cosine,e7b5c37ec18cbb96722d5662568c59e8
489,temporal_weighted_window,0.0210381610720312,0.0999999996652146,0.0,0.0326228965762616,0.05,0.65,0.6,triangular,34a2b458819e79fdbcb59070cb221c0b
490,temporal_weighted_window,0.0210348527619994,0.0999999979114169,0.0,0.032620911239483,0.5,1.0,0.5,triangular,9e145aeb9a6d347a5613b87ad0455b35
491,temporal_weighted_window,0.0210143606423842,0.0999999999181138,0.0,0.0326086163690533,0.25,0.9,0.65,gaussian,094551478295944f4bf4bd3e983b7481
492,temporal_weighted_window,0.0209614431606286,0.0999999997699743,0.0,0.032576865850372,0.3,0.75,0.45,gaussian,50370ab72ad57ec02615dbb68709f140
493,temporal_multi_window,0.0209406425022491,0.101502718949601,0.0,0.0328649292912696,0.3,0.95,0.6499999999999999,uniform,fa8299c5fbad5bd814d3c486bdd74439
494,temporal_multi_window,0.0209346813210049,0.1046104661566736,0.0,0.0334829020239376,0.05,0.85,0.7999999999999999,uniform,36c3ba78aa044dbae86d9d1ac3bb0127
495,temporal_weighted_window,0.0207663552798367,0.0999999997493793,0.0,0.0324598131177779,0.15,0.85,0.7,cosine,7bb6d954d3eb65d7e1e9efc838a45646
496,temporal_weighted_window,0.0207203912342556,0.0999999996721913,0.0,0.0324322346749916,0.0,0.7,0.7,triangular,578a640ec15d3e491febece4d585bd0b
497,temporal_weighted_window,0.0206299806370348,0.0999999997891966,0.0,0.0323779883400602,0.15,0.8,0.65,triangular,55d528f62f25a6b6c7b5a3abba6da2a4
498,temporal_window,0.0206153133804132,0.1325922575323591,9.396050493792046,1.918097738293129,0.0,0.95,0.95,uniform,01502bd4df469a8d9323f57610b7b06a
499,temporal_weighted_window,0.0205437778340402,0.0999999999491073,0.0,0.0323262666902456,0.0,1.0,1.0,gaussian,dd510ecd39b86872d3ea7f58dda16fbc
500,temporal_weighted_window,0.0203965075644292,0.0999999998023069,0.0,0.0322379044991189,0.35,1.0,0.65,cosine,c1389c71dc61c1301fe6aa16b486c3a1
501,temporal_multi_window,0.0203724188378381,0.1007919955888245,0.0,0.0323818504204678,0.15,0.8,0.65,uniform,04cf83e663ae0247eb2b47c4209a45ff
502,temporal_weighted_window,0.0203421075320078,3.0848722790319066e-14,0.0,0.0122052645192108,0.05,0.45,0.4,cosine,f90e85afd4b1850f0cb9670993c0f9c5
503,temporal_multi_window,0.0201602716909807,0.0,0.0,0.0120961630145884,0.2,0.5,0.3,uniform,b6b82824a22c3060bc69370104a8aeb2
504,temporal_weighted_window,0.0201090942772458,3.1499339558434405e-14,0.0,0.0120654565663538,0.55,0.95,0.3999999999999999,cosine,ff06190646e33dbbfd95ceb0e67af8e8
505,temporal_weighted_window,0.0200772503062931,0.0999999997797109,0.0,0.032046350139718,0.15,0.85,0.7,gaussian,4c4aff296ced56cd448afa7ef031190e
506,temporal_multi_window,0.0200324823503251,0.0568715423409496,0.0,0.023393797878385,0.05,0.7,0.6499999999999999,uniform,0a327a202c0bfbdbdb8a5f16ea69117f
507,temporal_weighted_window,0.0199680967839773,0.0999999992493928,0.0,0.0319808579202649,0.4,1.0,0.6,triangular,b4cca83c24e1229c0217e305558e899a
508,temporal_weighted_window,0.0199521082063117,0.0,0.0,0.011971264923787,0.55,0.9,0.35,triangular,89f4bfd36aef5529c419f0775c56b3f8
509,temporal_weighted_window,0.0198883712490028,0.0999999998225062,0.0,0.0319330227139029,0.4,0.75,0.35,triangular,dd227592a8fe6af4614367d8234474f7
510,temporal_multi_window,0.0197890022675932,0.1034796831536227,0.0,0.0325693379912804,0.25,0.95,0.7,uniform,603ebf8173a1ffb3233f0fa07be6c824
511,temporal_multi_window,0.0196616323040884,0.0568114663160455,0.0,0.0231592726456621,0.4,1.0,0.6,uniform,b8486f6ab820529164dcb9191a8fb964
512,temporal_window,0.0196180726681685,0.0,0.0,0.0117708436009011,0.2,0.45,0.25,uniform,dcfaaa32598609989a8a54060ee8b890
513,temporal_weighted_window,0.0195851456008093,0.0999999999580702,0.0,0.0317510873520996,0.0,0.9,0.9,gaussian,0710aeba6b41e16d97f5751e4a242f14
514,temporal_weighted_window,0.0195395066866009,0.0999999997298602,0.0,0.0317237039579326,0.0,0.8,0.8,gaussian,77dca6d9847d7b0fed64398e283f7057
515,temporal_weighted_window,0.0195230001989522,0.0999999946975864,0.0,0.0317137990588886,0.0,0.6,0.6,cosine,85aa7a6a433df29e2f1c257aeceaa23a
516,temporal_weighted_window,0.0195165503003851,3.080298309396546e-14,0.0,0.0117099301802372,0.05,0.45,0.4,triangular,81a5ccdd4470c061097e6f99535c286e
517,temporal_weighted_window,0.0194452280941366,0.0999999999023025,0.0,0.0316671368369424,0.25,1.0,0.75,cosine,0eee629dee91641cc29ccf9b45beaac4
518,temporal_weighted_window,0.0193518798940876,0.0999999971786571,0.0,0.031611127372184,0.15,0.6,0.4499999999999999,cosine,8a7de1bee3661ffd805bc0eb6e516c76
519,temporal_weighted_window,0.0193344584050316,0.0999999996350746,0.0,0.0316006749700339,0.2,0.75,0.55,triangular,8fb6b70aecf84f4466738392435e649d
520,temporal_window,0.0192761854054205,0.115633002193867,12.39592923290406,2.5138781582628376,0.15,1.0,0.85,uniform,d3859c4982ca1fb72eb88874ea84040a
521,temporal_window,0.0192434482157786,0.0,0.0,0.0115460689294672,0.55,0.9,0.35,uniform,6384ea691fcc5a8a57d3068c6c23f06b
522,temporal_window,0.0192154031287334,0.1134855811838152,10.3431170463127,2.102849767376544,0.0,0.85,0.85,uniform,f900628cffdbf149241f99be8d2c33a6
523,temporal_weighted_window,0.0192135594268217,0.0999999996767796,0.0,0.0315281355914489,0.45,0.95,0.4999999999999999,triangular,5c6d215aba5cdc92d84395e6ca64e7ed
524,temporal_window,0.0191823305795158,0.1018058643560156,0.0,0.0318705712189126,0.5,0.8,0.3,uniform,e79068df7cc81ee5b9bb068e7ab88612
525,temporal_weighted_window,0.0191342557441939,0.0999999995497857,0.0,0.0314805533564735,0.2,0.65,0.45,cosine,9c7344a5536b234cf2aef97bb6443045
526,temporal_weighted_window,0.0191117156003939,0.0999999999055267,0.0,0.0314670293413417,0.1,1.0,0.9,triangular,941b75e1031322b9ef434fd9c35ef9d9
527,temporal_window,0.0189525886763879,0.0,0.0,0.0113715532058327,0.0,0.15,0.15,uniform,958208599ba200f6397e67f36e779307
528,temporal_weighted_window,0.0188917621885902,0.0999999716374519,0.0,0.0313350516406445,0.4,1.0,0.6,gaussian,7f653ba6ffba5f59ad944894a1cff329
529,temporal_weighted_window,0.0188005493033145,0.0999999998566142,0.0,0.0312803295533115,0.2,0.8,0.6000000000000001,triangular,31f5e7b0ed85f0c5b91a6f96092191cd
530,temporal_weighted_window,0.0187169678620462,0.0999999995261581,0.0,0.0312301806224593,0.45,0.9,0.45,triangular,f4e8fb2941d67bfaaf8f0299b05ea277
531,temporal_weighted_window,0.0186932369857469,0.0999999995646055,0.0,0.0312159421043692,0.3,1.0,0.7,gaussian,905ac774b7e70fe6f682768c6a18a9d9
532,temporal_weighted_window,0.0186586487045926,0.0999999997522398,0.0,0.0311951891732035,0.35,1.0,0.65,triangular,c5de77cb60e508198d663d526440df96
533,temporal_weighted_window,0.0185326001570732,0.0999999999575213,0.0,0.0311195600857482,0.0,1.0,1.0,triangular,b1a31f5a131177d39cde6b4d2c72916b
534,temporal_weighted_window,0.0184836470933727,0.0999999998746674,0.0,0.0310901882309571,0.2,0.8,0.6000000000000001,gaussian,b0d987a77324e27f6aad9285d40767c5
535,temporal_weighted_window,0.018459167134549,0.0992712297266251,0.0,0.0309297462260544,0.05,0.55,0.5,gaussian,716f2d99c347155d3f3a1686be18755b
536,temporal_weighted_window,0.0183894399151458,0.0999999998826943,0.0,0.0310336639256263,0.2,0.8,0.6000000000000001,cosine,3772495699db4a6021c2d1090df023e1
537,temporal_weighted_window,0.0181218746107519,0.0999999998391561,0.0,0.0308731247342823,0.25,0.75,0.5,cosine,74235f0b55ddbe4516fb1f00afec32a5
538,temporal_window,0.0181107156122601,0.1018408187623172,318.3940026299094,63.7100351191017,0.4,0.9,0.5,uniform,b548de5177580eb327eb727853e2f4c9
539,temporal_weighted_window,0.0180509389275759,0.0999999995506222,0.0,0.03083056326667,0.4,0.8,0.4,triangular,06449e7841418a691f33c9457f271b45
540,temporal_weighted_window,0.0180249270230379,0.0999999998374343,0.0,0.0308149561813096,0.25,0.85,0.6,cosine,ea37c3e39ae5ecafd0c9fcb2138d9224
541,temporal_weighted_window,0.0179014860429634,0.0999999998603974,0.0,0.0307408915978575,0.4,0.75,0.35,cosine,c76c6806518a6a509204c4655c63599c
542,temporal_weighted_window,0.0178032853091594,0.0999999993199307,0.0,0.0306819710494818,0.4,0.75,0.35,gaussian,7b0d98cd2326141982a8a75d55127455
543,temporal_multi_window,0.01775103788489,0.0999811108957524,0.0,0.0306468449100845,0.45,0.75,0.3,uniform,4a3fe4e668d23bc9022d3b23da9073d5
544,temporal_weighted_window,0.0176585744539735,7.543036268865931e-14,0.0,0.0105951446723992,0.05,0.45,0.4,gaussian,a5d78df5bd09f406243c8b0601bc4d68
545,temporal_weighted_window,0.0176542953487419,6.508782253496302e-13,0.0,0.0105925772093753,0.5,0.7,0.1999999999999999,gaussian,9d008ecd539ac08e7abe915b945925eb
546,temporal_weighted_window,0.0176075814192541,0.0999999996245215,0.0,0.0305645487764568,0.2,0.65,0.45,triangular,264b717f7830d745ff90ae04a5bba612
547,temporal_weighted_window,0.0175542534477896,0.0999999999527925,0.0,0.0305325520592322,0.35,0.8,0.45,triangular,e0b7f29e2d72ace8175b5f42088b872d
548,temporal_weighted_window,0.0175015805717459,0.0999999999554641,0.0,0.0305009483341403,0.35,0.8,0.45,cosine,559b475ffc56985ef3e5fb73b01bb6cc
549,temporal_weighted_window,0.0174095001530813,0.0999999997118215,0.0,0.0304457000342131,0.3,0.85,0.55,triangular,414d7a8c44e63dc03832b8105c921298
550,temporal_weighted_window,0.0173224125405395,0.0999999996951276,0.0,0.0303934474633492,0.0,0.65,0.65,triangular,2b0e5d7e3a0de887a25fa812bc786ddf
551,temporal_weighted_window,0.0172234202963158,0.0999999998266225,0.0,0.0303340521431139,0.0,0.85,0.85,triangular,2059aed369904e8f6401399492206797
552,temporal_weighted_window,0.0171159064754732,0.0999999985841226,0.0,0.0302695436021084,0.2,0.6,0.3999999999999999,triangular,3fb86721121ba09bc07e97c4b0b353a2
553,temporal_weighted_window,0.0170522526318187,0.0999999998964801,0.0,0.0302313515583872,0.25,0.9,0.65,cosine,4389bab3226170f689634a93b9f580b8
554,temporal_weighted_window,0.0170278454481718,0.0999999996616274,0.0,0.0302167072012285,0.35,0.75,0.4,gaussian,f5fb9be21fecb2152f707eb8404daefe
555,temporal_weighted_window,0.0169911914734891,0.0999999998944696,0.0,0.0301947148629873,0.0,0.8,0.8,cosine,22c6e9daafcd0f74eab52a2d844b4a19
556,temporal_weighted_window,0.0169088025690088,0.0999999997500728,0.0,0.0301452814914198,0.25,0.7,0.4499999999999999,triangular,cee1ec0e088dd81b53ebacbb94d10e84
557,temporal_weighted_window,0.016794286299866,0.0999999996703244,0.0,0.0300765717139845,0.0,0.75,0.75,triangular,ec631ee64aae75908820d7090b247573
558,temporal_weighted_window,0.0167481957374069,0.0999999993468857,0.0,0.0300489173118213,0.45,0.9,0.45,cosine,36b003a9fc4c1efb754fe80e9bd74aab
559,temporal_weighted_window,0.0167377386561895,0.0999999997738665,0.0,0.030042643148487,0.25,0.7,0.4499999999999999,cosine,1ca8ca96339be5675c9494b4112f97de
560,temporal_weighted_window,0.0166493552334814,2.2772292654504643e-12,0.0,0.0099896131405443,0.2,0.4,0.2,gaussian,d35fc79a9c5762de442d96762da78f46
561,temporal_weighted_window,0.0166493552334814,2.2794483738714997e-12,0.0,0.0099896131405447,0.6,0.8,0.2,gaussian,534082f214810f5d80011a729f0926fd
562,temporal_window,0.0166147236793651,0.0,0.0,0.0099688342076191,0.65,0.75,0.0999999999999999,uniform,6becb1190dc49b2a0aa51fac61858820
563,temporal_weighted_window,0.0166147236793651,0.0,0.0,0.0099688342076191,0.65,0.75,0.0999999999999999,triangular,5ce08053386f0e5964ec2caca0d2063f
564,temporal_weighted_window,0.0166147236793651,0.0,0.0,0.0099688342076191,0.65,0.75,0.0999999999999999,cosine,1e61f8e622aa50c99796717a8a4c8f38
565,temporal_window,0.0165366135757869,0.1020593669448744,0.0,0.030333841534447,0.45,0.8,0.35,uniform,d5e2f36f13e2e6064e40988d54bfdea3
566,temporal_weighted_window,0.0164927353243133,0.0999999993587842,0.0,0.0298956410663448,0.0,0.65,0.65,cosine,6533edcadca92dacb8ba4fc1ec454d84
567,temporal_weighted_window,0.016487160903839,0.0999999998240825,0.0,0.0298922965071199,0.3,0.65,0.35,triangular,f900d4366ae215e8de15d20006d49059
568,temporal_multi_window,0.0164079719861542,0.0999794324826342,0.0,0.0298406696882194,0.4,0.6,0.1999999999999999,uniform,3eec7d346b01e53bd1364cfa3e0d45a8
569,temporal_multi_window,0.0163750597628751,0.1052453731759686,0.0,0.0308741104929188,0.05,0.9,0.85,uniform,57fbf4dc2a2345338c9575cb6be01dcb
570,temporal_weighted_window,0.016288177979083,0.0999999985585196,0.0,0.0297729064991537,0.0,0.6,0.6,triangular,f72b42e3172967f94a3f1d05c27c92f5
571,temporal_window,0.01622979569335,0.1009526346938372,0.0,0.0299284043547774,0.4,0.6,0.1999999999999999,uniform,e0d75192b4cdee2953984e1e6ba75855
572,temporal_weighted_window,0.0161455806099481,0.099999999799124,0.0,0.0296873483257937,0.0,0.85,0.85,cosine,aa9ec892ec1b769397e876fe8325abed
573,temporal_weighted_window,0.0160229644807714,1.309618280508053e-12,0.0,0.0096137786887248,0.1,0.55,0.45,gaussian,37587dce70c568c7cd823a9f01cdd77a
574,temporal_weighted_window,0.0159258017846987,0.0999999997080635,0.0,0.0295554810124319,0.15,0.65,0.5,triangular,3f525f3347a61840366f12aab86cacf7
575,temporal_weighted_window,0.0158687431713774,0.0999999998705611,0.0,0.0295212458769386,0.25,1.0,0.75,triangular,6efdd7748b96acec54cb9b4f3f3f70c8
576,temporal_weighted_window,0.0158625425098847,0.0999999997076421,0.0,0.0295175254474592,0.0,0.75,0.75,cosine,f5807faf2e7ef98c837b69683a3c3f8c
577,temporal_multi_window,0.0157652161189356,0.0996954445987376,0.0,0.0293982185911089,0.4,0.8,0.4,uniform,2608910f30707bc86bc6d3c0c245afae
578,temporal_weighted_window,0.0157394354181728,0.0999999998199637,0.0,0.0294436612148964,0.35,0.85,0.5,triangular,8750b8c0377ece01d26fdb259791cce5
579,temporal_weighted_window,0.015705270989179,0.0999999980503822,0.0,0.0294231622035838,0.5,0.7,0.1999999999999999,cosine,5caea5348ba8d4d9dcc1c4f6b76677bf
580,temporal_multi_window,0.0156576527991471,0.0997842210860878,0.0,0.0293514358967058,0.4,0.9,0.5,uniform,d697a5eeb5ac2d779fba86b13efaf859
581,temporal_weighted_window,0.0156141770504063,6.009992373825888e-14,0.0,0.0093685062302558,0.05,0.35,0.3,triangular,3161b038801cf284f8fe40b183320c42
582,temporal_weighted_window,0.015481710599269,0.0999999988123504,0.0,0.0292890261220314,0.15,0.6,0.4499999999999999,triangular,e5854b0ca0a454f2b8d44f5ecb02db73
583,temporal_window,0.0154361810636138,0.1026799363531829,0.0,0.0297976959088049,0.3,0.6,0.3,uniform,f6c2d4c3af1566c7eaae22b8e5d0786e
584,temporal_window,0.015379997705082,0.1016153605572316,0.0,0.0295510707344955,0.15,0.55,0.4,uniform,c87509c0754d2e75636bcf61ea1cee60
585,temporal_weighted_window,0.0153689082419005,0.099999999802008,0.0,0.0292213449055419,0.25,0.75,0.5,gaussian,e08635c96620f8284ca2f41167ec1931
586,temporal_weighted_window,0.015360484223785,0.0999999998374427,0.0,0.0292162905017595,0.2,1.0,0.8,gaussian,493596c068f5077ccbb9097d55f2eec2
587,temporal_weighted_window,0.0153493766947199,0.0999999987376309,0.0,0.0292096257643581,0.5,0.7,0.1999999999999999,triangular,26eaec61c539b51019fb711c9909894b
588,temporal_weighted_window,0.015148479161305,0.0993588724760181,0.0,0.0289608619919866,0.5,1.0,0.5,gaussian,6fcf96e9be20ff6e9ede9ef57da7d55d
589,temporal_multi_window,0.0150813615900893,0.0998431185893263,0.0,0.0290174406719188,0.45,0.65,0.2,uniform,fe520c5280d82d71677e6e32f2b947d1
590,temporal_weighted_window,0.0150506187466939,0.0999999998386089,0.0,0.0290303712157381,0.2,1.0,0.8,triangular,b958903e414b4da5e4de45513d5f8c88
591,temporal_weighted_window,0.0149449398107407,0.0999993758115663,0.0,0.0289668390487576,0.45,0.9,0.45,gaussian,24c2e25798432e37143ba3eed2280783
592,temporal_weighted_window,0.0149208248308902,0.0999999998474959,0.0,0.0289524948680333,0.25,0.85,0.6,gaussian,368abbba0e33e9a698edbb745862c6be
593,temporal_weighted_window,0.0148455380321997,0.0999999999561763,0.0,0.028907322810555,0.0,1.0,1.0,cosine,8097cea173b4c3d27a0066ad82b28f42
594,temporal_multi_window,0.0148100638470606,0.0990327999184464,0.0,0.0286925982919256,0.0,0.9,0.9,uniform,4efe69160ef95b71b73d05593dd4e8ca
595,temporal_window,0.0147997169262424,0.0696444290774824,0.0,0.0228087159712419,0.65,0.85,0.1999999999999999,uniform,15055d3bc4824b81782899af9849f266
596,temporal_weighted_window,0.0147961207280252,0.0999999834322265,0.0,0.0288776691232604,0.0,0.65,0.65,gaussian,b9f9c500a96d3ea1cd63dab195f02339
597,temporal_window,0.0146454716409489,0.0,0.0,0.0087872829845693,0.35,0.5,0.15,uniform,61136d6b037e81398a4d8feaed29236b
598,temporal_weighted_window,0.014622126043907,0.0999923614454294,0.0,0.0287717479154301,0.15,0.6,0.4499999999999999,gaussian,68c4fa70787b52d64254734ba32a50a2
599,temporal_weighted_window,0.0145459212062873,0.09999999955301,0.0,0.0287275526343744,0.45,0.75,0.3,cosine,6dc6d36e5992838d7173efc1a8ca6a91
600,temporal_weighted_window,0.014359915006867,0.0999991016872137,0.0,0.028615769341563,0.0,0.6,0.6,gaussian,3fd5fbc278e969684f4d6d198cd30db5
601,temporal_multi_window,0.0143523381251873,0.0998898328131386,0.0,0.0285893694377401,0.35,0.65,0.3,uniform,588a837bb93feddef1189c28bbdc63d5
602,temporal_weighted_window,0.0143506794689121,0.0999999996358626,0.0,0.0286104076085198,0.4,0.7,0.2999999999999999,gaussian,47a1a71fafc17e6003b3b5e26e8a754f
603,temporal_weighted_window,0.0143506794689121,0.0999999997067497,0.0,0.0286104076226972,0.4,0.7,0.2999999999999999,triangular,59716aff3bebfb1bbc6496851074dc91
604,temporal_weighted_window,0.0143029323710478,0.0999999988913873,0.0,0.0285817592009061,0.35,1.0,0.65,gaussian,fa88ac89b9e4dbf30c57b8517a9bb26a
605,temporal_weighted_window,0.0143020946827502,1.961567573205901e-13,0.0,0.0085812568096893,0.05,0.35,0.3,gaussian,f30edc95a9038105520b1a294ff702a3
606,temporal_weighted_window,0.0143020946827502,5.5105633868887306e-14,0.0,0.0085812568096611,0.05,0.35,0.3,cosine,435e4faba7aca504551f0d773f0ce734
607,temporal_weighted_window,0.0143020946827502,1.9330082255540706e-13,0.0,0.0085812568096888,0.65,0.95,0.2999999999999999,gaussian,262f8380c3d9215132ec53b4d0a64d83
608,temporal_weighted_window,0.0143020946827502,5.4077853171311536e-14,0.0,0.0085812568096609,0.65,0.95,0.2999999999999999,triangular,c2694a8bdcd839c9e1ce3998313058be
609,temporal_weighted_window,0.0143020946827502,5.1387946989562846e-14,0.0,0.0085812568096604,0.65,0.95,0.2999999999999999,cosine,588215b672a5f634b31d92aa53283ccf
610,temporal_weighted_window,0.0142804967607008,0.0999999998975629,0.0,0.0285682980359331,0.35,0.7,0.35,triangular,9f43cc183640f3715e80d724da04a888
611,temporal_weighted_window,0.0142276609529678,0.0998607246690267,0.0,0.028508741505586,0.3,0.6,0.3,gaussian,794a7b1dc9602916aa6674dde961b00b
612,temporal_weighted_window,0.0142276609529678,0.099999999114213,0.0,0.0285365963946233,0.3,0.6,0.3,triangular,95f1a7fb776cf91a52c02a8c84daaac1
613,temporal_weighted_window,0.0142276609529678,0.0999999986470625,0.0,0.0285365963011932,0.3,0.6,0.3,cosine,a5e5c0929c37a4b22f799cb08e83f25f
614,temporal_weighted_window,0.0139406498944128,0.0999999943434368,0.0,0.028364388805335,0.5,0.85,0.35,cosine,b07eaf2402df3c28ef7a82c98f834782
615,temporal_multi_window,0.0139258517530027,0.0,0.0,0.0083555110518016,0.15,0.35,0.1999999999999999,uniform,54af53cf1fdecd78f2cfb740c5c6100b
616,temporal_weighted_window,0.013919706859254,0.0999999997222398,0.0,0.0283518240600003,0.4,0.7,0.2999999999999999,cosine,edc406e3087ebc7c1fcbc581034bd4ba
617,temporal_weighted_window,0.0138886025524513,0.0999999996718318,0.0,0.0283331614658371,0.35,0.75,0.4,triangular,a019d0cab1e5b40c983dc2b1515e5593
618,temporal_weighted_window,0.0138860260428427,0.0999999996052949,0.0,0.0283316155467646,0.4,0.85,0.4499999999999999,cosine,0e3b3503259fb51505e1da08b245d106
619,temporal_weighted_window,0.0138107551896279,0.0999999980304227,0.0,0.0282864527198613,0.5,0.85,0.35,triangular,69d6186f5cbd0a30d2a77fa5a0b4719e
620,temporal_weighted_window,0.0137826305211662,0.0,0.0,0.0082695783126997,0.55,0.9,0.35,gaussian,76b6a2f3b4381259f76ea3d4422b7944
621,temporal_weighted_window,0.013554976439463,0.099999999805868,0.0,0.0281329858248514,0.25,0.75,0.5,triangular,fce880571ee10a8fe6600cfe6e28c074
622,temporal_window,0.0135073843009995,0.0,0.0,0.0081044305805997,0.1,0.45,0.35,uniform,1c6b9d96b2aa06c6438e26b86e6e50b9
623,temporal_weighted_window,0.0134005383610394,0.0999999998410165,0.0,0.0280403229848269,0.25,0.85,0.6,triangular,7fe58ac2ac11689fe5c540564079c964
624,temporal_weighted_window,0.0133429087057292,0.0,0.0,0.0080057452234375,0.1,0.45,0.35,cosine,0f243909ae33f977a2fe246b6d362bc7
625,temporal_weighted_window,0.0132727723466482,1.0001666589512513e-13,0.0,0.0079636634080089,0.05,0.5,0.45,gaussian,8032eeb9e42c42d762ea33be36fd7975
626,temporal_weighted_window,0.0132310772744432,0.0,0.0,0.0079386463646659,0.1,0.45,0.35,gaussian,4fa27db1765e7eade535f656ab73cf5b
627,temporal_weighted_window,0.0132310772744432,0.0,0.0,0.0079386463646659,0.1,0.45,0.35,triangular,65b6202aa975b3f0bdc8df5b0629e9f2
628,temporal_weighted_window,0.0130736486436407,0.0999999807254057,0.0,0.0278441853312656,0.15,0.65,0.5,gaussian,8017821251f71de715a044eac2fff0b8
629,temporal_weighted_window,0.0128516005501934,0.0,0.0,0.007710960330116,0.55,0.7,0.1499999999999999,triangular,522ebbc7b4053247391bebf2a474be82
630,temporal_weighted_window,0.0128516005501934,0.0,0.0,0.007710960330116,0.3,0.45,0.15,triangular,e2c7067d62f2f3d42618463a09dca477
631,temporal_weighted_window,0.0128516005501934,0.0,0.0,0.007710960330116,0.3,0.45,0.15,cosine,85ed7d589f9adb5a32b833001406dd77
632,temporal_weighted_window,0.0128516005501934,0.0,0.0,0.007710960330116,0.55,0.7,0.1499999999999999,cosine,d9e5332fcea3996173af3811fae9d147
633,temporal_weighted_window,0.0128267684338131,4.57846799818485e-13,0.0,0.0076960610603794,0.05,0.4,0.35,gaussian,d42cb47fcf0857e62ed5e8eb7ed7362d
634,temporal_window,0.0126200860347362,0.0,0.0,0.0075720516208417,0.25,0.45,0.2,uniform,f8900ac2ab85c1c3e06170d26600bcbc
635,temporal_weighted_window,0.0125396329894818,0.0999999998097472,0.0,0.0275237797556385,0.15,0.8,0.65,cosine,aba3c157629b13739d91afdab5788265
636,temporal_weighted_window,0.0125066536325355,1.6466744877859509e-13,0.0,0.0075039921795542,0.05,0.4,0.35,triangular,0e4088fbfcc6912926536a323be37d34
637,temporal_weighted_window,0.0125066536325355,1.5305458186088301e-13,0.0,0.0075039921795519,0.05,0.4,0.35,cosine,1a5e3eba230bd86068fc8133e6fa5b38
638,temporal_window,0.0124675743722986,0.105340335299961,439.98708546452536,88.02596570458846,0.15,0.65,0.5,uniform,e39cfc312ae54583e6e1cce86a5c9dec
639,temporal_weighted_window,0.0123921073714173,0.0999999998572003,0.0,0.0274352643942904,0.3,0.65,0.35,cosine,e43b0166af2af723fcd916b29859ce1e
640,temporal_multi_window,0.0123292143314541,0.1017351471411198,0.0,0.0277445580270964,0.05,0.8,0.75,uniform,fc790a80b8abc755183f07e8ed78dbc1
641,temporal_weighted_window,0.0123167358906826,0.099999999946328,0.0,0.0273900415236751,0.35,0.8,0.45,gaussian,4d0509a56af13e7e7ce65d5da78429b1
642,temporal_weighted_window,0.012229450994835,0.0999999928066829,0.0,0.0273376691582376,0.4,0.85,0.4499999999999999,gaussian,16444981c34402aafe40c0a7c74acc15
643,temporal_window,0.0121748511019313,0.0375458948874891,0.0,0.0148140896386566,0.15,0.5,0.35,uniform,932f8c0a78cdf97600845d5a31790d45
644,temporal_weighted_window,0.0121415189661366,0.0999999975366646,0.0,0.0272849108870149,0.5,0.8,0.3,cosine,aca35289b696153a7ff635627ae9da77
645,temporal_multi_window,0.0121165820942352,0.0,0.0,0.0072699492565411,0.6,0.9,0.3,uniform,06be28140b0779e4e1dd26dc730ef35c
646,temporal_window,0.0119980268223996,0.0,0.0,0.0071988160934397,0.35,0.45,0.1,uniform,040ff111249784b4f48ac6b3428d4ac7
647,temporal_window,0.0119980268223996,0.0,0.0,0.0071988160934397,0.55,0.65,0.0999999999999999,uniform,5a495b7083cb22eff3aa709e9e58cc8e
648,temporal_weighted_window,0.0119980268223996,0.0,0.0,0.0071988160934397,0.35,0.45,0.1,cosine,e2e14b4c5a6cbd66b170f94e079c38d7
649,temporal_weighted_window,0.0119980268223996,0.0,0.0,0.0071988160934397,0.35,0.45,0.1,triangular,55f21aed58c6c7418f49749ce0c925d3
650,temporal_weighted_window,0.0119980268223996,0.0,0.0,0.0071988160934397,0.55,0.65,0.0999999999999999,cosine,a233fa96acaf433d14ae1181ba1979be
651,temporal_weighted_window,0.0119980268223996,0.0,0.0,0.0071988160934397,0.55,0.65,0.0999999999999999,triangular,f1167a12c1e275fcd9100b09990ecbca
652,temporal_window,0.0119933234614106,0.1083053397768314,18.356396467662567,3.700136355564726,0.2,0.85,0.6499999999999999,uniform,3f807f6af8d7cb0c0a2a26acc1583258
653,temporal_weighted_window,0.0119207085058079,2.73922981889852e-14,0.0,0.0071524251034902,0.0,0.45,0.45,cosine,a55d51e56c7aac8fa059917fbc0cc712
654,temporal_weighted_window,0.0118839203005762,0.0999998035569296,0.0,0.0271303128917316,0.45,0.75,0.3,gaussian,5a3dadd04856a791b967cc8e7eb915db
655,temporal_weighted_window,0.0118839203005762,0.0999999995121937,0.0,0.0271303520827845,0.45,0.75,0.3,triangular,53c8cae2bb945a6cbc6ade4637c2f221
656,temporal_weighted_window,0.0118589072678241,4.5804037499816233e-14,0.0,0.0071153443607036,0.05,0.5,0.45,triangular,58da6f4bbe860e39ec0a354102780637
657,temporal_weighted_window,0.0118345504047495,0.0999750489307458,0.0,0.0270957400289989,0.2,0.6,0.3999999999999999,gaussian,ff3519d0224a90723bceb5a52a9f6992
658,temporal_weighted_window,0.0118345504047495,0.0999999959383105,0.0,0.0271007294305118,0.4,0.8,0.4,gaussian,017c1e3972739be30b78ad502b34e51f
659,temporal_weighted_window,0.0118065772004267,0.0999999996953278,0.0,0.0270839462593215,0.35,0.85,0.5,gaussian,2b35fd24c41e2e93a6b187ccdcf6517a
660,temporal_weighted_window,0.0117051942240591,0.0999999996942311,0.0,0.0270231164732817,0.35,0.75,0.4,cosine,1b9eb4ff3c7b45d696a33c0d22efa1a5
661,temporal_weighted_window,0.0116296404034345,0.0999999999040114,0.0,0.0269777842228629,0.25,0.8,0.55,gaussian,6bb1a4c67ff6d00c96795ba24fbee367
662,temporal_weighted_window,0.0116132012101701,0.0999999995187237,0.0,0.0269679206298468,0.4,0.85,0.4499999999999999,triangular,e06c001200ccc71f8e05a9231988bc4d
663,temporal_weighted_window,0.0115139104696482,0.0999999948503592,0.0,0.0269083452518608,0.3,0.65,0.35,gaussian,45be06ac72e8214b0bf12cd66d319df8
664,temporal_weighted_window,0.0115139104696482,0.0999999999161853,0.0,0.026908346265026,0.35,0.7,0.35,gaussian,bd8622227a8e322363c39c4b28986f5b
665,temporal_weighted_window,0.0114904107248963,0.0,0.0,0.0068942464349378,0.35,0.45,0.1,gaussian,3b8c073d9a9587b304a0230b2ad4cb5e
666,temporal_weighted_window,0.0114904107248963,0.0,0.0,0.0068942464349378,0.55,0.65,0.0999999999999999,gaussian,8281a4c21e4612c42dcd7c597f4c7789
667,temporal_weighted_window,0.0114147906795108,0.0999999993454088,0.0,0.0268488742767882,0.25,0.7,0.4499999999999999,gaussian,bb80b1057bba2a047bf495111c465930
668,temporal_weighted_window,0.0113700817088706,0.0999999994289821,0.0,0.0268220489111188,0.45,1.0,0.55,triangular,57cc9131ea0d60fa66a33a32112a1e9e
669,temporal_window,0.0113546130182897,0.0994654016334916,0.0,0.0267058481376722,0.3,0.75,0.45,uniform,07d9d2d2637bda5061fbc1b62617c01b
670,temporal_weighted_window,0.0113508723406149,0.0999999999355316,0.0,0.0268105233914752,0.35,0.7,0.35,cosine,fe9d3a239bf767953bae44f1d1b1fcc8
671,temporal_window,0.0112406144288913,0.102860299829498,0.0,0.0273164286232344,0.4,0.7,0.2999999999999999,uniform,a9b4330dff6df0f3a4fe09754079fc70
672,temporal_weighted_window,0.0111445372307371,0.099999999590243,0.0,0.0266867222564908,0.4,0.8,0.4,cosine,16b33d17a3610a0b2713e7b877f9e589
673,temporal_weighted_window,0.011099467134907,0.0999999998091556,0.0,0.0266596802427753,0.4,0.6,0.1999999999999999,triangular,62ffa1ef3ae12cd10f5cfb431586edfb
674,temporal_weighted_window,0.010989871377319,0.0999999990790204,0.0,0.0265939226421954,0.4,1.0,0.6,cosine,c726a5698209301e0a576948ffd8447d
675,temporal_weighted_window,0.0108909711790245,1.650856720941693e-13,0.0,0.0065345827074477,0.6,0.95,0.35,triangular,2784ae4820c048fb0880aa0d7edf1b79
676,temporal_weighted_window,0.010881613845602,4.63326921952334e-13,0.0,0.0065289683074539,0.6,0.95,0.35,gaussian,90216720ce0fca201f96324e4833b966
677,temporal_weighted_window,0.0108482762849063,0.0999999971589676,0.0,0.0265089652027373,0.2,0.6,0.3999999999999999,cosine,da5f4ec2a8ad0d18f0aa3535a64e7a64
678,temporal_multi_window,0.010719756876939,0.099968783045502,0.0,0.0264256107352638,0.25,0.75,0.5,uniform,1c247b2375120c4e2e501b45904ec6f3
679,temporal_weighted_window,0.0106708791965547,3.0600446087258093e-14,0.0,0.0064025275179389,0.1,0.5,0.4,cosine,a3656079ecc3c0d61c47fa7a021ea9cc
680,temporal_weighted_window,0.0105938198315757,0.0999999772767201,0.0,0.0263562873542895,0.2,0.65,0.45,gaussian,c7f289d40b026431b4d1f82457458f8d
681,temporal_weighted_window,0.0103329150272156,6.396180755423683e-13,0.0,0.0061997490164573,0.3,0.5,0.2,gaussian,e841aef7d6c3b50e9b937e40533bbaec
682,temporal_window,0.010228587850093,0.0789580273432867,0.0,0.0219287581787131,0.25,0.4,0.15,uniform,735a0b3d1831ed302f2470f37080b7f8
683,temporal_weighted_window,0.0102087039741739,5.427231782614744e-14,0.0,0.0061252223845152,0.05,0.5,0.45,cosine,9bc84130d50822edc399036888af9436
684,temporal_weighted_window,0.0102034225878352,0.0999999998641721,0.0,0.0261220535255355,0.35,0.85,0.5,cosine,314297d2faf59f5739672c442e9c2d0c
685,temporal_window,0.0101881999457287,0.1020788800570992,0.0,0.0265286959788571,0.5,0.75,0.25,uniform,84b21112574e9af62c19411535b2e5b2
686,temporal_weighted_window,0.010176691612682,1.7082675421161728e-13,0.0,0.0061060149676433,0.6,0.9,0.3,triangular,8f00d4c38c66312810fba602bad4b3e0
687,temporal_weighted_window,0.0100754123753238,0.0999999988088263,0.0,0.0260452471869595,0.5,0.75,0.25,triangular,8ddb6db349f4813394041788a5b94670
688,temporal_weighted_window,0.0100754123753238,0.0999999975262588,0.0,0.026045246930446,0.5,0.75,0.25,cosine,6556b2dbfc558929abaee185da72a918
689,temporal_weighted_window,0.0100265973518302,1.5649669078837276e-13,0.0,0.0060159584111294,0.6,0.95,0.35,cosine,097f5c9874e3991aea15cd0e48b31267
690,temporal_weighted_window,0.0100118947700521,0.0999963284528754,0.0,0.0260064025526064,0.4,0.6,0.1999999999999999,gaussian,8720201ae80cb373a14979c40f8d72e3
691,temporal_weighted_window,0.0094316091747023,0.0999999989975903,0.0,0.0256589653043394,0.5,0.8,0.3,triangular,60c59d887e73a7d317ca3a96cad45613
692,temporal_weighted_window,0.0091774420537614,1.6519001566317757e-13,0.0,0.0055064652322899,0.6,0.9,0.3,cosine,946fef4aac4e236b8fdb0b4158f269b4
693,temporal_window,0.0091752309172455,0.115186258767121,11.460813663249274,2.320705122953626,0.0,0.7,0.7,uniform,b4a3f82bb82560f36cc73d590191de3d
694,temporal_weighted_window,0.0091469246085289,6.267512407386392e-14,0.0,0.0054881547651298,0.2,0.5,0.3,triangular,b06bd1c6c51d5b4a56057e4f17a15230
695,temporal_weighted_window,0.0089792287158467,0.0005178612529969,0.0,0.0054911094801074,0.3,0.4,0.1,gaussian,221ae1850b45a5a2bea5d743d8c2ec32
696,temporal_weighted_window,0.0087017384188447,0.0,0.0,0.0052210430513068,0.6,0.75,0.15,triangular,55554d96981dd8542b0df5161e353f71
697,temporal_weighted_window,0.0087017384188447,0.0,0.0,0.0052210430513068,0.6,0.75,0.15,cosine,dabeec9bf98f1dc061bfe17b98e679e5
698,temporal_multi_window,0.0086857717534637,0.083555975431304,0.0,0.021922658138339,0.45,0.95,0.4999999999999999,uniform,bbe7f666182b4334c1a5fef0e08446cd
699,temporal_multi_window,0.0085037611444451,0.0,0.0,0.005102256686667,0.55,0.75,0.1999999999999999,uniform,a3bba9b8233a88b008dd0a34f8dde10e
700,temporal_weighted_window,0.0083693929765486,5.654901063297609e-13,0.0,0.0050216357860423,0.1,0.4,0.3,gaussian,8ae4d3037f1485de69533663722828aa
701,temporal_weighted_window,0.0083693929765486,1.6927198803893945e-13,0.0,0.005021635785963,0.1,0.4,0.3,triangular,fce690f6de6d59c26b60a20f176cfd39
702,temporal_weighted_window,0.008363046686969,1.645945095592493e-13,0.0,0.0050178280122143,0.1,0.4,0.3,cosine,138d2a60b7c6cfb597c5f38f7646fe83
703,temporal_window,0.008279805481661,0.1024606169738863,0.0,0.0254600066837739,0.35,0.55,0.2,uniform,5eadfa20d1f7e0d8ca16defbe4cd51e2
704,temporal_weighted_window,0.008261042227937,0.0999999998943161,0.0,0.0249566253156254,0.25,0.8,0.55,cosine,05805ba2af828a34ff649d995bca53a4
705,temporal_weighted_window,0.0081265240960405,0.0999999997141751,0.0,0.0248759144004593,0.35,0.65,0.3,triangular,9096a479ebeb6095c20110ecaeb20bc7
706,temporal_weighted_window,0.0080962700033,0.0998374231914217,0.0,0.0248252466402643,0.0,0.55,0.55,gaussian,c5d654b95b4fc6f535fad7235a1d04ff
707,temporal_weighted_window,0.0080561163572923,0.0999995849219473,0.0,0.0248335867987648,0.45,1.0,0.55,gaussian,52ddd85814b2c9b0250e579612a5bb77
708,temporal_weighted_window,0.008023307849362,0.0,0.0,0.0048139847096172,0.65,0.9,0.25,gaussian,3f9687f20b5e65e1f8a104b0cbc15893
709,temporal_weighted_window,0.008023307849362,0.0,0.0,0.0048139847096172,0.1,0.35,0.2499999999999999,cosine,43c93c25faa5c5e5a882fd951b28e780
710,temporal_weighted_window,0.008023307849362,0.0,0.0,0.0048139847096172,0.65,0.9,0.25,triangular,16e0295fe0e18710c769026072486bb4
711,temporal_weighted_window,0.008023307849362,0.0,0.0,0.0048139847096172,0.65,0.9,0.25,cosine,55049c033b62bf10d1b386c35b99e2ba
712,temporal_weighted_window,0.008023307849362,0.0,0.0,0.0048139847096172,0.1,0.35,0.2499999999999999,triangular,11e9b8aff08d13a4d7142a7696b8ab42
713,temporal_weighted_window,0.008023307849362,0.0,0.0,0.0048139847096172,0.1,0.35,0.2499999999999999,gaussian,e944320597186c6808e0f5880c952010
714,temporal_multi_window,0.0079741724005189,0.1008252443248281,0.0,0.024949552305277,0.05,1.0,0.95,uniform,8fcbf3ec260ee6c315da6cd3d8966961
715,temporal_weighted_window,0.0078979620639918,5.713501476839143e-13,0.0,0.0047387772385093,0.6,0.9,0.3,gaussian,12c4eb8509bfa06588551bba761d30ac
716,temporal_weighted_window,0.0078507986063684,5.162179803007243e-13,0.0,0.0047104791639243,0.3,0.4,0.1,triangular,18c0bfd518c9ab23cd9e5b278f6f3432
717,temporal_weighted_window,0.0078507986063684,5.38409669799003e-13,0.0,0.0047104791639287,0.3,0.4,0.1,cosine,c5156697a63e96949dfb7193caaeeeba
718,temporal_weighted_window,0.0078045697618795,5.176280737500983e-14,0.0,0.0046827418571381,0.15,0.45,0.3,cosine,9604f57bd44c034652e992bb11a89368
719,temporal_window,0.007766756635394,0.0,0.0,0.0046600539812364,0.85,1.0,0.15,uniform,d48455c7999a67a52e25a27b83eed94b
720,temporal_weighted_window,0.0073944290726645,5.4091136367632416e-14,0.0,0.0044366574436095,0.55,0.85,0.2999999999999999,cosine,5cad37ba2b321cb06d2fc41f8ce42cae
721,temporal_weighted_window,0.0072072216515814,3.5752216814652325e-14,0.0,0.0043243329909559,0.1,0.5,0.4,triangular,6c25c4d984d155f59f4f20da4f22c713
722,temporal_window,0.007191478593857,0.1021216491291292,0.0,0.02473921698214,0.45,0.7,0.2499999999999999,uniform,c2ba603c9aed8927a6007401048d8bfc
723,temporal_weighted_window,0.0071761097560207,0.0999999998598149,0.0,0.0243056658255754,0.25,1.0,0.75,gaussian,bdd536b45efc756a970af6ec0b5ec346
724,temporal_multi_window,0.0070584401291445,0.0,0.0,0.0042350640774867,0.65,0.85,0.1999999999999999,uniform,ccc86998fabbb996be7ea8da0c09ef34
725,temporal_multi_window,0.0066974339633772,0.1013045599769962,0.0,0.0242793723734256,0.0,0.95,0.95,uniform,3cc3a423279d61d03b4161d274a3c5c9
726,temporal_weighted_window,0.0064035528365951,3.866667595573644e-13,0.0,0.0038421317020343,0.75,0.95,0.1999999999999999,triangular,466e18036138ea880f42e6d137fb2116
727,temporal_weighted_window,0.0064035528365951,3.8666542135552244e-13,0.0,0.0038421317020343,0.75,0.95,0.1999999999999999,cosine,05b6b90391e693679b324fcc608d188d
728,temporal_weighted_window,0.0063559132293623,9.993571205484093e-14,0.0,0.0038135479376373,0.05,0.55,0.5,triangular,d20c7ddd0404af267e5793c5502242a7
729,temporal_weighted_window,0.0063271983831172,2.0804859437107744e-12,0.0,0.0037963190302864,0.75,0.95,0.1999999999999999,gaussian,9cb3887c0a14f4321c4f331e3377d4f6
730,temporal_window,0.0062956486769699,0.1052861308428153,42.08363215386983,8.441561046148712,0.5,1.0,0.5,uniform,d71e5b8beb54507ba83ddc2098ad995c
731,temporal_weighted_window,0.0062657747648435,2.051895669036544e-14,0.0,0.0037594648589102,0.55,1.0,0.4499999999999999,cosine,47e9317124fc325ab7bc48fae4e901af
732,temporal_weighted_window,0.0059963193592803,7.574339337768898e-14,0.0,0.0035977916155833,0.1,0.5,0.4,gaussian,e1047c0c2cb59a1462e04152508c0b2c
733,temporal_weighted_window,0.0058683576292176,5.696837485124718e-14,0.0,0.0035210145775419,0.15,0.45,0.3,triangular,3f31010f1828e0145cfa0fedc869e901
734,temporal_weighted_window,0.0058683576292176,1.885370122638717e-13,0.0,0.0035210145775682,0.15,0.45,0.3,gaussian,410d87a39344419d22455b972382ade4
735,temporal_weighted_window,0.0058683576292176,5.4266169201273967e-14,0.0,0.0035210145775414,0.55,0.85,0.2999999999999999,triangular,96d4e8266c1a799b8efef869de589601
736,temporal_weighted_window,0.0058683576292176,1.8762749388134443e-13,0.0,0.0035210145775681,0.55,0.85,0.2999999999999999,gaussian,7a278bf3855855cd685ecdfa58979dbd
737,temporal_weighted_window,0.0058679770711827,0.0999999991521389,0.0,0.0235207860731374,0.45,1.0,0.55,cosine,61990185461b2b72c430070c1ff97250
738,temporal_window,0.0058300530473527,0.1048193464048065,559.2357369380145,111.87160928871228,0.35,0.85,0.5,uniform,65cfced5a62e6eb6f20ef88fde798a4f
739,temporal_weighted_window,0.0056399181939908,0.0999999994901561,0.0,0.0233839508144257,0.45,0.85,0.3999999999999999,cosine,3dbcfcea9fe124fa5d2932cc7a812b7c
740,temporal_weighted_window,0.0054383132909682,0.0999999999186892,0.0,0.0232629879583187,0.25,0.8,0.55,triangular,3ffa962d92489a2c6f0507ed44aeba7d
741,temporal_weighted_window,0.0053048888671839,0.0,0.0,0.0031829333203103,0.25,0.35,0.0999999999999999,gaussian,56c38cc0abfd4081132d3d85dc925cf7
742,temporal_window,0.0052636156058335,0.1028235663320656,568.6983622815255,113.76339533893504,0.35,0.8,0.45,uniform,9519b1e00755ebb64c1c76d531cf1e0e
743,temporal_multi_window,0.0052197076019039,0.1016728551403648,0.0,0.0234663955892153,0.1,0.9,0.8,uniform,3123ce6c3b697af4576623cde8fdbb99
744,temporal_weighted_window,0.005145504594057,0.0,0.0,0.0030873027564342,0.55,0.8,0.25,triangular,6cd85f829c3251e3682cdf8552d1b1c3
745,temporal_weighted_window,0.005145504594057,0.0,0.0,0.0030873027564342,0.55,0.8,0.25,cosine,eef997b94701780ff3de6a1170f54856
746,temporal_weighted_window,0.005145504594057,0.0,0.0,0.0030873027564342,0.55,0.8,0.25,gaussian,8ec887ea3334c924024b9ac78e119fcf
747,temporal_weighted_window,0.0048573838489012,0.099999999807371,0.0,0.0229144302708149,0.45,0.8,0.35,cosine,500ae2e57176e7da594ec6a6e503857e
748,temporal_weighted_window,0.0046128867623108,8.640361977853537e-13,0.0,0.0027677320575593,0.55,0.75,0.1999999999999999,gaussian,06c10a26b8f66d29fdfff692ec9559e8
749,temporal_multi_window,0.0043371896711925,0.1003829650573101,0.0,0.0226789068141775,0.2,0.7,0.4999999999999999,uniform,d500401556e41fd078b3b86c244d60bb
750,temporal_window,0.004263214427591,0.1020185147012264,0.0,0.0229616315967999,0.45,0.75,0.3,uniform,0acc5d5b24d558b3ddad9fd7e41c80b0
751,temporal_weighted_window,0.0039959549800046,0.0999999849549345,0.0,0.0223975699789897,0.45,0.7,0.2499999999999999,gaussian,9cdcf0ee43f2b7eedb57c81049748822
752,temporal_weighted_window,0.0039959549800046,0.0999999997169649,0.0,0.0223975729313957,0.45,0.7,0.2499999999999999,triangular,a32e161dc31d4d187a6dac8007bef81c
753,temporal_weighted_window,0.0039959549800046,0.0999999997589682,0.0,0.0223975729397964,0.45,0.7,0.2499999999999999,cosine,c60b1a425795cc6f2d13eae1dde31ecb
754,temporal_multi_window,0.0038735550537236,0.0,0.0,0.0023241330322341,0.7,0.9,0.2,uniform,af6e0956075f5a9f05891ac8c601dd2d
755,temporal_weighted_window,0.0037669302154697,0.0999999995786963,0.0,0.0222601580450211,0.45,0.85,0.3999999999999999,triangular,8adaf2a4ceb0307b24090afc3548f565
756,temporal_multi_window,0.0034104373140835,0.0,0.0,0.0020462623884501,0.55,0.85,0.2999999999999999,uniform,e9205320c6a3d743d5e26fdf5f117a50
757,temporal_multi_window,0.0033718919274647,0.1019660069423256,0.0,0.0224163365449439,0.3,1.0,0.7,uniform,4f9ec7a96a628fd1e2acdee742c813c2
758,temporal_window,0.0032425607486373,0.1049142649749875,622.1562258504407,124.45417355953232,0.2,0.65,0.45,uniform,3a504be816653a07086290fabc4591f9
759,temporal_weighted_window,0.0032305429272008,2.5865411475558104e-13,0.0,0.0019383257563722,0.55,0.75,0.1999999999999999,triangular,66bf718c3cff22ed5cae03a388c8e820
760,temporal_weighted_window,0.0032305429272008,2.501427983681334e-13,0.0,0.0019383257563705,0.55,0.75,0.1999999999999999,cosine,7bff4ae03821fb0220c3169eff83f91a
761,temporal_multi_window,0.003065845477184,0.0,0.0,0.0018395072863104,0.5,0.9,0.4,uniform,c78efce7cc207a5bb8451dbdad4e8da1
762,temporal_window,0.0028964110554968,0.1027114977616398,0.0,0.022280146185626,0.45,0.85,0.3999999999999999,uniform,f6b09babf0c784a7b008b4b5b4c6745d
763,temporal_weighted_window,0.0028774542688441,0.0,0.0,0.0017264725613064,0.2,0.45,0.25,cosine,ffbe38cac186e29ad19285f8597c0d26
764,temporal_weighted_window,0.0028774542688441,0.0,0.0,0.0017264725613064,0.2,0.45,0.25,gaussian,a974191608c67a21b3848a03a17c369f
765,temporal_weighted_window,0.0028774542688441,0.0,0.0,0.0017264725613064,0.2,0.45,0.25,triangular,c68ee1eb1e62abec5a123499cd4e682d
766,temporal_window,0.0028573292312702,0.0,0.0,0.0017143975387621,0.1,0.35,0.2499999999999999,uniform,66ee8dfaf62b6b445d13c850fe819baf
767,temporal_weighted_window,0.0027638325455372,0.0999993297247016,0.0,0.0216581654722627,0.45,0.85,0.3999999999999999,gaussian,b12bb1ac066fc5c0d241543cb6d6c488
768,temporal_weighted_window,0.0025962530464351,1.1688970247517173e-13,0.0,0.0015577518278844,0.6,1.0,0.4,triangular,88384cb04bbb1bc902a378addef69446
769,temporal_multi_window,0.0023954699412262,0.1047398818803165,0.0,0.022385258340799,0.15,0.95,0.7999999999999999,uniform,bfe40830a9ee49d09dc991790aaf34a2
770,temporal_weighted_window,0.0023717641785565,5.229706460654049e-13,0.0,0.0014230585072385,0.6,0.7,0.0999999999999999,triangular,df4d89b4624943a5dcfb44c2c527cfac
771,temporal_weighted_window,0.0023717641785565,5.428594124069264e-13,0.0,0.0014230585072424,0.6,0.7,0.0999999999999999,cosine,b035cac27b6ce4ab18465397873460e7
772,temporal_weighted_window,0.0021585190261151,5.703498683335595e-14,0.0,0.0012951114156805,0.55,1.0,0.4499999999999999,gaussian,fe9ad3ddd04792d72245f238d010001a
773,temporal_window,0.0020282747376237,0.0662972829083111,0.0,0.0144764214242364,0.05,0.35,0.3,uniform,9bfdefd478348f96d045f603ada6c3fc
774,temporal_weighted_window,0.0016488745227367,0.0999997253853089,0.0,0.0209892697907038,0.45,0.8,0.35,gaussian,a394a952af189c106de36ce3fcb9d0c3
775,temporal_multi_window,0.0015281454074129,0.0,0.0,0.0009168872444477,0.15,0.65,0.5,uniform,5b0a921585259f385a4457167339f268
776,temporal_multi_window,0.001324181678497,0.0,0.0,0.0007945090070982,0.05,0.45,0.4,uniform,6925388342ca2af1230b9d95618c7959
777,temporal_multi_window,0.0011273448099588,0.0,0.0,0.0006764068859753,0.6,1.0,0.4,uniform,bf5b56420fde7f4b0adada0b2d283fee
778,temporal_window,0.0011120164175321,0.0669008721671766,0.0,0.0140473842839546,0.0,0.4,0.4,uniform,29c57316689ad725f5101c9d78bac884
779,temporal_multi_window,0.0007350636264099,0.0999753823867906,0.0,0.0204361146532041,0.4,0.7,0.2999999999999999,uniform,6545aa8d7d6320773c34f59ffb38854c
780,temporal_weighted_window,0.0005611294499089,0.0,0.0,0.0003366776699453,0.2,0.35,0.1499999999999999,triangular,21705d8733a6c9dd8a907e6e1c467e97
781,temporal_weighted_window,0.0005611294499089,0.0,0.0,0.0003366776699453,0.2,0.35,0.1499999999999999,cosine,d71a1bdfa3874754eb60c4b19e2acc80
782,temporal_weighted_window,0.0001357439011038,2.212339770148802e-14,0.0,8.144634066675436e-05,0.0,0.45,0.45,triangular,193989de344ab87532bfd64d5c9a9125
783,temporal_weighted_window,5.686623203527009e-05,0.099999999810577,0.0,0.0200341197013365,0.45,0.8,0.35,triangular,3169b30ca56b962a696daa91d920dc1a
784,temporal_multi_window,2.6528436876278325e-05,0.1053633556966789,0.0,0.0210885882014615,0.1,0.95,0.85,uniform,b1bae666ebd90996f31ded37485d5900
785,temporal_attention_like,0.0,0.0,0.0,0.0,0.0,0.1,0.1,uniform,e8973b6474c76468def139b49bf986b4
786,temporal_attention_like,0.0,0.0,0.0,0.0,0.2,0.3,0.0999999999999999,uniform,50ef41fc5ef1556a976b5f1f9a6494f7
787,temporal_attention_like,0.0,0.0,0.0,0.0,0.1,0.2,0.1,uniform,dcd20639d626b118043b45f422fbade6
788,temporal_attention_like,0.0,0.0,0.0,0.0,0.05,0.15,0.0999999999999999,uniform,647724d94f2a830776e18f3c4175c47c
789,temporal_attention_like,0.0,0.0,0.0,0.0,0.15,0.25,0.1,uniform,493faf3d38f803fba685f9561acef87c
790,temporal_attention_like,0.0,0.0,0.0,0.0,0.55,0.95,0.3999999999999999,uniform,85766dce81f8ef3d071a1d092e8057ae
791,temporal_attention_like,0.0,0.0,0.0,0.0,0.1,0.5,0.4,uniform,f7fbca6daed1546bce01c06d13c00872
792,temporal_attention_like,0.0,0.0,0.0,0.0,0.6,1.0,0.4,uniform,2678473f313fd4fe212d3c64ae13a132
793,temporal_attention_like,0.0,0.0,0.0,0.0,0.0,0.35,0.35,uniform,a1bee44df67c3347dc2dded67bcfebc6
794,temporal_attention_like,0.0,0.0,0.0,0.0,0.7,1.0,0.3,uniform,abb5d2ac9124a078eb808714cebb9bb6
795,temporal_attention_like,0.0,0.0,0.0,0.0,0.65,0.95,0.2999999999999999,uniform,d8c82ff586dc9c3cb471969d8046d38d
796,temporal_attention_like,0.0,0.0,0.0,0.0,0.6,0.9,0.3,uniform,9a49cc02f7a790b183cae69d1b611ba9
797,temporal_attention_like,0.0,0.0,0.0,0.0,0.55,0.85,0.2999999999999999,uniform,123b9c274553794c523834dd70a78b48
798,temporal_attention_like,0.0,0.0,0.0,0.0,0.75,0.9,0.15,uniform,5de981fab9932c0751947593364d0ae9
799,temporal_attention_like,0.0,0.0,0.0,0.0,0.8,0.95,0.1499999999999999,uniform,2f90482a496644e19c9595e5abb62ec7
800,temporal_attention_like,0.0,0.0,0.0,0.0,0.85,1.0,0.15,uniform,1c6575776fcc07cef2fcc0a8ebfa6afb
801,temporal_attention_like,0.0,0.0,0.0,0.0,0.05,0.35,0.3,uniform,6bb6eca5a56906375ca814dde6a51159
802,temporal_attention_like,0.0,0.0,0.0,0.0,0.0,0.3,0.3,uniform,e753bf5deb1c996083e0a08b5d6ec123
803,temporal_attention_like,0.0,0.0,0.0,0.0,0.75,1.0,0.25,uniform,1edc5559878151a6d98b2d345a1895a0
804,temporal_attention_like,0.0,0.0,0.0,0.0,0.7,0.95,0.25,uniform,cadbd8de4d95cd230b9fe0296b55eecf
805,temporal_attention_like,0.0,0.0,0.0,0.0,0.65,0.9,0.25,uniform,41beaef0db75890de05ff8e508a12e29
806,temporal_attention_like,0.0,0.0,0.0,0.0,0.15,0.5,0.35,uniform,40eae70083b50bba53bd1d6c177b40c2
807,temporal_attention_like,0.0,0.0,0.0,0.0,0.1,0.45,0.35,uniform,8a4a0aa73abcff509857df4ae4247308
808,temporal_attention_like,0.0,0.0,0.0,0.0,0.05,0.4,0.35,uniform,e6697a5be0c95c9ed704b5dae55d7cf8
809,temporal_multi_window,0.0,0.0,0.0,0.0,0.9,1.0,0.0999999999999999,uniform,45f4c88c06005067b492baed0834937c
810,temporal_multi_window,0.0,0.0,0.0,0.0,0.1,0.25,0.15,uniform,958868cba0b3cd98eb509311976e7b43
811,temporal_multi_window,0.0,0.0,0.0,0.0,0.2,0.35,0.1499999999999999,uniform,63ec9ca92e278c366f634221a0146eaf
812,temporal_multi_window,0.0,0.0,0.0,0.0,0.2,0.3,0.0999999999999999,uniform,868f1b91e6df60b3999a6894ca1115bd
813,temporal_multi_window,0.0,0.0,0.0,0.0,0.25,0.35,0.0999999999999999,uniform,02531bf4e7665d15575b1df969cff3ee
814,temporal_multi_window,0.0,0.0,0.0,0.0,0.3,0.4,0.1,uniform,e9bec9cedee501513188ab08744fcd52
815,temporal_multi_window,0.0,0.0,0.0,0.0,0.35,0.45,0.1,uniform,2237a8baffc2bb3ab2974966def997ca
816,temporal_multi_window,0.0,0.0,0.0,0.0,0.4,0.5,0.0999999999999999,uniform,251a006aaedf644f932eae8b80c1bb9c
817,temporal_attention_like,0.0,0.0,0.0,0.0,0.7,0.9,0.2,uniform,fba607c994272cbfebaaae27dcefc49e
818,temporal_attention_like,0.0,0.0,0.0,0.0,0.75,0.95,0.1999999999999999,uniform,45134a0bc3db4a728c22394fa61c07bd
819,temporal_attention_like,0.0,0.0,0.0,0.0,0.8,1.0,0.1999999999999999,uniform,0655e7c6322ecfc693c04464bbfa879b
820,temporal_multi_window,0.0,0.0,0.0,0.0,0.65,0.75,0.0999999999999999,uniform,76b41857cd6ec86c2f7ed8ef9795534a
821,temporal_multi_window,0.0,0.0,0.0,0.0,0.7,0.8,0.1,uniform,a414973b18fb8e54ea1afa5298aae09b
822,temporal_multi_window,0.0,0.0,0.0,0.0,0.75,0.85,0.0999999999999999,uniform,ab0b14b2e0d9be4d0d91f130c5543a02
823,temporal_multi_window,0.0,0.0,0.0,0.0,0.8,0.9,0.0999999999999999,uniform,db5b7cb0fa0ee4f053470038fd9362d5
824,temporal_multi_window,0.0,0.0,0.0,0.0,0.85,0.95,0.0999999999999999,uniform,985f287ebd1ea5b7f08d476ea1544d45
825,temporal_attention_like,0.0,0.0,0.0,0.0,0.25,0.5,0.25,uniform,18afa5e319b832e5d709b9ba29eec351
826,temporal_attention_like,0.0,0.0,0.0,0.0,0.55,0.8,0.25,uniform,4abc4336d9a797a9c8cd1ba3ec1f6975
827,temporal_attention_like,0.0,0.0,0.0,0.0,0.6,0.85,0.25,uniform,cacc389d194b9afcb4cf75228f3376a8
828,temporal_attention_like,0.0,0.0,0.0,0.0,0.25,0.45,0.2,uniform,7c3037ae471a781fb2a99c1bbaa7ad0c
829,temporal_attention_like,0.0,0.0,0.0,0.0,0.3,0.5,0.2,uniform,a4745b0aa69388d4586eb435033e368b
830,temporal_attention_like,0.0,0.0,0.0,0.0,0.55,0.75,0.1999999999999999,uniform,bcaefd051071f9c90bdea97b0c9dd286
831,temporal_attention_like,0.0,0.0,0.0,0.0,0.6,0.8,0.2,uniform,dcc3025ae5e53320a631893139f63a24
832,temporal_attention_like,0.0,0.0,0.0,0.0,0.65,0.85,0.1999999999999999,uniform,ff0a3840ce51c71865fa869a029d1f3b
833,temporal_attention_like,0.0,0.0,0.0,0.0,0.1,0.4,0.3,uniform,e889988a119bdbf7993bf257c97fa167
834,temporal_attention_like,0.0,0.0,0.0,0.0,0.15,0.45,0.3,uniform,fd64821d426bc834afbb9a01afc87489
835,temporal_attention_like,0.0,0.0,0.0,0.0,0.2,0.5,0.3,uniform,d0bf1a2483a0e459b4e22c96e8deb23f
836,temporal_attention_like,0.0,0.0,0.0,0.0,0.0,0.25,0.25,uniform,9b1d2e4ce8caafe709a40c0b3ad1107a
837,temporal_attention_like,0.0,0.0,0.0,0.0,0.05,0.3,0.25,uniform,6aa37c5eed7410c6b1a3dede84ee7245
838,temporal_attention_like,0.0,0.0,0.0,0.0,0.1,0.35,0.2499999999999999,uniform,cbd4d7b8da0825b61ba5d184371eefe1
839,temporal_attention_like,0.0,0.0,0.0,0.0,0.15,0.4,0.25,uniform,cc7cd80628336247bdbdb0eeacea5a34
840,temporal_attention_like,0.0,0.0,0.0,0.0,0.2,0.45,0.25,uniform,5620255d6c344754d38d2473cb008ed7
841,temporal_multi_window,0.0,0.0,0.0,0.0,0.05,0.15,0.0999999999999999,uniform,92fac82bbb87d71c232d63c110199230
842,temporal_multi_window,0.0,0.0,0.0,0.0,0.1,0.2,0.1,uniform,dd0f780d8589002c5d8b3a925a1ada3c
843,temporal_multi_window,0.0,0.0,0.0,0.0,0.15,0.25,0.1,uniform,45e5edc645fd338a95f5c82fdddb8491
844,temporal_attention_like,0.0,0.0,0.0,0.0,0.55,0.9,0.35,uniform,019c6da9cfc119eb4ce984db19517414
845,temporal_attention_like,0.0,0.0,0.0,0.0,0.6,0.95,0.35,uniform,eb14c9a3d508c5217b9b851ad740f777
846,temporal_attention_like,0.0,0.0,0.0,0.0,0.65,1.0,0.35,uniform,5190a773195fef1acc380adc742a3e44
847,temporal_attention_like,0.0,0.0,0.0,0.0,0.0,0.4,0.4,uniform,dcf5cf9b7e89cf7fbb1b3025bfb82eb9
848,temporal_attention_like,0.0,0.0,0.0,0.0,0.05,0.45,0.4,uniform,e6ed264d06a4ace8c852703e393104d5
849,temporal_attention_like,0.0,0.0,0.0,0.0,0.6,0.7,0.0999999999999999,uniform,ba00edff750e1e0abaed3c5afaae37b2
850,temporal_attention_like,0.0,0.0,0.0,0.0,0.65,0.75,0.0999999999999999,uniform,7878e72bd0e071e729f62433f53b33f7
851,temporal_attention_like,0.0,0.0,0.0,0.0,0.7,0.8,0.1,uniform,36ccddaf8b6cb81152867da1d328146a
852,temporal_attention_like,0.0,0.0,0.0,0.0,0.0,0.45,0.45,uniform,d1e41dbd09420075f69a9d075a02d572
853,temporal_attention_like,0.0,0.0,0.0,0.0,0.05,0.5,0.45,uniform,9efb18a45654048cc2150cce3c60ba83
854,temporal_attention_like,0.0,0.0,0.0,0.0,0.55,1.0,0.4499999999999999,uniform,eed95bcad6e96bb452016384f4433da2
855,temporal_attention_like,0.0,0.0,0.0,0.0,0.0,0.5,0.5,uniform,f10660654d2f0f751ffab045edcc59aa
856,temporal_multi_window,0.0,0.0,0.0,0.0,0.0,0.1,0.1,uniform,9d9e527ef0577a758c434288bca92556
857,temporal_attention_like,0.0,0.0,0.0,0.0,0.3,0.45,0.15,uniform,d1c82d226a78fab788554a7b247d366b
858,temporal_attention_like,0.0,0.0,0.0,0.0,0.25,0.4,0.15,uniform,35e33c209db23ee362154b0bad9b03c6
859,temporal_attention_like,0.0,0.0,0.0,0.0,0.2,0.35,0.1499999999999999,uniform,254ed35bdf820d418877fbc3f4bc37e8
860,temporal_attention_like,0.0,0.0,0.0,0.0,0.2,0.4,0.2,uniform,5bd1df94b642bc7398bc1884a0ba461d
861,temporal_attention_like,0.0,0.0,0.0,0.0,0.15,0.35,0.1999999999999999,uniform,6d06e7882ddd418ccee9872f83c925f2
862,temporal_attention_like,0.0,0.0,0.0,0.0,0.1,0.3,0.1999999999999999,uniform,1088374175df8efd2c8695d5928965da
863,temporal_attention_like,0.0,0.0,0.0,0.0,0.05,0.25,0.2,uniform,d4f2dd8c3a9f8f219336283c6e7179d7
864,temporal_attention_like,0.0,0.0,0.0,0.0,0.0,0.2,0.2,uniform,89af2991293e669deca1c7638e54b1db
865,temporal_multi_window,0.0,0.0,0.0,0.0,0.65,0.8,0.15,uniform,77de38ce12c4b9584110e27b7978eec6
866,temporal_multi_window,0.0,0.0,0.0,0.0,0.35,0.5,0.15,uniform,e7a2a20ea221af0c532fb167eb306a53
867,temporal_multi_window,0.0,0.0,0.0,0.0,0.75,0.9,0.15,uniform,c8a506c10556dbe84c93bb38b9eb9ca9
868,temporal_attention_like,0.0,0.0,0.0,0.0,0.7,0.85,0.15,uniform,77a0d5ee59637aba07e2ad45f941cb9a
869,temporal_attention_like,0.0,0.0,0.0,0.0,0.65,0.8,0.15,uniform,c9af936e8aace21c6d60e0d8d2490683
870,temporal_attention_like,0.0,0.0,0.0,0.0,0.6,0.75,0.15,uniform,f7ebc2b18a3a3cbeaf0d8b5144e3a3b6
871,temporal_attention_like,0.0,0.0,0.0,0.0,0.55,0.7,0.1499999999999999,uniform,ad8b7428e4914634541a2802dfbc344a
872,temporal_attention_like,0.0,0.0,0.0,0.0,0.35,0.5,0.15,uniform,4fad779aa2a0a967cc8d2d2378ca1e7e
873,temporal_attention_like,0.0,0.0,0.0,0.0,0.05,0.2,0.15,uniform,f6fb5833995253bfd3baad1e0d01506e
874,temporal_attention_like,0.0,0.0,0.0,0.0,0.1,0.25,0.15,uniform,64160dfb3abd7c6f4dfe69ab7d85a56e
875,temporal_attention_like,0.0,0.0,0.0,0.0,0.15,0.3,0.15,uniform,50c848b04b4b6a7d119f03cae477c64c
876,temporal_attention_like,0.0,0.0,0.0,0.0,0.25,0.35,0.0999999999999999,uniform,f613073cb9158962a1cc38482c1dea1b
877,temporal_attention_like,0.0,0.0,0.0,0.0,0.3,0.4,0.1,uniform,d94bba60f3dece3fb97212803ee4c9d7
878,temporal_attention_like,0.0,0.0,0.0,0.0,0.35,0.45,0.1,uniform,8f99b55a8ac312d336f5e0500cc3b5d1
879,temporal_attention_like,0.0,0.0,0.0,0.0,0.4,0.5,0.0999999999999999,uniform,0d14ec32e66b140419dc8d82ff083252
880,temporal_attention_like,0.0,0.0,0.0,0.0,0.55,0.65,0.0999999999999999,uniform,2ab96864a5f2b54b927b2e79f808de5a
881,temporal_multi_window,0.0,0.0,0.0,0.0,0.45,0.55,0.1,uniform,f160e7eba3a41206add2b165673453f0
882,temporal_multi_window,0.0,0.0,0.0,0.0,0.55,0.65,0.0999999999999999,uniform,c2708a04817c5d08b0515a86f5755821
883,temporal_multi_window,0.0,0.0,0.0,0.0,0.6,0.7,0.0999999999999999,uniform,e85227d66ddacd31b1b815dde02fec5d
884,temporal_attention_like,0.0,0.0,0.0,0.0,0.75,0.85,0.0999999999999999,uniform,3c39df7923f6d634f7cf3aca97827cde
885,temporal_attention_like,0.0,0.0,0.0,0.0,0.8,0.9,0.0999999999999999,uniform,71660a6fe95c9bfc712e4e34f776efc1
886,temporal_attention_like,0.0,0.0,0.0,0.0,0.85,0.95,0.0999999999999999,uniform,36d9f883b3cae3c7bbd64d03c6a2e492
887,temporal_attention_like,0.0,0.0,0.0,0.0,0.9,1.0,0.0999999999999999,uniform,137af001b1c90f94e6d1d2da699e7d4e
888,temporal_attention_like,0.0,0.0,0.0,0.0,0.0,0.15,0.15,uniform,d969c6ec08fc8a6705be4b9ff256626c
889,temporal_multi_window,-3.537069402041049e-05,0.1011920436196699,0.0,0.0202171863075217,0.1,0.75,0.65,uniform,146e6fef44da989c388d8c856321c063
890,temporal_weighted_window,-0.000260121380299,0.0005178652253569,0.0,-5.249978310804212e-05,0.6,0.7,0.0999999999999999,gaussian,b1a0d8e91ed9b996367af459af625764
891,temporal_weighted_window,-0.0004469068477749,5.002328197660981e-13,0.0,-0.0002681441085649,0.75,0.9,0.15,triangular,1f9f70ba40010e940c9808ae7de32e65
892,temporal_weighted_window,-0.0004469068477749,4.94554195625818e-13,0.0,-0.000268144108566,0.75,0.9,0.15,cosine,c400d4ade17501c5efde7b06d4578fe0
893,temporal_window,-0.0006193987503702,0.0266667495471359,0.0,0.004961710659205,0.3,0.4,0.1,uniform,27da98aa1080bef3b16c74d3b42da154
894,temporal_weighted_window,-0.0007246496858352,3.4393026074923834e-13,0.0,-0.0004347898114323,0.7,0.95,0.25,gaussian,9eb15e9ed19a004d85ac8571d8e1e59e
895,temporal_weighted_window,-0.0007246496858352,8.817057194289488e-14,0.0,-0.0004347898114835,0.7,0.95,0.25,triangular,6c034ed79af2f8148c994d715cb9460e
896,temporal_weighted_window,-0.0007246496858352,9.428852082188469e-14,0.0,-0.0004347898114822,0.05,0.3,0.25,triangular,c7a5368997572ff1e844ea885bfbc4cb
897,temporal_weighted_window,-0.0007246496858352,7.96999312970345e-14,0.0,-0.0004347898114852,0.7,0.95,0.25,cosine,4e19eca55722e7fa8fcca9d8f85e4d0b
898,temporal_weighted_window,-0.0007246496858352,8.726907172518246e-14,0.0,-0.0004347898114836,0.05,0.3,0.25,cosine,c7f779b5402972adb99d5ae94f3474ad
899,temporal_weighted_window,-0.0007246496858352,3.4675785972897626e-13,0.0,-0.0004347898114317,0.05,0.3,0.25,gaussian,f8426f8d06b284780d7785a87ba605c7
900,temporal_multi_window,-0.0008085290978093,0.0357832613593629,0.0,0.0066715348131869,0.0,0.25,0.25,uniform,8faab95f8699aeb42da084934529cd39
901,temporal_multi_window,-0.0008085290978093,0.0357832613593629,0.0,0.0066715348131869,0.75,1.0,0.25,uniform,d63a2a0338daab714c0deb2061553e37
902,temporal_weighted_window,-0.0008616568402548,5.0968017558662616e-14,0.0,-0.0005169941041427,0.0,0.35,0.35,cosine,0660cdba8fcd4f679340fa3c0798dba4
903,temporal_weighted_window,-0.0009082225016891,6.615218568427101e-13,0.0,-0.0005449335008811,0.15,0.4,0.25,gaussian,7f8af29a60377094777851e3bd9e9a5b
904,temporal_weighted_window,-0.0009082225016891,1.647667173744376e-13,0.0,-0.0005449335009805,0.15,0.4,0.25,triangular,bf1c8c29c5b0205ec37a40aefbf1b63c
905,temporal_weighted_window,-0.0009082225016891,1.6179754517754316e-13,0.0,-0.0005449335009811,0.15,0.4,0.25,cosine,94f3b9335004ba76274fec8f9a6f6d00
906,temporal_weighted_window,-0.0009220745464452,0.0,0.0,-0.0005532447278671,0.35,0.5,0.15,gaussian,84e8608ac64c8bc132d2150b972aa141
907,temporal_multi_window,-0.0010317738789202,0.0,0.0,-0.0006190643273521,0.2,0.6,0.3999999999999999,uniform,c57b4b5e9b79f825e3b8be009df05d16
908,temporal_multi_window,-0.001120256126876,0.0588019136623489,0.0,0.0110882290563441,0.05,0.55,0.5,uniform,63bcf9643224f3f72334b5f374d14028
909,temporal_weighted_window,-0.0011479853228803,1.939528924285473e-13,0.0,-0.0006887911936894,0.2,0.5,0.3,gaussian,697239a38b20e8d40cc28aa9f824e639
910,temporal_weighted_window,-0.0011479853228803,6.059853404860066e-14,0.0,-0.000688791193716,0.2,0.5,0.3,cosine,db9d75eb78c945758c03e0a49570edb5
911,temporal_weighted_window,-0.0012092668639291,9.494264100555765e-14,0.0,-0.0007255601183384,0.05,0.55,0.5,cosine,4a45bca2e1f1594ff2e264f6aa4a662e
912,temporal_weighted_window,-0.0012357916300057,2.034465123618808e-14,0.0,-0.0007414749779993,0.55,1.0,0.4499999999999999,triangular,b00f4f62c3ede923dfd3246403eb052a
913,temporal_weighted_window,-0.0013869873733283,4.2782304161331575e-14,0.0,-0.0008321924239884,0.0,0.5,0.5,cosine,a1f2f294da784719b94e5942a2e46e15
914,temporal_multi_window,-0.0014063413507544,0.0,0.0,-0.0008438048104526,0.5,0.7,0.1999999999999999,uniform,459e2522a8f6571450966afa9481b373
915,temporal_multi_window,-0.0014472393307026,0.0,0.0,-0.0008683435984216,0.05,0.25,0.2,uniform,fcb64c2f7eed08913e6fd8cf39e2040a
916,temporal_window,-0.0016142479882434,0.1035078780514489,0.0,0.0197330268173437,0.35,0.65,0.3,uniform,4a949aba9053f7da9a36ae3d135d4933
917,temporal_weighted_window,-0.0016254894842466,0.099999999212603,0.0,0.0190247061519726,0.25,0.65,0.4,gaussian,941ba37d3495054125b7eb5b9fbb8e66
918,temporal_window,-0.0018197196880507,0.1023259028053356,0.0,0.0193733487482367,0.25,0.55,0.3,uniform,fc3099b83a78c64667b023244000b5dd
919,temporal_window,-0.0019335841998912,0.0700034561767652,0.0,0.0128405407154182,0.05,0.3,0.25,uniform,a23992c935f97ef0f8b520474801aae1
920,temporal_multi_window,-0.0019720713876386,0.0509045408610119,0.0,0.0089976653396191,0.1,0.35,0.2499999999999999,uniform,7929514d39abb3eeda95255de7500358
921,temporal_multi_window,-0.0019720713876386,0.0415242002982673,0.0,0.0071215972270702,0.65,0.9,0.25,uniform,5a41b248251d7e6c6842e5d918608c3e
922,temporal_window,-0.0021480002612684,0.0248793570837241,0.0,0.0036870712599837,0.1,0.5,0.4,uniform,162364b27472960f780fe96bbaf75654
923,temporal_weighted_window,-0.0021998319839248,3.7093263775209455e-14,0.0,-0.0013198991903474,0.65,1.0,0.35,cosine,714bec38d4e881abc2647382a622d6f2
924,temporal_weighted_window,-0.002314858748751,0.0997643623721736,0.0,0.018563957225184,0.35,0.6,0.25,gaussian,c8cfcfbb09d8ad1234d3fc3ac285f598
925,temporal_weighted_window,-0.002314858748751,0.0999999992898133,0.0,0.018611084608712,0.35,0.6,0.25,triangular,56b6115711c8763c9c1e16d518443b55
926,temporal_weighted_window,-0.002314858748751,0.099999999187111,0.0,0.0186110845881715,0.35,0.6,0.25,cosine,2d5d341c24d627cb2a916fded6f7d464
927,temporal_weighted_window,-0.0023497136817455,0.0999999982646844,0.0,0.0185901714438895,0.35,0.65,0.3,gaussian,d6b7ea433652109c71fd8c1f4e07a4fa
928,temporal_weighted_window,-0.0024236405762203,4.624490891854556e-13,0.0,-0.0014541843456396,0.2,0.55,0.35,gaussian,bd358f4b2ad3dc716a7dd30f24b2b79d
929,temporal_weighted_window,-0.0025480110575283,0.0999999993009992,0.0,0.0184711932256828,0.5,0.6,0.0999999999999999,triangular,779da94027533c6d8de17a3b68bae3d2
930,temporal_weighted_window,-0.0025480110575283,0.0999999993661866,0.0,0.0184711932387203,0.5,0.6,0.0999999999999999,cosine,b9b18703102fc50a12edccd8cdd21350
931,temporal_window,-0.0025776108493428,0.0998695674719095,0.0,0.0184273469847762,0.5,0.6,0.0999999999999999,uniform,20773bf3224e82618bec6f242f4bf356
932,temporal_weighted_window,-0.0025942809410334,2.8689364273932245e-13,0.0,-0.0015565685645626,0.5,0.85,0.35,gaussian,8ecb588a2d707ec49ed824b52a6126d9
933,temporal_weighted_window,-0.0026377595630882,0.0999999998055582,0.0,0.0184173442232587,0.35,0.65,0.3,cosine,68d04fb40bb4e2f01149527e2b6ac84f
934,temporal_multi_window,-0.0027061628788195,0.0,0.0,-0.0016236977272917,0.6,0.8,0.2,uniform,a8be11ef5bf21f89a489b3d4a8f65d5d
935,temporal_multi_window,-0.0027189682043973,0.0,0.0,-0.0016313809226384,0.75,0.95,0.1999999999999999,uniform,383284e9b0f620b37b696dff1da7b5ea
936,temporal_weighted_window,-0.0027886357284914,8.434393327963731e-14,0.0,-0.0016731814370779,0.15,0.5,0.35,triangular,912d377189298408c827de110392409a
937,temporal_weighted_window,-0.0030112665045619,5.826193736102817e-14,0.0,-0.0018067599027254,0.0,0.45,0.45,gaussian,1022cd4555503bdee987ec6bd30f6bd7
938,temporal_multi_window,-0.0031520259096494,0.0,0.0,-0.0018912155457896,0.15,0.45,0.3,uniform,6accf76fe91d975c1ac09e4568fb10b5
939,temporal_weighted_window,-0.0031541700385894,9.975509013993146e-14,0.0,-0.0018925020231337,0.1,0.55,0.45,triangular,bcecd95e5db940b0cafdffcfa150fd75
940,temporal_multi_window,-0.0031604979931619,0.0384959129801902,0.0,0.0058028838001408,0.0,0.5,0.5,uniform,e77974c6c8073aa78f85802a199dce95
941,temporal_multi_window,-0.0033218192098561,0.101668128764998,0.0,0.0183405342270859,0.35,0.8,0.45,uniform,38773eeabee545bdc351f40cadfd5453
942,temporal_multi_window,-0.0036334710089676,0.1011543061381823,0.0,0.0180507786222558,0.2,0.95,0.75,uniform,356caa693805759ae25c5d6a1aadcb1b
943,temporal_weighted_window,-0.0037012532981486,8.590714517137623e-14,0.0,-0.0022207519788719,0.1,0.55,0.45,cosine,89f82fb8b31809bd1e8ebf9fec68de1d
944,temporal_weighted_window,-0.0039830970143189,0.1000000000427439,0.0,0.0176101417999574,0.25,0.65,0.4,cosine,e32e35a72801e7ee7536aa62d7e2c078
945,temporal_weighted_window,-0.0040754663084094,0.1000000000103251,0.0,0.0175547202170193,0.25,0.65,0.4,triangular,5e0df7ce432e45c22ff336fa27084484
946,temporal_weighted_window,-0.0040997892826611,1.3216238347513513e-13,0.0,-0.0024598735695702,0.3,0.5,0.2,triangular,955619841b9ca9cf2b423240b30ee965
947,temporal_weighted_window,-0.0040997892826611,1.3214943374057857e-13,0.0,-0.0024598735695702,0.3,0.5,0.2,cosine,36d33042305f2015ae081f2d7248afde
948,temporal_multi_window,-0.0043129739143927,0.103804223613834,0.0,0.0181730603741311,0.0,1.0,1.0,uniform,1175341d9add6c36781cc409d08f2d4b
949,temporal_weighted_window,-0.0045926833874615,0.1000000000833632,0.0,0.0172443899841957,0.5,0.65,0.15,cosine,8ccacb53ac6c25c4cc8054c8294d8f1b
950,temporal_window,-0.0047823184639421,0.0757370771380682,0.0,0.0122780243492483,0.75,0.95,0.1999999999999999,uniform,96cbd8cf9c9867332fe26548a8b9c77f
951,temporal_weighted_window,-0.0048506502375141,0.1000000002135092,0.0,0.0170896099001933,0.5,0.65,0.15,triangular,519aed136188d5639dcd84b69609e8ac
952,temporal_multi_window,-0.0050077116075142,0.0993441374571277,0.0,0.016864200526917,0.3,0.75,0.45,uniform,dcaa9ec3504dc7d3c401b2cd910d5beb
953,temporal_weighted_window,-0.005053841460983,0.0999999988059136,0.0,0.0169676948845929,0.25,0.6,0.35,triangular,4921d3c852d0d1d7eac251a4ff294f4b
954,temporal_multi_window,-0.0050830580067291,0.017650683826664,0.0,0.0004803019612952,0.1,0.6,0.5,uniform,9f1e1185e9e39fd686a662a0cbc65a12
955,temporal_weighted_window,-0.0052087637930134,1.7877518656648994e-12,0.0,-0.0031252582754504,0.15,0.35,0.1999999999999999,gaussian,64bf6a4964da00ab5b6a69f94e6396ac
956,temporal_weighted_window,-0.0052087637930134,1.7962678620037697e-12,0.0,-0.0031252582754487,0.65,0.85,0.1999999999999999,gaussian,ba4a80019e6426a3a8628a094817c8a0
957,temporal_weighted_window,-0.005322688397611,5.618374333405248e-13,0.0,-0.0031936130384542,0.5,0.8,0.3,gaussian,9ab8ae82f4823a2f540d9548fd28fa01
958,temporal_multi_window,-0.0054210357886602,0.0993681975783326,0.0,0.0166210180424704,0.1,0.85,0.75,uniform,ce2d3349279b8d6e26457a9cefda7642
959,temporal_weighted_window,-0.005424184955738,3.6941420563912105e-13,0.0,-0.0032545109733689,0.15,0.35,0.1999999999999999,cosine,2db59683fae6ca73c5484017d6644015
960,temporal_weighted_window,-0.005424184955738,3.6385583081881413e-13,0.0,-0.00325451097337,0.65,0.85,0.1999999999999999,cosine,f0f63f3cc537c1a752e1986c15b8f10f
961,temporal_weighted_window,-0.005506976975277,3.887852299478482e-13,0.0,-0.0033041861850884,0.15,0.35,0.1999999999999999,triangular,d43d8632eeb8a7834e6cbb4b4b98f1bf
962,temporal_weighted_window,-0.005506976975277,3.809284071896537e-13,0.0,-0.00330418618509,0.65,0.85,0.1999999999999999,triangular,4d40203c8077e6abd7a10bab68117940
963,temporal_weighted_window,-0.0056139961748483,0.099999997794967,0.0,0.0166316018540843,0.25,0.6,0.35,cosine,5e89619062d979ce0b96ed662fdb846f
964,temporal_weighted_window,-0.0056711831888505,2.3597280172601333e-13,0.0,-0.0034027099132631,0.15,0.5,0.35,gaussian,582f7ded4a7748bb74d400cabaed27ba
965,temporal_weighted_window,-0.0056711831888505,8.17775955820729e-14,0.0,-0.0034027099132939,0.15,0.5,0.35,cosine,cf59de24801b3c9171a9603b4538b862
966,temporal_window,-0.0056943695136424,0.0459349593757492,0.0,0.0057703701669644,0.8,1.0,0.1999999999999999,uniform,3621b268faff8b9b51d5ae2d602b7106
967,temporal_weighted_window,-0.0057482974758433,8.934201653276216e-14,0.0,-0.0034489784854881,0.0,0.55,0.55,cosine,19e2df98029778873d8726be1a992fc2
968,temporal_weighted_window,-0.0058431060510176,3.382396834537355e-13,0.0,-0.0035058636305429,0.0,0.25,0.25,gaussian,62b0321512afb6adca212d31d9833f95
969,temporal_weighted_window,-0.0058431060510176,8.24970259593376e-14,0.0,-0.0035058636305941,0.0,0.25,0.25,triangular,7b1420f531342905a9d1b81d35d72b44
970,temporal_weighted_window,-0.0058431060510176,8.822093671748545e-14,0.0,-0.0035058636305929,0.0,0.25,0.25,cosine,994a89c338c0763853f7668f72db2add
971,temporal_multi_window,-0.0058868228773655,0.0994036808506599,0.0,0.0163486424437126,0.4,0.85,0.4499999999999999,uniform,220b3cc66f8b1af4de2406eaec62b723
972,temporal_weighted_window,-0.0061138969727194,0.0999370287523268,0.0,0.0163190675668337,0.25,0.6,0.35,gaussian,4addf210751228cae539d79e0177cff2
973,temporal_window,-0.006247179453386,0.0024270034280117,0.0,-0.0032629069864292,0.55,1.0,0.4499999999999999,uniform,962158d6add7ad614fccb78829689bfc
974,temporal_weighted_window,-0.0065259928940327,3.990448218907885e-14,0.0,-0.0039155957364116,0.65,1.0,0.35,triangular,7d8641cf1cd2779b0d5860842314595f
975,temporal_window,-0.0065989632342762,0.0285329011447671,0.0,0.0017472022883876,0.6,0.7,0.0999999999999999,uniform,a3ede8b98d07f3d3a97bc46b57168c00
976,temporal_weighted_window,-0.0066299305332756,1.408677169800724e-13,0.0,-0.0039779583199371,0.0,0.4,0.4,triangular,9236f4329cb2ef3fd85ff38facd30e07
977,temporal_weighted_window,-0.0069329433231399,1.195766171566012e-13,0.0,-0.00415976599386,0.0,0.35,0.35,gaussian,5944cf3837125217a783cd1eadbd3148
978,temporal_weighted_window,-0.0070925674342317,0.0,0.0,-0.004255540460539,0.35,0.5,0.15,triangular,0030b9c5264e0851b1e2049f8b8f4e6d
979,temporal_weighted_window,-0.0070925674342317,0.0,0.0,-0.004255540460539,0.35,0.5,0.15,cosine,e5401795141f932e82c1a01c94a7cab8
980,temporal_weighted_window,-0.0072833076081596,1.165942774625069e-13,0.0,-0.0043699845648724,0.65,1.0,0.35,gaussian,410a064c1465309af91ec0848f7274e8
981,temporal_weighted_window,-0.0074432220077722,0.0,0.0,-0.0044659332046633,0.1,0.3,0.1999999999999999,gaussian,c3be2a80e81947600c200ae3effa281a
982,temporal_weighted_window,-0.0074432220077722,0.0,0.0,-0.0044659332046633,0.1,0.3,0.1999999999999999,triangular,7ec2c972276ec3fb53d9dd7e40950fdc
983,temporal_weighted_window,-0.0074432220077722,0.0,0.0,-0.0044659332046633,0.1,0.3,0.1999999999999999,cosine,4aa337069e45087673b23e89bc2fa61c
984,temporal_weighted_window,-0.0074432220077722,0.0,0.0,-0.0044659332046633,0.7,0.9,0.2,gaussian,a0eeaeec67e87344652e038a54b8817a
985,temporal_weighted_window,-0.0074432220077722,0.0,0.0,-0.0044659332046633,0.7,0.9,0.2,triangular,1fcec60da16ee093e74f37bc853c165b
986,temporal_weighted_window,-0.0074432220077722,0.0,0.0,-0.0044659332046633,0.7,0.9,0.2,cosine,a660c29e07ecba8819062cedfd7917c3
987,temporal_window,-0.0075398636671651,0.063874030453374,0.0,0.0082508878903756,0.7,0.95,0.25,uniform,c39e99c446d4e85793beb21cafbebcac
988,temporal_weighted_window,-0.0078284488143601,3.497352895872533e-13,0.0,-0.0046970692885461,0.5,0.75,0.25,gaussian,9cf19eab70fbcc844c6bd4b7bafa6eef
989,temporal_multi_window,-0.0078455006494485,0.0622958033730716,0.0,0.0077518602849452,0.0,0.7,0.7,uniform,67535d690d38738980dcfa645a89da4f
990,temporal_weighted_window,-0.0080277192265339,1.1976631158087862e-13,0.0,-0.0048166315358964,0.6,1.0,0.4,cosine,5625ab38d8297d84aaba1bf482e09e3c
991,temporal_weighted_window,-0.008233604844481,4.267093739059935e-14,0.0,-0.0049401629066801,0.0,0.35,0.35,triangular,d6584368ff9bb605aff8e46e01886b01
992,temporal_weighted_window,-0.0084582051389738,3.24568289365713e-13,0.0,-0.0050749230833193,0.0,0.4,0.4,gaussian,4a9d4aae8d5f622796018762827d527e
993,temporal_weighted_window,-0.0085687937418218,1.699917189072928e-13,0.0,-0.0051412762450591,0.2,0.55,0.35,triangular,7164c739d91477d75d887835a981261d
994,temporal_weighted_window,-0.0086727488248886,7.929273693283286e-14,0.0,-0.0052036492949173,0.0,0.5,0.5,gaussian,39072f94eb9e9dbbaa797d620b0253df
995,temporal_window,-0.0087160590464501,0.1015610534771101,0.0,0.0150825752675519,0.4,0.65,0.25,uniform,e16a01bfa367458bd21eb1fb8d18e859
996,temporal_window,-0.0087578387152013,0.0576651931747246,0.0,0.0062783354058241,0.55,0.85,0.2999999999999999,uniform,3d83133d053e54eed6f15419cb311391
997,temporal_weighted_window,-0.0089039257291137,1.2916376539474284e-13,0.0,-0.0053423554374424,0.0,0.4,0.4,cosine,e2561e6b3b88cf41d0752dcbd36a7c84
998,temporal_weighted_window,-0.0091002300050596,0.0999999995279472,0.0,0.0145398619025536,0.4,0.65,0.25,gaussian,41057cdeca07081e34d9c31978767026
999,temporal_weighted_window,-0.0091002300050596,0.0999999996903561,0.0,0.0145398619350354,0.4,0.65,0.25,triangular,f99f0aab64c4298734e1ed268803b05a
1000,temporal_weighted_window,-0.0091002300050596,0.0999999997126055,0.0,0.0145398619394853,0.4,0.65,0.25,cosine,516b08adfa461267526503f1e6c5dff8
1001,temporal_weighted_window,-0.0091199865538142,4.510196634179552e-14,0.0,-0.0054719919322795,0.0,0.5,0.5,triangular,4da57f32905997847b8d2caf6660260f
1002,temporal_weighted_window,-0.009261103154015,3.980159838302416e-13,0.0,-0.0055566618923294,0.6,0.8,0.2,triangular,56c3276f3d28dd904e2fd3b9570fdba9
1003,temporal_weighted_window,-0.009261103154015,3.9412983758542353e-13,0.0,-0.0055566618923302,0.2,0.4,0.2,triangular,f113cb90a8dcd2b4e91e19bd61e13025
1004,temporal_weighted_window,-0.009261103154015,3.781810824321757e-13,0.0,-0.0055566618923334,0.2,0.4,0.2,cosine,ad5ba93d0cc64de15b1f1247243d7956
1005,temporal_weighted_window,-0.009261103154015,3.6385887049752954e-13,0.0,-0.0055566618923362,0.6,0.8,0.2,cosine,7426533d24de04da5ef28fae167315de
1006,temporal_weighted_window,-0.0094050965225831,2.900160283496799e-13,0.0,-0.0056430579134918,0.6,1.0,0.4,gaussian,34947cd6dfab08cdd823ef5b8a23e86c
1007,temporal_window,-0.0095854335728767,0.1023637921759166,0.0,0.0147214982914572,0.35,0.6,0.25,uniform,f762f3f0ca55f96a23bac2e71e9704de
1008,temporal_weighted_window,-0.0095994709117991,6.56558327756067e-13,0.0,-0.0057596825469481,0.6,0.85,0.25,gaussian,4c2267bc9506c81848a061be72829880
1009,temporal_weighted_window,-0.0095994709117991,1.6775679205777158e-13,0.0,-0.0057596825470459,0.6,0.85,0.25,triangular,d69e875d9a70281b2c055d61344ad0b6
1010,temporal_weighted_window,-0.0095994709117991,1.6490338058104324e-13,0.0,-0.0057596825470465,0.6,0.85,0.25,cosine,e585b73e08de4d56989a34b1d34497fe
1011,temporal_weighted_window,-0.0099692536804393,0.0,0.0,-0.0059815522082635,0.65,0.8,0.15,triangular,9508d824aeeecbd48dfafa34729de9db
1012,temporal_weighted_window,-0.0099692536804393,0.0,0.0,-0.0059815522082635,0.65,0.8,0.15,cosine,3f48588baf6eabf09b1db92577d6180e
1013,temporal_window,-0.0101820930304825,0.1017355012695263,0.0,0.0142378444356157,0.3,0.55,0.25,uniform,e29bc8bb707e5234f5bb3f1213b5af1c
1014,temporal_weighted_window,-0.0101886488607469,1.6623422876209137e-13,0.0,-0.0061131893164149,0.2,0.55,0.35,cosine,008953f3358f29de6316a376efa2307b
1015,temporal_window,-0.0103890149520564,0.0543392176095694,0.0,0.00463443455068,0.15,0.45,0.3,uniform,a556da2b471ac514e4f0c7f36a479a50
1016,temporal_multi_window,-0.0104878352475435,0.0,0.0,-0.0062927011485261,0.15,0.55,0.4,uniform,17f8ba7c11a10941986421b54d89103e
1017,temporal_weighted_window,-0.0108395631654983,0.0999999996222052,0.0,0.013496262025142,0.45,0.65,0.2,gaussian,0a265bdd08abf323232e2b827edc9e84
1018,temporal_window,-0.01124003304845,0.0613493354326062,0.0,0.0055258472574512,0.6,0.85,0.25,uniform,335f64cef98ac1fcf90fb0b207fe475c
1019,temporal_multi_window,-0.0112651815348035,0.0,0.0,-0.0067591089208821,0.2,0.4,0.2,uniform,11e83fb22dfb91459aadaa689e3314cc
1020,temporal_weighted_window,-0.0113350522336686,0.099999999764386,0.0,0.013198968612676,0.4,0.6,0.1999999999999999,cosine,639a7cbb405b684413afd976b716ec63
1021,temporal_weighted_window,-0.0113591640510067,6.226932540146026e-13,0.0,-0.0068154984304794,0.45,0.55,0.1,triangular,e6a41a66816e3293267d85f8ec341b84
1022,temporal_weighted_window,-0.0113591640510067,7.107908516860103e-13,0.0,-0.0068154984304618,0.45,0.55,0.1,cosine,447c0905a47bc39fc424cd00da246f9e
1023,temporal_weighted_window,-0.0114372112425244,3.028789351294341e-13,0.0,-0.0068623267454541,0.15,0.55,0.4,gaussian,25b464ec063e6eeddb6bf9b0ce03f4c4
1024,temporal_weighted_window,-0.0130259931892194,0.0,0.0,-0.0078155959135316,0.3,0.45,0.15,gaussian,30b171c71fd32a5bf1db7ae99440591b
1025,temporal_weighted_window,-0.0130259931892194,0.0,0.0,-0.0078155959135316,0.55,0.7,0.1499999999999999,gaussian,de598516f97710e6ff99d223b8f3def7
1026,temporal_weighted_window,-0.0137220621041709,9.694295352891525e-14,0.0,-0.0082332372624831,0.15,0.55,0.4,triangular,5f7e56b987471cf113ebceb0f881e34e
1027,temporal_weighted_window,-0.0140035165293627,8.015006626992347e-13,0.0,-0.0084021099174573,0.9,1.0,0.0999999999999999,gaussian,7cabadb53435bab75d81148798aa2a99
1028,temporal_weighted_window,-0.0140784477786373,0.0473230361701066,0.0,0.0010175385668389,0.75,0.85,0.0999999999999999,gaussian,0a855a7988a78808ad84c3fb9e9f7bc8
1029,temporal_weighted_window,-0.0141478046024831,5.1160137937055e-13,0.0,-0.0084886827613875,0.75,0.85,0.0999999999999999,triangular,e61058e5c3995f6a2ddd66e2c330deea
1030,temporal_weighted_window,-0.0141478046024831,4.97403199353106e-13,0.0,-0.0084886827613904,0.75,0.85,0.0999999999999999,cosine,b0a81d7eca456ac526cfe90f68156483
1031,temporal_multi_window,-0.0142477540144359,0.0,0.0,-0.0085486524086615,0.65,0.95,0.2999999999999999,uniform,5df3c6f9da22988afc9349dbfddbf31a
1032,temporal_window,-0.0143604776152546,0.059620401943845,0.0,0.0033077938196162,0.6,0.8,0.2,uniform,48df88326f1a549a4a97270dbe7d409a
1033,temporal_weighted_window,-0.0144052408019694,6.549725615374758e-13,0.0,-0.0086431444810506,0.3,0.55,0.25,gaussian,d7797c57886b5103b86fde18b4f1fbc8
1034,temporal_weighted_window,-0.0144052408019694,1.7501918659886453e-13,0.0,-0.0086431444811466,0.3,0.55,0.25,triangular,696d5f94fe32760f1a8a585b4f87f0e7
1035,temporal_weighted_window,-0.0144052408019694,1.777397099154457e-13,0.0,-0.008643144481146,0.3,0.55,0.25,cosine,9ede233407bafdb75d638aa21cc48b2f
1036,temporal_weighted_window,-0.0144353291028916,5.4080120251327694e-14,0.0,-0.0086611974617241,0.7,1.0,0.3,triangular,1da8083a157077338f8cfe6ff0a772df
1037,temporal_window,-0.0146679613798481,0.0,0.0,-0.0088007768279088,0.2,0.3,0.0999999999999999,uniform,bdbd616268c3a0557342b1633850b16b
1038,temporal_weighted_window,-0.0146679613798481,0.0,0.0,-0.0088007768279088,0.2,0.3,0.0999999999999999,triangular,97a9798b08b0e7bd3b5b44b00fcc5bc1
1039,temporal_weighted_window,-0.0146679613798481,0.0,0.0,-0.0088007768279088,0.2,0.3,0.0999999999999999,cosine,c06aab5de85108a9ead61f46e70fe806
1040,temporal_weighted_window,-0.0147485322637082,0.0999999999487615,0.0,0.0111508806315273,0.45,0.65,0.2,triangular,c77809e57407b19babb41dcfd5acce19
1041,temporal_weighted_window,-0.0147485322637082,0.0999999999831441,0.0,0.0111508806384038,0.45,0.65,0.2,cosine,339e8add0536942f94a37bd5ca9cc888
1042,temporal_window,-0.0148605732601627,0.1025967224335997,0.0,0.0116030005306223,0.45,0.65,0.2,uniform,cba41df05773a2626590cfd8fbb9be25
1043,temporal_multi_window,-0.0150547730951023,0.0,0.0,-0.0090328638570614,0.55,0.95,0.3999999999999999,uniform,1c5293636ddd0eb84836fc6e5a93bc06
1044,temporal_weighted_window,-0.0151260574060402,9.615137082123049e-14,0.0,-0.0090756344436049,0.15,0.55,0.4,cosine,7cbbb8c8cae918a3d18fba9f3e9e603e
1045,temporal_weighted_window,-0.0155507486566306,8.597555018889284e-14,0.0,-0.0093304491939611,0.0,0.55,0.55,triangular,e09ae6f50ff0284c0dc74ebf569b09b5
1046,temporal_weighted_window,-0.0159032996904724,0.0,0.0,-0.0095419798142834,0.25,0.45,0.2,gaussian,8af831853585c0df707b35bc9bb4d5eb
1047,temporal_window,-0.0159089898737697,0.0792698708144703,0.0,0.0063085802386322,0.0,0.25,0.25,uniform,0073d14333479e8566651295418219c9
1048,temporal_window,-0.0168537155446952,0.0656110565062575,0.0,0.0030099819744343,0.7,1.0,0.3,uniform,2810d419ce55699879b3fc9fdf010789
1049,temporal_weighted_window,-0.0168609012309051,6.301900962350127e-14,0.0,-0.0101165407385304,0.0,0.3,0.3,cosine,bab367ca6af2760e6b592dce2c111d40
1050,temporal_weighted_window,-0.0169880373120186,0.0019215207495519,0.0,-0.0098085182373007,0.45,0.55,0.1,gaussian,a13bcdcbcaa339be31691850ff7c338c
1051,temporal_window,-0.017276137534486,0.0330421499201679,0.0,-0.003757252536658,0.0,0.5,0.5,uniform,ce9b9cc9cb1e88ca1ea1a5692a15a0df
1052,temporal_weighted_window,-0.0176447313750835,0.0999999997609926,0.0,0.0094131611271483,0.45,0.6,0.1499999999999999,triangular,dbf122a2fad31622a6f0c7128a41287c
1053,temporal_weighted_window,-0.0176447313750835,0.099999999802505,0.0,0.0094131611354508,0.45,0.6,0.1499999999999999,cosine,3b65b7867df05612d891d5fb22c2b203
1054,temporal_multi_window,-0.0179262717689314,0.0,0.0,-0.0107557630613588,0.0,0.4,0.4,uniform,6725fdfd62a281ed34bcd119f3274f3b
1055,temporal_window,-0.018377765027655,0.0999991296461206,0.0,0.0089731669126311,0.4,0.85,0.4499999999999999,uniform,3da7e547b2e031b88bfef371a4e6d947
1056,temporal_window,-0.0185100165933262,0.038215087856141,0.0,-0.0034629923847675,0.3,0.5,0.2,uniform,263f4e08c971688867de1c0f48e785b7
1057,temporal_multi_window,-0.0187207212521839,0.0337386988577846,0.0,-0.0044846929797534,0.5,1.0,0.5,uniform,df47b648353b4c1d06e82170ac90ae90
1058,temporal_window,-0.0188938596941281,0.056005301476986,0.0,-0.0001352555210796,0.15,0.4,0.25,uniform,b42b02c384436157fda2540ccf64cdb0
1059,temporal_weighted_window,-0.0190024771532076,3.1397387836467285e-13,0.0,-0.0114014862918618,0.4,0.55,0.15,triangular,bd0eca045471c7bc8ec6d557b164ab6d
1060,temporal_weighted_window,-0.0190024771532076,3.1843641877585233e-13,0.0,-0.0114014862918609,0.4,0.55,0.15,cosine,19132fb95477481022253971fe46d6c5
1061,temporal_multi_window,-0.0193704209432369,0.0,0.0,-0.0116222525659421,0.25,0.45,0.2,uniform,ae5cc440c0606545992944d3664a68ef
1062,temporal_multi_window,-0.019374161956775,0.0,0.0,-0.011624497174065,0.45,0.85,0.3999999999999999,uniform,9b7463e81ee371b58df86b0a960cb7bb
1063,temporal_window,-0.0193776349234255,0.0428352936878119,0.0,-0.0030595222164929,0.25,0.5,0.25,uniform,962d1cb3f7275a0b126659a0173b1d82
1064,temporal_multi_window,-0.0200064866883237,0.0,0.0,-0.0120038920129942,0.1,0.4,0.3,uniform,4936b412327d7d4f333945961b5d55da
1065,temporal_weighted_window,-0.0201882518516481,0.0,0.0,-0.0121129511109888,0.25,0.45,0.2,triangular,f183d9ef385719f496ca3e7d42b87613
1066,temporal_weighted_window,-0.0201882518516481,0.0,0.0,-0.0121129511109888,0.25,0.45,0.2,cosine,dbb43a4fae163dfa48654e919557f8ad
1067,temporal_multi_window,-0.0201953205960335,0.0360721955944474,0.0,-0.0049027532387306,0.05,0.5,0.45,uniform,434f924585345e165a96ba02edfb120c
1068,temporal_window,-0.0204403038889435,0.0551424753726143,0.0,-0.0012356872588432,0.1,0.4,0.3,uniform,2aea87d40386c4b0e36eeb474d9ec8c1
1069,temporal_weighted_window,-0.0209010889173095,6.480254027734714e-13,0.0,-0.0125406533502561,0.8,1.0,0.1999999999999999,gaussian,07168f765e044c725750e7a74fecdd4c
1070,temporal_weighted_window,-0.0209010889173095,1.2792753774059564e-13,0.0,-0.0125406533503601,0.8,1.0,0.1999999999999999,triangular,202c21b84a25de880f9fc436f5493f39
1071,temporal_weighted_window,-0.0209010889173095,1.3080768055700841e-13,0.0,-0.0125406533503595,0.8,1.0,0.1999999999999999,cosine,60414bd7563a3e5a84cbab2afa5da6f1
1072,temporal_window,-0.0212210148906488,0.0,0.0,-0.0127326089343893,0.7,0.8,0.1,uniform,d31e13c7ebf8b6190f38fed72b1ead70
1073,temporal_weighted_window,-0.0212210148906488,0.0,0.0,-0.0127326089343893,0.7,0.8,0.1,triangular,e9a730c7f3a82547cb8bb5deba0cccfe
1074,temporal_weighted_window,-0.0212210148906488,0.0,0.0,-0.0127326089343893,0.7,0.8,0.1,cosine,64f8a936dc32bf3eae18d871fec07edf
1075,temporal_multi_window,-0.0216353014393934,0.0,0.0,-0.012981180863636,0.05,0.35,0.3,uniform,5c99328faf745996fec09c960c4c4b3f
1076,temporal_multi_window,-0.0218682463698379,0.099782032362002,0.0,0.0068354586504976,0.35,0.75,0.4,uniform,c0829fccbcf8c269748c8888b1123a05
1077,temporal_multi_window,-0.021878099401448,0.0996841606893245,0.0,0.006809972496996,0.25,0.65,0.4,uniform,9f0487a093d37052a120b2882564b141
1078,temporal_weighted_window,-0.0220003581584807,0.0,0.0,-0.0132002148950884,0.85,1.0,0.15,triangular,87476f2eb9755c00e316f751b0ee77c2
1079,temporal_weighted_window,-0.0220003581584807,0.0,0.0,-0.0132002148950884,0.85,1.0,0.15,cosine,e84f65a610aef2a297dde28e5c2817ef
1080,temporal_window,-0.022128269292656,0.0,0.0,-0.0132769615755936,0.7,0.9,0.2,uniform,caff3d5304c321b2c81913634851cc35
1081,temporal_weighted_window,-0.0225464537929857,2.303294859735325e-13,0.0,-0.0135278722757453,0.75,1.0,0.25,cosine,ae9b0be8359a6ec6743fbe0c6ca422fc
1082,temporal_weighted_window,-0.0225464537929857,9.095306602953916e-13,0.0,-0.0135278722756095,0.75,1.0,0.25,gaussian,b271729807130b6734ba5d487098d17a
1083,temporal_weighted_window,-0.0225464537929857,2.444903696004715e-13,0.0,-0.0135278722757425,0.75,1.0,0.25,triangular,0a5fd7e1e854472c80c2b8b7dd528052
1084,temporal_multi_window,-0.0225582487342445,0.0996629147711989,0.0,0.006397633713693,0.3,0.7,0.3999999999999999,uniform,8683f2d63aa9ac5f30abdacaadad7011
1085,temporal_multi_window,-0.022636975634063,0.1100881398667528,0.0,0.0084354425929127,0.2,0.65,0.45,uniform,c5152658a3fbfa14e3be414818ea0489
1086,temporal_multi_window,-0.0228305220950438,0.0,0.0,-0.0136983132570263,0.15,0.6,0.4499999999999999,uniform,e9765ea3d7168acb2df891d04f0ab07c
1087,temporal_weighted_window,-0.0233745091419864,0.0999994736017596,0.0,0.00597518923516,0.45,0.6,0.1499999999999999,gaussian,2cbaa25440ab6ed186726734f56a7fd3
1088,temporal_weighted_window,-0.0236087101396195,2.4581000082928243e-13,0.0,-0.0141652260837225,0.15,0.3,0.15,triangular,6bdbe7ccda49fa7daa19d7f5f67f949a
1089,temporal_weighted_window,-0.0236087101396195,2.420291934586217e-13,0.0,-0.0141652260837233,0.15,0.3,0.15,cosine,e219120c8977c664e459fbb19171b439
1090,temporal_weighted_window,-0.0236087101396195,2.416017290265493e-13,0.0,-0.0141652260837234,0.7,0.85,0.15,triangular,1e7eea7c2cb10204c1901a999854316d
1091,temporal_weighted_window,-0.0236087101396195,2.387640933012725e-13,0.0,-0.014165226083724,0.7,0.85,0.15,cosine,220a36ad6ba85aed75fa8ddf2a6978e2
1092,temporal_weighted_window,-0.0237493371569635,0.0,0.0,-0.0142496022941781,0.85,1.0,0.15,gaussian,e28e01808eda61a8e033498657087335
1093,temporal_window,-0.0240200982736457,0.0361237520688648,0.0,-0.0071873085504144,0.75,0.85,0.0999999999999999,uniform,637d6ff6bd90fb47af388f9b99451b1b
1094,temporal_multi_window,-0.0245703910367063,0.1030934829425953,0.0,0.0058764619664952,0.0,0.8,0.8,uniform,d7222cd4e1513388d6a6dedf4e296ee0
1095,temporal_weighted_window,-0.0248697185024932,7.532015244202539e-13,0.0,-0.0149218311013452,0.0,0.2,0.2,gaussian,ad9041f0188f5769171db4096991715c
1096,temporal_weighted_window,-0.0248697185024932,1.5068567466105324e-13,0.0,-0.0149218311014657,0.0,0.2,0.2,triangular,ac148af4ecdf1e0ab6c10c8b544802a1
1097,temporal_weighted_window,-0.0248697185024932,1.478576770750535e-13,0.0,-0.0149218311014663,0.0,0.2,0.2,cosine,7f622f8b9bc81a072dc4bbfc47e79aed
1098,temporal_weighted_window,-0.0256289711750741,1.4602344180602582e-14,0.0,-0.0153773827050415,0.0,0.1,0.1,gaussian,6787e5a0be4d9a3d829c5e69080201f9
1099,temporal_weighted_window,-0.0258230186818852,0.015177202595165,0.0,-0.0124583706900981,0.4,0.55,0.15,gaussian,81ff35d8f479f96ba552d1b8f49b5919
1100,temporal_weighted_window,-0.0260084869561436,5.258121260133389e-13,0.0,-0.015605092173581,0.9,1.0,0.0999999999999999,triangular,86a1abedf167b7f9f55eeae9576541bb
1101,temporal_weighted_window,-0.0260084869561436,5.087625437313171e-13,0.0,-0.0156050921735844,0.9,1.0,0.0999999999999999,cosine,4a084b9efc28ea330bb5f4cd23b9d9ff
1102,temporal_weighted_window,-0.026650909453301,1.933048457272089e-13,0.0,-0.0159905456719419,0.7,1.0,0.3,gaussian,3fe1683c7ed422af18a308b75cea5311
1103,temporal_weighted_window,-0.026650909453301,5.4087082452461536e-14,0.0,-0.0159905456719698,0.7,1.0,0.3,cosine,68c90182852bff362f091f8e19ba2509
1104,temporal_weighted_window,-0.0274914536894182,0.0,0.0,-0.0164948722136509,0.0,0.15,0.15,triangular,4678de980d2af13dcfdeb9af628420cf
1105,temporal_weighted_window,-0.0274914536894182,0.0,0.0,-0.0164948722136509,0.0,0.15,0.15,cosine,cee2823a399ec38e151ec84fa96444e5
1106,temporal_weighted_window,-0.0279769507457775,6.451465362362569e-14,0.0,-0.0167861704474536,0.0,0.3,0.3,triangular,cc9a27bb6c67173db47af72c11dcdb66
1107,temporal_weighted_window,-0.0281725771250388,2.047039717341041e-13,0.0,-0.0169035462749823,0.0,0.3,0.3,gaussian,80789dbc1a34b697d32e808bbf8213ce
1108,temporal_weighted_window,-0.0283243576641287,3.3788216718739737e-13,0.0,-0.0169946145984096,0.25,0.5,0.25,gaussian,c3b65f64e20723bad9d33e6e882c7ecc
1109,temporal_weighted_window,-0.0283243576641287,9.08689253539096e-14,0.0,-0.016994614598459,0.25,0.5,0.25,triangular,f6a57091fcb3174bb413b157b3126f6e
1110,temporal_weighted_window,-0.0283243576641287,9.065504510344625e-14,0.0,-0.0169946145984591,0.25,0.5,0.25,cosine,a00357b4ddf089a95a05ff9cd2529f3e
1111,temporal_weighted_window,-0.0284119643581081,0.0,0.0,-0.0170471786148648,0.0,0.15,0.15,gaussian,feedc3cf1cea2b3d255372d00c2b3302
1112,temporal_multi_window,-0.0289339720532143,0.0,0.0,-0.0173603832319286,0.0,0.45,0.45,uniform,e8161ed45d390299c3ea902f1ffafa84
1113,temporal_multi_window,-0.0289339720532143,0.0,0.0,-0.0173603832319286,0.55,1.0,0.4499999999999999,uniform,4b2001ca8075a484c3c523ccf571aae3
1114,temporal_weighted_window,-0.0289393481337008,1.3332728583582197e-12,0.0,-0.0173636088799538,0.35,0.55,0.2,gaussian,ab9bf22e54d27432f9f6e47134a532f5
1115,temporal_multi_window,-0.0295698330053535,0.080010404506186,0.0,-0.0017398189019749,0.45,0.9,0.45,uniform,c8a35439c35ee0f4d99d0144b0cfb381
1116,temporal_weighted_window,-0.0295730152406037,0.0814577348848762,0.0,-0.0014522621673869,0.5,0.65,0.15,gaussian,091d26299b4e2e2c7dbb16382f7d2b96
1117,temporal_weighted_window,-0.0297549487588955,7.610160970374309e-13,0.0,-0.0178529692551851,0.25,0.4,0.15,triangular,97578cf1800264714f6ccc9e0177f031
1118,temporal_weighted_window,-0.0297549487588955,7.746012052750919e-13,0.0,-0.0178529692551824,0.25,0.4,0.15,cosine,129f8fc810dbb0c2aa9bd84e69c59d42
1119,temporal_weighted_window,-0.0304393575156679,0.0047990310502242,0.0,-0.0173038082993559,0.15,0.3,0.15,gaussian,bb42ab8ec89416268e1616db34ef881a
1120,temporal_weighted_window,-0.0304393575156679,0.0047776893873179,0.0,-0.0173080766319372,0.7,0.85,0.15,gaussian,ce9a8c9c6543f36cace4ff85ed8badc7
1121,temporal_weighted_window,-0.0309352685424738,7.910486092855994e-13,0.0,-0.0185611611253261,0.25,0.55,0.3,gaussian,19104401c5e7b28f3c91ab04d243b029
1122,temporal_window,-0.0311505130957081,0.0624410135720334,0.0,-0.0062021051430181,0.9,1.0,0.0999999999999999,uniform,0b93fa9abb49096bedda0ebdd74abad5
1123,temporal_multi_window,-0.0315600460327667,0.0,0.0,-0.01893602761966,0.5,0.8,0.3,uniform,76ed1f0afe6640689c1e4009cde2e1d7
1124,temporal_multi_window,-0.0318557636418928,0.0997825267437685,0.0,0.000843047163618,0.25,0.7,0.4499999999999999,uniform,b35cf61819d91844edfcd1559e01d38c
1125,temporal_weighted_window,-0.0328735822255134,4.1004714399053515e-13,0.0,-0.019724149335226,0.35,0.55,0.2,triangular,638495ac805bd7c5ed1e2fdfd4e74563
1126,temporal_weighted_window,-0.0329868738846908,4.3687349283568864e-13,0.0,-0.0197921243307271,0.35,0.55,0.2,cosine,a91a4a2c1ab02e715342917ee8c9c33a
1127,temporal_window,-0.0331506749159181,0.0316601286254421,0.0,-0.0135583792244624,0.0,0.3,0.3,uniform,00924750605574bb0a3991153e03e1c0
1128,temporal_weighted_window,-0.033458559415562,2.535908697897658e-13,0.0,-0.0200751356492864,0.25,0.55,0.3,triangular,1eb94b07f37c94805325adf41eddb9c5
1129,temporal_weighted_window,-0.033458559415562,2.49535657227166e-13,0.0,-0.0200751356492872,0.25,0.55,0.3,cosine,c7a951d1d05749b752b7a57f4cbafa30
1130,temporal_window,-0.03429198665283,0.0,0.0,-0.020575191991698,0.25,0.35,0.0999999999999999,uniform,3631d70fdff190fbca8e4bb84c6465f4
1131,temporal_weighted_window,-0.03429198665283,0.0,0.0,-0.020575191991698,0.25,0.35,0.0999999999999999,triangular,b3284576fa39347ec822b874e8937857
1132,temporal_weighted_window,-0.03429198665283,0.0,0.0,-0.020575191991698,0.25,0.35,0.0999999999999999,cosine,6bf31bc804a1eaae4670e6a57a5fe091
1133,temporal_weighted_window,-0.0367577521562103,7.1340197361219e-13,0.0,-0.0220546512935835,0.0,0.1,0.1,triangular,d13968155c162e4f47dd1cea368e2e53
1134,temporal_weighted_window,-0.0367577521562103,6.96353855933405e-13,0.0,-0.0220546512935869,0.0,0.1,0.1,cosine,f70f9588b40e50bd7b2e5d5659264fa4
1135,temporal_window,-0.0367577521562103,0.0622707692008288,0.0,-0.0096004974535604,0.0,0.1,0.1,uniform,3d4770df5ad6fa4f39bda6203cc03714
1136,temporal_multi_window,-0.0373191679874406,0.0728942645056269,0.0,-0.0078126478913389,0.1,0.55,0.45,uniform,7f09946ad98fa77d13674b3614302e44
1137,temporal_multi_window,-0.0400910555624159,0.0,0.0,-0.0240546333374495,0.0,0.3,0.3,uniform,fb4333a86f44368d1de68463fd50608b
1138,temporal_multi_window,-0.0400910555624159,0.0,0.0,-0.0240546333374495,0.7,1.0,0.3,uniform,0e58fce325beedb177b1a806afb68b4f
1139,temporal_multi_window,-0.0405923142711752,0.0,0.0,-0.0243553885627051,0.3,0.6,0.3,uniform,21e5c984077b7a07a22074ad624098c0
1140,temporal_multi_window,-0.0413706530436149,0.0,0.0,-0.0248223918261689,0.1,0.5,0.4,uniform,afbeded45e6a76e70f5616af29e257eb
1141,temporal_multi_window,-0.043479194848397,0.0336275826972718,0.0,-0.0193620003695838,0.5,0.95,0.4499999999999999,uniform,bf8f4bf8ab00ef179eded7db94267924
