model_name,method,camera,seed,eval_task_success,eval_grasp_success,denoise_index,timestep,layer,attention_source,query_length,key_length,query_count,camera1_mass,camera2_mass,visual_total,language_mass,state_mass,suffix_mass,other_mass,x_t_norm,v_t_norm,suffix_hidden_norm
ours_v1_corner_12k,ours_v1,"corner,gripperPOV",10042,20.0,90.0,0,1.0,3,expert_cross,50,177,50,0.3589527904987335,0.1937665194272995,0.552719309926033,0.15184324979782104,0.29543742537498474,0.0,1.4901161193847656e-08,40.96978759765625,21.0101261138916,189.73532104492188
ours_v1_corner_12k,ours_v1,"corner,gripperPOV",10042,20.0,90.0,0,1.0,7,expert_cross,50,177,50,0.35127466917037964,0.25737348198890686,0.6086481511592865,0.23157817125320435,0.15977372229099274,0.0,0.0,40.96978759765625,21.0101261138916,189.73532104492188
ours_v1_corner_12k,ours_v1,"corner,gripperPOV",10042,20.0,90.0,0,1.0,11,expert_cross,50,177,50,0.26087719202041626,0.2162463217973709,0.47712351381778717,0.43991076946258545,0.08296574652194977,0.0,0.0,40.96978759765625,21.0101261138916,189.73532104492188
ours_v1_corner_12k,ours_v1,"corner,gripperPOV",10042,20.0,90.0,1,0.8999999761581421,3,expert_cross,50,177,50,0.35783651471138,0.19358691573143005,0.5514234304428101,0.15213754773139954,0.2964390516281128,0.0,0.0,40.27229690551758,20.981645584106445,189.72796630859375
ours_v1_corner_12k,ours_v1,"corner,gripperPOV",10042,20.0,90.0,1,0.8999999761581421,7,expert_cross,50,177,50,0.35076794028282166,0.2548111081123352,0.6055790483951569,0.2336902916431427,0.16073070466518402,0.0,0.0,40.27229690551758,20.981645584106445,189.72796630859375
ours_v1_corner_12k,ours_v1,"corner,gripperPOV",10042,20.0,90.0,1,0.8999999761581421,11,expert_cross,50,177,50,0.2584299147129059,0.21346817910671234,0.4718980938196182,0.44343844056129456,0.08466343581676483,0.0,2.9802322387695312e-08,40.27229690551758,20.981645584106445,189.72796630859375
ours_v1_corner_12k,ours_v1,"corner,gripperPOV",10042,20.0,90.0,2,0.800000011920929,3,expert_cross,50,177,50,0.3555122911930084,0.19412676990032196,0.5496390610933304,0.15245740115642548,0.29790350794792175,0.0,2.9802322387695312e-08,39.68560791015625,21.19646453857422,189.7415313720703
ours_v1_corner_12k,ours_v1,"corner,gripperPOV",10042,20.0,90.0,2,0.800000011920929,7,expert_cross,50,177,50,0.3515641391277313,0.2533528804779053,0.6049170196056366,0.23411817848682404,0.16096486151218414,0.0,0.0,39.68560791015625,21.19646453857422,189.7415313720703
ours_v1_corner_12k,ours_v1,"corner,gripperPOV",10042,20.0,90.0,2,0.800000011920929,11,expert_cross,50,177,50,0.25745341181755066,0.21263478696346283,0.4700881987810135,0.4446338713169098,0.08527790009975433,0.0,2.9802322387695312e-08,39.68560791015625,21.19646453857422,189.7415313720703
ours_v1_corner_12k,ours_v1,"corner,gripperPOV",10042,20.0,90.0,3,0.699999988079071,3,expert_cross,50,177,50,0.35361719131469727,0.19551074504852295,0.5491279363632202,0.1521969437599182,0.29867517948150635,0.0,0.0,39.17766571044922,21.343509674072266,189.7369842529297
ours_v1_corner_12k,ours_v1,"corner,gripperPOV",10042,20.0,90.0,3,0.699999988079071,7,expert_cross,50,177,50,0.3524509370326996,0.2518625855445862,0.6043135225772858,0.2346990704536438,0.16098739206790924,0.0,1.4901161193847656e-08,39.17766571044922,21.343509674072266,189.7369842529297
ours_v1_corner_12k,ours_v1,"corner,gripperPOV",10042,20.0,90.0,3,0.699999988079071,11,expert_cross,50,177,50,0.2556988000869751,0.21278931200504303,0.4684881120920181,0.4462253153324127,0.08528662472963333,0.0,0.0,39.17766571044922,21.343509674072266,189.7369842529297
ours_v1_corner_12k,ours_v1,"corner,gripperPOV",10042,20.0,90.0,4,0.6000000238418579,3,expert_cross,50,177,50,0.35077807307243347,0.19749830663204193,0.5482763797044754,0.15201781690120697,0.2997058033943176,0.0,0.0,38.738014221191406,21.56542205810547,189.74026489257812
ours_v1_corner_12k,ours_v1,"corner,gripperPOV",10042,20.0,90.0,4,0.6000000238418579,7,expert_cross,50,177,50,0.3539574444293976,0.25026193261146545,0.604219377040863,0.23510156571865082,0.16067910194396973,0.0,0.0,38.738014221191406,21.56542205810547,189.74026489257812
ours_v1_corner_12k,ours_v1,"corner,gripperPOV",10042,20.0,90.0,4,0.6000000238418579,11,expert_cross,50,177,50,0.25373274087905884,0.21228037774562836,0.4660131186246872,0.4482247233390808,0.08576217293739319,0.0,0.0,38.738014221191406,21.56542205810547,189.74026489257812
ours_v1_corner_12k,ours_v1,"corner,gripperPOV",10042,20.0,90.0,5,0.5,3,expert_cross,50,177,50,0.3481425344944,0.19911222159862518,0.5472547560930252,0.15277424454689026,0.2999710142612457,0.0,0.0,38.36262512207031,22.079343795776367,189.74183654785156
ours_v1_corner_12k,ours_v1,"corner,gripperPOV",10042,20.0,90.0,5,0.5,7,expert_cross,50,177,50,0.35572952032089233,0.24857568740844727,0.6043052077293396,0.23680002987384796,0.15889474749565125,0.0,1.4901161193847656e-08,38.36262512207031,22.079343795776367,189.74183654785156
ours_v1_corner_12k,ours_v1,"corner,gripperPOV",10042,20.0,90.0,5,0.5,11,expert_cross,50,177,50,0.2515607178211212,0.21071171760559082,0.46227243542671204,0.45212987065315247,0.08559763431549072,0.0,5.960464477539063e-08,38.36262512207031,22.079343795776367,189.74183654785156
ours_v1_corner_12k,ours_v1,"corner,gripperPOV",10042,20.0,90.0,6,0.4000000059604645,3,expert_cross,50,177,50,0.3455909788608551,0.20211489498615265,0.5477058738470078,0.15309418737888336,0.2991999387741089,0.0,0.0,38.05187225341797,22.649009704589844,189.73367309570312
ours_v1_corner_12k,ours_v1,"corner,gripperPOV",10042,20.0,90.0,6,0.4000000059604645,7,expert_cross,50,177,50,0.35634589195251465,0.2487896978855133,0.605135589838028,0.23878173530101776,0.1560826599597931,0.0,1.4901161193847656e-08,38.05187225341797,22.649009704589844,189.73367309570312
ours_v1_corner_12k,ours_v1,"corner,gripperPOV",10042,20.0,90.0,6,0.4000000059604645,11,expert_cross,50,177,50,0.25075721740722656,0.21206945180892944,0.462826669216156,0.4524191915988922,0.08475413918495178,0.0,0.0,38.05187225341797,22.649009704589844,189.73367309570312
ours_v1_corner_12k,ours_v1,"corner,gripperPOV",10042,20.0,90.0,7,0.30000001192092896,3,expert_cross,50,177,50,0.34306132793426514,0.20566631853580475,0.5487276464700699,0.15390905737876892,0.2973633110523224,0.0,0.0,37.79869079589844,23.431535720825195,189.7344512939453
ours_v1_corner_12k,ours_v1,"corner,gripperPOV",10042,20.0,90.0,7,0.30000001192092896,7,expert_cross,50,177,50,0.35675597190856934,0.24977250397205353,0.6065284758806229,0.24072639644145966,0.15274514257907867,0.0,0.0,37.79869079589844,23.431535720825195,189.7344512939453
ours_v1_corner_12k,ours_v1,"corner,gripperPOV",10042,20.0,90.0,7,0.30000001192092896,11,expert_cross,50,177,50,0.25060808658599854,0.21481290459632874,0.46542099118232727,0.45148131251335144,0.08309771865606308,0.0,0.0,37.79869079589844,23.431535720825195,189.7344512939453
ours_v1_corner_12k,ours_v1,"corner,gripperPOV",10042,20.0,90.0,8,0.20000000298023224,3,expert_cross,50,177,50,0.34171023964881897,0.21069543063640594,0.5524056702852249,0.1564168930053711,0.2911774814128876,0.0,0.0,37.56214141845703,24.881494522094727,189.7342529296875
ours_v1_corner_12k,ours_v1,"corner,gripperPOV",10042,20.0,90.0,8,0.20000000298023224,7,expert_cross,50,177,50,0.35584479570388794,0.2511591911315918,0.6070039868354797,0.2454759180545807,0.1475200653076172,0.0,2.9802322387695312e-08,37.56214141845703,24.881494522094727,189.7342529296875
ours_v1_corner_12k,ours_v1,"corner,gripperPOV",10042,20.0,90.0,8,0.20000000298023224,11,expert_cross,50,177,50,0.25128087401390076,0.22030027210712433,0.4715811461210251,0.4482761323451996,0.08014275878667831,0.0,0.0,37.56214141845703,24.881494522094727,189.7342529296875
ours_v1_corner_12k,ours_v1,"corner,gripperPOV",10042,20.0,90.0,9,0.10000000149011612,3,expert_cross,50,177,50,0.34388190507888794,0.22129999101161957,0.5651818960905075,0.16379152238368988,0.2710265815258026,0.0,0.0,37.286598205566406,27.627832412719727,189.72422790527344
ours_v1_corner_12k,ours_v1,"corner,gripperPOV",10042,20.0,90.0,9,0.10000000149011612,7,expert_cross,50,177,50,0.3485749065876007,0.2559718191623688,0.6045467257499695,0.25484663248062134,0.1406066119670868,0.0,2.9802322387695312e-08,37.286598205566406,27.627832412719727,189.72422790527344
ours_v1_corner_12k,ours_v1,"corner,gripperPOV",10042,20.0,90.0,9,0.10000000149011612,11,expert_cross,50,177,50,0.2584412693977356,0.23372264206409454,0.49216391146183014,0.4355551302433014,0.07228094339370728,0.0,1.4901161193847656e-08,37.286598205566406,27.627832412719727,189.72422790527344
ours_v2_corner_12k,ours_v2,"corner,gripperPOV",10042,25.5,95.5,0,1.0,3,expert_cross,50,177,50,0.3070583939552307,0.2365604192018509,0.5436188131570816,0.15781211853027344,0.29856908321380615,0.0,0.0,40.96978759765625,20.387765884399414,189.74635314941406
ours_v2_corner_12k,ours_v2,"corner,gripperPOV",10042,25.5,95.5,0,1.0,7,expert_cross,50,177,50,0.3513431251049042,0.2479248046875,0.5992679297924042,0.2528165280818939,0.1479155272245407,0.0,1.4901161193847656e-08,40.96978759765625,20.387765884399414,189.74635314941406
ours_v2_corner_12k,ours_v2,"corner,gripperPOV",10042,25.5,95.5,0,1.0,11,expert_cross,50,177,50,0.24576513469219208,0.21988990902900696,0.46565504372119904,0.45415905117988586,0.08018584549427032,0.0,5.960464477539063e-08,40.96978759765625,20.387765884399414,189.74635314941406
ours_v2_corner_12k,ours_v2,"corner,gripperPOV",10042,25.5,95.5,1,0.8999999761581421,3,expert_cross,50,177,50,0.3066042363643646,0.23662078380584717,0.5432250201702118,0.1576574146747589,0.2991175651550293,0.0,0.0,40.27212142944336,20.43537712097168,189.73741149902344
ours_v2_corner_12k,ours_v2,"corner,gripperPOV",10042,25.5,95.5,1,0.8999999761581421,7,expert_cross,50,177,50,0.3510808050632477,0.24554455280303955,0.5966253578662872,0.25468820333480835,0.1486864537000656,0.0,0.0,40.27212142944336,20.43537712097168,189.73741149902344
ours_v2_corner_12k,ours_v2,"corner,gripperPOV",10042,25.5,95.5,1,0.8999999761581421,11,expert_cross,50,177,50,0.24423107504844666,0.2166735827922821,0.46090465784072876,0.45836031436920166,0.08073502779006958,0.0,0.0,40.27212142944336,20.43537712097168,189.73741149902344
ours_v2_corner_12k,ours_v2,"corner,gripperPOV",10042,25.5,95.5,2,0.800000011920929,3,expert_cross,50,177,50,0.30575627088546753,0.23659661412239075,0.5423528850078583,0.1577860713005066,0.29986101388931274,0.0,2.9802322387695312e-08,39.680599212646484,20.72810173034668,189.73226928710938
ours_v2_corner_12k,ours_v2,"corner,gripperPOV",10042,25.5,95.5,2,0.800000011920929,7,expert_cross,50,177,50,0.3487217128276825,0.24493741989135742,0.5936591327190399,0.2566819190979004,0.1496589630842209,0.0,0.0,39.680599212646484,20.72810173034668,189.73226928710938
ours_v2_corner_12k,ours_v2,"corner,gripperPOV",10042,25.5,95.5,2,0.800000011920929,11,expert_cross,50,177,50,0.24304622411727905,0.21748000383377075,0.4605262279510498,0.4603118896484375,0.0791618749499321,0.0,7.450580596923828e-09,39.680599212646484,20.72810173034668,189.73226928710938
ours_v2_corner_12k,ours_v2,"corner,gripperPOV",10042,25.5,95.5,3,0.699999988079071,3,expert_cross,50,177,50,0.3049662113189697,0.2375415861606598,0.5425077974796295,0.15773922204971313,0.29975298047065735,0.0,0.0,39.152774810791016,21.043712615966797,189.73040771484375
ours_v2_corner_12k,ours_v2,"corner,gripperPOV",10042,25.5,95.5,3,0.699999988079071,7,expert_cross,50,177,50,0.3501974642276764,0.24173898994922638,0.5919364541769028,0.258266806602478,0.1497967541217804,0.0,0.0,39.152774810791016,21.043712615966797,189.73040771484375
ours_v2_corner_12k,ours_v2,"corner,gripperPOV",10042,25.5,95.5,3,0.699999988079071,11,expert_cross,50,177,50,0.2432493418455124,0.2183225154876709,0.4615718573331833,0.4608406126499176,0.07758751511573792,0.0,1.4901161193847656e-08,39.152774810791016,21.043712615966797,189.73040771484375
ours_v2_corner_12k,ours_v2,"corner,gripperPOV",10042,25.5,95.5,4,0.6000000238418579,3,expert_cross,50,177,50,0.30394408106803894,0.23840303719043732,0.5423471182584763,0.15812665224075317,0.299526184797287,0.0,4.470348358154297e-08,38.685638427734375,21.397659301757812,189.7397918701172
ours_v2_corner_12k,ours_v2,"corner,gripperPOV",10042,25.5,95.5,4,0.6000000238418579,7,expert_cross,50,177,50,0.34882673621177673,0.24061574041843414,0.5894424766302109,0.2601882815361023,0.15036921203136444,0.0,2.9802322387695312e-08,38.685638427734375,21.397659301757812,189.7397918701172
ours_v2_corner_12k,ours_v2,"corner,gripperPOV",10042,25.5,95.5,4,0.6000000238418579,11,expert_cross,50,177,50,0.24303975701332092,0.21875154972076416,0.4617913067340851,0.4619619846343994,0.07624667137861252,0.0,3.725290298461914e-08,38.685638427734375,21.397659301757812,189.7397918701172
ours_v2_corner_12k,ours_v2,"corner,gripperPOV",10042,25.5,95.5,5,0.5,3,expert_cross,50,177,50,0.30347269773483276,0.2394869029521942,0.542959600687027,0.15807975828647614,0.29896068572998047,0.0,0.0,38.284664154052734,21.906368255615234,189.7353057861328
ours_v2_corner_12k,ours_v2,"corner,gripperPOV",10042,25.5,95.5,5,0.5,7,expert_cross,50,177,50,0.3502556085586548,0.23898956179618835,0.5892451703548431,0.26059597730636597,0.1501588523387909,0.0,0.0,38.284664154052734,21.906368255615234,189.7353057861328
ours_v2_corner_12k,ours_v2,"corner,gripperPOV",10042,25.5,95.5,5,0.5,11,expert_cross,50,177,50,0.24361403286457062,0.2200365960597992,0.4636506289243698,0.4618992507457733,0.07445011287927628,0.0,7.450580596923828e-09,38.284664154052734,21.906368255615234,189.7353057861328
ours_v2_corner_12k,ours_v2,"corner,gripperPOV",10042,25.5,95.5,6,0.4000000059604645,3,expert_cross,50,177,50,0.30308523774147034,0.24107666313648224,0.5441619008779526,0.15842413902282715,0.29741397500038147,0.0,0.0,37.937713623046875,22.56586456298828,189.7371826171875
ours_v2_corner_12k,ours_v2,"corner,gripperPOV",10042,25.5,95.5,6,0.4000000059604645,7,expert_cross,50,177,50,0.35029515624046326,0.23903828859329224,0.5893334448337555,0.26152658462524414,0.1491398960351944,0.0,7.450580596923828e-08,37.937713623046875,22.56586456298828,189.7371826171875
ours_v2_corner_12k,ours_v2,"corner,gripperPOV",10042,25.5,95.5,6,0.4000000059604645,11,expert_cross,50,177,50,0.24596348404884338,0.22511959075927734,0.4710830748081207,0.45783960819244385,0.07107733935117722,0.0,0.0,37.937713623046875,22.56586456298828,189.7371826171875
ours_v2_corner_12k,ours_v2,"corner,gripperPOV",10042,25.5,95.5,7,0.30000001192092896,3,expert_cross,50,177,50,0.3040052354335785,0.24329343438148499,0.5472986698150635,0.15955421328544617,0.29314714670181274,0.0,0.0,37.631431579589844,23.598363876342773,189.74098205566406
ours_v2_corner_12k,ours_v2,"corner,gripperPOV",10042,25.5,95.5,7,0.30000001192092896,7,expert_cross,50,177,50,0.3484783470630646,0.24136576056480408,0.5898441076278687,0.26262232661247253,0.14753355085849762,0.0,1.4901161193847656e-08,37.631431579589844,23.598363876342773,189.74098205566406
ours_v2_corner_12k,ours_v2,"corner,gripperPOV",10042,25.5,95.5,7,0.30000001192092896,11,expert_cross,50,177,50,0.2490481585264206,0.23037000000476837,0.47941815853118896,0.4540815055370331,0.06650031358003616,0.0,2.2351741790771484e-08,37.631431579589844,23.598363876342773,189.74098205566406
ours_v2_corner_12k,ours_v2,"corner,gripperPOV",10042,25.5,95.5,8,0.20000000298023224,3,expert_cross,50,177,50,0.306636780500412,0.24501225352287292,0.5516490340232849,0.1613343507051468,0.2870166301727295,0.0,0.0,37.334163665771484,25.247047424316406,189.73313903808594
ours_v2_corner_12k,ours_v2,"corner,gripperPOV",10042,25.5,95.5,8,0.20000000298023224,7,expert_cross,50,177,50,0.3466123938560486,0.24475210905075073,0.5913645029067993,0.26458269357681274,0.14405281841754913,0.0,0.0,37.334163665771484,25.247047424316406,189.73313903808594
ours_v2_corner_12k,ours_v2,"corner,gripperPOV",10042,25.5,95.5,8,0.20000000298023224,11,expert_cross,50,177,50,0.2540585696697235,0.2407386749982834,0.4947972446680069,0.44442155957221985,0.06078121438622475,0.0,0.0,37.334163665771484,25.247047424316406,189.73313903808594
ours_v2_corner_12k,ours_v2,"corner,gripperPOV",10042,25.5,95.5,9,0.10000000149011612,3,expert_cross,50,177,50,0.31474214792251587,0.2492682933807373,0.5640104413032532,0.16617931425571442,0.2698102593421936,0.0,0.0,36.966461181640625,28.044694900512695,189.73316955566406
ours_v2_corner_12k,ours_v2,"corner,gripperPOV",10042,25.5,95.5,9,0.10000000149011612,7,expert_cross,50,177,50,0.3392259478569031,0.2520102858543396,0.5912362337112427,0.2715874910354614,0.13717631995677948,0.0,0.0,36.966461181640625,28.044694900512695,189.73316955566406
ours_v2_corner_12k,ours_v2,"corner,gripperPOV",10042,25.5,95.5,9,0.10000000149011612,11,expert_cross,50,177,50,0.26274630427360535,0.25496235489845276,0.5177086591720581,0.42960795760154724,0.052683379501104355,0.0,3.725290298461914e-09,36.966461181640625,28.044694900512695,189.73316955566406
ours_v3_corner_12k,ours_v3,"corner,gripperPOV",10042,32.0,94.5,0,1.0,3,expert_cross,50,177,50,0.3407282829284668,0.21982496976852417,0.560553252696991,0.13140763342380524,0.3080390691757202,0.0,4.470348358154297e-08,40.96978759765625,21.362638473510742,189.73635864257812
ours_v3_corner_12k,ours_v3,"corner,gripperPOV",10042,32.0,94.5,0,1.0,7,expert_cross,50,177,50,0.3388388156890869,0.2527088224887848,0.5915476381778717,0.23453494906425476,0.17391739785671234,0.0,1.4901161193847656e-08,40.96978759765625,21.362638473510742,189.73635864257812
ours_v3_corner_12k,ours_v3,"corner,gripperPOV",10042,32.0,94.5,0,1.0,11,expert_cross,50,177,50,0.38408830761909485,0.22912992537021637,0.6132182329893112,0.3323622941970825,0.05441948026418686,0.0,0.0,40.96978759765625,21.362638473510742,189.73635864257812
ours_v3_corner_12k,ours_v3,"corner,gripperPOV",10042,32.0,94.5,1,0.8999999761581421,3,expert_cross,50,177,50,0.3394954204559326,0.21900933980941772,0.5585047602653503,0.13181540369987488,0.3096798360347748,0.0,0.0,40.187923431396484,21.20623016357422,189.72998046875
ours_v3_corner_12k,ours_v3,"corner,gripperPOV",10042,32.0,94.5,1,0.8999999761581421,7,expert_cross,50,177,50,0.33652153611183167,0.2511806786060333,0.587702214717865,0.2373046725988388,0.1749931424856186,0.0,0.0,40.187923431396484,21.20623016357422,189.72998046875
ours_v3_corner_12k,ours_v3,"corner,gripperPOV",10042,32.0,94.5,1,0.8999999761581421,11,expert_cross,50,177,50,0.38283297419548035,0.22536082565784454,0.6081937998533249,0.3366484045982361,0.055157728493213654,0.0,6.705522537231445e-08,40.187923431396484,21.20623016357422,189.72998046875
ours_v3_corner_12k,ours_v3,"corner,gripperPOV",10042,32.0,94.5,2,0.800000011920929,3,expert_cross,50,177,50,0.33821219205856323,0.21902447938919067,0.5572366714477539,0.13219892978668213,0.3105643689632416,0.0,2.9802322387695312e-08,39.52101516723633,21.465665817260742,189.73724365234375
ours_v3_corner_12k,ours_v3,"corner,gripperPOV",10042,32.0,94.5,2,0.800000011920929,7,expert_cross,50,177,50,0.3363199532032013,0.2500954866409302,0.5864154398441315,0.23879653215408325,0.17478802800178528,0.0,0.0,39.52101516723633,21.465665817260742,189.73724365234375
ours_v3_corner_12k,ours_v3,"corner,gripperPOV",10042,32.0,94.5,2,0.800000011920929,11,expert_cross,50,177,50,0.3824000656604767,0.22611185908317566,0.6085119247436523,0.3371938467025757,0.054294195026159286,0.0,3.3527612686157227e-08,39.52101516723633,21.465665817260742,189.73724365234375
ours_v3_corner_12k,ours_v3,"corner,gripperPOV",10042,32.0,94.5,3,0.699999988079071,3,expert_cross,50,177,50,0.3368348479270935,0.21882501244544983,0.5556598603725433,0.13294990360736847,0.3113902509212494,0.0,0.0,38.92533493041992,21.692121505737305,189.74264526367188
ours_v3_corner_12k,ours_v3,"corner,gripperPOV",10042,32.0,94.5,3,0.699999988079071,7,expert_cross,50,177,50,0.3373410701751709,0.2492840588092804,0.5866251289844513,0.23966439068317413,0.17371049523353577,0.0,0.0,38.92533493041992,21.692121505737305,189.74264526367188
ours_v3_corner_12k,ours_v3,"corner,gripperPOV",10042,32.0,94.5,3,0.699999988079071,11,expert_cross,50,177,50,0.38129284977912903,0.2272513210773468,0.6085441708564758,0.33798325061798096,0.053472548723220825,0.0,2.9802322387695312e-08,38.92533493041992,21.692121505737305,189.74264526367188
ours_v3_corner_12k,ours_v3,"corner,gripperPOV",10042,32.0,94.5,4,0.6000000238418579,3,expert_cross,50,177,50,0.33524516224861145,0.21904543042182922,0.5542905926704407,0.13397324085235596,0.311736136674881,0.0,2.9802322387695312e-08,38.396461486816406,22.15909194946289,189.7320098876953
ours_v3_corner_12k,ours_v3,"corner,gripperPOV",10042,32.0,94.5,4,0.6000000238418579,7,expert_cross,50,177,50,0.33466771245002747,0.24616536498069763,0.5808330774307251,0.24439571797847748,0.17477120459079742,0.0,0.0,38.396461486816406,22.15909194946289,189.7320098876953
ours_v3_corner_12k,ours_v3,"corner,gripperPOV",10042,32.0,94.5,4,0.6000000238418579,11,expert_cross,50,177,50,0.3805496394634247,0.22967195510864258,0.6102215945720673,0.33643513917922974,0.05334322527050972,0.0,4.0978193283081055e-08,38.396461486816406,22.15909194946289,189.7320098876953
ours_v3_corner_12k,ours_v3,"corner,gripperPOV",10042,32.0,94.5,5,0.5,3,expert_cross,50,177,50,0.3340124785900116,0.21929892897605896,0.5533114075660706,0.1345600187778473,0.31212857365608215,0.0,0.0,37.93578338623047,22.491222381591797,189.7392578125
ours_v3_corner_12k,ours_v3,"corner,gripperPOV",10042,32.0,94.5,5,0.5,7,expert_cross,50,177,50,0.33537185192108154,0.24543310701847076,0.5808049589395523,0.24529117345809937,0.17390385270118713,0.0,1.4901161193847656e-08,37.93578338623047,22.491222381591797,189.7392578125
ours_v3_corner_12k,ours_v3,"corner,gripperPOV",10042,32.0,94.5,5,0.5,11,expert_cross,50,177,50,0.3804989755153656,0.2330193668603897,0.6135183423757553,0.3338620364665985,0.05261959508061409,0.0,2.60770320892334e-08,37.93578338623047,22.491222381591797,189.7392578125
ours_v3_corner_12k,ours_v3,"corner,gripperPOV",10042,32.0,94.5,6,0.4000000059604645,3,expert_cross,50,177,50,0.3313016891479492,0.2206508368253708,0.55195252597332,0.1371707320213318,0.3108767569065094,0.0,0.0,37.51719284057617,23.333751678466797,189.74356079101562
ours_v3_corner_12k,ours_v3,"corner,gripperPOV",10042,32.0,94.5,6,0.4000000059604645,7,expert_cross,50,177,50,0.33414411544799805,0.24396280944347382,0.5781069248914719,0.2481677085161209,0.17372538149356842,0.0,0.0,37.51719284057617,23.333751678466797,189.74356079101562
ours_v3_corner_12k,ours_v3,"corner,gripperPOV",10042,32.0,94.5,6,0.4000000059604645,11,expert_cross,50,177,50,0.37968844175338745,0.23971357941627502,0.6194020211696625,0.32927924394607544,0.0513187013566494,0.0,3.3527612686157227e-08,37.51719284057617,23.333751678466797,189.74356079101562
ours_v3_corner_12k,ours_v3,"corner,gripperPOV",10042,32.0,94.5,7,0.30000001192092896,3,expert_cross,50,177,50,0.33026158809661865,0.2219744622707367,0.5522360503673553,0.14021870493888855,0.3075452446937561,0.0,0.0,37.1412467956543,24.577743530273438,189.73159790039062
ours_v3_corner_12k,ours_v3,"corner,gripperPOV",10042,32.0,94.5,7,0.30000001192092896,7,expert_cross,50,177,50,0.33264678716659546,0.24172411859035492,0.5743709057569504,0.2539123594760895,0.17171673476696014,0.0,0.0,37.1412467956543,24.577743530273438,189.73159790039062
ours_v3_corner_12k,ours_v3,"corner,gripperPOV",10042,32.0,94.5,7,0.30000001192092896,11,expert_cross,50,177,50,0.3805987536907196,0.24840441346168518,0.6290031671524048,0.3219223916530609,0.04907446727156639,0.0,0.0,37.1412467956543,24.577743530273438,189.73159790039062
ours_v3_corner_12k,ours_v3,"corner,gripperPOV",10042,32.0,94.5,8,0.20000000298023224,3,expert_cross,50,177,50,0.3293202817440033,0.22466003894805908,0.5539803206920624,0.1471390426158905,0.2988806962966919,0.0,0.0,36.785789489746094,27.01723289489746,189.74302673339844
ours_v3_corner_12k,ours_v3,"corner,gripperPOV",10042,32.0,94.5,8,0.20000000298023224,7,expert_cross,50,177,50,0.3288211524486542,0.2407776415348053,0.5695987939834595,0.26079490780830383,0.1696062833070755,0.0,1.4901161193847656e-08,36.785789489746094,27.01723289489746,189.74302673339844
ours_v3_corner_12k,ours_v3,"corner,gripperPOV",10042,32.0,94.5,8,0.20000000298023224,11,expert_cross,50,177,50,0.38058608770370483,0.2608392834663391,0.641425371170044,0.31267422437667847,0.045900341123342514,0.0,6.332993507385254e-08,36.785789489746094,27.01723289489746,189.74302673339844
ours_v3_corner_12k,ours_v3,"corner,gripperPOV",10042,32.0,94.5,9,0.10000000149011612,3,expert_cross,50,177,50,0.3294151723384857,0.23249661922454834,0.5619117915630341,0.1641840934753418,0.27390411496162415,0.0,0.0,36.383209228515625,32.8559684753418,189.734619140625
ours_v3_corner_12k,ours_v3,"corner,gripperPOV",10042,32.0,94.5,9,0.10000000149011612,7,expert_cross,50,177,50,0.32184189558029175,0.24198302626609802,0.5638249218463898,0.27326709032058716,0.16290797293186188,0.0,1.4901161193847656e-08,36.383209228515625,32.8559684753418,189.734619140625
ours_v3_corner_12k,ours_v3,"corner,gripperPOV",10042,32.0,94.5,9,0.10000000149011612,11,expert_cross,50,177,50,0.3832087516784668,0.2758912444114685,0.6590999960899353,0.30051350593566895,0.04038655012845993,0.0,0.0,36.383209228515625,32.8559684753418,189.734619140625
ours_v4_corner_12k,ours_v4,"corner,gripperPOV",10042,34.5,95.0,0,1.0,3,expert_cross,50,177,50,0.3243202865123749,0.23571865260601044,0.5600389391183853,0.14241017401218414,0.29755091667175293,0.0,0.0,40.96978759765625,22.47834014892578,189.7382049560547
ours_v4_corner_12k,ours_v4,"corner,gripperPOV",10042,34.5,95.0,0,1.0,7,expert_cross,50,177,50,0.31950291991233826,0.23629431426525116,0.5557972341775894,0.24047812819480896,0.20372462272644043,0.0,1.4901161193847656e-08,40.96978759765625,22.47834014892578,189.7382049560547
ours_v4_corner_12k,ours_v4,"corner,gripperPOV",10042,34.5,95.0,0,1.0,11,expert_cross,50,177,50,0.3814561367034912,0.23335447907447815,0.6148106157779694,0.3426254987716675,0.042563922703266144,0.0,0.0,40.96978759765625,22.47834014892578,189.7382049560547
ours_v4_corner_12k,ours_v4,"corner,gripperPOV",10042,34.5,95.0,1,0.8999999761581421,3,expert_cross,50,177,50,0.3236615061759949,0.2357526272535324,0.5594141334295273,0.14290796220302582,0.2976778447628021,0.0,5.960464477539063e-08,40.19597625732422,22.443923950195312,189.73419189453125
ours_v4_corner_12k,ours_v4,"corner,gripperPOV",10042,34.5,95.0,1,0.8999999761581421,7,expert_cross,50,177,50,0.318767786026001,0.23388352990150452,0.5526513159275055,0.24217896163463593,0.20516973733901978,0.0,0.0,40.19597625732422,22.443923950195312,189.73419189453125
ours_v4_corner_12k,ours_v4,"corner,gripperPOV",10042,34.5,95.0,1,0.8999999761581421,11,expert_cross,50,177,50,0.3802472651004791,0.2306196689605713,0.6108669340610504,0.346382200717926,0.04275083914399147,0.0,2.60770320892334e-08,40.19597625732422,22.443923950195312,189.73419189453125
ours_v4_corner_12k,ours_v4,"corner,gripperPOV",10042,34.5,95.0,2,0.800000011920929,3,expert_cross,50,177,50,0.32334113121032715,0.23561836779117584,0.558959499001503,0.1432189792394638,0.2978214919567108,0.0,2.9802322387695312e-08,39.555572509765625,22.601823806762695,189.72589111328125
ours_v4_corner_12k,ours_v4,"corner,gripperPOV",10042,34.5,95.0,2,0.800000011920929,7,expert_cross,50,177,50,0.3182061016559601,0.2325649857521057,0.5507710874080658,0.24368764460086823,0.20554125308990479,0.0,1.4901161193847656e-08,39.555572509765625,22.601823806762695,189.72589111328125
ours_v4_corner_12k,ours_v4,"corner,gripperPOV",10042,34.5,95.0,2,0.800000011920929,11,expert_cross,50,177,50,0.3787800669670105,0.23044468462467194,0.6092247515916824,0.3475485146045685,0.04322678968310356,0.0,0.0,39.555572509765625,22.601823806762695,189.72589111328125
ours_v4_corner_12k,ours_v4,"corner,gripperPOV",10042,34.5,95.0,3,0.699999988079071,3,expert_cross,50,177,50,0.32280194759368896,0.23549368977546692,0.5582956373691559,0.14377546310424805,0.2979288399219513,0.0,5.960464477539063e-08,38.98995590209961,22.94414520263672,189.74456787109375
ours_v4_corner_12k,ours_v4,"corner,gripperPOV",10042,34.5,95.0,3,0.699999988079071,7,expert_cross,50,177,50,0.31720229983329773,0.23102916777133942,0.5482314676046371,0.2459176629781723,0.20585082471370697,0.0,4.470348358154297e-08,38.98995590209961,22.94414520263672,189.74456787109375
ours_v4_corner_12k,ours_v4,"corner,gripperPOV",10042,34.5,95.0,3,0.699999988079071,11,expert_cross,50,177,50,0.3787083625793457,0.23305179178714752,0.6117601543664932,0.34574437141418457,0.042495448142290115,0.0,2.60770320892334e-08,38.98995590209961,22.94414520263672,189.74456787109375
ours_v4_corner_12k,ours_v4,"corner,gripperPOV",10042,34.5,95.0,4,0.6000000238418579,3,expert_cross,50,177,50,0.3216835856437683,0.235667422413826,0.5573510080575943,0.14414943754673004,0.29849955439567566,0.0,0.0,38.50917053222656,23.379255294799805,189.74790954589844
ours_v4_corner_12k,ours_v4,"corner,gripperPOV",10042,34.5,95.0,4,0.6000000238418579,7,expert_cross,50,177,50,0.3151633143424988,0.22864805161952972,0.5438113659620285,0.2484428882598877,0.2077457457780838,0.0,0.0,38.50917053222656,23.379255294799805,189.74790954589844
ours_v4_corner_12k,ours_v4,"corner,gripperPOV",10042,34.5,95.0,4,0.6000000238418579,11,expert_cross,50,177,50,0.3769974410533905,0.23399131000041962,0.6109887510538101,0.3460194170475006,0.04299185052514076,0.0,0.0,38.50917053222656,23.379255294799805,189.74790954589844
ours_v4_corner_12k,ours_v4,"corner,gripperPOV",10042,34.5,95.0,5,0.5,3,expert_cross,50,177,50,0.32187336683273315,0.2357901781797409,0.5576635450124741,0.14420092105865479,0.29813554883003235,0.0,0.0,38.10960388183594,23.854066848754883,189.72830200195312
ours_v4_corner_12k,ours_v4,"corner,gripperPOV",10042,34.5,95.0,5,0.5,7,expert_cross,50,177,50,0.3134716749191284,0.2273205816745758,0.5407922565937042,0.2500441074371338,0.2091635912656784,0.0,4.470348358154297e-08,38.10960388183594,23.854066848754883,189.72830200195312
ours_v4_corner_12k,ours_v4,"corner,gripperPOV",10042,34.5,95.0,5,0.5,11,expert_cross,50,177,50,0.3751547932624817,0.23662255704402924,0.6117773503065109,0.3449215888977051,0.043301042169332504,0.0,1.862645149230957e-08,38.10960388183594,23.854066848754883,189.72830200195312
ours_v4_corner_12k,ours_v4,"corner,gripperPOV",10042,34.5,95.0,6,0.4000000059604645,3,expert_cross,50,177,50,0.32112956047058105,0.23594892024993896,0.55707848072052,0.14573608338832855,0.2971854507923126,0.0,0.0,37.784332275390625,24.627120971679688,189.73611450195312
ours_v4_corner_12k,ours_v4,"corner,gripperPOV",10042,34.5,95.0,6,0.4000000059604645,7,expert_cross,50,177,50,0.3140631914138794,0.2267797887325287,0.5408429801464081,0.25104275345802307,0.20811425149440765,0.0,1.4901161193847656e-08,37.784332275390625,24.627120971679688,189.73611450195312
ours_v4_corner_12k,ours_v4,"corner,gripperPOV",10042,34.5,95.0,6,0.4000000059604645,11,expert_cross,50,177,50,0.37456631660461426,0.2422163039445877,0.616782620549202,0.34164708852767944,0.0415702760219574,0.0,1.4901161193847656e-08,37.784332275390625,24.627120971679688,189.73611450195312
ours_v4_corner_12k,ours_v4,"corner,gripperPOV",10042,34.5,95.0,7,0.30000001192092896,3,expert_cross,50,177,50,0.32175132632255554,0.23592185974121094,0.5576731860637665,0.14847978949546814,0.29384705424308777,0.0,0.0,37.51433563232422,25.840578079223633,189.7282257080078
ours_v4_corner_12k,ours_v4,"corner,gripperPOV",10042,34.5,95.0,7,0.30000001192092896,7,expert_cross,50,177,50,0.31135275959968567,0.22540350258350372,0.5367562621831894,0.2547820210456848,0.2084616869688034,0.0,2.9802322387695312e-08,37.51433563232422,25.840578079223633,189.7282257080078
ours_v4_corner_12k,ours_v4,"corner,gripperPOV",10042,34.5,95.0,7,0.30000001192092896,11,expert_cross,50,177,50,0.3725510239601135,0.24893532693386078,0.6214863508939743,0.33748894929885864,0.04102467745542526,0.0,2.2351741790771484e-08,37.51433563232422,25.840578079223633,189.7282257080078
ours_v4_corner_12k,ours_v4,"corner,gripperPOV",10042,34.5,95.0,8,0.20000000298023224,3,expert_cross,50,177,50,0.32317134737968445,0.2355988770723343,0.5587702244520187,0.15381546318531036,0.2874143421649933,0.0,0.0,37.28129196166992,27.94197654724121,189.74057006835938
ours_v4_corner_12k,ours_v4,"corner,gripperPOV",10042,34.5,95.0,8,0.20000000298023224,7,expert_cross,50,177,50,0.30869174003601074,0.22521080076694489,0.5339025408029556,0.2600228190422058,0.20607464015483856,0.0,0.0,37.28129196166992,27.94197654724121,189.74057006835938
ours_v4_corner_12k,ours_v4,"corner,gripperPOV",10042,34.5,95.0,8,0.20000000298023224,11,expert_cross,50,177,50,0.3714238405227661,0.26054900884628296,0.6319728493690491,0.32872408628463745,0.039302997291088104,0.0,6.705522537231445e-08,37.28129196166992,27.94197654724121,189.74057006835938
ours_v4_corner_12k,ours_v4,"corner,gripperPOV",10042,34.5,95.0,9,0.10000000149011612,3,expert_cross,50,177,50,0.32837849855422974,0.23581983149051666,0.5641983300447464,0.16564884781837463,0.27015283703804016,0.0,0.0,37.001319885253906,32.386634826660156,189.7323760986328
ours_v4_corner_12k,ours_v4,"corner,gripperPOV",10042,34.5,95.0,9,0.10000000149011612,7,expert_cross,50,177,50,0.3050740659236908,0.22729551792144775,0.5323695838451385,0.2730497121810913,0.19458073377609253,0.0,0.0,37.001319885253906,32.386634826660156,189.7323760986328
ours_v4_corner_12k,ours_v4,"corner,gripperPOV",10042,34.5,95.0,9,0.10000000149011612,11,expert_cross,50,177,50,0.3712286353111267,0.2708805501461029,0.6421091854572296,0.32083818316459656,0.037052638828754425,0.0,0.0,37.001319885253906,32.386634826660156,189.7323760986328
random_corner_12k,random,"corner,gripperPOV",10042,32.0,94.5,0,1.0,3,expert_cross,50,177,50,0.33489274978637695,0.23119337856769562,0.5660861283540726,0.12972164154052734,0.3041922152042389,0.0,1.4901161193847656e-08,40.96978759765625,20.364919662475586,189.73348999023438
random_corner_12k,random,"corner,gripperPOV",10042,32.0,94.5,0,1.0,7,expert_cross,50,177,50,0.3062092363834381,0.26385167241096497,0.5700609087944031,0.2090461403131485,0.22089290618896484,0.0,4.470348358154297e-08,40.96978759765625,20.364919662475586,189.73348999023438
random_corner_12k,random,"corner,gripperPOV",10042,32.0,94.5,0,1.0,11,expert_cross,50,177,50,0.37051451206207275,0.24552534520626068,0.6160398572683334,0.34014517068862915,0.043814919888973236,0.0,5.21540641784668e-08,40.96978759765625,20.364919662475586,189.73348999023438
random_corner_12k,random,"corner,gripperPOV",10042,32.0,94.5,1,0.8999999761581421,3,expert_cross,50,177,50,0.33395275473594666,0.23074056208133698,0.5646933168172836,0.12935133278369904,0.30595532059669495,0.0,2.9802322387695312e-08,40.2694206237793,20.38290023803711,189.7396240234375
random_corner_12k,random,"corner,gripperPOV",10042,32.0,94.5,1,0.8999999761581421,7,expert_cross,50,177,50,0.3063913881778717,0.26057878136634827,0.56697016954422,0.21131908893585205,0.22171077132225037,0.0,0.0,40.2694206237793,20.38290023803711,189.7396240234375
random_corner_12k,random,"corner,gripperPOV",10042,32.0,94.5,1,0.8999999761581421,11,expert_cross,50,177,50,0.3697914779186249,0.24299058318138123,0.6127820611000061,0.343519926071167,0.04369797930121422,0.0,3.3527612686157227e-08,40.2694206237793,20.38290023803711,189.7396240234375
random_corner_12k,random,"corner,gripperPOV",10042,32.0,94.5,2,0.800000011920929,3,expert_cross,50,177,50,0.33280929923057556,0.2306818813085556,0.5634911805391312,0.1292458474636078,0.30726298689842224,0.0,0.0,39.6668701171875,20.563560485839844,189.73948669433594
random_corner_12k,random,"corner,gripperPOV",10042,32.0,94.5,2,0.800000011920929,7,expert_cross,50,177,50,0.30609801411628723,0.2596416771411896,0.5657396912574768,0.21197277307510376,0.22228752076625824,0.0,1.4901161193847656e-08,39.6668701171875,20.563560485839844,189.73948669433594
random_corner_12k,random,"corner,gripperPOV",10042,32.0,94.5,2,0.800000011920929,11,expert_cross,50,177,50,0.368462473154068,0.24212507903575897,0.610587552189827,0.3452942371368408,0.04411820322275162,0.0,7.450580596923828e-09,39.6668701171875,20.563560485839844,189.73948669433594
random_corner_12k,random,"corner,gripperPOV",10042,32.0,94.5,3,0.699999988079071,3,expert_cross,50,177,50,0.3313802480697632,0.2308393120765686,0.5622195601463318,0.12941592931747437,0.30836451053619385,0.0,0.0,39.13266372680664,20.689796447753906,189.73294067382812
random_corner_12k,random,"corner,gripperPOV",10042,32.0,94.5,3,0.699999988079071,7,expert_cross,50,177,50,0.3065049350261688,0.25739702582359314,0.563901960849762,0.21406115591526031,0.22203686833381653,0.0,1.4901161193847656e-08,39.13266372680664,20.689796447753906,189.73294067382812
random_corner_12k,random,"corner,gripperPOV",10042,32.0,94.5,3,0.699999988079071,11,expert_cross,50,177,50,0.36827191710472107,0.24219216406345367,0.6104640811681747,0.3459530472755432,0.04358290508389473,0.0,0.0,39.13266372680664,20.689796447753906,189.73294067382812
random_corner_12k,random,"corner,gripperPOV",10042,32.0,94.5,4,0.6000000238418579,3,expert_cross,50,177,50,0.3299005627632141,0.2313355654478073,0.5612361282110214,0.1291927844285965,0.30957111716270447,0.0,0.0,38.66283416748047,21.090124130249023,189.73410034179688
random_corner_12k,random,"corner,gripperPOV",10042,32.0,94.5,4,0.6000000238418579,7,expert_cross,50,177,50,0.30618026852607727,0.2546926736831665,0.5608729422092438,0.21679502725601196,0.22233203053474426,0.0,0.0,38.66283416748047,21.090124130249023,189.73410034179688
random_corner_12k,random,"corner,gripperPOV",10042,32.0,94.5,4,0.6000000238418579,11,expert_cross,50,177,50,0.3681207597255707,0.2431778609752655,0.6112986207008362,0.34491726756095886,0.04378405585885048,0.0,5.587935447692871e-08,38.66283416748047,21.090124130249023,189.73410034179688
random_corner_12k,random,"corner,gripperPOV",10042,32.0,94.5,5,0.5,3,expert_cross,50,177,50,0.32907184958457947,0.23170119524002075,0.5607730448246002,0.12861937284469604,0.31060758233070374,0.0,0.0,38.25225067138672,21.470312118530273,189.7379150390625
random_corner_12k,random,"corner,gripperPOV",10042,32.0,94.5,5,0.5,7,expert_cross,50,177,50,0.3070446848869324,0.2526809871196747,0.5597256720066071,0.21893247961997986,0.2213418185710907,0.0,2.9802322387695312e-08,38.25225067138672,21.470312118530273,189.7379150390625
random_corner_12k,random,"corner,gripperPOV",10042,32.0,94.5,5,0.5,11,expert_cross,50,177,50,0.3673064708709717,0.2441728264093399,0.6114792972803116,0.34498295187950134,0.04353775084018707,0.0,0.0,38.25225067138672,21.470312118530273,189.7379150390625
random_corner_12k,random,"corner,gripperPOV",10042,32.0,94.5,6,0.4000000059604645,3,expert_cross,50,177,50,0.3279297947883606,0.23290401697158813,0.5608338117599487,0.12911492586135864,0.31005123257637024,0.0,2.9802322387695312e-08,37.899566650390625,22.26663589477539,189.73614501953125
random_corner_12k,random,"corner,gripperPOV",10042,32.0,94.5,6,0.4000000059604645,7,expert_cross,50,177,50,0.3080012798309326,0.2513202726840973,0.5593215525150299,0.22232775390148163,0.21835064888000488,0.0,4.470348358154297e-08,37.899566650390625,22.26663589477539,189.73614501953125
random_corner_12k,random,"corner,gripperPOV",10042,32.0,94.5,6,0.4000000059604645,11,expert_cross,50,177,50,0.368030846118927,0.24810968339443207,0.6161405295133591,0.3410407304763794,0.04281872138381004,0.0,1.862645149230957e-08,37.899566650390625,22.26663589477539,189.73614501953125
random_corner_12k,random,"corner,gripperPOV",10042,32.0,94.5,7,0.30000001192092896,3,expert_cross,50,177,50,0.3279164731502533,0.2343684732913971,0.5622849464416504,0.13051453232765198,0.30720049142837524,0.0,2.9802322387695312e-08,37.60309982299805,23.333974838256836,189.73324584960938
random_corner_12k,random,"corner,gripperPOV",10042,32.0,94.5,7,0.30000001192092896,7,expert_cross,50,177,50,0.31031835079193115,0.24886851012706757,0.5591868609189987,0.22720880806446075,0.21360434591770172,0.0,0.0,37.60309982299805,23.333974838256836,189.73324584960938
random_corner_12k,random,"corner,gripperPOV",10042,32.0,94.5,7,0.30000001192092896,11,expert_cross,50,177,50,0.3689672350883484,0.25474485754966736,0.6237120926380157,0.3342880308628082,0.04199989140033722,0.0,0.0,37.60309982299805,23.333974838256836,189.73324584960938
random_corner_12k,random,"corner,gripperPOV",10042,32.0,94.5,8,0.20000000298023224,3,expert_cross,50,177,50,0.32863932847976685,0.23645438253879547,0.5650937110185623,0.13418887555599213,0.30071741342544556,0.0,0.0,37.33357238769531,25.325220108032227,189.72581481933594
random_corner_12k,random,"corner,gripperPOV",10042,32.0,94.5,8,0.20000000298023224,7,expert_cross,50,177,50,0.3108218312263489,0.24801982939243317,0.558841660618782,0.23453478515148163,0.20662353932857513,0.0,1.4901161193847656e-08,37.33357238769531,25.325220108032227,189.72581481933594
random_corner_12k,random,"corner,gripperPOV",10042,32.0,94.5,8,0.20000000298023224,11,expert_cross,50,177,50,0.3696213662624359,0.26612362265586853,0.6357449889183044,0.32369691133499146,0.04055802524089813,0.0,7.450580596923828e-08,37.33357238769531,25.325220108032227,189.72581481933594
random_corner_12k,random,"corner,gripperPOV",10042,32.0,94.5,9,0.10000000149011612,3,expert_cross,50,177,50,0.33484458923339844,0.24005353450775146,0.5748981237411499,0.142914816737175,0.2821870446205139,0.0,1.4901161193847656e-08,37.0543327331543,29.01137924194336,189.73193359375
random_corner_12k,random,"corner,gripperPOV",10042,32.0,94.5,9,0.10000000149011612,7,expert_cross,50,177,50,0.3098289966583252,0.24886125326156616,0.5586902499198914,0.24983254075050354,0.1914772391319275,0.0,0.0,37.0543327331543,29.01137924194336,189.73193359375
random_corner_12k,random,"corner,gripperPOV",10042,32.0,94.5,9,0.10000000149011612,11,expert_cross,50,177,50,0.3717213273048401,0.28062647581100464,0.6523478031158447,0.3097827136516571,0.03786952793598175,0.0,0.0,37.0543327331543,29.01137924194336,189.73193359375
uniform_corner_12k,uniform,"corner,gripperPOV",10042,28.2,92.5,0,1.0,3,expert_cross,50,177,50,0.3317252993583679,0.2527949810028076,0.5845202803611755,0.10651002079248428,0.30896973609924316,0.0,0.0,40.96978759765625,20.044147491455078,189.73245239257812
uniform_corner_12k,uniform,"corner,gripperPOV",10042,28.2,92.5,0,1.0,7,expert_cross,50,177,50,0.3441900610923767,0.1653132289648056,0.5095032900571823,0.2932131886482239,0.1972835212945938,0.0,0.0,40.96978759765625,20.044147491455078,189.73245239257812
uniform_corner_12k,uniform,"corner,gripperPOV",10042,28.2,92.5,0,1.0,11,expert_cross,50,177,50,0.3750319480895996,0.2957068979740143,0.6707388460636139,0.287133127450943,0.042128078639507294,0.0,0.0,40.96978759765625,20.044147491455078,189.73245239257812
uniform_corner_12k,uniform,"corner,gripperPOV",10042,28.2,92.5,1,0.8999999761581421,3,expert_cross,50,177,50,0.3309572637081146,0.25222980976104736,0.583187073469162,0.10686182975769043,0.3099510669708252,0.0,2.9802322387695312e-08,40.28248977661133,20.023229598999023,189.73486328125
uniform_corner_12k,uniform,"corner,gripperPOV",10042,28.2,92.5,1,0.8999999761581421,7,expert_cross,50,177,50,0.33991602063179016,0.16494473814964294,0.5048607587814331,0.2969541847705841,0.1981850564479828,0.0,0.0,40.28248977661133,20.023229598999023,189.73486328125
uniform_corner_12k,uniform,"corner,gripperPOV",10042,28.2,92.5,1,0.8999999761581421,11,expert_cross,50,177,50,0.3748084008693695,0.29320061206817627,0.6680090129375458,0.2900785207748413,0.041912470012903214,0.0,0.0,40.28248977661133,20.023229598999023,189.73486328125
uniform_corner_12k,uniform,"corner,gripperPOV",10042,28.2,92.5,2,0.800000011920929,3,expert_cross,50,177,50,0.3295409679412842,0.25150731205940247,0.5810482800006866,0.10730871558189392,0.3116430342197418,0.0,0.0,39.69328308105469,20.128446578979492,189.7326202392578
uniform_corner_12k,uniform,"corner,gripperPOV",10042,28.2,92.5,2,0.800000011920929,7,expert_cross,50,177,50,0.3375631272792816,0.16254432499408722,0.5001074522733688,0.3005014955997467,0.19939099252223969,0.0,5.960464477539063e-08,39.69328308105469,20.128446578979492,189.7326202392578
uniform_corner_12k,uniform,"corner,gripperPOV",10042,28.2,92.5,2,0.800000011920929,11,expert_cross,50,177,50,0.37462785840034485,0.2936858832836151,0.66831374168396,0.2901047468185425,0.04158150032162666,0.0,1.1175870895385742e-08,39.69328308105469,20.128446578979492,189.7326202392578
uniform_corner_12k,uniform,"corner,gripperPOV",10042,28.2,92.5,3,0.699999988079071,3,expert_cross,50,177,50,0.3290567100048065,0.251164048910141,0.5802207589149475,0.1075376570224762,0.3122415542602539,0.0,2.9802322387695312e-08,39.15973663330078,20.337461471557617,189.73191833496094
uniform_corner_12k,uniform,"corner,gripperPOV",10042,28.2,92.5,3,0.699999988079071,7,expert_cross,50,177,50,0.33686110377311707,0.1622811108827591,0.49914221465587616,0.3034434914588928,0.1974143236875534,0.0,0.0,39.15973663330078,20.337461471557617,189.73191833496094
uniform_corner_12k,uniform,"corner,gripperPOV",10042,28.2,92.5,3,0.699999988079071,11,expert_cross,50,177,50,0.3742764890193939,0.29532235860824585,0.6695988476276398,0.2891288697719574,0.041272278875112534,0.0,3.725290298461914e-09,39.15973663330078,20.337461471557617,189.73191833496094
uniform_corner_12k,uniform,"corner,gripperPOV",10042,28.2,92.5,4,0.6000000238418579,3,expert_cross,50,177,50,0.3270428776741028,0.2511788606643677,0.5782217383384705,0.10844346135854721,0.3133348524570465,0.0,0.0,38.67928695678711,20.552757263183594,189.738037109375
uniform_corner_12k,uniform,"corner,gripperPOV",10042,28.2,92.5,4,0.6000000238418579,7,expert_cross,50,177,50,0.33656811714172363,0.15985530614852905,0.4964234232902527,0.3054269254207611,0.1981496959924698,0.0,0.0,38.67928695678711,20.552757263183594,189.738037109375
uniform_corner_12k,uniform,"corner,gripperPOV",10042,28.2,92.5,4,0.6000000238418579,11,expert_cross,50,177,50,0.3750521242618561,0.2966412305831909,0.671693354845047,0.28705158829689026,0.04125501215457916,0.0,4.470348358154297e-08,38.67928695678711,20.552757263183594,189.738037109375
uniform_corner_12k,uniform,"corner,gripperPOV",10042,28.2,92.5,5,0.5,3,expert_cross,50,177,50,0.32620474696159363,0.2510080933570862,0.5772128403186798,0.10978763550519943,0.3129994571208954,0.0,6.705522537231445e-08,38.26142501831055,20.916690826416016,189.7340850830078
uniform_corner_12k,uniform,"corner,gripperPOV",10042,28.2,92.5,5,0.5,7,expert_cross,50,177,50,0.3348279297351837,0.1609770953655243,0.495805025100708,0.30858853459358215,0.19560644030570984,0.0,0.0,38.26142501831055,20.916690826416016,189.7340850830078
uniform_corner_12k,uniform,"corner,gripperPOV",10042,28.2,92.5,5,0.5,11,expert_cross,50,177,50,0.3750191926956177,0.29879850149154663,0.6738176941871643,0.28458452224731445,0.041597746312618256,0.0,3.725290298461914e-08,38.26142501831055,20.916690826416016,189.7340850830078
uniform_corner_12k,uniform,"corner,gripperPOV",10042,28.2,92.5,6,0.4000000059604645,3,expert_cross,50,177,50,0.3252609074115753,0.2516763210296631,0.5769372284412384,0.11209522187709808,0.3109675645828247,0.0,0.0,37.89447021484375,21.565832138061523,189.73878479003906
uniform_corner_12k,uniform,"corner,gripperPOV",10042,28.2,92.5,6,0.4000000059604645,7,expert_cross,50,177,50,0.33194419741630554,0.1627170890569687,0.49466128647327423,0.31169021129608154,0.1936485320329666,0.0,0.0,37.89447021484375,21.565832138061523,189.73878479003906
uniform_corner_12k,uniform,"corner,gripperPOV",10042,28.2,92.5,6,0.4000000059604645,11,expert_cross,50,177,50,0.37516093254089355,0.30393117666244507,0.6790921092033386,0.2797848582267761,0.04112304374575615,0.0,0.0,37.89447021484375,21.565832138061523,189.73878479003906
uniform_corner_12k,uniform,"corner,gripperPOV",10042,28.2,92.5,7,0.30000001192092896,3,expert_cross,50,177,50,0.3262022137641907,0.252655953168869,0.5788581669330597,0.11459170281887054,0.3065500855445862,0.0,4.470348358154297e-08,37.566471099853516,22.475830078125,189.7290802001953
uniform_corner_12k,uniform,"corner,gripperPOV",10042,28.2,92.5,7,0.30000001192092896,7,expert_cross,50,177,50,0.3295443654060364,0.16562066972255707,0.49516503512859344,0.31565335392951965,0.1891816407442093,0.0,0.0,37.566471099853516,22.475830078125,189.7290802001953
uniform_corner_12k,uniform,"corner,gripperPOV",10042,28.2,92.5,7,0.30000001192092896,11,expert_cross,50,177,50,0.37606948614120483,0.3091605007648468,0.6852299869060516,0.27439647912979126,0.04037350416183472,0.0,2.9802322387695312e-08,37.566471099853516,22.475830078125,189.7290802001953
uniform_corner_12k,uniform,"corner,gripperPOV",10042,28.2,92.5,8,0.20000000298023224,3,expert_cross,50,177,50,0.32723772525787354,0.2545359432697296,0.5817736685276031,0.12131986767053604,0.296906441450119,0.0,2.2351741790771484e-08,37.24663162231445,24.345430374145508,189.73789978027344
uniform_corner_12k,uniform,"corner,gripperPOV",10042,28.2,92.5,8,0.20000000298023224,7,expert_cross,50,177,50,0.3250187039375305,0.17394687235355377,0.4989655762910843,0.3188657760620117,0.18216866254806519,0.0,0.0,37.24663162231445,24.345430374145508,189.73789978027344
uniform_corner_12k,uniform,"corner,gripperPOV",10042,28.2,92.5,8,0.20000000298023224,11,expert_cross,50,177,50,0.37672123312950134,0.3199482858181,0.6966695189476013,0.26461097598075867,0.038719542324543,0.0,0.0,37.24663162231445,24.345430374145508,189.73789978027344
uniform_corner_12k,uniform,"corner,gripperPOV",10042,28.2,92.5,9,0.10000000149011612,3,expert_cross,50,177,50,0.33549442887306213,0.25896525382995605,0.5944596827030182,0.13441434502601624,0.2711259722709656,0.0,0.0,36.87976837158203,28.027610778808594,189.7439727783203
uniform_corner_12k,uniform,"corner,gripperPOV",10042,28.2,92.5,9,0.10000000149011612,7,expert_cross,50,177,50,0.3123771846294403,0.1876041293144226,0.4999813139438629,0.3283769488334656,0.1716417372226715,0.0,0.0,36.87976837158203,28.027610778808594,189.7439727783203
uniform_corner_12k,uniform,"corner,gripperPOV",10042,28.2,92.5,9,0.10000000149011612,11,expert_cross,50,177,50,0.3781733810901642,0.33284109830856323,0.7110144793987274,0.25311633944511414,0.035869136452674866,0.0,4.470348358154297e-08,36.87976837158203,28.027610778808594,189.7439727783203
zero_corner_12k,zero,"corner,gripperPOV",10042,32.0,95.0,0,1.0,3,expert_cross,50,177,50,0.3341048061847687,0.18908074498176575,0.5231855511665344,0.1491243541240692,0.32769009470939636,0.0,0.0,40.96978759765625,21.847545623779297,189.73736572265625
zero_corner_12k,zero,"corner,gripperPOV",10042,32.0,95.0,0,1.0,7,expert_cross,50,177,50,0.3011123836040497,0.25530630350112915,0.5564186871051788,0.21087676286697388,0.23270449042320251,0.0,5.960464477539063e-08,40.96978759765625,21.847545623779297,189.73736572265625
zero_corner_12k,zero,"corner,gripperPOV",10042,32.0,95.0,0,1.0,11,expert_cross,50,177,50,0.33747929334640503,0.21972139179706573,0.5572006851434708,0.37819796800613403,0.0646013468503952,0.0,0.0,40.96978759765625,21.847545623779297,189.73736572265625
zero_corner_12k,zero,"corner,gripperPOV",10042,32.0,95.0,1,0.8999999761581421,3,expert_cross,50,177,50,0.3321637809276581,0.18891556560993195,0.52107934653759,0.15041019022464752,0.32851049304008484,0.0,0.0,40.17595291137695,21.696205139160156,189.73208618164062
zero_corner_12k,zero,"corner,gripperPOV",10042,32.0,95.0,1,0.8999999761581421,7,expert_cross,50,177,50,0.3020515441894531,0.25182077288627625,0.5538723170757294,0.21205416321754456,0.23407351970672607,0.0,0.0,40.17595291137695,21.696205139160156,189.73208618164062
zero_corner_12k,zero,"corner,gripperPOV",10042,32.0,95.0,1,0.8999999761581421,11,expert_cross,50,177,50,0.3352038860321045,0.21640481054782867,0.5516086965799332,0.3828243315219879,0.06556697189807892,0.0,0.0,40.17595291137695,21.696205139160156,189.73208618164062
zero_corner_12k,zero,"corner,gripperPOV",10042,32.0,95.0,2,0.800000011920929,3,expert_cross,50,177,50,0.3304169476032257,0.1889372169971466,0.5193541646003723,0.15147478878498077,0.3291710615158081,0.0,0.0,39.49959945678711,21.81300163269043,189.7390594482422
zero_corner_12k,zero,"corner,gripperPOV",10042,32.0,95.0,2,0.800000011920929,7,expert_cross,50,177,50,0.30022403597831726,0.25007250905036926,0.5502965450286865,0.2140183448791504,0.2356850802898407,0.0,2.9802322387695312e-08,39.49959945678711,21.81300163269043,189.7390594482422
zero_corner_12k,zero,"corner,gripperPOV",10042,32.0,95.0,2,0.800000011920929,11,expert_cross,50,177,50,0.3344189524650574,0.2175718992948532,0.5519908517599106,0.38269251585006714,0.06531663239002228,0.0,0.0,39.49959945678711,21.81300163269043,189.7390594482422
zero_corner_12k,zero,"corner,gripperPOV",10042,32.0,95.0,3,0.699999988079071,3,expert_cross,50,177,50,0.3282068371772766,0.18916857242584229,0.5173754096031189,0.15298813581466675,0.32963648438453674,0.0,0.0,38.892242431640625,22.09752655029297,189.73294067382812
zero_corner_12k,zero,"corner,gripperPOV",10042,32.0,95.0,3,0.699999988079071,7,expert_cross,50,177,50,0.3014039099216461,0.24694974720478058,0.5483536571264267,0.2158881276845932,0.2357582151889801,0.0,0.0,38.892242431640625,22.09752655029297,189.73294067382812
zero_corner_12k,zero,"corner,gripperPOV",10042,32.0,95.0,3,0.699999988079071,11,expert_cross,50,177,50,0.33257126808166504,0.21712584793567657,0.5496971160173416,0.38539594411849976,0.06490691006183624,0.0,2.9802322387695312e-08,38.892242431640625,22.09752655029297,189.73294067382812
zero_corner_12k,zero,"corner,gripperPOV",10042,32.0,95.0,4,0.6000000238418579,3,expert_cross,50,177,50,0.3275589644908905,0.18985143303871155,0.517410397529602,0.15361401438713074,0.3289755582809448,0.0,2.9802322387695312e-08,38.350830078125,22.491655349731445,189.74143981933594
zero_corner_12k,zero,"corner,gripperPOV",10042,32.0,95.0,4,0.6000000238418579,7,expert_cross,50,177,50,0.2996094822883606,0.24495725333690643,0.544566735625267,0.2178107351064682,0.23762254416942596,0.0,0.0,38.350830078125,22.491655349731445,189.74143981933594
zero_corner_12k,zero,"corner,gripperPOV",10042,32.0,95.0,4,0.6000000238418579,11,expert_cross,50,177,50,0.3306639492511749,0.21816876530647278,0.5488327145576477,0.38615721464157104,0.06501002609729767,0.0,4.470348358154297e-08,38.350830078125,22.491655349731445,189.74143981933594
zero_corner_12k,zero,"corner,gripperPOV",10042,32.0,95.0,5,0.5,3,expert_cross,50,177,50,0.3263579308986664,0.19113929569721222,0.5174972265958786,0.15512554347515106,0.32737722992897034,0.0,0.0,37.87257385253906,23.018510818481445,189.74281311035156
zero_corner_12k,zero,"corner,gripperPOV",10042,32.0,95.0,5,0.5,7,expert_cross,50,177,50,0.3002017140388489,0.24311210215091705,0.5433138161897659,0.21863940358161926,0.238046795129776,0.0,0.0,37.87257385253906,23.018510818481445,189.74281311035156
zero_corner_12k,zero,"corner,gripperPOV",10042,32.0,95.0,5,0.5,11,expert_cross,50,177,50,0.3296481668949127,0.22039738297462463,0.5500455498695374,0.38630175590515137,0.06365273147821426,0.0,0.0,37.87257385253906,23.018510818481445,189.74281311035156
zero_corner_12k,zero,"corner,gripperPOV",10042,32.0,95.0,6,0.4000000059604645,3,expert_cross,50,177,50,0.32503819465637207,0.19307133555412292,0.518109530210495,0.15678592026233673,0.3251045346260071,0.0,1.4901161193847656e-08,37.45785903930664,23.839210510253906,189.73388671875
zero_corner_12k,zero,"corner,gripperPOV",10042,32.0,95.0,6,0.4000000059604645,7,expert_cross,50,177,50,0.2994058132171631,0.2427988052368164,0.5422046184539795,0.22167691588401794,0.2361183911561966,0.0,7.450580596923828e-08,37.45785903930664,23.839210510253906,189.73388671875
zero_corner_12k,zero,"corner,gripperPOV",10042,32.0,95.0,6,0.4000000059604645,11,expert_cross,50,177,50,0.32906803488731384,0.22506801784038544,0.5541360527276993,0.384339839220047,0.06152410805225372,0.0,0.0,37.45785903930664,23.839210510253906,189.73388671875
zero_corner_12k,zero,"corner,gripperPOV",10042,32.0,95.0,7,0.30000001192092896,3,expert_cross,50,177,50,0.32396456599235535,0.1954764425754547,0.5194410085678101,0.1599072813987732,0.32065173983573914,0.0,0.0,37.09730911254883,24.97696876525879,189.7301788330078
zero_corner_12k,zero,"corner,gripperPOV",10042,32.0,95.0,7,0.30000001192092896,7,expert_cross,50,177,50,0.2990792691707611,0.24159879982471466,0.5406780689954758,0.22652089595794678,0.23280107975006104,0.0,0.0,37.09730911254883,24.97696876525879,189.7301788330078
zero_corner_12k,zero,"corner,gripperPOV",10042,32.0,95.0,7,0.30000001192092896,11,expert_cross,50,177,50,0.3288738429546356,0.2297230213880539,0.5585968643426895,0.38195642828941345,0.05944674089550972,0.0,0.0,37.09730911254883,24.97696876525879,189.7301788330078
zero_corner_12k,zero,"corner,gripperPOV",10042,32.0,95.0,8,0.20000000298023224,3,expert_cross,50,177,50,0.32379862666130066,0.1994171142578125,0.5232157409191132,0.16552923619747162,0.3112550377845764,0.0,0.0,36.742244720458984,27.062870025634766,189.73146057128906
zero_corner_12k,zero,"corner,gripperPOV",10042,32.0,95.0,8,0.20000000298023224,7,expert_cross,50,177,50,0.29667699337005615,0.24350416660308838,0.5401811599731445,0.23361745476722717,0.22620141506195068,0.0,0.0,36.742244720458984,27.062870025634766,189.73146057128906
zero_corner_12k,zero,"corner,gripperPOV",10042,32.0,95.0,8,0.20000000298023224,11,expert_cross,50,177,50,0.3286321759223938,0.24149885773658752,0.5701310336589813,0.37402307987213135,0.05584590137004852,0.0,0.0,36.742244720458984,27.062870025634766,189.73146057128906
zero_corner_12k,zero,"corner,gripperPOV",10042,32.0,95.0,9,0.10000000149011612,3,expert_cross,50,177,50,0.32769447565078735,0.20862695574760437,0.5363214313983917,0.1780078113079071,0.28567078709602356,0.0,0.0,36.31181716918945,32.08298873901367,189.74388122558594
zero_corner_12k,zero,"corner,gripperPOV",10042,32.0,95.0,9,0.10000000149011612,7,expert_cross,50,177,50,0.29291290044784546,0.24686093628406525,0.5397738367319107,0.24893184006214142,0.21129430830478668,0.0,1.4901161193847656e-08,36.31181716918945,32.08298873901367,189.74388122558594
zero_corner_12k,zero,"corner,gripperPOV",10042,32.0,95.0,9,0.10000000149011612,11,expert_cross,50,177,50,0.3344969153404236,0.25977209210395813,0.5942690074443817,0.3574846684932709,0.04824630916118622,0.0,1.4901161193847656e-08,36.31181716918945,32.08298873901367,189.74388122558594
ours_v1_corner_12k,ours_v1,"corner,gripperPOV",10043,20.0,90.0,0,1.0,3,expert_cross,50,177,50,0.32088908553123474,0.21409578621387482,0.5349848717451096,0.16459250450134277,0.30042263865470886,0.0,0.0,38.880435943603516,21.503576278686523,189.7292938232422
ours_v1_corner_12k,ours_v1,"corner,gripperPOV",10043,20.0,90.0,0,1.0,7,expert_cross,50,177,50,0.2563939690589905,0.34550487995147705,0.6018988490104675,0.246200293302536,0.15190085768699646,0.0,0.0,38.880435943603516,21.503576278686523,189.7292938232422
ours_v1_corner_12k,ours_v1,"corner,gripperPOV",10043,20.0,90.0,0,1.0,11,expert_cross,50,177,50,0.207946315407753,0.24706986546516418,0.4550161808729172,0.46074628829956055,0.08423751592636108,0.0,1.4901161193847656e-08,38.880435943603516,21.503576278686523,189.7292938232422
ours_v1_corner_12k,ours_v1,"corner,gripperPOV",10043,20.0,90.0,1,0.8999999761581421,3,expert_cross,50,177,50,0.3197425603866577,0.21476349234580994,0.5345060527324677,0.16455720365047455,0.3009366989135742,0.0,4.470348358154297e-08,38.248008728027344,21.431249618530273,189.7379913330078
ours_v1_corner_12k,ours_v1,"corner,gripperPOV",10043,20.0,90.0,1,0.8999999761581421,7,expert_cross,50,177,50,0.25689783692359924,0.34294775128364563,0.5998455882072449,0.24791105091571808,0.15224333107471466,0.0,2.9802322387695312e-08,38.248008728027344,21.431249618530273,189.7379913330078
ours_v1_corner_12k,ours_v1,"corner,gripperPOV",10043,20.0,90.0,1,0.8999999761581421,11,expert_cross,50,177,50,0.2058839052915573,0.2440824806690216,0.4499663859605789,0.4643746018409729,0.08565894514322281,0.0,6.705522537231445e-08,38.248008728027344,21.431249618530273,189.7379913330078
ours_v1_corner_12k,ours_v1,"corner,gripperPOV",10043,20.0,90.0,2,0.800000011920929,3,expert_cross,50,177,50,0.31800195574760437,0.21536891162395477,0.5333708673715591,0.16469226777553558,0.3019368350505829,0.0,2.9802322387695312e-08,37.73728942871094,21.551223754882812,189.7356719970703
ours_v1_corner_12k,ours_v1,"corner,gripperPOV",10043,20.0,90.0,2,0.800000011920929,7,expert_cross,50,177,50,0.25767818093299866,0.3420160412788391,0.5996942222118378,0.24847568571567535,0.15183009207248688,0.0,0.0,37.73728942871094,21.551223754882812,189.7356719970703
ours_v1_corner_12k,ours_v1,"corner,gripperPOV",10043,20.0,90.0,2,0.800000011920929,11,expert_cross,50,177,50,0.20519793033599854,0.24353374540805817,0.4487316757440567,0.4652382433414459,0.08603005111217499,0.0,2.9802322387695312e-08,37.73728942871094,21.551223754882812,189.7356719970703
ours_v1_corner_12k,ours_v1,"corner,gripperPOV",10043,20.0,90.0,3,0.699999988079071,3,expert_cross,50,177,50,0.31658288836479187,0.2167222499847412,0.5333051383495331,0.164311945438385,0.3023829162120819,0.0,0.0,37.32304000854492,21.56664276123047,189.73497009277344
ours_v1_corner_12k,ours_v1,"corner,gripperPOV",10043,20.0,90.0,3,0.699999988079071,7,expert_cross,50,177,50,0.25880303978919983,0.3408379852771759,0.5996410250663757,0.24895872175693512,0.15140028297901154,0.0,0.0,37.32304000854492,21.56664276123047,189.73497009277344
ours_v1_corner_12k,ours_v1,"corner,gripperPOV",10043,20.0,90.0,3,0.699999988079071,11,expert_cross,50,177,50,0.20460525155067444,0.2435179501771927,0.4481232017278671,0.46613427996635437,0.0857425257563591,0.0,0.0,37.32304000854492,21.56664276123047,189.73497009277344
ours_v1_corner_12k,ours_v1,"corner,gripperPOV",10043,20.0,90.0,4,0.6000000238418579,3,expert_cross,50,177,50,0.31446874141693115,0.21865655481815338,0.5331252962350845,0.16392646729946136,0.3029482662677765,0.0,0.0,36.99485778808594,21.686628341674805,189.7314453125
ours_v1_corner_12k,ours_v1,"corner,gripperPOV",10043,20.0,90.0,4,0.6000000238418579,7,expert_cross,50,177,50,0.2609172761440277,0.33921384811401367,0.6001311242580414,0.24921175837516785,0.15065713226795197,0.0,0.0,36.99485778808594,21.686628341674805,189.7314453125
ours_v1_corner_12k,ours_v1,"corner,gripperPOV",10043,20.0,90.0,4,0.6000000238418579,11,expert_cross,50,177,50,0.2040410190820694,0.24301713705062866,0.44705815613269806,0.4673324525356293,0.08560940623283386,0.0,0.0,36.99485778808594,21.686628341674805,189.7314453125
ours_v1_corner_12k,ours_v1,"corner,gripperPOV",10043,20.0,90.0,5,0.5,3,expert_cross,50,177,50,0.31262120604515076,0.22023728489875793,0.5328584909439087,0.16414521634578705,0.30299636721611023,0.0,0.0,36.74563217163086,22.06781005859375,189.73435974121094
ours_v1_corner_12k,ours_v1,"corner,gripperPOV",10043,20.0,90.0,5,0.5,7,expert_cross,50,177,50,0.26348182559013367,0.3366561233997345,0.6001379489898682,0.25104057788848877,0.14882147312164307,0.0,0.0,36.74563217163086,22.06781005859375,189.73435974121094
ours_v1_corner_12k,ours_v1,"corner,gripperPOV",10043,20.0,90.0,5,0.5,11,expert_cross,50,177,50,0.2030402570962906,0.24172590672969818,0.44476616382598877,0.47048985958099365,0.084743931889534,0.0,4.470348358154297e-08,36.74563217163086,22.06781005859375,189.73435974121094
ours_v1_corner_12k,ours_v1,"corner,gripperPOV",10043,20.0,90.0,6,0.4000000059604645,3,expert_cross,50,177,50,0.31037354469299316,0.22383129596710205,0.5342048406600952,0.16383664309978485,0.30195853114128113,0.0,0.0,36.577369689941406,22.506668090820312,189.73330688476562
ours_v1_corner_12k,ours_v1,"corner,gripperPOV",10043,20.0,90.0,6,0.4000000059604645,7,expert_cross,50,177,50,0.26625242829322815,0.33520039916038513,0.6014528274536133,0.2530643343925476,0.1454828828573227,0.0,0.0,36.577369689941406,22.506668090820312,189.73330688476562
ours_v1_corner_12k,ours_v1,"corner,gripperPOV",10043,20.0,90.0,6,0.4000000059604645,11,expert_cross,50,177,50,0.2043353021144867,0.24234658479690552,0.4466818869113922,0.46997106075286865,0.08334703743457794,0.0,1.4901161193847656e-08,36.577369689941406,22.506668090820312,189.73330688476562
ours_v1_corner_12k,ours_v1,"corner,gripperPOV",10043,20.0,90.0,7,0.30000001192092896,3,expert_cross,50,177,50,0.3082613945007324,0.22774700820446014,0.5360084027051926,0.16368958353996277,0.30030199885368347,0.0,1.4901161193847656e-08,36.4814567565918,22.982877731323242,189.73638916015625
ours_v1_corner_12k,ours_v1,"corner,gripperPOV",10043,20.0,90.0,7,0.30000001192092896,7,expert_cross,50,177,50,0.2717908024787903,0.3307870328426361,0.6025778353214264,0.25547540187835693,0.14194676280021667,0.0,0.0,36.4814567565918,22.982877731323242,189.73638916015625
ours_v1_corner_12k,ours_v1,"corner,gripperPOV",10043,20.0,90.0,7,0.30000001192092896,11,expert_cross,50,177,50,0.206767737865448,0.2443341314792633,0.4511018693447113,0.46811774373054504,0.08078031986951828,0.0,6.705522537231445e-08,36.4814567565918,22.982877731323242,189.73638916015625
ours_v1_corner_12k,ours_v1,"corner,gripperPOV",10043,20.0,90.0,8,0.20000000298023224,3,expert_cross,50,177,50,0.3070756494998932,0.2336004674434662,0.5406761169433594,0.16477316617965698,0.29455071687698364,0.0,0.0,36.41688919067383,24.071115493774414,189.7350616455078
ours_v1_corner_12k,ours_v1,"corner,gripperPOV",10043,20.0,90.0,8,0.20000000298023224,7,expert_cross,50,177,50,0.2774604856967926,0.3257944881916046,0.6032549738883972,0.26009923219680786,0.13664577901363373,0.0,1.4901161193847656e-08,36.41688919067383,24.071115493774414,189.7350616455078
ours_v1_corner_12k,ours_v1,"corner,gripperPOV",10043,20.0,90.0,8,0.20000000298023224,11,expert_cross,50,177,50,0.21139949560165405,0.2481747269630432,0.45957422256469727,0.4633495807647705,0.07707620412111282,0.0,0.0,36.41688919067383,24.071115493774414,189.7350616455078
ours_v1_corner_12k,ours_v1,"corner,gripperPOV",10043,20.0,90.0,9,0.10000000149011612,3,expert_cross,50,177,50,0.30925774574279785,0.24538706243038177,0.5546448081731796,0.16984838247299194,0.2755068242549896,0.0,0.0,36.32209014892578,26.4335880279541,189.73890686035156
ours_v1_corner_12k,ours_v1,"corner,gripperPOV",10043,20.0,90.0,9,0.10000000149011612,7,expert_cross,50,177,50,0.28464293479919434,0.3166947364807129,0.6013376712799072,0.2680222988128662,0.13064002990722656,0.0,0.0,36.32209014892578,26.4335880279541,189.73890686035156
ours_v1_corner_12k,ours_v1,"corner,gripperPOV",10043,20.0,90.0,9,0.10000000149011612,11,expert_cross,50,177,50,0.22516489028930664,0.2574831247329712,0.48264801502227783,0.4485704302787781,0.06878159940242767,0.0,0.0,36.32209014892578,26.4335880279541,189.73890686035156
ours_v2_corner_12k,ours_v2,"corner,gripperPOV",10043,25.5,95.5,0,1.0,3,expert_cross,50,177,50,0.28277596831321716,0.2523984909057617,0.5351744592189789,0.16098494827747345,0.3038405776023865,0.0,1.4901161193847656e-08,38.880435943603516,20.168407440185547,189.7421417236328
ours_v2_corner_12k,ours_v2,"corner,gripperPOV",10043,25.5,95.5,0,1.0,7,expert_cross,50,177,50,0.24810685217380524,0.3773323595523834,0.6254392117261887,0.24720536172389984,0.1273554116487503,0.0,1.4901161193847656e-08,38.880435943603516,20.168407440185547,189.7421417236328
ours_v2_corner_12k,ours_v2,"corner,gripperPOV",10043,25.5,95.5,0,1.0,11,expert_cross,50,177,50,0.17998474836349487,0.26946690678596497,0.44945165514945984,0.46947532892227173,0.08107300102710724,0.0,1.4901161193847656e-08,38.880435943603516,20.168407440185547,189.7421417236328
ours_v2_corner_12k,ours_v2,"corner,gripperPOV",10043,25.5,95.5,1,0.8999999761581421,3,expert_cross,50,177,50,0.2820098102092743,0.25308433175086975,0.535094141960144,0.1607913076877594,0.30411452054977417,0.0,2.9802322387695312e-08,38.22300338745117,20.14501190185547,189.74020385742188
ours_v2_corner_12k,ours_v2,"corner,gripperPOV",10043,25.5,95.5,1,0.8999999761581421,7,expert_cross,50,177,50,0.24891550838947296,0.37485140562057495,0.6237669140100479,0.24831490218639374,0.12791819870471954,0.0,0.0,38.22300338745117,20.14501190185547,189.74020385742188
ours_v2_corner_12k,ours_v2,"corner,gripperPOV",10043,25.5,95.5,1,0.8999999761581421,11,expert_cross,50,177,50,0.17764735221862793,0.2661823034286499,0.44382965564727783,0.47453272342681885,0.08163760602474213,0.0,1.4901161193847656e-08,38.22300338745117,20.14501190185547,189.74020385742188
ours_v2_corner_12k,ours_v2,"corner,gripperPOV",10043,25.5,95.5,2,0.800000011920929,3,expert_cross,50,177,50,0.28134095668792725,0.2530369460582733,0.5343779027462006,0.16100232303142548,0.30461981892585754,0.0,0.0,37.67845153808594,20.389026641845703,189.7310333251953
ours_v2_corner_12k,ours_v2,"corner,gripperPOV",10043,25.5,95.5,2,0.800000011920929,7,expert_cross,50,177,50,0.2483581155538559,0.37252897024154663,0.6208870857954025,0.25052303075790405,0.12858989834785461,0.0,0.0,37.67845153808594,20.389026641845703,189.7310333251953
ours_v2_corner_12k,ours_v2,"corner,gripperPOV",10043,25.5,95.5,2,0.800000011920929,11,expert_cross,50,177,50,0.17669086158275604,0.26677384972572327,0.4434647113084793,0.47618281841278076,0.08035245537757874,0.0,1.4901161193847656e-08,37.67845153808594,20.389026641845703,189.7310333251953
ours_v2_corner_12k,ours_v2,"corner,gripperPOV",10043,25.5,95.5,3,0.699999988079071,3,expert_cross,50,177,50,0.2804286777973175,0.25416991114616394,0.5345985889434814,0.161042258143425,0.30435916781425476,0.0,0.0,37.209068298339844,20.648101806640625,189.73806762695312
ours_v2_corner_12k,ours_v2,"corner,gripperPOV",10043,25.5,95.5,3,0.699999988079071,7,expert_cross,50,177,50,0.24942940473556519,0.3700125813484192,0.6194419860839844,0.25189629197120667,0.12866172194480896,0.0,0.0,37.209068298339844,20.648101806640625,189.73806762695312
ours_v2_corner_12k,ours_v2,"corner,gripperPOV",10043,25.5,95.5,3,0.699999988079071,11,expert_cross,50,177,50,0.17665305733680725,0.26730650663375854,0.4439595639705658,0.47711071372032166,0.07892971485853195,0.0,7.450580596923828e-09,37.209068298339844,20.648101806640625,189.73806762695312
ours_v2_corner_12k,ours_v2,"corner,gripperPOV",10043,25.5,95.5,4,0.6000000238418579,3,expert_cross,50,177,50,0.27942121028900146,0.25515860319137573,0.5345798134803772,0.16160428524017334,0.30381593108177185,0.0,0.0,36.8095588684082,20.931640625,189.740966796875
ours_v2_corner_12k,ours_v2,"corner,gripperPOV",10043,25.5,95.5,4,0.6000000238418579,7,expert_cross,50,177,50,0.24994122982025146,0.36725935339927673,0.6172005832195282,0.2537554204463959,0.12904401123523712,0.0,0.0,36.8095588684082,20.931640625,189.740966796875
ours_v2_corner_12k,ours_v2,"corner,gripperPOV",10043,25.5,95.5,4,0.6000000238418579,11,expert_cross,50,177,50,0.1761496365070343,0.2679409086704254,0.4440905451774597,0.47822657227516174,0.07768291980028152,0.0,0.0,36.8095588684082,20.931640625,189.740966796875
ours_v2_corner_12k,ours_v2,"corner,gripperPOV",10043,25.5,95.5,5,0.5,3,expert_cross,50,177,50,0.27896973490715027,0.25663870573043823,0.5356084406375885,0.16140006482601166,0.30299150943756104,0.0,0.0,36.485267639160156,21.288644790649414,189.7443389892578
ours_v2_corner_12k,ours_v2,"corner,gripperPOV",10043,25.5,95.5,5,0.5,7,expert_cross,50,177,50,0.2518567144870758,0.3657488226890564,0.6176055371761322,0.25377729535102844,0.12861718237400055,0.0,0.0,36.485267639160156,21.288644790649414,189.7443389892578
ours_v2_corner_12k,ours_v2,"corner,gripperPOV",10043,25.5,95.5,5,0.5,11,expert_cross,50,177,50,0.17645566165447235,0.26918596029281616,0.4456416219472885,0.47860169410705566,0.07575668394565582,0.0,0.0,36.485267639160156,21.288644790649414,189.7443389892578
ours_v2_corner_12k,ours_v2,"corner,gripperPOV",10043,25.5,95.5,6,0.4000000059604645,3,expert_cross,50,177,50,0.278183251619339,0.2588003873825073,0.5369836390018463,0.16173619031906128,0.3012801706790924,0.0,0.0,36.22768783569336,21.876068115234375,189.73109436035156
ours_v2_corner_12k,ours_v2,"corner,gripperPOV",10043,25.5,95.5,6,0.4000000059604645,7,expert_cross,50,177,50,0.25454455614089966,0.36274343729019165,0.6172879934310913,0.2549707293510437,0.1277412623167038,0.0,1.4901161193847656e-08,36.22768783569336,21.876068115234375,189.73109436035156
ours_v2_corner_12k,ours_v2,"corner,gripperPOV",10043,25.5,95.5,6,0.4000000059604645,11,expert_cross,50,177,50,0.1803983747959137,0.2731305956840515,0.4535289704799652,0.4742339253425598,0.07223711907863617,0.0,0.0,36.22768783569336,21.876068115234375,189.73109436035156
ours_v2_corner_12k,ours_v2,"corner,gripperPOV",10043,25.5,95.5,7,0.30000001192092896,3,expert_cross,50,177,50,0.2784312665462494,0.26191970705986023,0.5403509736061096,0.1626807004213333,0.29696834087371826,0.0,0.0,36.01844787597656,22.548391342163086,189.72976684570312
ours_v2_corner_12k,ours_v2,"corner,gripperPOV",10043,25.5,95.5,7,0.30000001192092896,7,expert_cross,50,177,50,0.25846797227859497,0.3584364354610443,0.6169044077396393,0.2568383812904358,0.12625722587108612,0.0,0.0,36.01844787597656,22.548391342163086,189.72976684570312
ours_v2_corner_12k,ours_v2,"corner,gripperPOV",10043,25.5,95.5,7,0.30000001192092896,11,expert_cross,50,177,50,0.18588490784168243,0.2753407657146454,0.4612256735563278,0.47131839394569397,0.06745591014623642,0.0,2.2351741790771484e-08,36.01844787597656,22.548391342163086,189.72976684570312
ours_v2_corner_12k,ours_v2,"corner,gripperPOV",10043,25.5,95.5,8,0.20000000298023224,3,expert_cross,50,177,50,0.27889198064804077,0.26567158102989197,0.5445635616779327,0.16471633315086365,0.2907201051712036,0.0,0.0,35.828731536865234,23.52191925048828,189.73867797851562
ours_v2_corner_12k,ours_v2,"corner,gripperPOV",10043,25.5,95.5,8,0.20000000298023224,7,expert_cross,50,177,50,0.2642494738101959,0.3515913784503937,0.6158408522605896,0.2597786784172058,0.1243804320693016,0.0,3.725290298461914e-08,35.828731536865234,23.52191925048828,189.73867797851562
ours_v2_corner_12k,ours_v2,"corner,gripperPOV",10043,25.5,95.5,8,0.20000000298023224,11,expert_cross,50,177,50,0.19549915194511414,0.28034424781799316,0.4758433997631073,0.46277114748954773,0.06138544902205467,0.0,3.725290298461914e-09,35.828731536865234,23.52191925048828,189.73867797851562
ours_v2_corner_12k,ours_v2,"corner,gripperPOV",10043,25.5,95.5,9,0.10000000149011612,3,expert_cross,50,177,50,0.28382351994514465,0.2732047438621521,0.5570282638072968,0.17070792615413666,0.272263765335083,0.0,4.470348358154297e-08,35.56935501098633,26.164138793945312,189.7405548095703
ours_v2_corner_12k,ours_v2,"corner,gripperPOV",10043,25.5,95.5,9,0.10000000149011612,7,expert_cross,50,177,50,0.26934921741485596,0.3393203020095825,0.6086695194244385,0.26840054988861084,0.12292993068695068,0.0,0.0,35.56935501098633,26.164138793945312,189.7405548095703
ours_v2_corner_12k,ours_v2,"corner,gripperPOV",10043,25.5,95.5,9,0.10000000149011612,11,expert_cross,50,177,50,0.21122756600379944,0.28558552265167236,0.4968130886554718,0.4504762291908264,0.05271068960428238,0.0,0.0,35.56935501098633,26.164138793945312,189.7405548095703
ours_v3_corner_12k,ours_v3,"corner,gripperPOV",10043,32.0,94.5,0,1.0,3,expert_cross,50,177,50,0.29454562067985535,0.23356404900550842,0.5281096696853638,0.15242822468280792,0.3194621205329895,0.0,0.0,38.880435943603516,21.623729705810547,189.74392700195312
ours_v3_corner_12k,ours_v3,"corner,gripperPOV",10043,32.0,94.5,0,1.0,7,expert_cross,50,177,50,0.2545697093009949,0.32420167326927185,0.5787713825702667,0.2507297098636627,0.17049892246723175,0.0,0.0,38.880435943603516,21.623729705810547,189.74392700195312
ours_v3_corner_12k,ours_v3,"corner,gripperPOV",10043,32.0,94.5,0,1.0,11,expert_cross,50,177,50,0.327789843082428,0.24641536176204681,0.5742052048444748,0.35826992988586426,0.06752489507198334,0.0,0.0,38.880435943603516,21.623729705810547,189.74392700195312
ours_v3_corner_12k,ours_v3,"corner,gripperPOV",10043,32.0,94.5,1,0.8999999761581421,3,expert_cross,50,177,50,0.2930740714073181,0.23282022774219513,0.5258942991495132,0.15339995920658112,0.32070568203926086,0.0,5.960464477539063e-08,38.11121368408203,21.377931594848633,189.72967529296875
ours_v3_corner_12k,ours_v3,"corner,gripperPOV",10043,32.0,94.5,1,0.8999999761581421,7,expert_cross,50,177,50,0.25378087162971497,0.3214786648750305,0.5752595365047455,0.2535098195075989,0.17123062908649445,0.0,1.4901161193847656e-08,38.11121368408203,21.377931594848633,189.72967529296875
ours_v3_corner_12k,ours_v3,"corner,gripperPOV",10043,32.0,94.5,1,0.8999999761581421,11,expert_cross,50,177,50,0.3265552222728729,0.24250563979148865,0.5690608620643616,0.3624681532382965,0.06847099214792252,0.0,0.0,38.11121368408203,21.377931594848633,189.72967529296875
ours_v3_corner_12k,ours_v3,"corner,gripperPOV",10043,32.0,94.5,2,0.800000011920929,3,expert_cross,50,177,50,0.29221993684768677,0.2326710969209671,0.5248910337686539,0.15388281643390656,0.3212261497974396,0.0,0.0,37.46955490112305,21.47194480895996,189.73660278320312
ours_v3_corner_12k,ours_v3,"corner,gripperPOV",10043,32.0,94.5,2,0.800000011920929,7,expert_cross,50,177,50,0.2552494406700134,0.31939250230789185,0.5746419429779053,0.2556154727935791,0.16974256932735443,0.0,1.4901161193847656e-08,37.46955490112305,21.47194480895996,189.73660278320312
ours_v3_corner_12k,ours_v3,"corner,gripperPOV",10043,32.0,94.5,2,0.800000011920929,11,expert_cross,50,177,50,0.32667768001556396,0.24189959466457367,0.5685772746801376,0.3637906610965729,0.06763205677270889,0.0,7.450580596923828e-09,37.46955490112305,21.47194480895996,189.73660278320312
ours_v3_corner_12k,ours_v3,"corner,gripperPOV",10043,32.0,94.5,3,0.699999988079071,3,expert_cross,50,177,50,0.2907545864582062,0.23261043429374695,0.5233650207519531,0.1548837423324585,0.321751207113266,0.0,2.9802322387695312e-08,36.90882873535156,21.535099029541016,189.7320556640625
ours_v3_corner_12k,ours_v3,"corner,gripperPOV",10043,32.0,94.5,3,0.699999988079071,7,expert_cross,50,177,50,0.25736501812934875,0.3180125653743744,0.5753775835037231,0.25712502002716064,0.1674974113702774,0.0,0.0,36.90882873535156,21.535099029541016,189.7320556640625
ours_v3_corner_12k,ours_v3,"corner,gripperPOV",10043,32.0,94.5,3,0.699999988079071,11,expert_cross,50,177,50,0.32497358322143555,0.24141399562358856,0.5663875788450241,0.36694467067718506,0.06666777282953262,0.0,0.0,36.90882873535156,21.535099029541016,189.7320556640625
ours_v3_corner_12k,ours_v3,"corner,gripperPOV",10043,32.0,94.5,4,0.6000000238418579,3,expert_cross,50,177,50,0.28966787457466125,0.23300676047801971,0.522674635052681,0.155666783452034,0.32165858149528503,0.0,0.0,36.42879104614258,21.740276336669922,189.73731994628906
ours_v3_corner_12k,ours_v3,"corner,gripperPOV",10043,32.0,94.5,4,0.6000000238418579,7,expert_cross,50,177,50,0.25816094875335693,0.31287890672683716,0.5710398554801941,0.26243191957473755,0.16652825474739075,0.0,0.0,36.42879104614258,21.740276336669922,189.73731994628906
ours_v3_corner_12k,ours_v3,"corner,gripperPOV",10043,32.0,94.5,4,0.6000000238418579,11,expert_cross,50,177,50,0.3248608112335205,0.2432820051908493,0.5681428164243698,0.36563146114349365,0.06622572988271713,0.0,0.0,36.42879104614258,21.740276336669922,189.73731994628906
ours_v3_corner_12k,ours_v3,"corner,gripperPOV",10043,32.0,94.5,5,0.5,3,expert_cross,50,177,50,0.28841957449913025,0.23358280956745148,0.5220023840665817,0.15619343519210815,0.3218041658401489,0.0,1.4901161193847656e-08,36.025360107421875,21.86589241027832,189.73785400390625
ours_v3_corner_12k,ours_v3,"corner,gripperPOV",10043,32.0,94.5,5,0.5,7,expert_cross,50,177,50,0.26111698150634766,0.31073519587516785,0.5718521773815155,0.2641480267047882,0.1639997661113739,0.0,2.9802322387695312e-08,36.025360107421875,21.86589241027832,189.73785400390625
ours_v3_corner_12k,ours_v3,"corner,gripperPOV",10043,32.0,94.5,5,0.5,11,expert_cross,50,177,50,0.3242626488208771,0.2442016452550888,0.5684642940759659,0.3662465810775757,0.06528910994529724,0.0,1.4901161193847656e-08,36.025360107421875,21.86589241027832,189.73785400390625
ours_v3_corner_12k,ours_v3,"corner,gripperPOV",10043,32.0,94.5,6,0.4000000059604645,3,expert_cross,50,177,50,0.28597190976142883,0.23545724153518677,0.5214291512966156,0.15839649736881256,0.32017433643341064,0.0,1.4901161193847656e-08,35.67400360107422,22.444055557250977,189.73556518554688
ours_v3_corner_12k,ours_v3,"corner,gripperPOV",10043,32.0,94.5,6,0.4000000059604645,7,expert_cross,50,177,50,0.26350975036621094,0.3068429231643677,0.5703526735305786,0.26812028884887695,0.16152702271938324,0.0,1.4901161193847656e-08,35.67400360107422,22.444055557250977,189.73556518554688
ours_v3_corner_12k,ours_v3,"corner,gripperPOV",10043,32.0,94.5,6,0.4000000059604645,11,expert_cross,50,177,50,0.3237551152706146,0.24849294126033783,0.5722480565309525,0.3641231656074524,0.06362880766391754,0.0,0.0,35.67400360107422,22.444055557250977,189.73556518554688
ours_v3_corner_12k,ours_v3,"corner,gripperPOV",10043,32.0,94.5,7,0.30000001192092896,3,expert_cross,50,177,50,0.2843800187110901,0.23781797289848328,0.5221979916095734,0.1609138548374176,0.31688815355300903,0.0,0.0,35.36907958984375,23.2657527923584,189.73426818847656
ours_v3_corner_12k,ours_v3,"corner,gripperPOV",10043,32.0,94.5,7,0.30000001192092896,7,expert_cross,50,177,50,0.2675345540046692,0.3007926344871521,0.5683271884918213,0.27503103017807007,0.15664178133010864,0.0,0.0,35.36907958984375,23.2657527923584,189.73426818847656
ours_v3_corner_12k,ours_v3,"corner,gripperPOV",10043,32.0,94.5,7,0.30000001192092896,11,expert_cross,50,177,50,0.3250795602798462,0.2541656494140625,0.5792452096939087,0.35985803604125977,0.06089673191308975,0.0,2.2351741790771484e-08,35.36907958984375,23.2657527923584,189.73426818847656
ours_v3_corner_12k,ours_v3,"corner,gripperPOV",10043,32.0,94.5,8,0.20000000298023224,3,expert_cross,50,177,50,0.2835714817047119,0.24267137050628662,0.5262428522109985,0.16615021228790283,0.30760693550109863,0.0,0.0,35.076393127441406,24.92039680480957,189.74388122558594
ours_v3_corner_12k,ours_v3,"corner,gripperPOV",10043,32.0,94.5,8,0.20000000298023224,7,expert_cross,50,177,50,0.27160075306892395,0.29295802116394043,0.5645587742328644,0.283816397190094,0.1516248881816864,0.0,0.0,35.076393127441406,24.92039680480957,189.74388122558594
ours_v3_corner_12k,ours_v3,"corner,gripperPOV",10043,32.0,94.5,8,0.20000000298023224,11,expert_cross,50,177,50,0.32545119524002075,0.26319998502731323,0.588651180267334,0.35333308577537537,0.05801575630903244,0.0,0.0,35.076393127441406,24.92039680480957,189.74388122558594
ours_v3_corner_12k,ours_v3,"corner,gripperPOV",10043,32.0,94.5,9,0.10000000149011612,3,expert_cross,50,177,50,0.28476482629776,0.25447654724121094,0.539241373538971,0.17801326513290405,0.2827453911304474,0.0,0.0,34.70626449584961,29.553043365478516,189.73330688476562
ours_v3_corner_12k,ours_v3,"corner,gripperPOV",10043,32.0,94.5,9,0.10000000149011612,7,expert_cross,50,177,50,0.2767854630947113,0.2785990834236145,0.5553845465183258,0.30121952295303345,0.14339590072631836,0.0,2.9802322387695312e-08,34.70626449584961,29.553043365478516,189.73330688476562
ours_v3_corner_12k,ours_v3,"corner,gripperPOV",10043,32.0,94.5,9,0.10000000149011612,11,expert_cross,50,177,50,0.3286252021789551,0.27720338106155396,0.605828583240509,0.34136539697647095,0.05280604586005211,0.0,0.0,34.70626449584961,29.553043365478516,189.73330688476562
ours_v4_corner_12k,ours_v4,"corner,gripperPOV",10043,34.5,95.0,0,1.0,3,expert_cross,50,177,50,0.30945268273353577,0.23757535219192505,0.5470280349254608,0.1525656133890152,0.3004063665866852,0.0,0.0,38.880435943603516,23.447519302368164,189.73306274414062
ours_v4_corner_12k,ours_v4,"corner,gripperPOV",10043,34.5,95.0,0,1.0,7,expert_cross,50,177,50,0.24359825253486633,0.2969297766685486,0.5405280292034149,0.26088041067123413,0.19859157502651215,0.0,0.0,38.880435943603516,23.447519302368164,189.73306274414062
ours_v4_corner_12k,ours_v4,"corner,gripperPOV",10043,34.5,95.0,0,1.0,11,expert_cross,50,177,50,0.3206043243408203,0.25476500391960144,0.5753693282604218,0.375515878200531,0.04911483824253082,0.0,0.0,38.880435943603516,23.447519302368164,189.73306274414062
ours_v4_corner_12k,ours_v4,"corner,gripperPOV",10043,34.5,95.0,1,0.8999999761581421,3,expert_cross,50,177,50,0.3084285855293274,0.23841296136379242,0.5468415468931198,0.15287384390830994,0.30028456449508667,0.0,4.470348358154297e-08,38.129966735839844,23.329660415649414,189.7362823486328
ours_v4_corner_12k,ours_v4,"corner,gripperPOV",10043,34.5,95.0,1,0.8999999761581421,7,expert_cross,50,177,50,0.24281398952007294,0.2950616180896759,0.5378756076097488,0.2624453008174896,0.19967909157276154,0.0,0.0,38.129966735839844,23.329660415649414,189.7362823486328
ours_v4_corner_12k,ours_v4,"corner,gripperPOV",10043,34.5,95.0,1,0.8999999761581421,11,expert_cross,50,177,50,0.3190652132034302,0.2518414258956909,0.5709066390991211,0.3802328407764435,0.048860520124435425,0.0,0.0,38.129966735839844,23.329660415649414,189.7362823486328
ours_v4_corner_12k,ours_v4,"corner,gripperPOV",10043,34.5,95.0,2,0.800000011920929,3,expert_cross,50,177,50,0.3083137571811676,0.23845244944095612,0.5467662066221237,0.15287894010543823,0.30035483837127686,0.0,1.4901161193847656e-08,37.53117752075195,23.349458694458008,189.73252868652344
ours_v4_corner_12k,ours_v4,"corner,gripperPOV",10043,34.5,95.0,2,0.800000011920929,7,expert_cross,50,177,50,0.24324479699134827,0.2914407551288605,0.5346855521202087,0.26512908935546875,0.20018529891967773,0.0,5.960464477539063e-08,37.53117752075195,23.349458694458008,189.73252868652344
ours_v4_corner_12k,ours_v4,"corner,gripperPOV",10043,34.5,95.0,2,0.800000011920929,11,expert_cross,50,177,50,0.31801724433898926,0.25171923637390137,0.5697364807128906,0.38152432441711426,0.04873917996883392,0.0,1.4901161193847656e-08,37.53117752075195,23.349458694458008,189.73252868652344
ours_v4_corner_12k,ours_v4,"corner,gripperPOV",10043,34.5,95.0,3,0.699999988079071,3,expert_cross,50,177,50,0.30768758058547974,0.2388254851102829,0.5465130656957626,0.15325093269348145,0.3002359867095947,0.0,1.4901161193847656e-08,37.02869415283203,23.460697174072266,189.73574829101562
ours_v4_corner_12k,ours_v4,"corner,gripperPOV",10043,34.5,95.0,3,0.699999988079071,7,expert_cross,50,177,50,0.2437974512577057,0.28689244389533997,0.5306898951530457,0.26852092146873474,0.2007891833782196,0.0,0.0,37.02869415283203,23.460697174072266,189.73574829101562
ours_v4_corner_12k,ours_v4,"corner,gripperPOV",10043,34.5,95.0,3,0.699999988079071,11,expert_cross,50,177,50,0.31807535886764526,0.25461018085479736,0.5726855397224426,0.3797682225704193,0.04754623398184776,0.0,3.725290298461914e-09,37.02869415283203,23.460697174072266,189.73574829101562
ours_v4_corner_12k,ours_v4,"corner,gripperPOV",10043,34.5,95.0,4,0.6000000238418579,3,expert_cross,50,177,50,0.30660757422447205,0.239409402012825,0.5460169762372971,0.1533704698085785,0.30061256885528564,0.0,0.0,36.63130187988281,23.69759750366211,189.73538208007812
ours_v4_corner_12k,ours_v4,"corner,gripperPOV",10043,34.5,95.0,4,0.6000000238418579,7,expert_cross,50,177,50,0.243379145860672,0.2823236286640167,0.5257027745246887,0.2720690965652466,0.2022281289100647,0.0,0.0,36.63130187988281,23.69759750366211,189.73538208007812
ours_v4_corner_12k,ours_v4,"corner,gripperPOV",10043,34.5,95.0,4,0.6000000238418579,11,expert_cross,50,177,50,0.31605464220046997,0.2550865709781647,0.5711412131786346,0.3814407289028168,0.04741806909441948,0.0,0.0,36.63130187988281,23.69759750366211,189.73538208007812
ours_v4_corner_12k,ours_v4,"corner,gripperPOV",10043,34.5,95.0,5,0.5,3,expert_cross,50,177,50,0.30661067366600037,0.24010270833969116,0.5467133820056915,0.15324729681015015,0.3000393509864807,0.0,0.0,36.32896041870117,23.896896362304688,189.7351531982422
ours_v4_corner_12k,ours_v4,"corner,gripperPOV",10043,34.5,95.0,5,0.5,7,expert_cross,50,177,50,0.24338114261627197,0.278981477022171,0.522362619638443,0.2744215130805969,0.20321588218212128,0.0,0.0,36.32896041870117,23.896896362304688,189.7351531982422
ours_v4_corner_12k,ours_v4,"corner,gripperPOV",10043,34.5,95.0,5,0.5,11,expert_cross,50,177,50,0.31391987204551697,0.25721755623817444,0.5711374282836914,0.38184940814971924,0.04701320827007294,0.0,0.0,36.32896041870117,23.896896362304688,189.7351531982422
ours_v4_corner_12k,ours_v4,"corner,gripperPOV",10043,34.5,95.0,6,0.4000000059604645,3,expert_cross,50,177,50,0.30553537607192993,0.24120742082595825,0.5467427968978882,0.154428631067276,0.2988285422325134,0.0,2.9802322387695312e-08,36.10564422607422,24.328920364379883,189.73731994628906
ours_v4_corner_12k,ours_v4,"corner,gripperPOV",10043,34.5,95.0,6,0.4000000059604645,7,expert_cross,50,177,50,0.24401171505451202,0.2760027348995209,0.5200144499540329,0.27691251039505005,0.20307302474975586,0.0,1.4901161193847656e-08,36.10564422607422,24.328920364379883,189.73731994628906
ours_v4_corner_12k,ours_v4,"corner,gripperPOV",10043,34.5,95.0,6,0.4000000059604645,11,expert_cross,50,177,50,0.31297576427459717,0.26166000962257385,0.574635773897171,0.38032299280166626,0.04504118487238884,0.0,4.842877388000488e-08,36.10564422607422,24.328920364379883,189.73731994628906
ours_v4_corner_12k,ours_v4,"corner,gripperPOV",10043,34.5,95.0,7,0.30000001192092896,3,expert_cross,50,177,50,0.30531665682792664,0.24275325238704681,0.5480699092149734,0.15711943805217743,0.29481062293052673,0.0,2.9802322387695312e-08,35.94673538208008,24.990013122558594,189.7392120361328
ours_v4_corner_12k,ours_v4,"corner,gripperPOV",10043,34.5,95.0,7,0.30000001192092896,7,expert_cross,50,177,50,0.24379085004329681,0.26920971274375916,0.513000562787056,0.2818610966205597,0.20513832569122314,0.0,1.4901161193847656e-08,35.94673538208008,24.990013122558594,189.7392120361328
ours_v4_corner_12k,ours_v4,"corner,gripperPOV",10043,34.5,95.0,7,0.30000001192092896,11,expert_cross,50,177,50,0.31060096621513367,0.26664236187934875,0.5772433280944824,0.3783164918422699,0.04444010928273201,0.0,7.078051567077637e-08,35.94673538208008,24.990013122558594,189.7392120361328
ours_v4_corner_12k,ours_v4,"corner,gripperPOV",10043,34.5,95.0,8,0.20000000298023224,3,expert_cross,50,177,50,0.30565813183784485,0.24460574984550476,0.5502638816833496,0.16219186782836914,0.2875441908836365,0.0,5.960464477539063e-08,35.8176383972168,26.30661964416504,189.73338317871094
ours_v4_corner_12k,ours_v4,"corner,gripperPOV",10043,34.5,95.0,8,0.20000000298023224,7,expert_cross,50,177,50,0.24499574303627014,0.25974544882774353,0.5047411918640137,0.28826069831848145,0.2069980651140213,0.0,4.470348358154297e-08,35.8176383972168,26.30661964416504,189.73338317871094
ours_v4_corner_12k,ours_v4,"corner,gripperPOV",10043,34.5,95.0,8,0.20000000298023224,11,expert_cross,50,177,50,0.3095216453075409,0.27531492710113525,0.5848365724086761,0.37268897891044617,0.04247448965907097,0.0,0.0,35.8176383972168,26.30661964416504,189.73338317871094
ours_v4_corner_12k,ours_v4,"corner,gripperPOV",10043,34.5,95.0,9,0.10000000149011612,3,expert_cross,50,177,50,0.3086152970790863,0.2492891103029251,0.5579044073820114,0.17283682525157928,0.2692587971687317,0.0,0.0,35.618282318115234,30.381080627441406,189.7322998046875
ours_v4_corner_12k,ours_v4,"corner,gripperPOV",10043,34.5,95.0,9,0.10000000149011612,7,expert_cross,50,177,50,0.24666209518909454,0.2491409331560135,0.49580302834510803,0.30172106623649597,0.202475905418396,0.0,0.0,35.618282318115234,30.381080627441406,189.7322998046875
ours_v4_corner_12k,ours_v4,"corner,gripperPOV",10043,34.5,95.0,9,0.10000000149011612,11,expert_cross,50,177,50,0.30924171209335327,0.28521615266799927,0.5944578647613525,0.36563512682914734,0.039906978607177734,0.0,2.9802322387695312e-08,35.618282318115234,30.381080627441406,189.7322998046875
random_corner_12k,random,"corner,gripperPOV",10043,32.0,94.5,0,1.0,3,expert_cross,50,177,50,0.31296947598457336,0.2426312267780304,0.5556007027626038,0.13542547821998596,0.3089738190174103,0.0,0.0,38.880435943603516,21.54932975769043,189.73065185546875
random_corner_12k,random,"corner,gripperPOV",10043,32.0,94.5,0,1.0,7,expert_cross,50,177,50,0.25592565536499023,0.3229435980319977,0.5788692533969879,0.22990521788597107,0.19122552871704102,0.0,0.0,38.880435943603516,21.54932975769043,189.73065185546875
random_corner_12k,random,"corner,gripperPOV",10043,32.0,94.5,0,1.0,11,expert_cross,50,177,50,0.3081097900867462,0.24360814690589905,0.5517179369926453,0.39011892676353455,0.05816308408975601,0.0,5.21540641784668e-08,38.880435943603516,21.54932975769043,189.73065185546875
random_corner_12k,random,"corner,gripperPOV",10043,32.0,94.5,1,0.8999999761581421,3,expert_cross,50,177,50,0.3116495907306671,0.24295055866241455,0.5546001493930817,0.1355460286140442,0.30985379219055176,0.0,2.9802322387695312e-08,38.17801284790039,21.46957015991211,189.73367309570312
random_corner_12k,random,"corner,gripperPOV",10043,32.0,94.5,1,0.8999999761581421,7,expert_cross,50,177,50,0.25652337074279785,0.3192313313484192,0.575754702091217,0.2323988825082779,0.19184641540050507,0.0,0.0,38.17801284790039,21.46957015991211,189.73367309570312
random_corner_12k,random,"corner,gripperPOV",10043,32.0,94.5,1,0.8999999761581421,11,expert_cross,50,177,50,0.30696624517440796,0.24097074568271637,0.5479369908571243,0.39404675364494324,0.05801624432206154,0.0,1.1175870895385742e-08,38.17801284790039,21.46957015991211,189.73367309570312
random_corner_12k,random,"corner,gripperPOV",10043,32.0,94.5,2,0.800000011920929,3,expert_cross,50,177,50,0.3102406859397888,0.24322479963302612,0.5534654855728149,0.13595229387283325,0.3105822205543518,0.0,0.0,37.594905853271484,21.546388626098633,189.7418212890625
random_corner_12k,random,"corner,gripperPOV",10043,32.0,94.5,2,0.800000011920929,7,expert_cross,50,177,50,0.25680798292160034,0.31703972816467285,0.5738477110862732,0.23358993232250214,0.19256237149238586,0.0,0.0,37.594905853271484,21.546388626098633,189.7418212890625
random_corner_12k,random,"corner,gripperPOV",10043,32.0,94.5,2,0.800000011920929,11,expert_cross,50,177,50,0.3061431050300598,0.23972296714782715,0.545866072177887,0.39605221152305603,0.05808171629905701,0.0,0.0,37.594905853271484,21.546388626098633,189.7418212890625
random_corner_12k,random,"corner,gripperPOV",10043,32.0,94.5,3,0.699999988079071,3,expert_cross,50,177,50,0.30839625000953674,0.24375781416893005,0.5521540641784668,0.1368984580039978,0.3109474778175354,0.0,0.0,37.103485107421875,21.61865234375,189.73106384277344
random_corner_12k,random,"corner,gripperPOV",10043,32.0,94.5,3,0.699999988079071,7,expert_cross,50,177,50,0.25673922896385193,0.3142660856246948,0.5710053145885468,0.23676170408725739,0.19223295152187347,0.0,2.9802322387695312e-08,37.103485107421875,21.61865234375,189.73106384277344
random_corner_12k,random,"corner,gripperPOV",10043,32.0,94.5,3,0.699999988079071,11,expert_cross,50,177,50,0.30588072538375854,0.2397182583808899,0.5455989837646484,0.3973546028137207,0.05704637989401817,0.0,3.3527612686157227e-08,37.103485107421875,21.61865234375,189.73106384277344
random_corner_12k,random,"corner,gripperPOV",10043,32.0,94.5,4,0.6000000238418579,3,expert_cross,50,177,50,0.3067372739315033,0.24461926519870758,0.5513565391302109,0.13709478080272675,0.31154870986938477,0.0,0.0,36.70127868652344,21.92030906677246,189.74217224121094
random_corner_12k,random,"corner,gripperPOV",10043,32.0,94.5,4,0.6000000238418579,7,expert_cross,50,177,50,0.2559857666492462,0.31126269698143005,0.5672484636306763,0.24050022661685944,0.1922512948513031,0.0,1.4901161193847656e-08,36.70127868652344,21.92030906677246,189.74217224121094
random_corner_12k,random,"corner,gripperPOV",10043,32.0,94.5,4,0.6000000238418579,11,expert_cross,50,177,50,0.3063609302043915,0.24062632024288177,0.5469872504472733,0.3965988755226135,0.05641389638185501,0.0,0.0,36.70127868652344,21.92030906677246,189.74217224121094
random_corner_12k,random,"corner,gripperPOV",10043,32.0,94.5,5,0.5,3,expert_cross,50,177,50,0.30508849024772644,0.24558131396770477,0.5506698042154312,0.13734345138072968,0.3119867444038391,0.0,0.0,36.38172912597656,22.169464111328125,189.74594116210938
random_corner_12k,random,"corner,gripperPOV",10043,32.0,94.5,5,0.5,7,expert_cross,50,177,50,0.256227046251297,0.3087061941623688,0.5649332404136658,0.24355946481227875,0.19150730967521667,0.0,0.0,36.38172912597656,22.169464111328125,189.74594116210938
random_corner_12k,random,"corner,gripperPOV",10043,32.0,94.5,5,0.5,11,expert_cross,50,177,50,0.30626869201660156,0.24174590408802032,0.5480145961046219,0.3969669044017792,0.05501846969127655,0.0,2.9802322387695312e-08,36.38172912597656,22.169464111328125,189.74594116210938
random_corner_12k,random,"corner,gripperPOV",10043,32.0,94.5,6,0.4000000059604645,3,expert_cross,50,177,50,0.30380719900131226,0.2475403994321823,0.5513475984334946,0.1385253369808197,0.31012701988220215,0.0,4.470348358154297e-08,36.14067459106445,22.64830207824707,189.741943359375
random_corner_12k,random,"corner,gripperPOV",10043,32.0,94.5,6,0.4000000059604645,7,expert_cross,50,177,50,0.25556284189224243,0.30631721019744873,0.5618800520896912,0.248625710606575,0.18949423730373383,0.0,0.0,36.14067459106445,22.64830207824707,189.741943359375
random_corner_12k,random,"corner,gripperPOV",10043,32.0,94.5,6,0.4000000059604645,11,expert_cross,50,177,50,0.30882930755615234,0.2464635819196701,0.5552928894758224,0.39222174882888794,0.052485279738903046,0.0,8.195638656616211e-08,36.14067459106445,22.64830207824707,189.741943359375
random_corner_12k,random,"corner,gripperPOV",10043,32.0,94.5,7,0.30000001192092896,3,expert_cross,50,177,50,0.30298054218292236,0.2501772940158844,0.5531578361988068,0.1412711888551712,0.3055709898471832,0.0,0.0,35.978721618652344,23.166728973388672,189.7281951904297
random_corner_12k,random,"corner,gripperPOV",10043,32.0,94.5,7,0.30000001192092896,7,expert_cross,50,177,50,0.25623050332069397,0.30253279209136963,0.5587632954120636,0.2549738883972168,0.1862628310918808,0.0,0.0,35.978721618652344,23.166728973388672,189.7281951904297
random_corner_12k,random,"corner,gripperPOV",10043,32.0,94.5,7,0.30000001192092896,11,expert_cross,50,177,50,0.3126426041126251,0.25432440638542175,0.5669670104980469,0.3835969567298889,0.04943603649735451,0.0,0.0,35.978721618652344,23.166728973388672,189.7281951904297
random_corner_12k,random,"corner,gripperPOV",10043,32.0,94.5,8,0.20000000298023224,3,expert_cross,50,177,50,0.30272993445396423,0.25432366132736206,0.5570535957813263,0.14645938575267792,0.296487033367157,0.0,0.0,35.85023880004883,24.109691619873047,189.73756408691406
random_corner_12k,random,"corner,gripperPOV",10043,32.0,94.5,8,0.20000000298023224,7,expert_cross,50,177,50,0.2576451897621155,0.29852259159088135,0.5561677813529968,0.2633291184902191,0.18050308525562286,0.0,1.4901161193847656e-08,35.85023880004883,24.109691619873047,189.73756408691406
random_corner_12k,random,"corner,gripperPOV",10043,32.0,94.5,8,0.20000000298023224,11,expert_cross,50,177,50,0.31745538115501404,0.2670379877090454,0.5844933688640594,0.3696098327636719,0.04589680954813957,0.0,0.0,35.85023880004883,24.109691619873047,189.73756408691406
random_corner_12k,random,"corner,gripperPOV",10043,32.0,94.5,9,0.10000000149011612,3,expert_cross,50,177,50,0.30648404359817505,0.2616805136203766,0.5681645572185516,0.1570426970720291,0.27479273080825806,0.0,1.4901161193847656e-08,35.69357681274414,27.151819229125977,189.7490997314453
random_corner_12k,random,"corner,gripperPOV",10043,32.0,94.5,9,0.10000000149011612,7,expert_cross,50,177,50,0.2638895511627197,0.2907763421535492,0.5546658933162689,0.27843084931373596,0.1669032722711563,0.0,0.0,35.69357681274414,27.151819229125977,189.7490997314453
random_corner_12k,random,"corner,gripperPOV",10043,32.0,94.5,9,0.10000000149011612,11,expert_cross,50,177,50,0.32647424936294556,0.2851752042770386,0.6116494536399841,0.3477327525615692,0.04061783105134964,0.0,0.0,35.69357681274414,27.151819229125977,189.7490997314453
uniform_corner_12k,uniform,"corner,gripperPOV",10043,28.2,92.5,0,1.0,3,expert_cross,50,177,50,0.31178542971611023,0.26952576637268066,0.5813111960887909,0.1053672581911087,0.3133215606212616,0.0,0.0,38.880435943603516,20.28502082824707,189.73533630371094
uniform_corner_12k,uniform,"corner,gripperPOV",10043,28.2,92.5,0,1.0,7,expert_cross,50,177,50,0.27642685174942017,0.2564328610897064,0.5328597128391266,0.2971477210521698,0.16999253630638123,0.0,2.9802322387695312e-08,38.880435943603516,20.28502082824707,189.73533630371094
uniform_corner_12k,uniform,"corner,gripperPOV",10043,28.2,92.5,0,1.0,11,expert_cross,50,177,50,0.3233504295349121,0.30966120958328247,0.6330116391181946,0.323647141456604,0.04334121569991112,0.0,3.725290298461914e-09,38.880435943603516,20.28502082824707,189.73533630371094
uniform_corner_12k,uniform,"corner,gripperPOV",10043,28.2,92.5,1,0.8999999761581421,3,expert_cross,50,177,50,0.3109689950942993,0.2697015106678009,0.5806705057621002,0.10576999932527542,0.31355947256088257,0.0,2.2351741790771484e-08,38.19954299926758,20.242046356201172,189.73995971679688
uniform_corner_12k,uniform,"corner,gripperPOV",10043,28.2,92.5,1,0.8999999761581421,7,expert_cross,50,177,50,0.27524203062057495,0.2535130977630615,0.5287551283836365,0.3003188371658325,0.1709260195493698,0.0,1.4901161193847656e-08,38.19954299926758,20.242046356201172,189.73995971679688
uniform_corner_12k,uniform,"corner,gripperPOV",10043,28.2,92.5,1,0.8999999761581421,11,expert_cross,50,177,50,0.32280513644218445,0.3068399727344513,0.6296451091766357,0.32698139548301697,0.04337352141737938,0.0,0.0,38.19954299926758,20.242046356201172,189.73995971679688
uniform_corner_12k,uniform,"corner,gripperPOV",10043,28.2,92.5,2,0.800000011920929,3,expert_cross,50,177,50,0.3098149299621582,0.26926037669181824,0.5790753066539764,0.1062597781419754,0.31466495990753174,0.0,0.0,37.63080978393555,20.35570526123047,189.73910522460938
uniform_corner_12k,uniform,"corner,gripperPOV",10043,28.2,92.5,2,0.800000011920929,7,expert_cross,50,177,50,0.27382683753967285,0.2504051923751831,0.524232029914856,0.3036779463291168,0.1720900535583496,0.0,0.0,37.63080978393555,20.35570526123047,189.73910522460938
uniform_corner_12k,uniform,"corner,gripperPOV",10043,28.2,92.5,2,0.800000011920929,11,expert_cross,50,177,50,0.32220911979675293,0.30678901076316833,0.6289981305599213,0.32784000039100647,0.04316186159849167,0.0,7.450580596923828e-09,37.63080978393555,20.35570526123047,189.73910522460938
uniform_corner_12k,uniform,"corner,gripperPOV",10043,28.2,92.5,3,0.699999988079071,3,expert_cross,50,177,50,0.30933743715286255,0.26926732063293457,0.5786047577857971,0.10674020648002625,0.314655065536499,0.0,0.0,37.12871170043945,20.479637145996094,189.7317352294922
uniform_corner_12k,uniform,"corner,gripperPOV",10043,28.2,92.5,3,0.699999988079071,7,expert_cross,50,177,50,0.2744705080986023,0.24780045449733734,0.5222709625959396,0.3061964809894562,0.17153261601924896,0.0,0.0,37.12871170043945,20.479637145996094,189.7317352294922
uniform_corner_12k,uniform,"corner,gripperPOV",10043,28.2,92.5,3,0.699999988079071,11,expert_cross,50,177,50,0.3211377263069153,0.3071291446685791,0.6282668709754944,0.3285495936870575,0.04318351671099663,0.0,1.862645149230957e-08,37.12871170043945,20.479637145996094,189.7317352294922
uniform_corner_12k,uniform,"corner,gripperPOV",10043,28.2,92.5,4,0.6000000238418579,3,expert_cross,50,177,50,0.3077476918697357,0.2695743441581726,0.5773220360279083,0.10775534808635712,0.31492260098457336,0.0,1.4901161193847656e-08,36.6878547668457,20.75330352783203,189.73548889160156
uniform_corner_12k,uniform,"corner,gripperPOV",10043,28.2,92.5,4,0.6000000238418579,7,expert_cross,50,177,50,0.27420490980148315,0.24472740292549133,0.5189323127269745,0.3078080713748932,0.1732596457004547,0.0,0.0,36.6878547668457,20.75330352783203,189.73548889160156
uniform_corner_12k,uniform,"corner,gripperPOV",10043,28.2,92.5,4,0.6000000238418579,11,expert_cross,50,177,50,0.3212149143218994,0.3072482645511627,0.6284631788730621,0.3283076286315918,0.04322923347353935,0.0,0.0,36.6878547668457,20.75330352783203,189.73548889160156
uniform_corner_12k,uniform,"corner,gripperPOV",10043,28.2,92.5,5,0.5,3,expert_cross,50,177,50,0.3072594106197357,0.26955363154411316,0.5768130421638489,0.10939688980579376,0.31379005312919617,0.0,1.4901161193847656e-08,36.32065963745117,21.104190826416016,189.74183654785156
uniform_corner_12k,uniform,"corner,gripperPOV",10043,28.2,92.5,5,0.5,7,expert_cross,50,177,50,0.27395886182785034,0.24313436448574066,0.517093226313591,0.3105805516242981,0.1723262071609497,0.0,1.4901161193847656e-08,36.32065963745117,21.104190826416016,189.74183654785156
uniform_corner_12k,uniform,"corner,gripperPOV",10043,28.2,92.5,5,0.5,11,expert_cross,50,177,50,0.32098641991615295,0.30802059173583984,0.6290070116519928,0.32756978273391724,0.043423231691122055,0.0,0.0,36.32065963745117,21.104190826416016,189.74183654785156
uniform_corner_12k,uniform,"corner,gripperPOV",10043,28.2,92.5,6,0.4000000059604645,3,expert_cross,50,177,50,0.3065685033798218,0.27053675055503845,0.5771052539348602,0.11204634606838226,0.3108484148979187,0.0,0.0,36.016441345214844,21.69188117980957,189.73291015625
uniform_corner_12k,uniform,"corner,gripperPOV",10043,28.2,92.5,6,0.4000000059604645,7,expert_cross,50,177,50,0.27289366722106934,0.24129268527030945,0.5141863524913788,0.31395426392555237,0.17185933887958527,0.0,4.470348358154297e-08,36.016441345214844,21.69188117980957,189.73291015625
uniform_corner_12k,uniform,"corner,gripperPOV",10043,28.2,92.5,6,0.4000000059604645,11,expert_cross,50,177,50,0.3208226263523102,0.31128165125846863,0.6321042776107788,0.3249760866165161,0.042919620871543884,0.0,1.4901161193847656e-08,36.016441345214844,21.69188117980957,189.73291015625
uniform_corner_12k,uniform,"corner,gripperPOV",10043,28.2,92.5,7,0.30000001192092896,3,expert_cross,50,177,50,0.3077624440193176,0.27171412110328674,0.5794765651226044,0.11527705937623978,0.30524635314941406,0.0,2.2351741790771484e-08,35.76559066772461,22.424278259277344,189.7458953857422
uniform_corner_12k,uniform,"corner,gripperPOV",10043,28.2,92.5,7,0.30000001192092896,7,expert_cross,50,177,50,0.2725227475166321,0.23911818861961365,0.5116409361362457,0.3185914158821106,0.16976766288280487,0.0,0.0,35.76559066772461,22.424278259277344,189.7458953857422
uniform_corner_12k,uniform,"corner,gripperPOV",10043,28.2,92.5,7,0.30000001192092896,11,expert_cross,50,177,50,0.3216281831264496,0.31424540281295776,0.6358735859394073,0.32216721773147583,0.041959185153245926,0.0,1.1175870895385742e-08,35.76559066772461,22.424278259277344,189.7458953857422
uniform_corner_12k,uniform,"corner,gripperPOV",10043,28.2,92.5,8,0.20000000298023224,3,expert_cross,50,177,50,0.30894359946250916,0.2743293344974518,0.5832729339599609,0.12339265644550323,0.29333439469337463,0.0,1.4901161193847656e-08,35.539920806884766,23.636747360229492,189.74159240722656
uniform_corner_12k,uniform,"corner,gripperPOV",10043,28.2,92.5,8,0.20000000298023224,7,expert_cross,50,177,50,0.27376678586006165,0.23885150253772736,0.512618288397789,0.3222426772117615,0.16513903439044952,0.0,0.0,35.539920806884766,23.636747360229492,189.74159240722656
uniform_corner_12k,uniform,"corner,gripperPOV",10043,28.2,92.5,8,0.20000000298023224,11,expert_cross,50,177,50,0.3230059742927551,0.3212081491947174,0.6442141234874725,0.3156548738479614,0.04013098031282425,0.0,2.2351741790771484e-08,35.539920806884766,23.636747360229492,189.74159240722656
uniform_corner_12k,uniform,"corner,gripperPOV",10043,28.2,92.5,9,0.10000000149011612,3,expert_cross,50,177,50,0.3159427046775818,0.28028643131256104,0.5962291359901428,0.13909386098384857,0.2646769881248474,0.0,1.4901161193847656e-08,35.27755355834961,26.41106414794922,189.72946166992188
uniform_corner_12k,uniform,"corner,gripperPOV",10043,28.2,92.5,9,0.10000000149011612,7,expert_cross,50,177,50,0.27195030450820923,0.2378283143043518,0.509778618812561,0.3324905335903168,0.1577308624982834,0.0,0.0,35.27755355834961,26.41106414794922,189.72946166992188
uniform_corner_12k,uniform,"corner,gripperPOV",10043,28.2,92.5,9,0.10000000149011612,11,expert_cross,50,177,50,0.3282635509967804,0.330474317073822,0.6587378680706024,0.30439093708992004,0.03687123581767082,0.0,0.0,35.27755355834961,26.41106414794922,189.72946166992188
zero_corner_12k,zero,"corner,gripperPOV",10043,32.0,95.0,0,1.0,3,expert_cross,50,177,50,0.2919306755065918,0.21658390760421753,0.5085145831108093,0.1541135609149933,0.3373718857765198,0.0,0.0,38.880435943603516,21.317230224609375,189.74156188964844
zero_corner_12k,zero,"corner,gripperPOV",10043,32.0,95.0,0,1.0,7,expert_cross,50,177,50,0.2645603120326996,0.2998456358909607,0.5644059479236603,0.20656809210777283,0.2290259599685669,0.0,0.0,38.880435943603516,21.317230224609375,189.74156188964844
zero_corner_12k,zero,"corner,gripperPOV",10043,32.0,95.0,0,1.0,11,expert_cross,50,177,50,0.2614549696445465,0.23922407627105713,0.5006790459156036,0.4285218417644501,0.0707990899682045,0.0,2.2351741790771484e-08,38.880435943603516,21.317230224609375,189.74156188964844
zero_corner_12k,zero,"corner,gripperPOV",10043,32.0,95.0,1,0.8999999761581421,3,expert_cross,50,177,50,0.28996366262435913,0.21675971150398254,0.5067233741283417,0.15575776994228363,0.3375188708305359,0.0,0.0,38.149349212646484,21.22369384765625,189.736083984375
zero_corner_12k,zero,"corner,gripperPOV",10043,32.0,95.0,1,0.8999999761581421,7,expert_cross,50,177,50,0.2647372782230377,0.2976667284965515,0.5624040067195892,0.20746658742427826,0.2301294356584549,0.0,0.0,38.149349212646484,21.22369384765625,189.736083984375
zero_corner_12k,zero,"corner,gripperPOV",10043,32.0,95.0,1,0.8999999761581421,11,expert_cross,50,177,50,0.258280485868454,0.23660050332546234,0.4948809891939163,0.43320903182029724,0.07190997153520584,0.0,7.450580596923828e-09,38.149349212646484,21.22369384765625,189.736083984375
zero_corner_12k,zero,"corner,gripperPOV",10043,32.0,95.0,2,0.800000011920929,3,expert_cross,50,177,50,0.28882384300231934,0.21645671129226685,0.5052805542945862,0.15712636709213257,0.33759310841560364,0.0,0.0,37.54010009765625,21.279407501220703,189.73521423339844
zero_corner_12k,zero,"corner,gripperPOV",10043,32.0,95.0,2,0.800000011920929,7,expert_cross,50,177,50,0.26396021246910095,0.29579317569732666,0.5597533881664276,0.20951421558856964,0.23073242604732513,0.0,0.0,37.54010009765625,21.279407501220703,189.73521423339844
zero_corner_12k,zero,"corner,gripperPOV",10043,32.0,95.0,2,0.800000011920929,11,expert_cross,50,177,50,0.2576726973056793,0.23791995644569397,0.4955926537513733,0.432688444852829,0.07171895354986191,0.0,0.0,37.54010009765625,21.279407501220703,189.73521423339844
zero_corner_12k,zero,"corner,gripperPOV",10043,32.0,95.0,3,0.699999988079071,3,expert_cross,50,177,50,0.28690317273139954,0.21656815707683563,0.5034713298082352,0.1594090312719345,0.3371196687221527,0.0,0.0,37.01129913330078,21.53119659423828,189.73825073242188
zero_corner_12k,zero,"corner,gripperPOV",10043,32.0,95.0,3,0.699999988079071,7,expert_cross,50,177,50,0.264972060918808,0.2936999499797821,0.5586720108985901,0.21144519746303558,0.22988274693489075,0.0,4.470348358154297e-08,37.01129913330078,21.53119659423828,189.73825073242188
zero_corner_12k,zero,"corner,gripperPOV",10043,32.0,95.0,3,0.699999988079071,11,expert_cross,50,177,50,0.2549636662006378,0.23777718842029572,0.49274085462093353,0.43595951795578003,0.07129961252212524,0.0,1.4901161193847656e-08,37.01129913330078,21.53119659423828,189.73825073242188
zero_corner_12k,zero,"corner,gripperPOV",10043,32.0,95.0,4,0.6000000238418579,3,expert_cross,50,177,50,0.2867112159729004,0.21709796786308289,0.5038091838359833,0.16062338650226593,0.3355674147605896,0.0,1.4901161193847656e-08,36.558589935302734,21.791109085083008,189.74078369140625
zero_corner_12k,zero,"corner,gripperPOV",10043,32.0,95.0,4,0.6000000238418579,7,expert_cross,50,177,50,0.26548582315444946,0.28995659947395325,0.5554424226284027,0.21335195004940033,0.23120567202568054,0.0,0.0,36.558589935302734,21.791109085083008,189.74078369140625
zero_corner_12k,zero,"corner,gripperPOV",10043,32.0,95.0,4,0.6000000238418579,11,expert_cross,50,177,50,0.2534737288951874,0.23917630314826965,0.49265003204345703,0.43596529960632324,0.07138469070196152,0.0,0.0,36.558589935302734,21.791109085083008,189.74078369140625
zero_corner_12k,zero,"corner,gripperPOV",10043,32.0,95.0,5,0.5,3,expert_cross,50,177,50,0.28535670042037964,0.21835479140281677,0.5037114918231964,0.16310057044029236,0.33318793773651123,0.0,0.0,36.18305587768555,22.137727737426758,189.73562622070312
zero_corner_12k,zero,"corner,gripperPOV",10043,32.0,95.0,5,0.5,7,expert_cross,50,177,50,0.2669602334499359,0.28776806592941284,0.5547282993793488,0.21428512036800385,0.2309865653514862,0.0,1.4901161193847656e-08,36.18305587768555,22.137727737426758,189.73562622070312
zero_corner_12k,zero,"corner,gripperPOV",10043,32.0,95.0,5,0.5,11,expert_cross,50,177,50,0.25218671560287476,0.24140892922878265,0.4935956448316574,0.4364619851112366,0.06994231045246124,0.0,5.960464477539063e-08,36.18305587768555,22.137727737426758,189.73562622070312
zero_corner_12k,zero,"corner,gripperPOV",10043,32.0,95.0,6,0.4000000059604645,3,expert_cross,50,177,50,0.2843087911605835,0.22059597074985504,0.5049047619104385,0.1657876819372177,0.32930755615234375,0.0,0.0,35.872955322265625,22.68260383605957,189.7337188720703
zero_corner_12k,zero,"corner,gripperPOV",10043,32.0,95.0,6,0.4000000059604645,7,expert_cross,50,177,50,0.2689531743526459,0.284782350063324,0.5537355244159698,0.21755531430244446,0.2287091463804245,0.0,1.4901161193847656e-08,35.872955322265625,22.68260383605957,189.7337188720703
zero_corner_12k,zero,"corner,gripperPOV",10043,32.0,95.0,6,0.4000000059604645,11,expert_cross,50,177,50,0.2518593668937683,0.2461174577474594,0.4979768246412277,0.43442589044570923,0.06759730726480484,0.0,0.0,35.872955322265625,22.68260383605957,189.7337188720703
zero_corner_12k,zero,"corner,gripperPOV",10043,32.0,95.0,7,0.30000001192092896,3,expert_cross,50,177,50,0.28255531191825867,0.22383853793144226,0.5063938498497009,0.17035993933677673,0.3232462406158447,0.0,0.0,35.6182975769043,23.42715072631836,189.73179626464844
zero_corner_12k,zero,"corner,gripperPOV",10043,32.0,95.0,7,0.30000001192092896,7,expert_cross,50,177,50,0.27292105555534363,0.2794184684753418,0.5523395240306854,0.2228870987892151,0.22477342188358307,0.0,0.0,35.6182975769043,23.42715072631836,189.73179626464844
zero_corner_12k,zero,"corner,gripperPOV",10043,32.0,95.0,7,0.30000001192092896,11,expert_cross,50,177,50,0.25229352712631226,0.25035738945007324,0.5026509165763855,0.4321105480194092,0.06523849070072174,0.0,4.470348358154297e-08,35.6182975769043,23.42715072631836,189.73179626464844
zero_corner_12k,zero,"corner,gripperPOV",10043,32.0,95.0,8,0.20000000298023224,3,expert_cross,50,177,50,0.28192421793937683,0.2298450469970703,0.5117692649364471,0.17757894098758698,0.3106517791748047,0.0,1.4901161193847656e-08,35.367401123046875,24.962080001831055,189.7386016845703
zero_corner_12k,zero,"corner,gripperPOV",10043,32.0,95.0,8,0.20000000298023224,7,expert_cross,50,177,50,0.27795013785362244,0.27296188473701477,0.5509120225906372,0.23137034475803375,0.21771769225597382,0.0,0.0,35.367401123046875,24.962080001831055,189.7386016845703
zero_corner_12k,zero,"corner,gripperPOV",10043,32.0,95.0,8,0.20000000298023224,11,expert_cross,50,177,50,0.25417131185531616,0.25969448685646057,0.5138657987117767,0.4247512221336365,0.061383020132780075,0.0,0.0,35.367401123046875,24.962080001831055,189.7386016845703
zero_corner_12k,zero,"corner,gripperPOV",10043,32.0,95.0,9,0.10000000149011612,3,expert_cross,50,177,50,0.2852141261100769,0.2422960251569748,0.5275101512670517,0.1906082183122635,0.2818816602230072,0.0,0.0,35.03086853027344,29.600055694580078,189.7320556640625
zero_corner_12k,zero,"corner,gripperPOV",10043,32.0,95.0,9,0.10000000149011612,7,expert_cross,50,177,50,0.28327396512031555,0.26518896222114563,0.5484629273414612,0.24851228296756744,0.203024759888649,0.0,2.9802322387695312e-08,35.03086853027344,29.600055694580078,189.7320556640625
zero_corner_12k,zero,"corner,gripperPOV",10043,32.0,95.0,9,0.10000000149011612,11,expert_cross,50,177,50,0.2625330090522766,0.2730734646320343,0.5356064736843109,0.4101201891899109,0.05427331104874611,0.0,2.60770320892334e-08,35.03086853027344,29.600055694580078,189.7320556640625
ours_v1_corner_12k,ours_v1,"corner,gripperPOV",10044,20.0,90.0,0,1.0,3,expert_cross,50,177,50,0.33862558007240295,0.2064666748046875,0.5450922548770905,0.154917910695076,0.29998981952667236,0.0,1.4901161193847656e-08,40.20967102050781,22.475358963012695,189.73446655273438
ours_v1_corner_12k,ours_v1,"corner,gripperPOV",10044,20.0,90.0,0,1.0,7,expert_cross,50,177,50,0.3256872296333313,0.26791512966156006,0.5936023592948914,0.25019291043281555,0.15620477497577667,0.0,0.0,40.20967102050781,22.475358963012695,189.73446655273438
ours_v1_corner_12k,ours_v1,"corner,gripperPOV",10044,20.0,90.0,0,1.0,11,expert_cross,50,177,50,0.243550106883049,0.21342040598392487,0.4569705128669739,0.45908474922180176,0.08394471555948257,0.0,2.2351741790771484e-08,40.20967102050781,22.475358963012695,189.73446655273438
ours_v1_corner_12k,ours_v1,"corner,gripperPOV",10044,20.0,90.0,1,0.8999999761581421,3,expert_cross,50,177,50,0.3376641869544983,0.20664845407009125,0.5443126410245895,0.15506874024868011,0.30061858892440796,0.0,2.9802322387695312e-08,39.43729019165039,22.38377571105957,189.73631286621094
ours_v1_corner_12k,ours_v1,"corner,gripperPOV",10044,20.0,90.0,1,0.8999999761581421,7,expert_cross,50,177,50,0.3253976106643677,0.26565927267074585,0.5910568833351135,0.25204920768737793,0.15689389407634735,0.0,1.4901161193847656e-08,39.43729019165039,22.38377571105957,189.73631286621094
ours_v1_corner_12k,ours_v1,"corner,gripperPOV",10044,20.0,90.0,1,0.8999999761581421,11,expert_cross,50,177,50,0.24110975861549377,0.2109082192182541,0.45201797783374786,0.46225813031196594,0.08572391420602798,0.0,0.0,39.43729019165039,22.38377571105957,189.73631286621094
ours_v1_corner_12k,ours_v1,"corner,gripperPOV",10044,20.0,90.0,2,0.800000011920929,3,expert_cross,50,177,50,0.3355983793735504,0.20724011957645416,0.5428384989500046,0.15550266206264496,0.3016588091850281,0.0,2.9802322387695312e-08,38.79096221923828,22.574975967407227,189.7316131591797
ours_v1_corner_12k,ours_v1,"corner,gripperPOV",10044,20.0,90.0,2,0.800000011920929,7,expert_cross,50,177,50,0.32645973563194275,0.26402759552001953,0.5904873311519623,0.2527971565723419,0.15671555697917938,0.0,0.0,38.79096221923828,22.574975967407227,189.7316131591797
ours_v1_corner_12k,ours_v1,"corner,gripperPOV",10044,20.0,90.0,2,0.800000011920929,11,expert_cross,50,177,50,0.24050123989582062,0.21048472821712494,0.45098596811294556,0.46257004141807556,0.08644399046897888,0.0,0.0,38.79096221923828,22.574975967407227,189.7316131591797
ours_v1_corner_12k,ours_v1,"corner,gripperPOV",10044,20.0,90.0,3,0.699999988079071,3,expert_cross,50,177,50,0.33420172333717346,0.20835182070732117,0.5425535440444946,0.1553851068019867,0.3020613491535187,0.0,0.0,38.24325942993164,22.62590217590332,189.7378387451172
ours_v1_corner_12k,ours_v1,"corner,gripperPOV",10044,20.0,90.0,3,0.699999988079071,7,expert_cross,50,177,50,0.3275807797908783,0.2625431418418884,0.5901239216327667,0.2533513009548187,0.15652476251125336,0.0,1.4901161193847656e-08,38.24325942993164,22.62590217590332,189.7378387451172
ours_v1_corner_12k,ours_v1,"corner,gripperPOV",10044,20.0,90.0,3,0.699999988079071,11,expert_cross,50,177,50,0.23901817202568054,0.21092362701892853,0.44994179904460907,0.4632323384284973,0.0868258848786354,0.0,0.0,38.24325942993164,22.62590217590332,189.7378387451172
ours_v1_corner_12k,ours_v1,"corner,gripperPOV",10044,20.0,90.0,4,0.6000000238418579,3,expert_cross,50,177,50,0.33191734552383423,0.21010099351406097,0.5420183390378952,0.1555504947900772,0.3024311661720276,0.0,0.0,37.78618240356445,22.80682945251465,189.736572265625
ours_v1_corner_12k,ours_v1,"corner,gripperPOV",10044,20.0,90.0,4,0.6000000238418579,7,expert_cross,50,177,50,0.32997462153434753,0.26033058762550354,0.5903052091598511,0.25413069128990173,0.1555640697479248,0.0,2.9802322387695312e-08,37.78618240356445,22.80682945251465,189.736572265625
ours_v1_corner_12k,ours_v1,"corner,gripperPOV",10044,20.0,90.0,4,0.6000000238418579,11,expert_cross,50,177,50,0.23738865554332733,0.21104219555854797,0.4484308511018753,0.4642162621021271,0.08735289424657822,0.0,0.0,37.78618240356445,22.80682945251465,189.736572265625
ours_v1_corner_12k,ours_v1,"corner,gripperPOV",10044,20.0,90.0,5,0.5,3,expert_cross,50,177,50,0.32955434918403625,0.21165327727794647,0.5412076264619827,0.1564418077468872,0.3023504912853241,0.0,7.450580596923828e-08,37.41604232788086,23.189613342285156,189.74388122558594
ours_v1_corner_12k,ours_v1,"corner,gripperPOV",10044,20.0,90.0,5,0.5,7,expert_cross,50,177,50,0.3320496678352356,0.2575354278087616,0.5895850956439972,0.2561321556568146,0.15428274869918823,0.0,0.0,37.41604232788086,23.189613342285156,189.74388122558594
ours_v1_corner_12k,ours_v1,"corner,gripperPOV",10044,20.0,90.0,5,0.5,11,expert_cross,50,177,50,0.23560696840286255,0.21079768240451813,0.4464046508073807,0.46630093455314636,0.08729436248540878,0.0,5.21540641784668e-08,37.41604232788086,23.189613342285156,189.74388122558594
ours_v1_corner_12k,ours_v1,"corner,gripperPOV",10044,20.0,90.0,6,0.4000000059604645,3,expert_cross,50,177,50,0.3268512487411499,0.2148721069097519,0.5417233556509018,0.15694326162338257,0.30133339762687683,0.0,0.0,37.1298828125,23.576496124267578,189.73646545410156
ours_v1_corner_12k,ours_v1,"corner,gripperPOV",10044,20.0,90.0,6,0.4000000059604645,7,expert_cross,50,177,50,0.33390486240386963,0.2557400166988373,0.5896448791027069,0.2585313618183136,0.1518237590789795,0.0,0.0,37.1298828125,23.576496124267578,189.73646545410156
ours_v1_corner_12k,ours_v1,"corner,gripperPOV",10044,20.0,90.0,6,0.4000000059604645,11,expert_cross,50,177,50,0.2350020408630371,0.2129550725221634,0.4479571133852005,0.46513500809669495,0.08690785616636276,0.0,2.2351741790771484e-08,37.1298828125,23.576496124267578,189.73646545410156
ours_v1_corner_12k,ours_v1,"corner,gripperPOV",10044,20.0,90.0,7,0.30000001192092896,3,expert_cross,50,177,50,0.3243747353553772,0.21856531500816345,0.5429400503635406,0.15780989825725555,0.299250066280365,0.0,0.0,36.92250061035156,24.145559310913086,189.7371368408203
ours_v1_corner_12k,ours_v1,"corner,gripperPOV",10044,20.0,90.0,7,0.30000001192092896,7,expert_cross,50,177,50,0.33542007207870483,0.25391942262649536,0.5893394947052002,0.2608438730239868,0.1498166024684906,0.0,2.9802322387695312e-08,36.92250061035156,24.145559310913086,189.7371368408203
ours_v1_corner_12k,ours_v1,"corner,gripperPOV",10044,20.0,90.0,7,0.30000001192092896,11,expert_cross,50,177,50,0.23489896953105927,0.2163315862417221,0.45123055577278137,0.4632372558116913,0.08553220331668854,0.0,0.0,36.92250061035156,24.145559310913086,189.7371368408203
ours_v1_corner_12k,ours_v1,"corner,gripperPOV",10044,20.0,90.0,8,0.20000000298023224,3,expert_cross,50,177,50,0.3229570984840393,0.22395052015781403,0.5469076186418533,0.16000328958034515,0.2930890917778015,0.0,0.0,36.75209426879883,25.28394317626953,189.735595703125
ours_v1_corner_12k,ours_v1,"corner,gripperPOV",10044,20.0,90.0,8,0.20000000298023224,7,expert_cross,50,177,50,0.3359927833080292,0.2522536516189575,0.5882464349269867,0.2653105556964874,0.14644300937652588,0.0,0.0,36.75209426879883,25.28394317626953,189.735595703125
ours_v1_corner_12k,ours_v1,"corner,gripperPOV",10044,20.0,90.0,8,0.20000000298023224,11,expert_cross,50,177,50,0.2361370176076889,0.22234170138835907,0.458478718996048,0.4588818848133087,0.08263939619064331,0.0,0.0,36.75209426879883,25.28394317626953,189.735595703125
ours_v1_corner_12k,ours_v1,"corner,gripperPOV",10044,20.0,90.0,9,0.10000000149011612,3,expert_cross,50,177,50,0.3255048990249634,0.2349688857793808,0.5604737848043442,0.1665390282869339,0.27298712730407715,0.0,5.960464477539063e-08,36.567955017089844,27.431989669799805,189.71829223632812
ours_v1_corner_12k,ours_v1,"corner,gripperPOV",10044,20.0,90.0,9,0.10000000149011612,7,expert_cross,50,177,50,0.332295298576355,0.25403085350990295,0.5863261520862579,0.27252671122550964,0.14114710688591003,0.0,2.9802322387695312e-08,36.567955017089844,27.431989669799805,189.71829223632812
ours_v1_corner_12k,ours_v1,"corner,gripperPOV",10044,20.0,90.0,9,0.10000000149011612,11,expert_cross,50,177,50,0.24422238767147064,0.23582135140895844,0.4800437390804291,0.44458112120628357,0.07537514716386795,0.0,0.0,36.567955017089844,27.431989669799805,189.71829223632812
ours_v2_corner_12k,ours_v2,"corner,gripperPOV",10044,25.5,95.5,0,1.0,3,expert_cross,50,177,50,0.2827078402042389,0.2603450417518616,0.5430528819561005,0.15724623203277588,0.29970088601112366,0.0,0.0,40.20967102050781,21.203779220581055,189.73550415039062
ours_v2_corner_12k,ours_v2,"corner,gripperPOV",10044,25.5,95.5,0,1.0,7,expert_cross,50,177,50,0.3274247944355011,0.25982174277305603,0.5872465372085571,0.2645885944366455,0.14816491305828094,0.0,0.0,40.20967102050781,21.203779220581055,189.73550415039062
ours_v2_corner_12k,ours_v2,"corner,gripperPOV",10044,25.5,95.5,0,1.0,11,expert_cross,50,177,50,0.2325390875339508,0.23073488473892212,0.4632739722728729,0.461162269115448,0.07556374371051788,0.0,1.4901161193847656e-08,40.20967102050781,21.203779220581055,189.73550415039062
ours_v2_corner_12k,ours_v2,"corner,gripperPOV",10044,25.5,95.5,1,0.8999999761581421,3,expert_cross,50,177,50,0.28204840421676636,0.26053306460380554,0.5425814688205719,0.1571768820285797,0.300241619348526,0.0,2.9802322387695312e-08,39.42920684814453,21.17494010925293,189.73919677734375
ours_v2_corner_12k,ours_v2,"corner,gripperPOV",10044,25.5,95.5,1,0.8999999761581421,7,expert_cross,50,177,50,0.3268282413482666,0.2581814229488373,0.5850096642971039,0.26656630635261536,0.14842401444911957,0.0,1.4901161193847656e-08,39.42920684814453,21.17494010925293,189.73919677734375
ours_v2_corner_12k,ours_v2,"corner,gripperPOV",10044,25.5,95.5,1,0.8999999761581421,11,expert_cross,50,177,50,0.23112742602825165,0.2274652123451233,0.45859263837337494,0.46539342403411865,0.07601387798786163,0.0,5.960464477539063e-08,39.42920684814453,21.17494010925293,189.73919677734375
ours_v2_corner_12k,ours_v2,"corner,gripperPOV",10044,25.5,95.5,2,0.800000011920929,3,expert_cross,50,177,50,0.281304270029068,0.2602139413356781,0.5415182113647461,0.15760840475559235,0.30087339878082275,0.0,0.0,38.76708221435547,21.351560592651367,189.72677612304688
ours_v2_corner_12k,ours_v2,"corner,gripperPOV",10044,25.5,95.5,2,0.800000011920929,7,expert_cross,50,177,50,0.3245713412761688,0.25733157992362976,0.5819029211997986,0.2689649760723114,0.1491321176290512,0.0,0.0,38.76708221435547,21.351560592651367,189.72677612304688
ours_v2_corner_12k,ours_v2,"corner,gripperPOV",10044,25.5,95.5,2,0.800000011920929,11,expert_cross,50,177,50,0.23057852685451508,0.22903354465961456,0.45961207151412964,0.46594953536987305,0.07443834096193314,0.0,5.21540641784668e-08,38.76708221435547,21.351560592651367,189.72677612304688
ours_v2_corner_12k,ours_v2,"corner,gripperPOV",10044,25.5,95.5,3,0.699999988079071,3,expert_cross,50,177,50,0.28082290291786194,0.26079586148262024,0.5416187644004822,0.15774931013584137,0.30063194036483765,0.0,0.0,38.18227767944336,21.565017700195312,189.7374267578125
ours_v2_corner_12k,ours_v2,"corner,gripperPOV",10044,25.5,95.5,3,0.699999988079071,7,expert_cross,50,177,50,0.32626286149024963,0.2546769678592682,0.5809398293495178,0.2706378698348999,0.14842234551906586,0.0,0.0,38.18227767944336,21.565017700195312,189.7374267578125
ours_v2_corner_12k,ours_v2,"corner,gripperPOV",10044,25.5,95.5,3,0.699999988079071,11,expert_cross,50,177,50,0.2311520129442215,0.23026029765605927,0.46141231060028076,0.4656711518764496,0.07291654497385025,0.0,0.0,38.18227767944336,21.565017700195312,189.7374267578125
ours_v2_corner_12k,ours_v2,"corner,gripperPOV",10044,25.5,95.5,4,0.6000000238418579,3,expert_cross,50,177,50,0.28023239970207214,0.2611330449581146,0.5413654446601868,0.15866661071777344,0.2999679148197174,0.0,2.9802322387695312e-08,37.672767639160156,21.860523223876953,189.74307250976562
ours_v2_corner_12k,ours_v2,"corner,gripperPOV",10044,25.5,95.5,4,0.6000000238418579,7,expert_cross,50,177,50,0.32461804151535034,0.2538836598396301,0.5785017013549805,0.27275869250297546,0.14873956143856049,0.0,4.470348358154297e-08,37.672767639160156,21.860523223876953,189.74307250976562
ours_v2_corner_12k,ours_v2,"corner,gripperPOV",10044,25.5,95.5,4,0.6000000238418579,11,expert_cross,50,177,50,0.23127783834934235,0.23145966231822968,0.462737500667572,0.46567031741142273,0.07159217447042465,0.0,7.450580596923828e-09,37.672767639160156,21.860523223876953,189.74307250976562
ours_v2_corner_12k,ours_v2,"corner,gripperPOV",10044,25.5,95.5,5,0.5,3,expert_cross,50,177,50,0.27980488538742065,0.26199549436569214,0.5418003797531128,0.15897932648658752,0.2992202639579773,0.0,2.9802322387695312e-08,37.24505615234375,22.23179054260254,189.7389373779297
ours_v2_corner_12k,ours_v2,"corner,gripperPOV",10044,25.5,95.5,5,0.5,7,expert_cross,50,177,50,0.3261012136936188,0.25221025943756104,0.5783114731311798,0.2733108699321747,0.1483776718378067,0.0,0.0,37.24505615234375,22.23179054260254,189.7389373779297
ours_v2_corner_12k,ours_v2,"corner,gripperPOV",10044,25.5,95.5,5,0.5,11,expert_cross,50,177,50,0.23175784945487976,0.23351523280143738,0.46527308225631714,0.46504703164100647,0.0696798786520958,0.0,7.450580596923828e-09,37.24505615234375,22.23179054260254,189.7389373779297
ours_v2_corner_12k,ours_v2,"corner,gripperPOV",10044,25.5,95.5,6,0.4000000059604645,3,expert_cross,50,177,50,0.2795446515083313,0.2634371817111969,0.5429818332195282,0.15964820981025696,0.29736998677253723,0.0,0.0,36.884918212890625,22.785314559936523,189.74766540527344
ours_v2_corner_12k,ours_v2,"corner,gripperPOV",10044,25.5,95.5,6,0.4000000059604645,7,expert_cross,50,177,50,0.32677486538887024,0.2515255808830261,0.5783004462718964,0.2745802402496338,0.14711935818195343,0.0,0.0,36.884918212890625,22.785314559936523,189.74766540527344
ours_v2_corner_12k,ours_v2,"corner,gripperPOV",10044,25.5,95.5,6,0.4000000059604645,11,expert_cross,50,177,50,0.23405328392982483,0.2391795814037323,0.47323286533355713,0.4603442847728729,0.06642282754182816,0.0,2.2351741790771484e-08,36.884918212890625,22.785314559936523,189.74766540527344
ours_v2_corner_12k,ours_v2,"corner,gripperPOV",10044,25.5,95.5,7,0.30000001192092896,3,expert_cross,50,177,50,0.28084591031074524,0.26527881622314453,0.5461247265338898,0.16101357340812683,0.2928617000579834,0.0,0.0,36.57984924316406,23.649677276611328,189.73545837402344
ours_v2_corner_12k,ours_v2,"corner,gripperPOV",10044,25.5,95.5,7,0.30000001192092896,7,expert_cross,50,177,50,0.3263389766216278,0.2523156404495239,0.5786546170711517,0.27604371309280396,0.1453016996383667,0.0,0.0,36.57984924316406,23.649677276611328,189.73545837402344
ours_v2_corner_12k,ours_v2,"corner,gripperPOV",10044,25.5,95.5,7,0.30000001192092896,11,expert_cross,50,177,50,0.2372225522994995,0.24446195363998413,0.48168450593948364,0.4563648998737335,0.06195058301091194,0.0,1.1175870895385742e-08,36.57984924316406,23.649677276611328,189.73545837402344
ours_v2_corner_12k,ours_v2,"corner,gripperPOV",10044,25.5,95.5,8,0.20000000298023224,3,expert_cross,50,177,50,0.28297561407089233,0.26719120144844055,0.5501668155193329,0.1628054678440094,0.2870277464389801,0.0,0.0,36.30887985229492,24.907136917114258,189.7328643798828
ours_v2_corner_12k,ours_v2,"corner,gripperPOV",10044,25.5,95.5,8,0.20000000298023224,7,expert_cross,50,177,50,0.326056569814682,0.2531804144382477,0.5792369842529297,0.27828964591026306,0.14247335493564606,0.0,1.4901161193847656e-08,36.30887985229492,24.907136917114258,189.7328643798828
ours_v2_corner_12k,ours_v2,"corner,gripperPOV",10044,25.5,95.5,8,0.20000000298023224,11,expert_cross,50,177,50,0.24213442206382751,0.25539228320121765,0.49752670526504517,0.4458470046520233,0.05662625655531883,0.0,3.3527612686157227e-08,36.30887985229492,24.907136917114258,189.7328643798828
ours_v2_corner_12k,ours_v2,"corner,gripperPOV",10044,25.5,95.5,9,0.10000000149011612,3,expert_cross,50,177,50,0.2903498113155365,0.2717309296131134,0.5620807409286499,0.16718608140945435,0.27073320746421814,0.0,0.0,35.99520492553711,27.426979064941406,189.72879028320312
ours_v2_corner_12k,ours_v2,"corner,gripperPOV",10044,25.5,95.5,9,0.10000000149011612,7,expert_cross,50,177,50,0.3214115500450134,0.2564145624637604,0.5778261125087738,0.28523582220077515,0.13693806529045105,0.0,0.0,35.99520492553711,27.426979064941406,189.72879028320312
ours_v2_corner_12k,ours_v2,"corner,gripperPOV",10044,25.5,95.5,9,0.10000000149011612,11,expert_cross,50,177,50,0.251975953578949,0.26992928981781006,0.521905243396759,0.4288809895515442,0.04921374469995499,0.0,2.2351741790771484e-08,35.99520492553711,27.426979064941406,189.72879028320312
ours_v3_corner_12k,ours_v3,"corner,gripperPOV",10044,32.0,94.5,0,1.0,3,expert_cross,50,177,50,0.30707284808158875,0.24894191324710846,0.5560147613286972,0.13408005237579346,0.30990520119667053,0.0,0.0,40.20967102050781,22.73189353942871,189.73167419433594
ours_v3_corner_12k,ours_v3,"corner,gripperPOV",10044,32.0,94.5,0,1.0,7,expert_cross,50,177,50,0.32231831550598145,0.24376451969146729,0.5660828351974487,0.2529579699039459,0.18095920979976654,0.0,0.0,40.20967102050781,22.73189353942871,189.73167419433594
ours_v3_corner_12k,ours_v3,"corner,gripperPOV",10044,32.0,94.5,0,1.0,11,expert_cross,50,177,50,0.374866783618927,0.2386922538280487,0.6135590374469757,0.3275437653064728,0.05889718979597092,0.0,7.450580596923828e-09,40.20967102050781,22.73189353942871,189.73167419433594
ours_v3_corner_12k,ours_v3,"corner,gripperPOV",10044,32.0,94.5,1,0.8999999761581421,3,expert_cross,50,177,50,0.30541232228279114,0.24862168729305267,0.5540340095758438,0.13487985730171204,0.31108608841896057,0.0,4.470348358154297e-08,39.3134765625,22.62122344970703,189.73684692382812
ours_v3_corner_12k,ours_v3,"corner,gripperPOV",10044,32.0,94.5,1,0.8999999761581421,7,expert_cross,50,177,50,0.3192932605743408,0.24275600910186768,0.5620492696762085,0.25606071949005127,0.18189004063606262,0.0,0.0,39.3134765625,22.62122344970703,189.73684692382812
ours_v3_corner_12k,ours_v3,"corner,gripperPOV",10044,32.0,94.5,1,0.8999999761581421,11,expert_cross,50,177,50,0.37365812063217163,0.23469160497188568,0.6083497256040573,0.3318379819393158,0.05981231853365898,0.0,0.0,39.3134765625,22.62122344970703,189.73684692382812
ours_v3_corner_12k,ours_v3,"corner,gripperPOV",10044,32.0,94.5,2,0.800000011920929,3,expert_cross,50,177,50,0.3040805459022522,0.24869687855243683,0.552777424454689,0.1355903446674347,0.3116322159767151,0.0,1.4901161193847656e-08,38.544986724853516,22.80562973022461,189.73675537109375
ours_v3_corner_12k,ours_v3,"corner,gripperPOV",10044,32.0,94.5,2,0.800000011920929,7,expert_cross,50,177,50,0.3193167746067047,0.24136307835578918,0.5606798529624939,0.25783035159111023,0.18148981034755707,0.0,0.0,38.544986724853516,22.80562973022461,189.73675537109375
ours_v3_corner_12k,ours_v3,"corner,gripperPOV",10044,32.0,94.5,2,0.800000011920929,11,expert_cross,50,177,50,0.37359732389450073,0.2347533106803894,0.6083506345748901,0.332660436630249,0.05898890271782875,0.0,2.60770320892334e-08,38.544986724853516,22.80562973022461,189.73675537109375
ours_v3_corner_12k,ours_v3,"corner,gripperPOV",10044,32.0,94.5,3,0.699999988079071,3,expert_cross,50,177,50,0.30301937460899353,0.2486659735441208,0.5516853481531143,0.13630595803260803,0.31200870871543884,0.0,0.0,37.86239242553711,22.94715118408203,189.74085998535156
ours_v3_corner_12k,ours_v3,"corner,gripperPOV",10044,32.0,94.5,3,0.699999988079071,7,expert_cross,50,177,50,0.3202328383922577,0.2406536042690277,0.5608864426612854,0.2584937810897827,0.18061980605125427,0.0,0.0,37.86239242553711,22.94715118408203,189.74085998535156
ours_v3_corner_12k,ours_v3,"corner,gripperPOV",10044,32.0,94.5,3,0.699999988079071,11,expert_cross,50,177,50,0.37221279740333557,0.23473328351974487,0.6069460809230804,0.3348236680030823,0.058230236172676086,0.0,1.4901161193847656e-08,37.86239242553711,22.94715118408203,189.74085998535156
ours_v3_corner_12k,ours_v3,"corner,gripperPOV",10044,32.0,94.5,4,0.6000000238418579,3,expert_cross,50,177,50,0.3014370799064636,0.24902699887752533,0.550464078783989,0.13757579028606415,0.3119601309299469,0.0,0.0,37.26872634887695,23.28644371032715,189.73536682128906
ours_v3_corner_12k,ours_v3,"corner,gripperPOV",10044,32.0,94.5,4,0.6000000238418579,7,expert_cross,50,177,50,0.3178618550300598,0.23725652694702148,0.5551183819770813,0.26368579268455505,0.18119576573371887,0.0,5.960464477539063e-08,37.26872634887695,23.28644371032715,189.73536682128906
ours_v3_corner_12k,ours_v3,"corner,gripperPOV",10044,32.0,94.5,4,0.6000000238418579,11,expert_cross,50,177,50,0.37186214327812195,0.23703184723854065,0.6088939905166626,0.3331295847892761,0.05797644704580307,0.0,0.0,37.26872634887695,23.28644371032715,189.73536682128906
ours_v3_corner_12k,ours_v3,"corner,gripperPOV",10044,32.0,94.5,5,0.5,3,expert_cross,50,177,50,0.30063796043395996,0.24896319210529327,0.5496011525392532,0.1382674127817154,0.312131404876709,0.0,2.9802322387695312e-08,36.76298141479492,23.44002914428711,189.7351837158203
ours_v3_corner_12k,ours_v3,"corner,gripperPOV",10044,32.0,94.5,5,0.5,7,expert_cross,50,177,50,0.31860989332199097,0.23627901077270508,0.554888904094696,0.26454320549964905,0.1805678904056549,0.0,0.0,36.76298141479492,23.44002914428711,189.7351837158203
ours_v3_corner_12k,ours_v3,"corner,gripperPOV",10044,32.0,94.5,5,0.5,11,expert_cross,50,177,50,0.3712117075920105,0.23862875998020172,0.6098404675722122,0.3328798711299896,0.05727962777018547,0.0,3.3527612686157227e-08,36.76298141479492,23.44002914428711,189.7351837158203
ours_v3_corner_12k,ours_v3,"corner,gripperPOV",10044,32.0,94.5,6,0.4000000059604645,3,expert_cross,50,177,50,0.2983209192752838,0.2499588280916214,0.5482797473669052,0.14097461104393005,0.3107456564903259,0.0,0.0,36.329769134521484,24.074317932128906,189.7401123046875
ours_v3_corner_12k,ours_v3,"corner,gripperPOV",10044,32.0,94.5,6,0.4000000059604645,7,expert_cross,50,177,50,0.3178429901599884,0.23416660726070404,0.5520095974206924,0.26759156584739685,0.1803988814353943,0.0,0.0,36.329769134521484,24.074317932128906,189.7401123046875
ours_v3_corner_12k,ours_v3,"corner,gripperPOV",10044,32.0,94.5,6,0.4000000059604645,11,expert_cross,50,177,50,0.37030482292175293,0.2437966912984848,0.6141015142202377,0.33006298542022705,0.0558355338871479,0.0,0.0,36.329769134521484,24.074317932128906,189.7401123046875
ours_v3_corner_12k,ours_v3,"corner,gripperPOV",10044,32.0,94.5,7,0.30000001192092896,3,expert_cross,50,177,50,0.29811352491378784,0.25022831559181213,0.5483418405056,0.1438392698764801,0.3078188896179199,0.0,0.0,35.957115173339844,24.89803695678711,189.73268127441406
ours_v3_corner_12k,ours_v3,"corner,gripperPOV",10044,32.0,94.5,7,0.30000001192092896,7,expert_cross,50,177,50,0.31701183319091797,0.2306019514799118,0.5476137846708298,0.2741907238960266,0.17819547653198242,0.0,1.4901161193847656e-08,35.957115173339844,24.89803695678711,189.73268127441406
ours_v3_corner_12k,ours_v3,"corner,gripperPOV",10044,32.0,94.5,7,0.30000001192092896,11,expert_cross,50,177,50,0.3704265058040619,0.24999645352363586,0.6204229593276978,0.32614514231681824,0.053431905806064606,0.0,0.0,35.957115173339844,24.89803695678711,189.73268127441406
ours_v3_corner_12k,ours_v3,"corner,gripperPOV",10044,32.0,94.5,8,0.20000000298023224,3,expert_cross,50,177,50,0.2985934913158417,0.2513746917247772,0.5499681830406189,0.15041519701480865,0.29961660504341125,0.0,1.4901161193847656e-08,35.62038040161133,26.89299964904785,189.7411346435547
ours_v3_corner_12k,ours_v3,"corner,gripperPOV",10044,32.0,94.5,8,0.20000000298023224,7,expert_cross,50,177,50,0.3151901364326477,0.2275923639535904,0.5427825003862381,0.28150540590286255,0.17571209371089935,0.0,0.0,35.62038040161133,26.89299964904785,189.7411346435547
ours_v3_corner_12k,ours_v3,"corner,gripperPOV",10044,32.0,94.5,8,0.20000000298023224,11,expert_cross,50,177,50,0.3695532977581024,0.25968703627586365,0.6292403340339661,0.32060930132865906,0.05015038698911667,0.0,0.0,35.62038040161133,26.89299964904785,189.7411346435547
ours_v3_corner_12k,ours_v3,"corner,gripperPOV",10044,32.0,94.5,9,0.10000000149011612,3,expert_cross,50,177,50,0.30145126581192017,0.2562641203403473,0.5577153861522675,0.1658744364976883,0.27641016244888306,0.0,1.4901161193847656e-08,35.26378631591797,32.009769439697266,189.7371063232422
ours_v3_corner_12k,ours_v3,"corner,gripperPOV",10044,32.0,94.5,9,0.10000000149011612,7,expert_cross,50,177,50,0.31111934781074524,0.22499322891235352,0.5361125767230988,0.29555127024650574,0.16833613812923431,0.0,1.4901161193847656e-08,35.26378631591797,32.009769439697266,189.7371063232422
ours_v3_corner_12k,ours_v3,"corner,gripperPOV",10044,32.0,94.5,9,0.10000000149011612,11,expert_cross,50,177,50,0.3719864785671234,0.2731989622116089,0.6451854407787323,0.31082698702812195,0.04398751258850098,0.0,5.960464477539063e-08,35.26378631591797,32.009769439697266,189.7371063232422
ours_v4_corner_12k,ours_v4,"corner,gripperPOV",10044,34.5,95.0,0,1.0,3,expert_cross,50,177,50,0.2887047231197357,0.26838773488998413,0.5570924580097198,0.14390961825847626,0.2989979386329651,0.0,0.0,40.20967102050781,23.690872192382812,189.7279052734375
ours_v4_corner_12k,ours_v4,"corner,gripperPOV",10044,34.5,95.0,0,1.0,7,expert_cross,50,177,50,0.3055092990398407,0.21277248859405518,0.5182817876338959,0.2679784297943115,0.2137397676706314,0.0,1.4901161193847656e-08,40.20967102050781,23.690872192382812,189.7279052734375
ours_v4_corner_12k,ours_v4,"corner,gripperPOV",10044,34.5,95.0,0,1.0,11,expert_cross,50,177,50,0.3711095452308655,0.24187631905078888,0.6129858642816544,0.3431192934513092,0.04389476031064987,0.0,8.195638656616211e-08,40.20967102050781,23.690872192382812,189.7279052734375
ours_v4_corner_12k,ours_v4,"corner,gripperPOV",10044,34.5,95.0,1,0.8999999761581421,3,expert_cross,50,177,50,0.2881774604320526,0.2682982087135315,0.5564756691455841,0.14452286064624786,0.29900139570236206,0.0,7.450580596923828e-08,39.321571350097656,23.659652709960938,189.73533630371094
ours_v4_corner_12k,ours_v4,"corner,gripperPOV",10044,34.5,95.0,1,0.8999999761581421,7,expert_cross,50,177,50,0.3037431538105011,0.21052128076553345,0.5142644345760345,0.2702370882034302,0.21549852192401886,0.0,0.0,39.321571350097656,23.659652709960938,189.73533630371094
ours_v4_corner_12k,ours_v4,"corner,gripperPOV",10044,34.5,95.0,1,0.8999999761581421,11,expert_cross,50,177,50,0.3700312376022339,0.2391621321439743,0.6091933697462082,0.3469671905040741,0.04383939132094383,0.0,4.842877388000488e-08,39.321571350097656,23.659652709960938,189.73533630371094
ours_v4_corner_12k,ours_v4,"corner,gripperPOV",10044,34.5,95.0,2,0.800000011920929,3,expert_cross,50,177,50,0.28822728991508484,0.2679874002933502,0.5562146902084351,0.14467987418174744,0.2991054356098175,0.0,0.0,38.58279037475586,23.772367477416992,189.739013671875
ours_v4_corner_12k,ours_v4,"corner,gripperPOV",10044,34.5,95.0,2,0.800000011920929,7,expert_cross,50,177,50,0.302389532327652,0.20880798995494843,0.5111975222826004,0.2725352942943573,0.2162671685218811,0.0,1.4901161193847656e-08,38.58279037475586,23.772367477416992,189.739013671875
ours_v4_corner_12k,ours_v4,"corner,gripperPOV",10044,34.5,95.0,2,0.800000011920929,11,expert_cross,50,177,50,0.36931362748146057,0.23930683732032776,0.6086204648017883,0.3475654423236847,0.043814096599817276,0.0,0.0,38.58279037475586,23.772367477416992,189.739013671875
ours_v4_corner_12k,ours_v4,"corner,gripperPOV",10044,34.5,95.0,3,0.699999988079071,3,expert_cross,50,177,50,0.28813907504081726,0.2676538825035095,0.5557929575443268,0.1452646702528,0.2989423871040344,0.0,0.0,37.938568115234375,24.04686737060547,189.73968505859375
ours_v4_corner_12k,ours_v4,"corner,gripperPOV",10044,34.5,95.0,3,0.699999988079071,7,expert_cross,50,177,50,0.3007306456565857,0.2068072110414505,0.5075378566980362,0.2754731774330139,0.21698899567127228,0.0,0.0,37.938568115234375,24.04686737060547,189.73968505859375
ours_v4_corner_12k,ours_v4,"corner,gripperPOV",10044,34.5,95.0,3,0.699999988079071,11,expert_cross,50,177,50,0.3695386052131653,0.2418469786643982,0.6113855838775635,0.3456140458583832,0.04300035536289215,0.0,1.4901161193847656e-08,37.938568115234375,24.04686737060547,189.73968505859375
ours_v4_corner_12k,ours_v4,"corner,gripperPOV",10044,34.5,95.0,4,0.6000000238418579,3,expert_cross,50,177,50,0.2873475253582001,0.2675120234489441,0.5548595488071442,0.14574812352657318,0.2993922829627991,0.0,4.470348358154297e-08,37.40268325805664,24.378402709960938,189.73062133789062
ours_v4_corner_12k,ours_v4,"corner,gripperPOV",10044,34.5,95.0,4,0.6000000238418579,7,expert_cross,50,177,50,0.2978460192680359,0.20416676998138428,0.5020127892494202,0.2786640226840973,0.21932321786880493,0.0,0.0,37.40268325805664,24.378402709960938,189.73062133789062
ours_v4_corner_12k,ours_v4,"corner,gripperPOV",10044,34.5,95.0,4,0.6000000238418579,11,expert_cross,50,177,50,0.36797860264778137,0.24341678619384766,0.611395388841629,0.34540584683418274,0.04319872707128525,0.0,3.725290298461914e-08,37.40268325805664,24.378402709960938,189.73062133789062
ours_v4_corner_12k,ours_v4,"corner,gripperPOV",10044,34.5,95.0,5,0.5,3,expert_cross,50,177,50,0.2880786955356598,0.267357736825943,0.5554364323616028,0.1458558589220047,0.2987076938152313,0.0,1.4901161193847656e-08,36.96854782104492,24.712383270263672,189.73764038085938
ours_v4_corner_12k,ours_v4,"corner,gripperPOV",10044,34.5,95.0,5,0.5,7,expert_cross,50,177,50,0.29533490538597107,0.20296260714530945,0.4982975125312805,0.28084254264831543,0.22085992991924286,0.0,1.4901161193847656e-08,36.96854782104492,24.712383270263672,189.73764038085938
ours_v4_corner_12k,ours_v4,"corner,gripperPOV",10044,34.5,95.0,5,0.5,11,expert_cross,50,177,50,0.3662750720977783,0.2464962601661682,0.6127713322639465,0.34396129846572876,0.043267372995615005,0.0,0.0,36.96854782104492,24.712383270263672,189.73764038085938
ours_v4_corner_12k,ours_v4,"corner,gripperPOV",10044,34.5,95.0,6,0.4000000059604645,3,expert_cross,50,177,50,0.287576287984848,0.26744088530540466,0.5550171732902527,0.14743520319461823,0.2975476384162903,0.0,0.0,36.63172149658203,25.154727935791016,189.7347412109375
ours_v4_corner_12k,ours_v4,"corner,gripperPOV",10044,34.5,95.0,6,0.4000000059604645,7,expert_cross,50,177,50,0.29495686292648315,0.20266027748584747,0.4976171404123306,0.28234031796455383,0.22004248201847076,0.0,5.960464477539063e-08,36.63172149658203,25.154727935791016,189.7347412109375
ours_v4_corner_12k,ours_v4,"corner,gripperPOV",10044,34.5,95.0,6,0.4000000059604645,11,expert_cross,50,177,50,0.3656242787837982,0.2519668936729431,0.6175911724567413,0.34088844060897827,0.04152040556073189,0.0,0.0,36.63172149658203,25.154727935791016,189.7347412109375
ours_v4_corner_12k,ours_v4,"corner,gripperPOV",10044,34.5,95.0,7,0.30000001192092896,3,expert_cross,50,177,50,0.2880473732948303,0.2677539587020874,0.5558013319969177,0.15053381025791168,0.2936648726463318,0.0,0.0,36.37989807128906,26.03608512878418,189.73695373535156
ours_v4_corner_12k,ours_v4,"corner,gripperPOV",10044,34.5,95.0,7,0.30000001192092896,7,expert_cross,50,177,50,0.2910938858985901,0.2017461359500885,0.4928400218486786,0.2862454950809479,0.22091451287269592,0.0,0.0,36.37989807128906,26.03608512878418,189.73695373535156
ours_v4_corner_12k,ours_v4,"corner,gripperPOV",10044,34.5,95.0,7,0.30000001192092896,11,expert_cross,50,177,50,0.3637339174747467,0.25846484303474426,0.622198760509491,0.3366783857345581,0.04112282767891884,0.0,2.60770320892334e-08,36.37989807128906,26.03608512878418,189.73695373535156
ours_v4_corner_12k,ours_v4,"corner,gripperPOV",10044,34.5,95.0,8,0.20000000298023224,3,expert_cross,50,177,50,0.28901466727256775,0.2677193582057953,0.556734025478363,0.15621636807918549,0.2870495915412903,0.0,1.4901161193847656e-08,36.191646575927734,27.69746208190918,189.74545288085938
ours_v4_corner_12k,ours_v4,"corner,gripperPOV",10044,34.5,95.0,8,0.20000000298023224,7,expert_cross,50,177,50,0.28685903549194336,0.20246531069278717,0.48932434618473053,0.2904326021671295,0.22024308145046234,0.0,0.0,36.191646575927734,27.69746208190918,189.74545288085938
ours_v4_corner_12k,ours_v4,"corner,gripperPOV",10044,34.5,95.0,8,0.20000000298023224,11,expert_cross,50,177,50,0.3634326159954071,0.2695061266422272,0.6329387426376343,0.32767316699028015,0.03938812389969826,0.0,0.0,36.191646575927734,27.69746208190918,189.74545288085938
ours_v4_corner_12k,ours_v4,"corner,gripperPOV",10044,34.5,95.0,9,0.10000000149011612,3,expert_cross,50,177,50,0.2940731346607208,0.26859787106513977,0.5626710057258606,0.16785499453544617,0.2694740295410156,0.0,0.0,35.979713439941406,31.412202835083008,189.73594665527344
ours_v4_corner_12k,ours_v4,"corner,gripperPOV",10044,34.5,95.0,9,0.10000000149011612,7,expert_cross,50,177,50,0.28255099058151245,0.20659343898296356,0.489144429564476,0.30041390657424927,0.21044163405895233,0.0,2.9802322387695312e-08,35.979713439941406,31.412202835083008,189.73594665527344
ours_v4_corner_12k,ours_v4,"corner,gripperPOV",10044,34.5,95.0,9,0.10000000149011612,11,expert_cross,50,177,50,0.3643887937068939,0.27916061878204346,0.6435494124889374,0.3193296790122986,0.037120915949344635,0.0,0.0,35.979713439941406,31.412202835083008,189.73594665527344
random_corner_12k,random,"corner,gripperPOV",10044,32.0,94.5,0,1.0,3,expert_cross,50,177,50,0.33826911449432373,0.23757322132587433,0.5758423358201981,0.1267329603433609,0.2974247336387634,0.0,0.0,40.20967102050781,22.325559616088867,189.72900390625
random_corner_12k,random,"corner,gripperPOV",10044,32.0,94.5,0,1.0,7,expert_cross,50,177,50,0.2880171835422516,0.257979154586792,0.5459963381290436,0.23661690950393677,0.21738675236701965,0.0,0.0,40.20967102050781,22.325559616088867,189.72900390625
random_corner_12k,random,"corner,gripperPOV",10044,32.0,94.5,0,1.0,11,expert_cross,50,177,50,0.3565148413181305,0.2418598085641861,0.5983746498823166,0.35462525486946106,0.04700007662177086,0.0,1.862645149230957e-08,40.20967102050781,22.325559616088867,189.72900390625
random_corner_12k,random,"corner,gripperPOV",10044,32.0,94.5,1,0.8999999761581421,3,expert_cross,50,177,50,0.33738547563552856,0.237669438123703,0.5750549137592316,0.12678296864032745,0.2981621026992798,0.0,1.4901161193847656e-08,39.4105110168457,22.296571731567383,189.73463439941406
random_corner_12k,random,"corner,gripperPOV",10044,32.0,94.5,1,0.8999999761581421,7,expert_cross,50,177,50,0.28704288601875305,0.2548450529575348,0.5418879389762878,0.23897726833820343,0.21913476288318634,0.0,2.9802322387695312e-08,39.4105110168457,22.296571731567383,189.73463439941406
random_corner_12k,random,"corner,gripperPOV",10044,32.0,94.5,1,0.8999999761581421,11,expert_cross,50,177,50,0.3558066487312317,0.2396436333656311,0.5954502820968628,0.3577709197998047,0.0467788502573967,0.0,0.0,39.4105110168457,22.296571731567383,189.73463439941406
random_corner_12k,random,"corner,gripperPOV",10044,32.0,94.5,2,0.800000011920929,3,expert_cross,50,177,50,0.3361820578575134,0.2378757894039154,0.5740578472614288,0.12716993689537048,0.2987721860408783,0.0,2.9802322387695312e-08,38.73295974731445,22.39818572998047,189.7375946044922
random_corner_12k,random,"corner,gripperPOV",10044,32.0,94.5,2,0.800000011920929,7,expert_cross,50,177,50,0.28711453080177307,0.2534644901752472,0.5405790209770203,0.23939432203769684,0.2200266718864441,0.0,0.0,38.73295974731445,22.39818572998047,189.7375946044922
random_corner_12k,random,"corner,gripperPOV",10044,32.0,94.5,2,0.800000011920929,11,expert_cross,50,177,50,0.35482844710350037,0.23865404725074768,0.593482494354248,0.35928836464881897,0.047229114919900894,0.0,2.60770320892334e-08,38.73295974731445,22.39818572998047,189.7375946044922
random_corner_12k,random,"corner,gripperPOV",10044,32.0,94.5,3,0.699999988079071,3,expert_cross,50,177,50,0.3347613513469696,0.23822546005249023,0.5729868113994598,0.1278906911611557,0.29912248253822327,0.0,1.4901161193847656e-08,38.15229797363281,22.45722198486328,189.7236328125
random_corner_12k,random,"corner,gripperPOV",10044,32.0,94.5,3,0.699999988079071,7,expert_cross,50,177,50,0.2865993082523346,0.2512812614440918,0.5378805696964264,0.2417125403881073,0.2204069197177887,0.0,0.0,38.15229797363281,22.45722198486328,189.7236328125
random_corner_12k,random,"corner,gripperPOV",10044,32.0,94.5,3,0.699999988079071,11,expert_cross,50,177,50,0.3548109233379364,0.23896044492721558,0.593771368265152,0.3596089780330658,0.04661963880062103,0.0,1.4901161193847656e-08,38.15229797363281,22.45722198486328,189.7236328125
random_corner_12k,random,"corner,gripperPOV",10044,32.0,94.5,4,0.6000000238418579,3,expert_cross,50,177,50,0.33313098549842834,0.23883411288261414,0.5719650983810425,0.12837715446949005,0.29965776205062866,0.0,0.0,37.66573715209961,22.718616485595703,189.73727416992188
random_corner_12k,random,"corner,gripperPOV",10044,32.0,94.5,4,0.6000000238418579,7,expert_cross,50,177,50,0.28579387068748474,0.24831029772758484,0.5341041684150696,0.24474957585334778,0.22114628553390503,0.0,0.0,37.66573715209961,22.718616485595703,189.73727416992188
random_corner_12k,random,"corner,gripperPOV",10044,32.0,94.5,4,0.6000000238418579,11,expert_cross,50,177,50,0.3549315929412842,0.24023102223873138,0.5951626151800156,0.3580612242221832,0.04677614942193031,0.0,1.1175870895385742e-08,37.66573715209961,22.718616485595703,189.73727416992188
random_corner_12k,random,"corner,gripperPOV",10044,32.0,94.5,5,0.5,3,expert_cross,50,177,50,0.3319401443004608,0.23950205743312836,0.5714422017335892,0.12849090993404388,0.30006682872772217,0.0,5.960464477539063e-08,37.270015716552734,22.897417068481445,189.73336791992188
random_corner_12k,random,"corner,gripperPOV",10044,32.0,94.5,5,0.5,7,expert_cross,50,177,50,0.2858596742153168,0.24607904255390167,0.5319387167692184,0.2466009259223938,0.22146037220954895,0.0,0.0,37.270015716552734,22.897417068481445,189.73336791992188
random_corner_12k,random,"corner,gripperPOV",10044,32.0,94.5,5,0.5,11,expert_cross,50,177,50,0.35414737462997437,0.24117742478847504,0.5953247994184494,0.35836654901504517,0.04630864039063454,0.0,1.1175870895385742e-08,37.270015716552734,22.897417068481445,189.73336791992188
random_corner_12k,random,"corner,gripperPOV",10044,32.0,94.5,6,0.4000000059604645,3,expert_cross,50,177,50,0.33035191893577576,0.24109472334384918,0.5714466422796249,0.12956000864505768,0.29899337887763977,0.0,0.0,36.9617919921875,23.372529983520508,189.73487854003906
random_corner_12k,random,"corner,gripperPOV",10044,32.0,94.5,6,0.4000000059604645,7,expert_cross,50,177,50,0.28590714931488037,0.24405786395072937,0.5299650132656097,0.2501566708087921,0.21987831592559814,0.0,0.0,36.9617919921875,23.372529983520508,189.73487854003906
random_corner_12k,random,"corner,gripperPOV",10044,32.0,94.5,6,0.4000000059604645,11,expert_cross,50,177,50,0.3551989197731018,0.24525341391563416,0.600452333688736,0.35432690382003784,0.04522072896361351,0.0,3.3527612686157227e-08,36.9617919921875,23.372529983520508,189.73487854003906
random_corner_12k,random,"corner,gripperPOV",10044,32.0,94.5,7,0.30000001192092896,3,expert_cross,50,177,50,0.32934272289276123,0.24304386973381042,0.5723865926265717,0.1317344605922699,0.29587897658348083,0.0,0.0,36.74214172363281,24.04886817932129,189.73260498046875
random_corner_12k,random,"corner,gripperPOV",10044,32.0,94.5,7,0.30000001192092896,7,expert_cross,50,177,50,0.28676044940948486,0.2413666844367981,0.528127133846283,0.2552091181278229,0.21666377782821655,0.0,0.0,36.74214172363281,24.04886817932129,189.73260498046875
random_corner_12k,random,"corner,gripperPOV",10044,32.0,94.5,7,0.30000001192092896,11,expert_cross,50,177,50,0.3563205301761627,0.2522365152835846,0.6085570454597473,0.3477444648742676,0.04369853809475899,0.0,0.0,36.74214172363281,24.04886817932129,189.73260498046875
random_corner_12k,random,"corner,gripperPOV",10044,32.0,94.5,8,0.20000000298023224,3,expert_cross,50,177,50,0.32838764786720276,0.24590979516506195,0.5742974430322647,0.13601882755756378,0.2896837294101715,0.0,0.0,36.583927154541016,25.50988006591797,189.7368621826172
random_corner_12k,random,"corner,gripperPOV",10044,32.0,94.5,8,0.20000000298023224,7,expert_cross,50,177,50,0.28686776757240295,0.24010396003723145,0.5269717276096344,0.2620825171470642,0.21094578504562378,0.0,0.0,36.583927154541016,25.50988006591797,189.7368621826172
random_corner_12k,random,"corner,gripperPOV",10044,32.0,94.5,8,0.20000000298023224,11,expert_cross,50,177,50,0.3574136197566986,0.2634844481945038,0.6208980679512024,0.3374980390071869,0.04160391911864281,0.0,0.0,36.583927154541016,25.50988006591797,189.7368621826172
random_corner_12k,random,"corner,gripperPOV",10044,32.0,94.5,9,0.10000000149011612,3,expert_cross,50,177,50,0.33074110746383667,0.250810831785202,0.5815519392490387,0.1452159583568573,0.27323204278945923,0.0,5.960464477539063e-08,36.44668197631836,28.67119598388672,189.73587036132812
random_corner_12k,random,"corner,gripperPOV",10044,32.0,94.5,9,0.10000000149011612,7,expert_cross,50,177,50,0.286635160446167,0.239207461476326,0.525842621922493,0.2770746946334839,0.19708268344402313,0.0,0.0,36.44668197631836,28.67119598388672,189.73587036132812
random_corner_12k,random,"corner,gripperPOV",10044,32.0,94.5,9,0.10000000149011612,11,expert_cross,50,177,50,0.3613719940185547,0.2797875702381134,0.6411595642566681,0.321033239364624,0.03780718892812729,0.0,7.450580596923828e-09,36.44668197631836,28.67119598388672,189.73587036132812
uniform_corner_12k,uniform,"corner,gripperPOV",10044,28.2,92.5,0,1.0,3,expert_cross,50,177,50,0.3253566324710846,0.263766348361969,0.5891229808330536,0.10282652080059052,0.3080504834651947,0.0,1.4901161193847656e-08,40.20967102050781,21.665159225463867,189.73861694335938
uniform_corner_12k,uniform,"corner,gripperPOV",10044,28.2,92.5,0,1.0,7,expert_cross,50,177,50,0.3221253752708435,0.18409477174282074,0.5062201470136642,0.31107577681541443,0.1827041208744049,0.0,0.0,40.20967102050781,21.665159225463867,189.73861694335938
uniform_corner_12k,uniform,"corner,gripperPOV",10044,28.2,92.5,0,1.0,11,expert_cross,50,177,50,0.36843937635421753,0.2986496090888977,0.6670889854431152,0.29078832268714905,0.0421227365732193,0.0,0.0,40.20967102050781,21.665159225463867,189.73861694335938
uniform_corner_12k,uniform,"corner,gripperPOV",10044,28.2,92.5,1,0.8999999761581421,3,expert_cross,50,177,50,0.32465770840644836,0.2634226679801941,0.5880803763866425,0.10335274040699005,0.3085668683052063,0.0,1.4901161193847656e-08,39.40541458129883,21.56747055053711,189.73594665527344
uniform_corner_12k,uniform,"corner,gripperPOV",10044,28.2,92.5,1,0.8999999761581421,7,expert_cross,50,177,50,0.3176114857196808,0.1839384287595749,0.5015499144792557,0.31503376364707947,0.18341633677482605,0.0,0.0,39.40541458129883,21.56747055053711,189.73594665527344
uniform_corner_12k,uniform,"corner,gripperPOV",10044,28.2,92.5,1,0.8999999761581421,11,expert_cross,50,177,50,0.36794424057006836,0.2962092459201813,0.6641534864902496,0.29384666681289673,0.04199988394975662,0.0,0.0,39.40541458129883,21.56747055053711,189.73594665527344
uniform_corner_12k,uniform,"corner,gripperPOV",10044,28.2,92.5,2,0.800000011920929,3,expert_cross,50,177,50,0.3234509825706482,0.2625749111175537,0.5860258936882019,0.10413575917482376,0.3098384141921997,0.0,0.0,38.720523834228516,21.655364990234375,189.72970581054688
uniform_corner_12k,uniform,"corner,gripperPOV",10044,28.2,92.5,2,0.800000011920929,7,expert_cross,50,177,50,0.31543368101119995,0.18174827098846436,0.4971819519996643,0.3183870017528534,0.1844310462474823,0.0,0.0,38.720523834228516,21.655364990234375,189.72970581054688
uniform_corner_12k,uniform,"corner,gripperPOV",10044,28.2,92.5,2,0.800000011920929,11,expert_cross,50,177,50,0.3680209815502167,0.29643547534942627,0.6644564568996429,0.2938159704208374,0.04172756150364876,0.0,1.1175870895385742e-08,38.720523834228516,21.655364990234375,189.72970581054688
uniform_corner_12k,uniform,"corner,gripperPOV",10044,28.2,92.5,3,0.699999988079071,3,expert_cross,50,177,50,0.32321229577064514,0.2621780335903168,0.5853903293609619,0.10488823801279068,0.3097214698791504,0.0,0.0,38.11057662963867,21.814208984375,189.74044799804688
uniform_corner_12k,uniform,"corner,gripperPOV",10044,28.2,92.5,3,0.699999988079071,7,expert_cross,50,177,50,0.31417107582092285,0.1818632185459137,0.49603429436683655,0.3209490478038788,0.18301668763160706,0.0,0.0,38.11057662963867,21.814208984375,189.74044799804688
uniform_corner_12k,uniform,"corner,gripperPOV",10044,28.2,92.5,3,0.699999988079071,11,expert_cross,50,177,50,0.3671512305736542,0.29740604758262634,0.6645572781562805,0.29377859830856323,0.04166409373283386,0.0,2.9802322387695312e-08,38.11057662963867,21.814208984375,189.74044799804688
uniform_corner_12k,uniform,"corner,gripperPOV",10044,28.2,92.5,4,0.6000000238418579,3,expert_cross,50,177,50,0.3213568329811096,0.2620777487754822,0.5834345817565918,0.10640259832143784,0.31016281247138977,0.0,7.450580596923828e-09,37.57390213012695,22.042606353759766,189.7413787841797
uniform_corner_12k,uniform,"corner,gripperPOV",10044,28.2,92.5,4,0.6000000238418579,7,expert_cross,50,177,50,0.3134703040122986,0.1801190972328186,0.4935894012451172,0.3222937285900116,0.1841168850660324,0.0,0.0,37.57390213012695,22.042606353759766,189.7413787841797
uniform_corner_12k,uniform,"corner,gripperPOV",10044,28.2,92.5,4,0.6000000238418579,11,expert_cross,50,177,50,0.3675212264060974,0.29799091815948486,0.6655121445655823,0.29270559549331665,0.04178224876523018,0.0,1.1175870895385742e-08,37.57390213012695,22.042606353759766,189.7413787841797
uniform_corner_12k,uniform,"corner,gripperPOV",10044,28.2,92.5,5,0.5,3,expert_cross,50,177,50,0.32033032178878784,0.26186367869377136,0.5821940004825592,0.10850093513727188,0.3093051016330719,0.0,0.0,37.12289047241211,22.327869415283203,189.740478515625
uniform_corner_12k,uniform,"corner,gripperPOV",10044,28.2,92.5,5,0.5,7,expert_cross,50,177,50,0.31146708130836487,0.18057528138160706,0.4920423626899719,0.3253350555896759,0.18262262642383575,0.0,0.0,37.12289047241211,22.327869415283203,189.740478515625
uniform_corner_12k,uniform,"corner,gripperPOV",10044,28.2,92.5,5,0.5,11,expert_cross,50,177,50,0.36667245626449585,0.29961827397346497,0.6662907302379608,0.2915574014186859,0.042151886969804764,0.0,0.0,37.12289047241211,22.327869415283203,189.740478515625
uniform_corner_12k,uniform,"corner,gripperPOV",10044,28.2,92.5,6,0.4000000059604645,3,expert_cross,50,177,50,0.3192639648914337,0.2624521851539612,0.5817161500453949,0.11133478581905365,0.30694901943206787,0.0,4.470348358154297e-08,36.751861572265625,22.81585693359375,189.73443603515625
uniform_corner_12k,uniform,"corner,gripperPOV",10044,28.2,92.5,6,0.4000000059604645,7,expert_cross,50,177,50,0.30865606665611267,0.1815042793750763,0.49016034603118896,0.3282046318054199,0.1816350370645523,0.0,0.0,36.751861572265625,22.81585693359375,189.73443603515625
uniform_corner_12k,uniform,"corner,gripperPOV",10044,28.2,92.5,6,0.4000000059604645,11,expert_cross,50,177,50,0.36603644490242004,0.3037770688533783,0.6698135137557983,0.28847813606262207,0.041708365082740784,0.0,0.0,36.751861572265625,22.81585693359375,189.73443603515625
uniform_corner_12k,uniform,"corner,gripperPOV",10044,28.2,92.5,7,0.30000001192092896,3,expert_cross,50,177,50,0.31955450773239136,0.263458788394928,0.5830132961273193,0.11470366269350052,0.30228307843208313,0.0,0.0,36.45211410522461,23.54472541809082,189.7345428466797
uniform_corner_12k,uniform,"corner,gripperPOV",10044,28.2,92.5,7,0.30000001192092896,7,expert_cross,50,177,50,0.3056242763996124,0.1828618347644806,0.488486111164093,0.331944078207016,0.1795697808265686,0.0,2.9802322387695312e-08,36.45211410522461,23.54472541809082,189.7345428466797
uniform_corner_12k,uniform,"corner,gripperPOV",10044,28.2,92.5,7,0.30000001192092896,11,expert_cross,50,177,50,0.36632323265075684,0.3084525167942047,0.6747757494449615,0.2843414545059204,0.04088277742266655,0.0,1.862645149230957e-08,36.45211410522461,23.54472541809082,189.7345428466797
uniform_corner_12k,uniform,"corner,gripperPOV",10044,28.2,92.5,8,0.20000000298023224,3,expert_cross,50,177,50,0.31962472200393677,0.26570773124694824,0.585332453250885,0.12226911634206772,0.2923984229564667,0.0,7.450580596923828e-09,36.20037841796875,24.929424285888672,189.74008178710938
uniform_corner_12k,uniform,"corner,gripperPOV",10044,28.2,92.5,8,0.20000000298023224,7,expert_cross,50,177,50,0.3019658625125885,0.18809276819229126,0.49005863070487976,0.33494192361831665,0.1749994307756424,0.0,1.4901161193847656e-08,36.20037841796875,24.929424285888672,189.74008178710938
uniform_corner_12k,uniform,"corner,gripperPOV",10044,28.2,92.5,8,0.20000000298023224,11,expert_cross,50,177,50,0.3661979138851166,0.3188490867614746,0.6850470006465912,0.27587857842445374,0.03907444328069687,0.0,0.0,36.20037841796875,24.929424285888672,189.74008178710938
uniform_corner_12k,uniform,"corner,gripperPOV",10044,28.2,92.5,9,0.10000000149011612,3,expert_cross,50,177,50,0.3258685767650604,0.2711006700992584,0.5969692468643188,0.13631181418895721,0.26671892404556274,0.0,1.4901161193847656e-08,35.94117736816406,27.834321975708008,189.73451232910156
uniform_corner_12k,uniform,"corner,gripperPOV",10044,28.2,92.5,9,0.10000000149011612,7,expert_cross,50,177,50,0.29081934690475464,0.19689741730690002,0.48771676421165466,0.34529680013656616,0.16698646545410156,0.0,0.0,35.94117736816406,27.834321975708008,189.73451232910156
uniform_corner_12k,uniform,"corner,gripperPOV",10044,28.2,92.5,9,0.10000000149011612,11,expert_cross,50,177,50,0.3698752522468567,0.33339306712150574,0.7032683193683624,0.2609594762325287,0.03577223792672157,0.0,0.0,35.94117736816406,27.834321975708008,189.73451232910156
zero_corner_12k,zero,"corner,gripperPOV",10044,32.0,95.0,0,1.0,3,expert_cross,50,177,50,0.3068578243255615,0.21719560027122498,0.5240534245967865,0.1469438523054123,0.3290027678012848,0.0,0.0,40.20967102050781,22.482622146606445,189.73779296875
zero_corner_12k,zero,"corner,gripperPOV",10044,32.0,95.0,0,1.0,7,expert_cross,50,177,50,0.2934333384037018,0.2597084045410156,0.5531417429447174,0.21803009510040283,0.22882820665836334,0.0,0.0,40.20967102050781,22.482622146606445,189.73779296875
zero_corner_12k,zero,"corner,gripperPOV",10044,32.0,95.0,0,1.0,11,expert_cross,50,177,50,0.32838743925094604,0.2121715098619461,0.5405589491128922,0.39476823806762695,0.06467286497354507,0.0,0.0,40.20967102050781,22.482622146606445,189.73779296875
zero_corner_12k,zero,"corner,gripperPOV",10044,32.0,95.0,1,0.8999999761581421,3,expert_cross,50,177,50,0.30433735251426697,0.21794463694095612,0.5222819894552231,0.14835864305496216,0.32935938239097595,0.0,0.0,39.31658172607422,22.35577392578125,189.7380828857422
zero_corner_12k,zero,"corner,gripperPOV",10044,32.0,95.0,1,0.8999999761581421,7,expert_cross,50,177,50,0.29261481761932373,0.2575707733631134,0.5501855909824371,0.21928949654102325,0.23052486777305603,0.0,4.470348358154297e-08,39.31658172607422,22.35577392578125,189.7380828857422
zero_corner_12k,zero,"corner,gripperPOV",10044,32.0,95.0,1,0.8999999761581421,11,expert_cross,50,177,50,0.32637494802474976,0.2093053013086319,0.5356802493333817,0.39874210953712463,0.06557763367891312,0.0,7.450580596923828e-09,39.31658172607422,22.35577392578125,189.7380828857422
zero_corner_12k,zero,"corner,gripperPOV",10044,32.0,95.0,2,0.800000011920929,3,expert_cross,50,177,50,0.3023848831653595,0.21847109496593475,0.5208559781312943,0.14967356622219086,0.3294704556465149,0.0,0.0,38.54880905151367,22.438575744628906,189.73643493652344
zero_corner_12k,zero,"corner,gripperPOV",10044,32.0,95.0,2,0.800000011920929,7,expert_cross,50,177,50,0.2912372946739197,0.2558279037475586,0.5470651984214783,0.2216743528842926,0.2312604933977127,0.0,0.0,38.54880905151367,22.438575744628906,189.73643493652344
zero_corner_12k,zero,"corner,gripperPOV",10044,32.0,95.0,2,0.800000011920929,11,expert_cross,50,177,50,0.32569336891174316,0.2100742608308792,0.5357676297426224,0.3987062871456146,0.0655260756611824,0.0,7.450580596923828e-09,38.54880905151367,22.438575744628906,189.73643493652344
zero_corner_12k,zero,"corner,gripperPOV",10044,32.0,95.0,3,0.699999988079071,3,expert_cross,50,177,50,0.2997414171695709,0.21922408044338226,0.5189654976129532,0.15170809626579285,0.3293263912200928,0.0,1.4901161193847656e-08,37.86216735839844,22.711875915527344,189.7342987060547
zero_corner_12k,zero,"corner,gripperPOV",10044,32.0,95.0,3,0.699999988079071,7,expert_cross,50,177,50,0.2917444109916687,0.25360187888145447,0.5453462898731232,0.22386619448661804,0.2307875156402588,0.0,0.0,37.86216735839844,22.711875915527344,189.7342987060547
zero_corner_12k,zero,"corner,gripperPOV",10044,32.0,95.0,3,0.699999988079071,11,expert_cross,50,177,50,0.32419705390930176,0.2099769562482834,0.5341740101575851,0.40087246894836426,0.06495349109172821,0.0,2.9802322387695312e-08,37.86216735839844,22.711875915527344,189.7342987060547
zero_corner_12k,zero,"corner,gripperPOV",10044,32.0,95.0,4,0.6000000238418579,3,expert_cross,50,177,50,0.2988477647304535,0.22040008008480072,0.5192478448152542,0.15290555357933044,0.32784658670425415,0.0,1.4901161193847656e-08,37.25482940673828,23.002099990844727,189.73507690429688
zero_corner_12k,zero,"corner,gripperPOV",10044,32.0,95.0,4,0.6000000238418579,7,expert_cross,50,177,50,0.29044073820114136,0.2516697943210602,0.5421105325222015,0.22623887658119202,0.23165062069892883,0.0,0.0,37.25482940673828,23.002099990844727,189.73507690429688
zero_corner_12k,zero,"corner,gripperPOV",10044,32.0,95.0,4,0.6000000238418579,11,expert_cross,50,177,50,0.32260772585868835,0.2111215442419052,0.5337292701005936,0.40119120478630066,0.06507954746484756,0.0,0.0,37.25482940673828,23.002099990844727,189.73507690429688
zero_corner_12k,zero,"corner,gripperPOV",10044,32.0,95.0,5,0.5,3,expert_cross,50,177,50,0.29728463292121887,0.2216886579990387,0.5189732909202576,0.15526507794857025,0.3257616460323334,0.0,0.0,36.72780990600586,23.364694595336914,189.7450408935547
zero_corner_12k,zero,"corner,gripperPOV",10044,32.0,95.0,5,0.5,7,expert_cross,50,177,50,0.2906174957752228,0.24993814527988434,0.5405556410551071,0.2276553511619568,0.23178903758525848,0.0,0.0,36.72780990600586,23.364694595336914,189.7450408935547
zero_corner_12k,zero,"corner,gripperPOV",10044,32.0,95.0,5,0.5,11,expert_cross,50,177,50,0.32124119997024536,0.21296899020671844,0.5342101901769638,0.4018176198005676,0.06397216767072678,0.0,2.2351741790771484e-08,36.72780990600586,23.364694595336914,189.7450408935547
zero_corner_12k,zero,"corner,gripperPOV",10044,32.0,95.0,6,0.4000000059604645,3,expert_cross,50,177,50,0.2958206236362457,0.22388623654842377,0.5197068601846695,0.15747715532779694,0.32281598448753357,0.0,0.0,36.28005599975586,23.93698501586914,189.73446655273438
zero_corner_12k,zero,"corner,gripperPOV",10044,32.0,95.0,6,0.4000000059604645,7,expert_cross,50,177,50,0.2910177707672119,0.24888089299201965,0.5398986637592316,0.23159515857696533,0.2285061776638031,0.0,0.0,36.28005599975586,23.93698501586914,189.73446655273438
zero_corner_12k,zero,"corner,gripperPOV",10044,32.0,95.0,6,0.4000000059604645,11,expert_cross,50,177,50,0.3206143081188202,0.217757910490036,0.5383722186088562,0.399808794260025,0.061819009482860565,0.0,0.0,36.28005599975586,23.93698501586914,189.73446655273438
zero_corner_12k,zero,"corner,gripperPOV",10044,32.0,95.0,7,0.30000001192092896,3,expert_cross,50,177,50,0.2947635054588318,0.22584126889705658,0.5206047743558884,0.1614179015159607,0.31797730922698975,0.0,1.4901161193847656e-08,35.90127182006836,24.754186630249023,189.72808837890625
zero_corner_12k,zero,"corner,gripperPOV",10044,32.0,95.0,7,0.30000001192092896,7,expert_cross,50,177,50,0.2921987771987915,0.2463962882757187,0.5385950654745102,0.2371932417154312,0.2242116928100586,0.0,0.0,35.90127182006836,24.754186630249023,189.72808837890625
zero_corner_12k,zero,"corner,gripperPOV",10044,32.0,95.0,7,0.30000001192092896,11,expert_cross,50,177,50,0.3197779059410095,0.22253991663455963,0.5423178225755692,0.3980284035205841,0.05965375900268555,0.0,1.4901161193847656e-08,35.90127182006836,24.754186630249023,189.72808837890625
zero_corner_12k,zero,"corner,gripperPOV",10044,32.0,95.0,8,0.20000000298023224,3,expert_cross,50,177,50,0.2957199811935425,0.22864623367786407,0.5243662148714066,0.16744422912597656,0.3081895411014557,0.0,1.4901161193847656e-08,35.54195785522461,26.414596557617188,189.72996520996094
zero_corner_12k,zero,"corner,gripperPOV",10044,32.0,95.0,8,0.20000000298023224,7,expert_cross,50,177,50,0.2925899028778076,0.2454417496919632,0.5380316525697708,0.24520044028759003,0.21676790714263916,0.0,0.0,35.54195785522461,26.414596557617188,189.72996520996094
zero_corner_12k,zero,"corner,gripperPOV",10044,32.0,95.0,8,0.20000000298023224,11,expert_cross,50,177,50,0.3188614547252655,0.2343323975801468,0.5531938523054123,0.3907090723514557,0.056097086519002914,0.0,0.0,35.54195785522461,26.414596557617188,189.72996520996094
zero_corner_12k,zero,"corner,gripperPOV",10044,32.0,95.0,9,0.10000000149011612,3,expert_cross,50,177,50,0.30324459075927734,0.23498044908046722,0.5382250398397446,0.17914225161075592,0.2826326787471771,0.0,2.9802322387695312e-08,35.12922668457031,30.70867347717285,189.72378540039062
zero_corner_12k,zero,"corner,gripperPOV",10044,32.0,95.0,9,0.10000000149011612,7,expert_cross,50,177,50,0.2912842631340027,0.24440063536167145,0.5356848984956741,0.26139912009239197,0.20291590690612793,0.0,7.450580596923828e-08,35.12922668457031,30.70867347717285,189.72378540039062
zero_corner_12k,zero,"corner,gripperPOV",10044,32.0,95.0,9,0.10000000149011612,11,expert_cross,50,177,50,0.32462620735168457,0.25655290484428406,0.5811791121959686,0.37082698941230774,0.04799386486411095,0.0,3.3527612686157227e-08,35.12922668457031,30.70867347717285,189.72378540039062
ours_v1_corner_12k,ours_v1,"corner,gripperPOV",10045,20.0,90.0,0,1.0,3,expert_cross,50,177,50,0.2786555886268616,0.2626582086086273,0.5413137972354889,0.1603410840034485,0.2983451187610626,0.0,0.0,39.967288970947266,20.66692543029785,189.7388153076172
ours_v1_corner_12k,ours_v1,"corner,gripperPOV",10045,20.0,90.0,0,1.0,7,expert_cross,50,177,50,0.2776238024234772,0.3322407305240631,0.6098645329475403,0.2379574179649353,0.15217803418636322,0.0,1.4901161193847656e-08,39.967288970947266,20.66692543029785,189.7388153076172
ours_v1_corner_12k,ours_v1,"corner,gripperPOV",10045,20.0,90.0,0,1.0,11,expert_cross,50,177,50,0.2195388376712799,0.2394518405199051,0.458990678191185,0.4669131636619568,0.07409615069627762,0.0,7.450580596923828e-09,39.967288970947266,20.66692543029785,189.7388153076172
ours_v1_corner_12k,ours_v1,"corner,gripperPOV",10045,20.0,90.0,1,0.8999999761581421,3,expert_cross,50,177,50,0.27766674757003784,0.2628959119319916,0.5405626595020294,0.16074134409427643,0.29869601130485535,0.0,0.0,39.240238189697266,20.586572647094727,189.74314880371094
ours_v1_corner_12k,ours_v1,"corner,gripperPOV",10045,20.0,90.0,1,0.8999999761581421,7,expert_cross,50,177,50,0.27749887108802795,0.32927605509757996,0.6067749261856079,0.23958776891231537,0.15363729000091553,0.0,1.4901161193847656e-08,39.240238189697266,20.586572647094727,189.74314880371094
ours_v1_corner_12k,ours_v1,"corner,gripperPOV",10045,20.0,90.0,1,0.8999999761581421,11,expert_cross,50,177,50,0.21761098504066467,0.23679442703723907,0.45440541207790375,0.47035855054855347,0.07523602992296219,0.0,7.450580596923828e-09,39.240238189697266,20.586572647094727,189.74314880371094
ours_v1_corner_12k,ours_v1,"corner,gripperPOV",10045,20.0,90.0,2,0.800000011920929,3,expert_cross,50,177,50,0.2764733135700226,0.26291340589523315,0.5393867194652557,0.1610870063304901,0.29952627420425415,0.0,0.0,38.622093200683594,20.78208351135254,189.73341369628906
ours_v1_corner_12k,ours_v1,"corner,gripperPOV",10045,20.0,90.0,2,0.800000011920929,7,expert_cross,50,177,50,0.27797380089759827,0.3281254172325134,0.6060992181301117,0.24002580344676971,0.15387500822544098,0.0,0.0,38.622093200683594,20.78208351135254,189.73341369628906
ours_v1_corner_12k,ours_v1,"corner,gripperPOV",10045,20.0,90.0,2,0.800000011920929,11,expert_cross,50,177,50,0.21739816665649414,0.23661668598651886,0.454014852643013,0.4706382751464844,0.0753469169139862,0.0,0.0,38.622093200683594,20.78208351135254,189.73341369628906
ours_v1_corner_12k,ours_v1,"corner,gripperPOV",10045,20.0,90.0,3,0.699999988079071,3,expert_cross,50,177,50,0.2755463421344757,0.26360252499580383,0.5391488671302795,0.1611602008342743,0.2996909022331238,0.0,2.9802322387695312e-08,38.07846450805664,20.871349334716797,189.73341369628906
ours_v1_corner_12k,ours_v1,"corner,gripperPOV",10045,20.0,90.0,3,0.699999988079071,7,expert_cross,50,177,50,0.2795289158821106,0.32718968391418457,0.6067185997962952,0.24009335041046143,0.15318799018859863,0.0,5.960464477539063e-08,38.07846450805664,20.871349334716797,189.73341369628906
ours_v1_corner_12k,ours_v1,"corner,gripperPOV",10045,20.0,90.0,3,0.699999988079071,11,expert_cross,50,177,50,0.2170543223619461,0.23723790049552917,0.4542922228574753,0.4707410931587219,0.07496664673089981,0.0,3.725290298461914e-08,38.07846450805664,20.871349334716797,189.73341369628906
ours_v1_corner_12k,ours_v1,"corner,gripperPOV",10045,20.0,90.0,4,0.6000000238418579,3,expert_cross,50,177,50,0.2741644084453583,0.26478874683380127,0.5389531552791595,0.16119422018527985,0.2998526394367218,0.0,0.0,37.60368347167969,21.043624877929688,189.73416137695312
ours_v1_corner_12k,ours_v1,"corner,gripperPOV",10045,20.0,90.0,4,0.6000000238418579,7,expert_cross,50,177,50,0.2822383642196655,0.3255595564842224,0.6077979207038879,0.23995020985603333,0.15225191414356232,0.0,0.0,37.60368347167969,21.043624877929688,189.73416137695312
ours_v1_corner_12k,ours_v1,"corner,gripperPOV",10045,20.0,90.0,4,0.6000000238418579,11,expert_cross,50,177,50,0.21677237749099731,0.23797093331813812,0.45474331080913544,0.47049081325531006,0.07476590573787689,0.0,0.0,37.60368347167969,21.043624877929688,189.73416137695312
ours_v1_corner_12k,ours_v1,"corner,gripperPOV",10045,20.0,90.0,5,0.5,3,expert_cross,50,177,50,0.27303770184516907,0.2656131982803345,0.5386509001255035,0.16189858317375183,0.29945051670074463,0.0,0.0,37.19322967529297,21.42339324951172,189.73239135742188
ours_v1_corner_12k,ours_v1,"corner,gripperPOV",10045,20.0,90.0,5,0.5,7,expert_cross,50,177,50,0.28551340103149414,0.32337629795074463,0.6088896989822388,0.2413899302482605,0.14972037076950073,0.0,0.0,37.19322967529297,21.42339324951172,189.73239135742188
ours_v1_corner_12k,ours_v1,"corner,gripperPOV",10045,20.0,90.0,5,0.5,11,expert_cross,50,177,50,0.21615435183048248,0.2380044013261795,0.454158753156662,0.47206568717956543,0.07377563416957855,0.0,0.0,37.19322967529297,21.42339324951172,189.73239135742188
ours_v1_corner_12k,ours_v1,"corner,gripperPOV",10045,20.0,90.0,6,0.4000000059604645,3,expert_cross,50,177,50,0.2720552086830139,0.2681446969509125,0.5401999056339264,0.1621190458536148,0.29768106341362,0.0,0.0,36.84427261352539,21.873544692993164,189.73704528808594
ours_v1_corner_12k,ours_v1,"corner,gripperPOV",10045,20.0,90.0,6,0.4000000059604645,7,expert_cross,50,177,50,0.288649320602417,0.32313814759254456,0.6117874681949615,0.24295182526111603,0.1452607363462448,0.0,0.0,36.84427261352539,21.873544692993164,189.73704528808594
ours_v1_corner_12k,ours_v1,"corner,gripperPOV",10045,20.0,90.0,6,0.4000000059604645,11,expert_cross,50,177,50,0.21764260530471802,0.24051010608673096,0.458152711391449,0.46950846910476685,0.07233880460262299,0.0,1.4901161193847656e-08,36.84427261352539,21.873544692993164,189.73704528808594
ours_v1_corner_12k,ours_v1,"corner,gripperPOV",10045,20.0,90.0,7,0.30000001192092896,3,expert_cross,50,177,50,0.27214375138282776,0.2701074779033661,0.5422512292861938,0.16242371499538422,0.29532504081726074,0.0,1.4901161193847656e-08,36.54942321777344,22.56871223449707,189.74456787109375
ours_v1_corner_12k,ours_v1,"corner,gripperPOV",10045,20.0,90.0,7,0.30000001192092896,7,expert_cross,50,177,50,0.2941456735134125,0.3205965459346771,0.6147422194480896,0.24470947682857513,0.14054827392101288,0.0,2.9802322387695312e-08,36.54942321777344,22.56871223449707,189.74456787109375
ours_v1_corner_12k,ours_v1,"corner,gripperPOV",10045,20.0,90.0,7,0.30000001192092896,11,expert_cross,50,177,50,0.2199258655309677,0.2447318136692047,0.4646576792001724,0.46548739075660706,0.06985492259263992,0.0,7.450580596923828e-09,36.54942321777344,22.56871223449707,189.74456787109375
ours_v1_corner_12k,ours_v1,"corner,gripperPOV",10045,20.0,90.0,8,0.20000000298023224,3,expert_cross,50,177,50,0.2730950117111206,0.27409598231315613,0.5471909940242767,0.16419018805027008,0.28861886262893677,0.0,0.0,36.266109466552734,23.895679473876953,189.73919677734375
ours_v1_corner_12k,ours_v1,"corner,gripperPOV",10045,20.0,90.0,8,0.20000000298023224,7,expert_cross,50,177,50,0.2992241382598877,0.31835851073265076,0.6175826489925385,0.24886593222618103,0.1335514336824417,0.0,0.0,36.266109466552734,23.895679473876953,189.73919677734375
ours_v1_corner_12k,ours_v1,"corner,gripperPOV",10045,20.0,90.0,8,0.20000000298023224,11,expert_cross,50,177,50,0.22381754219532013,0.2512251138687134,0.4750426560640335,0.4584933817386627,0.06646397709846497,0.0,0.0,36.266109466552734,23.895679473876953,189.73919677734375
ours_v1_corner_12k,ours_v1,"corner,gripperPOV",10045,20.0,90.0,9,0.10000000149011612,3,expert_cross,50,177,50,0.28078460693359375,0.2810960114002228,0.5618806183338165,0.16961915791034698,0.2685002386569977,0.0,0.0,35.93305206298828,26.743900299072266,189.73789978027344
ours_v1_corner_12k,ours_v1,"corner,gripperPOV",10045,20.0,90.0,9,0.10000000149011612,7,expert_cross,50,177,50,0.30519965291023254,0.3131899833679199,0.6183896362781525,0.2561177909374237,0.12549255788326263,0.0,1.4901161193847656e-08,35.93305206298828,26.743900299072266,189.73789978027344
ours_v1_corner_12k,ours_v1,"corner,gripperPOV",10045,20.0,90.0,9,0.10000000149011612,11,expert_cross,50,177,50,0.23626285791397095,0.2644467055797577,0.5007095634937286,0.440037339925766,0.05925312638282776,0.0,0.0,35.93305206298828,26.743900299072266,189.73789978027344
ours_v2_corner_12k,ours_v2,"corner,gripperPOV",10045,25.5,95.5,0,1.0,3,expert_cross,50,177,50,0.2612372934818268,0.27364346385002136,0.5348807573318481,0.16203242540359497,0.3030868172645569,0.0,0.0,39.967288970947266,19.39727020263672,189.74404907226562
ours_v2_corner_12k,ours_v2,"corner,gripperPOV",10045,25.5,95.5,0,1.0,7,expert_cross,50,177,50,0.2768748700618744,0.34249019622802734,0.6193650662899017,0.24804270267486572,0.13259226083755493,0.0,0.0,39.967288970947266,19.39727020263672,189.74404907226562
ours_v2_corner_12k,ours_v2,"corner,gripperPOV",10045,25.5,95.5,0,1.0,11,expert_cross,50,177,50,0.18563885986804962,0.27370792627334595,0.45934678614139557,0.469241201877594,0.07141198962926865,0.0,2.2351741790771484e-08,39.967288970947266,19.39727020263672,189.74404907226562
ours_v2_corner_12k,ours_v2,"corner,gripperPOV",10045,25.5,95.5,1,0.8999999761581421,3,expert_cross,50,177,50,0.2611442506313324,0.27324432134628296,0.5343885719776154,0.16215111315250397,0.30346035957336426,0.0,0.0,39.229915618896484,19.351198196411133,189.73793029785156
ours_v2_corner_12k,ours_v2,"corner,gripperPOV",10045,25.5,95.5,1,0.8999999761581421,7,expert_cross,50,177,50,0.27724596858024597,0.3396480679512024,0.6168940365314484,0.24917908012866974,0.13392683863639832,0.0,4.470348358154297e-08,39.229915618896484,19.351198196411133,189.73793029785156
ours_v2_corner_12k,ours_v2,"corner,gripperPOV",10045,25.5,95.5,1,0.8999999761581421,11,expert_cross,50,177,50,0.1842239946126938,0.27049046754837036,0.45471446216106415,0.47365349531173706,0.07163199782371521,0.0,4.470348358154297e-08,39.229915618896484,19.351198196411133,189.73793029785156
ours_v2_corner_12k,ours_v2,"corner,gripperPOV",10045,25.5,95.5,2,0.800000011920929,3,expert_cross,50,177,50,0.26183611154556274,0.27183300256729126,0.533669114112854,0.16265049576759338,0.3036803901195526,0.0,0.0,38.5928955078125,19.530542373657227,189.73550415039062
ours_v2_corner_12k,ours_v2,"corner,gripperPOV",10045,25.5,95.5,2,0.800000011920929,7,expert_cross,50,177,50,0.27683162689208984,0.3372762203216553,0.6141078472137451,0.25145477056503296,0.13443738222122192,0.0,0.0,38.5928955078125,19.530542373657227,189.73550415039062
ours_v2_corner_12k,ours_v2,"corner,gripperPOV",10045,25.5,95.5,2,0.800000011920929,11,expert_cross,50,177,50,0.18405874073505402,0.2718316316604614,0.45589037239551544,0.47360244393348694,0.07050716876983643,0.0,1.4901161193847656e-08,38.5928955078125,19.530542373657227,189.73550415039062
ours_v2_corner_12k,ours_v2,"corner,gripperPOV",10045,25.5,95.5,3,0.699999988079071,3,expert_cross,50,177,50,0.2623535096645355,0.2714892327785492,0.5338427424430847,0.16300001740455627,0.303157240152359,0.0,0.0,38.01353073120117,19.827468872070312,189.73985290527344
ours_v2_corner_12k,ours_v2,"corner,gripperPOV",10045,25.5,95.5,3,0.699999988079071,7,expert_cross,50,177,50,0.2780758738517761,0.3348664343357086,0.6129423081874847,0.25290337204933167,0.1341543197631836,0.0,0.0,38.01353073120117,19.827468872070312,189.73985290527344
ours_v2_corner_12k,ours_v2,"corner,gripperPOV",10045,25.5,95.5,3,0.699999988079071,11,expert_cross,50,177,50,0.18512877821922302,0.27329662442207336,0.4584254026412964,0.4725807309150696,0.06899390369653702,0.0,0.0,38.01353073120117,19.827468872070312,189.73985290527344
ours_v2_corner_12k,ours_v2,"corner,gripperPOV",10045,25.5,95.5,4,0.6000000238418579,3,expert_cross,50,177,50,0.2631875276565552,0.2707539200782776,0.5339414477348328,0.16403137147426605,0.3020271956920624,0.0,0.0,37.48713684082031,20.10003662109375,189.73219299316406
ours_v2_corner_12k,ours_v2,"corner,gripperPOV",10045,25.5,95.5,4,0.6000000238418579,7,expert_cross,50,177,50,0.27882149815559387,0.33238402009010315,0.611205518245697,0.25451478362083435,0.13427968323230743,0.0,1.4901161193847656e-08,37.48713684082031,20.10003662109375,189.73219299316406
ours_v2_corner_12k,ours_v2,"corner,gripperPOV",10045,25.5,95.5,4,0.6000000238418579,11,expert_cross,50,177,50,0.18568329513072968,0.27488934993743896,0.46057264506816864,0.47161951661109924,0.06780785322189331,0.0,0.0,37.48713684082031,20.10003662109375,189.73219299316406
ours_v2_corner_12k,ours_v2,"corner,gripperPOV",10045,25.5,95.5,5,0.5,3,expert_cross,50,177,50,0.2640794515609741,0.2707229256629944,0.5348023772239685,0.16436569392681122,0.30083194375038147,0.0,0.0,37.02001190185547,20.44906234741211,189.73095703125
ours_v2_corner_12k,ours_v2,"corner,gripperPOV",10045,25.5,95.5,5,0.5,7,expert_cross,50,177,50,0.280966579914093,0.33061009645462036,0.6115766763687134,0.2544268071651459,0.13399651646614075,0.0,0.0,37.02001190185547,20.44906234741211,189.73095703125
ours_v2_corner_12k,ours_v2,"corner,gripperPOV",10045,25.5,95.5,5,0.5,11,expert_cross,50,177,50,0.1867121309041977,0.27702635526657104,0.46373848617076874,0.47009408473968506,0.06616748869419098,0.0,0.0,37.02001190185547,20.44906234741211,189.73095703125
ours_v2_corner_12k,ours_v2,"corner,gripperPOV",10045,25.5,95.5,6,0.4000000059604645,3,expert_cross,50,177,50,0.26547154784202576,0.27095651626586914,0.5364280641078949,0.1650812029838562,0.2984907031059265,0.0,2.9802322387695312e-08,36.60016632080078,21.030227661132812,189.72801208496094
ours_v2_corner_12k,ours_v2,"corner,gripperPOV",10045,25.5,95.5,6,0.4000000059604645,7,expert_cross,50,177,50,0.2837078869342804,0.3284338116645813,0.6121416985988617,0.2554885745048523,0.13236969709396362,0.0,2.9802322387695312e-08,36.60016632080078,21.030227661132812,189.72801208496094
ours_v2_corner_12k,ours_v2,"corner,gripperPOV",10045,25.5,95.5,6,0.4000000059604645,11,expert_cross,50,177,50,0.19120219349861145,0.2822362780570984,0.47343847155570984,0.46325114369392395,0.06331038475036621,0.0,0.0,36.60016632080078,21.030227661132812,189.72801208496094
ours_v2_corner_12k,ours_v2,"corner,gripperPOV",10045,25.5,95.5,7,0.30000001192092896,3,expert_cross,50,177,50,0.26830777525901794,0.27199769020080566,0.5403054654598236,0.16659553349018097,0.29309895634651184,0.0,4.470348358154297e-08,36.213775634765625,21.81586456298828,189.73448181152344
ours_v2_corner_12k,ours_v2,"corner,gripperPOV",10045,25.5,95.5,7,0.30000001192092896,7,expert_cross,50,177,50,0.2876178026199341,0.3262474834918976,0.6138652861118317,0.2566207945346832,0.1295139491558075,0.0,0.0,36.213775634765625,21.81586456298828,189.73448181152344
ours_v2_corner_12k,ours_v2,"corner,gripperPOV",10045,25.5,95.5,7,0.30000001192092896,11,expert_cross,50,177,50,0.19674430787563324,0.2859601378440857,0.48270444571971893,0.45800161361694336,0.05929391458630562,0.0,2.60770320892334e-08,36.213775634765625,21.81586456298828,189.73448181152344
ours_v2_corner_12k,ours_v2,"corner,gripperPOV",10045,25.5,95.5,8,0.20000000298023224,3,expert_cross,50,177,50,0.271115243434906,0.2744997441768646,0.5456149876117706,0.16905617713928223,0.28532883524894714,0.0,0.0,35.8409309387207,22.95225715637207,189.7361297607422
ours_v2_corner_12k,ours_v2,"corner,gripperPOV",10045,25.5,95.5,8,0.20000000298023224,7,expert_cross,50,177,50,0.2929050326347351,0.32253989577293396,0.6154449284076691,0.25862786173820496,0.1259271502494812,0.0,5.960464477539063e-08,35.8409309387207,22.95225715637207,189.7361297607422
ours_v2_corner_12k,ours_v2,"corner,gripperPOV",10045,25.5,95.5,8,0.20000000298023224,11,expert_cross,50,177,50,0.20599564909934998,0.2930227220058441,0.4990183711051941,0.44667142629623413,0.05431024730205536,0.0,0.0,35.8409309387207,22.95225715637207,189.7361297607422
ours_v2_corner_12k,ours_v2,"corner,gripperPOV",10045,25.5,95.5,9,0.10000000149011612,3,expert_cross,50,177,50,0.2797814905643463,0.28059765696525574,0.560379147529602,0.17540256679058075,0.2642183005809784,0.0,0.0,35.3900032043457,25.66909408569336,189.7378387451172
ours_v2_corner_12k,ours_v2,"corner,gripperPOV",10045,25.5,95.5,9,0.10000000149011612,7,expert_cross,50,177,50,0.29680049419403076,0.31611090898513794,0.6129114031791687,0.26571375131607056,0.12137486040592194,0.0,0.0,35.3900032043457,25.66909408569336,189.7378387451172
ours_v2_corner_12k,ours_v2,"corner,gripperPOV",10045,25.5,95.5,9,0.10000000149011612,11,expert_cross,50,177,50,0.22059880197048187,0.3000996708869934,0.5206984728574753,0.43235087394714355,0.04695068299770355,0.0,0.0,35.3900032043457,25.66909408569336,189.7378387451172
ours_v3_corner_12k,ours_v3,"corner,gripperPOV",10045,32.0,94.5,0,1.0,3,expert_cross,50,177,50,0.2943984866142273,0.2422606199979782,0.5366591066122055,0.15160217881202698,0.3117387294769287,0.0,0.0,39.967288970947266,21.4417724609375,189.73304748535156
ours_v3_corner_12k,ours_v3,"corner,gripperPOV",10045,32.0,94.5,0,1.0,7,expert_cross,50,177,50,0.3090754449367523,0.2930520474910736,0.6021274924278259,0.22943973541259766,0.1684327870607376,0.0,0.0,39.967288970947266,21.4417724609375,189.73304748535156
ours_v3_corner_12k,ours_v3,"corner,gripperPOV",10045,32.0,94.5,0,1.0,11,expert_cross,50,177,50,0.33754923939704895,0.252413809299469,0.5899630486965179,0.3504032492637634,0.05963372439146042,0.0,0.0,39.967288970947266,21.4417724609375,189.73304748535156
ours_v3_corner_12k,ours_v3,"corner,gripperPOV",10045,32.0,94.5,1,0.8999999761581421,3,expert_cross,50,177,50,0.2929708957672119,0.24146534502506256,0.5344362407922745,0.1528519093990326,0.3127118647098541,0.0,0.0,39.100135803222656,21.290536880493164,189.7384033203125
ours_v3_corner_12k,ours_v3,"corner,gripperPOV",10045,32.0,94.5,1,0.8999999761581421,7,expert_cross,50,177,50,0.30758532881736755,0.290775865316391,0.5983611941337585,0.2321130335330963,0.16952581703662872,0.0,0.0,39.100135803222656,21.290536880493164,189.7384033203125
ours_v3_corner_12k,ours_v3,"corner,gripperPOV",10045,32.0,94.5,1,0.8999999761581421,11,expert_cross,50,177,50,0.33649006485939026,0.24857434630393982,0.5850644111633301,0.35460126399993896,0.060334328562021255,0.0,0.0,39.100135803222656,21.290536880493164,189.7384033203125
ours_v3_corner_12k,ours_v3,"corner,gripperPOV",10045,32.0,94.5,2,0.800000011920929,3,expert_cross,50,177,50,0.29235485196113586,0.24101370573043823,0.5333685576915741,0.15335461497306824,0.31327682733535767,0.0,0.0,38.34776306152344,21.453855514526367,189.73684692382812
ours_v3_corner_12k,ours_v3,"corner,gripperPOV",10045,32.0,94.5,2,0.800000011920929,7,expert_cross,50,177,50,0.3084309995174408,0.289639413356781,0.5980704128742218,0.23356501758098602,0.16836459934711456,0.0,0.0,38.34776306152344,21.453855514526367,189.73684692382812
ours_v3_corner_12k,ours_v3,"corner,gripperPOV",10045,32.0,94.5,2,0.800000011920929,11,expert_cross,50,177,50,0.33680176734924316,0.24817895889282227,0.5849807262420654,0.35574617981910706,0.05927307531237602,0.0,1.862645149230957e-08,38.34776306152344,21.453855514526367,189.73684692382812
ours_v3_corner_12k,ours_v3,"corner,gripperPOV",10045,32.0,94.5,3,0.699999988079071,3,expert_cross,50,177,50,0.2913179397583008,0.24061357975006104,0.5319315195083618,0.1544509083032608,0.3136175572872162,0.0,1.4901161193847656e-08,37.66548538208008,21.547077178955078,189.73887634277344
ours_v3_corner_12k,ours_v3,"corner,gripperPOV",10045,32.0,94.5,3,0.699999988079071,7,expert_cross,50,177,50,0.30973586440086365,0.28944987058639526,0.5991857349872589,0.23458774387836456,0.16622650623321533,0.0,1.4901161193847656e-08,37.66548538208008,21.547077178955078,189.73887634277344
ours_v3_corner_12k,ours_v3,"corner,gripperPOV",10045,32.0,94.5,3,0.699999988079071,11,expert_cross,50,177,50,0.3351212441921234,0.24785852432250977,0.5829797685146332,0.35887569189071655,0.05814456567168236,0.0,0.0,37.66548538208008,21.547077178955078,189.73887634277344
ours_v3_corner_12k,ours_v3,"corner,gripperPOV",10045,32.0,94.5,4,0.6000000238418579,3,expert_cross,50,177,50,0.29038095474243164,0.24077869951725006,0.5311596542596817,0.15554377436637878,0.3132965862751007,0.0,0.0,37.05207824707031,21.863262176513672,189.7395477294922
ours_v3_corner_12k,ours_v3,"corner,gripperPOV",10045,32.0,94.5,4,0.6000000238418579,7,expert_cross,50,177,50,0.3089267611503601,0.286720335483551,0.5956470966339111,0.2387777864933014,0.16557513177394867,0.0,0.0,37.05207824707031,21.863262176513672,189.7395477294922
ours_v3_corner_12k,ours_v3,"corner,gripperPOV",10045,32.0,94.5,4,0.6000000238418579,11,expert_cross,50,177,50,0.33468085527420044,0.24982348084449768,0.5845043361186981,0.35787975788116455,0.05761590600013733,0.0,0.0,37.05207824707031,21.863262176513672,189.7395477294922
ours_v3_corner_12k,ours_v3,"corner,gripperPOV",10045,32.0,94.5,5,0.5,3,expert_cross,50,177,50,0.28974679112434387,0.2409953624010086,0.5307421535253525,0.15613502264022827,0.3131228983402252,0.0,0.0,36.50060272216797,22.05512046813965,189.74317932128906
ours_v3_corner_12k,ours_v3,"corner,gripperPOV",10045,32.0,94.5,5,0.5,7,expert_cross,50,177,50,0.3106244206428528,0.28678563237190247,0.5974100530147552,0.23965856432914734,0.16293135285377502,0.0,2.9802322387695312e-08,36.50060272216797,22.05512046813965,189.74317932128906
ours_v3_corner_12k,ours_v3,"corner,gripperPOV",10045,32.0,94.5,5,0.5,11,expert_cross,50,177,50,0.3345715403556824,0.2509009838104248,0.5854725241661072,0.3579898178577423,0.05653761327266693,0.0,4.470348358154297e-08,36.50060272216797,22.05512046813965,189.74317932128906
ours_v3_corner_12k,ours_v3,"corner,gripperPOV",10045,32.0,94.5,6,0.4000000059604645,3,expert_cross,50,177,50,0.28774186968803406,0.24279768764972687,0.5305395573377609,0.1584414541721344,0.31101900339126587,0.0,0.0,35.990291595458984,22.73064422607422,189.74334716796875
ours_v3_corner_12k,ours_v3,"corner,gripperPOV",10045,32.0,94.5,6,0.4000000059604645,7,expert_cross,50,177,50,0.3103013038635254,0.28664952516555786,0.5969508290290833,0.24239331483840942,0.16065584123134613,0.0,1.4901161193847656e-08,35.990291595458984,22.73064422607422,189.74334716796875
ours_v3_corner_12k,ours_v3,"corner,gripperPOV",10045,32.0,94.5,6,0.4000000059604645,11,expert_cross,50,177,50,0.33442726731300354,0.2559043765068054,0.590331643819809,0.35479533672332764,0.054873015731573105,0.0,3.725290298461914e-09,35.990291595458984,22.73064422607422,189.74334716796875
ours_v3_corner_12k,ours_v3,"corner,gripperPOV",10045,32.0,94.5,7,0.30000001192092896,3,expert_cross,50,177,50,0.2865648567676544,0.24517276883125305,0.5317376255989075,0.16126303374767303,0.3069993257522583,0.0,1.4901161193847656e-08,35.5058708190918,23.67315101623535,189.7305908203125
ours_v3_corner_12k,ours_v3,"corner,gripperPOV",10045,32.0,94.5,7,0.30000001192092896,7,expert_cross,50,177,50,0.3108389973640442,0.2860390245914459,0.5968780219554901,0.24728205800056458,0.1558399200439453,0.0,0.0,35.5058708190918,23.67315101623535,189.7305908203125
ours_v3_corner_12k,ours_v3,"corner,gripperPOV",10045,32.0,94.5,7,0.30000001192092896,11,expert_cross,50,177,50,0.33616897463798523,0.2628810405731201,0.5990500152111053,0.3487367331981659,0.05221324786543846,0.0,3.725290298461914e-09,35.5058708190918,23.67315101623535,189.7305908203125
ours_v3_corner_12k,ours_v3,"corner,gripperPOV",10045,32.0,94.5,8,0.20000000298023224,3,expert_cross,50,177,50,0.2859143316745758,0.2503611743450165,0.5362755060195923,0.16680316627025604,0.29692134261131287,0.0,0.0,35.0181770324707,25.54139518737793,189.73419189453125
ours_v3_corner_12k,ours_v3,"corner,gripperPOV",10045,32.0,94.5,8,0.20000000298023224,7,expert_cross,50,177,50,0.31132882833480835,0.28518155217170715,0.5965103805065155,0.25248658657073975,0.15100300312042236,0.0,2.9802322387695312e-08,35.0181770324707,25.54139518737793,189.73419189453125
ours_v3_corner_12k,ours_v3,"corner,gripperPOV",10045,32.0,94.5,8,0.20000000298023224,11,expert_cross,50,177,50,0.3379485607147217,0.2743312418460846,0.6122798025608063,0.33850517868995667,0.049215007573366165,0.0,1.1175870895385742e-08,35.0181770324707,25.54139518737793,189.73419189453125
ours_v3_corner_12k,ours_v3,"corner,gripperPOV",10045,32.0,94.5,9,0.10000000149011612,3,expert_cross,50,177,50,0.2857777178287506,0.2621505856513977,0.5479283034801483,0.18001317977905273,0.27205851674079895,0.0,0.0,34.43104934692383,30.358993530273438,189.72483825683594
ours_v3_corner_12k,ours_v3,"corner,gripperPOV",10045,32.0,94.5,9,0.10000000149011612,7,expert_cross,50,177,50,0.31003597378730774,0.28141361474990845,0.5914495885372162,0.26518163084983826,0.14336875081062317,0.0,2.9802322387695312e-08,34.43104934692383,30.358993530273438,189.72483825683594
ours_v3_corner_12k,ours_v3,"corner,gripperPOV",10045,32.0,94.5,9,0.10000000149011612,11,expert_cross,50,177,50,0.34433817863464355,0.2940000891685486,0.6383382678031921,0.3183055818080902,0.04335614666342735,0.0,3.725290298461914e-09,34.43104934692383,30.358993530273438,189.72483825683594
ours_v4_corner_12k,ours_v4,"corner,gripperPOV",10045,34.5,95.0,0,1.0,3,expert_cross,50,177,50,0.3114722669124603,0.23652006685733795,0.5479923337697983,0.15214107930660248,0.29986658692359924,0.0,0.0,39.967288970947266,22.707786560058594,189.7303466796875
ours_v4_corner_12k,ours_v4,"corner,gripperPOV",10045,34.5,95.0,0,1.0,7,expert_cross,50,177,50,0.3002335727214813,0.27214306592941284,0.5723766386508942,0.23269648849964142,0.19492685794830322,0.0,1.4901161193847656e-08,39.967288970947266,22.707786560058594,189.7303466796875
ours_v4_corner_12k,ours_v4,"corner,gripperPOV",10045,34.5,95.0,0,1.0,11,expert_cross,50,177,50,0.332991361618042,0.24846738576889038,0.5814587473869324,0.3749825060367584,0.043558720499277115,0.0,2.60770320892334e-08,39.967288970947266,22.707786560058594,189.7303466796875
ours_v4_corner_12k,ours_v4,"corner,gripperPOV",10045,34.5,95.0,1,0.8999999761581421,3,expert_cross,50,177,50,0.3106394112110138,0.2371601164340973,0.5477995276451111,0.1528463512659073,0.2993541359901428,0.0,0.0,39.085514068603516,22.54802703857422,189.73919677734375
ours_v4_corner_12k,ours_v4,"corner,gripperPOV",10045,34.5,95.0,1,0.8999999761581421,7,expert_cross,50,177,50,0.2988235354423523,0.270320326089859,0.5691438615322113,0.23438405990600586,0.19647210836410522,0.0,0.0,39.085514068603516,22.54802703857422,189.73919677734375
ours_v4_corner_12k,ours_v4,"corner,gripperPOV",10045,34.5,95.0,1,0.8999999761581421,11,expert_cross,50,177,50,0.33232274651527405,0.24464990198612213,0.5769726485013962,0.37968286871910095,0.043344445526599884,0.0,3.725290298461914e-08,39.085514068603516,22.54802703857422,189.73919677734375
ours_v4_corner_12k,ours_v4,"corner,gripperPOV",10045,34.5,95.0,2,0.800000011920929,3,expert_cross,50,177,50,0.3106588125228882,0.2370569407939911,0.5477157533168793,0.1532268226146698,0.2990574240684509,0.0,0.0,38.33699417114258,22.645519256591797,189.74545288085938
ours_v4_corner_12k,ours_v4,"corner,gripperPOV",10045,34.5,95.0,2,0.800000011920929,7,expert_cross,50,177,50,0.29823416471481323,0.26788949966430664,0.5661236643791199,0.23675809800624847,0.19711828231811523,0.0,0.0,38.33699417114258,22.645519256591797,189.74545288085938
ours_v4_corner_12k,ours_v4,"corner,gripperPOV",10045,34.5,95.0,2,0.800000011920929,11,expert_cross,50,177,50,0.3319847285747528,0.24430333077907562,0.5762880593538284,0.3803899884223938,0.04332193359732628,0.0,1.862645149230957e-08,38.33699417114258,22.645519256591797,189.74545288085938
ours_v4_corner_12k,ours_v4,"corner,gripperPOV",10045,34.5,95.0,3,0.699999988079071,3,expert_cross,50,177,50,0.3098010718822479,0.2375434786081314,0.5473445504903793,0.1537875384092331,0.2988678514957428,0.0,5.960464477539063e-08,37.664310455322266,22.80013084411621,189.74148559570312
ours_v4_corner_12k,ours_v4,"corner,gripperPOV",10045,34.5,95.0,3,0.699999988079071,7,expert_cross,50,177,50,0.29758724570274353,0.2648637592792511,0.5624510049819946,0.23919133841991425,0.19835764169692993,0.0,1.4901161193847656e-08,37.664310455322266,22.80013084411621,189.74148559570312
ours_v4_corner_12k,ours_v4,"corner,gripperPOV",10045,34.5,95.0,3,0.699999988079071,11,expert_cross,50,177,50,0.3325098156929016,0.24683330953121185,0.5793431252241135,0.37832409143447876,0.042332716286182404,0.0,6.705522537231445e-08,37.664310455322266,22.80013084411621,189.74148559570312
ours_v4_corner_12k,ours_v4,"corner,gripperPOV",10045,34.5,95.0,4,0.6000000238418579,3,expert_cross,50,177,50,0.30866342782974243,0.23823624849319458,0.546899676322937,0.15440301597118378,0.2986973226070404,0.0,0.0,37.07628631591797,23.11962127685547,189.75296020507812
ours_v4_corner_12k,ours_v4,"corner,gripperPOV",10045,34.5,95.0,4,0.6000000238418579,7,expert_cross,50,177,50,0.2960417568683624,0.2621687948703766,0.558210551738739,0.24175630509853363,0.20003315806388855,0.0,0.0,37.07628631591797,23.11962127685547,189.75296020507812
ours_v4_corner_12k,ours_v4,"corner,gripperPOV",10045,34.5,95.0,4,0.6000000238418579,11,expert_cross,50,177,50,0.331620454788208,0.2477601170539856,0.5793805718421936,0.3783940374851227,0.042225394397974014,0.0,0.0,37.07628631591797,23.11962127685547,189.75296020507812
ours_v4_corner_12k,ours_v4,"corner,gripperPOV",10045,34.5,95.0,5,0.5,3,expert_cross,50,177,50,0.30872294306755066,0.2389950305223465,0.5477179735898972,0.15452471375465393,0.2977573573589325,0.0,0.0,36.561065673828125,23.34835433959961,189.7307891845703
ours_v4_corner_12k,ours_v4,"corner,gripperPOV",10045,34.5,95.0,5,0.5,7,expert_cross,50,177,50,0.29459357261657715,0.26050275564193726,0.5550963282585144,0.24358583986759186,0.20131787657737732,0.0,0.0,36.561065673828125,23.34835433959961,189.7307891845703
ours_v4_corner_12k,ours_v4,"corner,gripperPOV",10045,34.5,95.0,5,0.5,11,expert_cross,50,177,50,0.33059000968933105,0.250361829996109,0.5809518396854401,0.3771694600582123,0.04187864810228348,0.0,5.21540641784668e-08,36.561065673828125,23.34835433959961,189.7307891845703
ours_v4_corner_12k,ours_v4,"corner,gripperPOV",10045,34.5,95.0,6,0.4000000059604645,3,expert_cross,50,177,50,0.30765631794929504,0.24021147191524506,0.5478677898645401,0.15607813000679016,0.29605409502983093,0.0,0.0,36.11189270019531,23.771751403808594,189.7433319091797
ours_v4_corner_12k,ours_v4,"corner,gripperPOV",10045,34.5,95.0,6,0.4000000059604645,7,expert_cross,50,177,50,0.2938597798347473,0.2592284083366394,0.5530881881713867,0.24572259187698364,0.20118926465511322,0.0,0.0,36.11189270019531,23.771751403808594,189.7433319091797
ours_v4_corner_12k,ours_v4,"corner,gripperPOV",10045,34.5,95.0,6,0.4000000059604645,11,expert_cross,50,177,50,0.3311116397380829,0.2556970715522766,0.5868087112903595,0.3729645907878876,0.04022667929530144,0.0,1.862645149230957e-08,36.11189270019531,23.771751403808594,189.7433319091797
ours_v4_corner_12k,ours_v4,"corner,gripperPOV",10045,34.5,95.0,7,0.30000001192092896,3,expert_cross,50,177,50,0.30770546197891235,0.24194718897342682,0.5496526509523392,0.15913425385951996,0.2912130653858185,0.0,2.9802322387695312e-08,35.71308517456055,24.530536651611328,189.7313690185547
ours_v4_corner_12k,ours_v4,"corner,gripperPOV",10045,34.5,95.0,7,0.30000001192092896,7,expert_cross,50,177,50,0.29077497124671936,0.2564932107925415,0.5472681820392609,0.2505008578300476,0.20223091542720795,0.0,4.470348358154297e-08,35.71308517456055,24.530536651611328,189.7313690185547
ours_v4_corner_12k,ours_v4,"corner,gripperPOV",10045,34.5,95.0,7,0.30000001192092896,11,expert_cross,50,177,50,0.3304359018802643,0.2632778584957123,0.5937137603759766,0.3668202757835388,0.03946603089570999,0.0,0.0,35.71308517456055,24.530536651611328,189.7313690185547
ours_v4_corner_12k,ours_v4,"corner,gripperPOV",10045,34.5,95.0,8,0.20000000298023224,3,expert_cross,50,177,50,0.30787238478660583,0.24491643905639648,0.5527888238430023,0.16424982249736786,0.28296133875846863,0.0,1.4901161193847656e-08,35.32281494140625,25.849332809448242,189.7361297607422
ours_v4_corner_12k,ours_v4,"corner,gripperPOV",10045,34.5,95.0,8,0.20000000298023224,7,expert_cross,50,177,50,0.2876875102519989,0.2524532079696655,0.5401407182216644,0.25746119022369385,0.2023981362581253,0.0,0.0,35.32281494140625,25.849332809448242,189.7361297607422
ours_v4_corner_12k,ours_v4,"corner,gripperPOV",10045,34.5,95.0,8,0.20000000298023224,11,expert_cross,50,177,50,0.33094754815101624,0.2759173512458801,0.6068648993968964,0.35562801361083984,0.03750714287161827,0.0,0.0,35.32281494140625,25.849332809448242,189.7361297607422
ours_v4_corner_12k,ours_v4,"corner,gripperPOV",10045,34.5,95.0,9,0.10000000149011612,3,expert_cross,50,177,50,0.3105826675891876,0.2517237067222595,0.5623063743114471,0.1745302975177765,0.26316335797309875,0.0,0.0,34.82176971435547,29.645566940307617,189.7333221435547
ours_v4_corner_12k,ours_v4,"corner,gripperPOV",10045,34.5,95.0,9,0.10000000149011612,7,expert_cross,50,177,50,0.2813820242881775,0.2471296787261963,0.5285117030143738,0.2740423083305359,0.19744595885276794,0.0,2.9802322387695312e-08,34.82176971435547,29.645566940307617,189.7333221435547
ours_v4_corner_12k,ours_v4,"corner,gripperPOV",10045,34.5,95.0,9,0.10000000149011612,11,expert_cross,50,177,50,0.33105435967445374,0.2919975519180298,0.6230519115924835,0.341952919960022,0.034995127469301224,0.0,4.0978193283081055e-08,34.82176971435547,29.645566940307617,189.7333221435547
random_corner_12k,random,"corner,gripperPOV",10045,32.0,94.5,0,1.0,3,expert_cross,50,177,50,0.2749771177768707,0.284824937582016,0.5598020553588867,0.1370423138141632,0.3031556308269501,0.0,0.0,39.967288970947266,21.793230056762695,189.73931884765625
random_corner_12k,random,"corner,gripperPOV",10045,32.0,94.5,0,1.0,7,expert_cross,50,177,50,0.28232482075691223,0.2983054518699646,0.5806302726268768,0.22681115567684174,0.19255855679512024,0.0,1.4901161193847656e-08,39.967288970947266,21.793230056762695,189.73931884765625
random_corner_12k,random,"corner,gripperPOV",10045,32.0,94.5,0,1.0,11,expert_cross,50,177,50,0.31486964225769043,0.24168823659420013,0.5565578788518906,0.39264482259750366,0.05079726502299309,0.0,3.3527612686157227e-08,39.967288970947266,21.793230056762695,189.73931884765625
random_corner_12k,random,"corner,gripperPOV",10045,32.0,94.5,1,0.8999999761581421,3,expert_cross,50,177,50,0.27498602867126465,0.2839338183403015,0.5589198470115662,0.13719183206558228,0.3038882911205292,0.0,2.9802322387695312e-08,39.20469665527344,21.724437713623047,189.73883056640625
random_corner_12k,random,"corner,gripperPOV",10045,32.0,94.5,1,0.8999999761581421,7,expert_cross,50,177,50,0.2817906141281128,0.2950764298439026,0.5768670439720154,0.22926925122737885,0.1938636749982834,0.0,2.9802322387695312e-08,39.20469665527344,21.724437713623047,189.73883056640625
random_corner_12k,random,"corner,gripperPOV",10045,32.0,94.5,1,0.8999999761581421,11,expert_cross,50,177,50,0.3142548203468323,0.23937958478927612,0.5536344051361084,0.39569950103759766,0.05066610127687454,0.0,0.0,39.20469665527344,21.724437713623047,189.73883056640625
random_corner_12k,random,"corner,gripperPOV",10045,32.0,94.5,2,0.800000011920929,3,expert_cross,50,177,50,0.274922251701355,0.2830237150192261,0.557945966720581,0.13753649592399597,0.3045175075531006,0.0,2.9802322387695312e-08,38.5544319152832,21.826614379882812,189.734619140625
random_corner_12k,random,"corner,gripperPOV",10045,32.0,94.5,2,0.800000011920929,7,expert_cross,50,177,50,0.2819729745388031,0.29335033893585205,0.5753233134746552,0.22985439002513885,0.1948222666978836,0.0,2.9802322387695312e-08,38.5544319152832,21.826614379882812,189.734619140625
random_corner_12k,random,"corner,gripperPOV",10045,32.0,94.5,2,0.800000011920929,11,expert_cross,50,177,50,0.3141043782234192,0.2387361228466034,0.5528405010700226,0.39630022644996643,0.05085934326052666,0.0,0.0,38.5544319152832,21.826614379882812,189.734619140625
random_corner_12k,random,"corner,gripperPOV",10045,32.0,94.5,3,0.699999988079071,3,expert_cross,50,177,50,0.27478188276290894,0.28192827105522156,0.5567101538181305,0.13832969963550568,0.30496013164520264,0.0,1.4901161193847656e-08,37.990230560302734,21.916521072387695,189.7324981689453
random_corner_12k,random,"corner,gripperPOV",10045,32.0,94.5,3,0.699999988079071,7,expert_cross,50,177,50,0.28144678473472595,0.29144418239593506,0.572890967130661,0.23253905773162842,0.19456994533538818,0.0,2.9802322387695312e-08,37.990230560302734,21.916521072387695,189.7324981689453
random_corner_12k,random,"corner,gripperPOV",10045,32.0,94.5,3,0.699999988079071,11,expert_cross,50,177,50,0.31462469696998596,0.2394147366285324,0.5540394335985184,0.395907998085022,0.05005254969000816,0.0,1.862645149230957e-08,37.990230560302734,21.916521072387695,189.7324981689453
random_corner_12k,random,"corner,gripperPOV",10045,32.0,94.5,4,0.6000000238418579,3,expert_cross,50,177,50,0.27502933144569397,0.2812454402446747,0.5562747716903687,0.13862580060958862,0.3050994575023651,0.0,0.0,37.508270263671875,22.220008850097656,189.7225799560547
random_corner_12k,random,"corner,gripperPOV",10045,32.0,94.5,4,0.6000000238418579,7,expert_cross,50,177,50,0.2806633412837982,0.28895995020866394,0.5696232914924622,0.23554478585720062,0.19483192265033722,0.0,0.0,37.508270263671875,22.220008850097656,189.7225799560547
random_corner_12k,random,"corner,gripperPOV",10045,32.0,94.5,4,0.6000000238418579,11,expert_cross,50,177,50,0.3156144320964813,0.2413206398487091,0.5569350719451904,0.39335066080093384,0.04971424490213394,0.0,2.2351741790771484e-08,37.508270263671875,22.220008850097656,189.7225799560547
random_corner_12k,random,"corner,gripperPOV",10045,32.0,94.5,5,0.5,3,expert_cross,50,177,50,0.2759961783885956,0.27996745705604553,0.5559636354446411,0.13876721262931824,0.3052690923213959,0.0,5.960464477539063e-08,37.104591369628906,22.423131942749023,189.73641967773438
random_corner_12k,random,"corner,gripperPOV",10045,32.0,94.5,5,0.5,7,expert_cross,50,177,50,0.2806906998157501,0.2872142195701599,0.56790491938591,0.23742972314357758,0.1946653425693512,0.0,1.4901161193847656e-08,37.104591369628906,22.423131942749023,189.73641967773438
random_corner_12k,random,"corner,gripperPOV",10045,32.0,94.5,5,0.5,11,expert_cross,50,177,50,0.3162256181240082,0.24341976642608643,0.5596453845500946,0.39177167415618896,0.048582907766103745,0.0,3.3527612686157227e-08,37.104591369628906,22.423131942749023,189.73641967773438
random_corner_12k,random,"corner,gripperPOV",10045,32.0,94.5,6,0.4000000059604645,3,expert_cross,50,177,50,0.27758267521858215,0.2795626223087311,0.5571452975273132,0.13999854028224945,0.3028561472892761,0.0,1.4901161193847656e-08,36.77164077758789,22.945154190063477,189.7318878173828
random_corner_12k,random,"corner,gripperPOV",10045,32.0,94.5,6,0.4000000059604645,7,expert_cross,50,177,50,0.27987971901893616,0.2863079011440277,0.5661876201629639,0.2406603991985321,0.1931520253419876,0.0,0.0,36.77164077758789,22.945154190063477,189.7318878173828
random_corner_12k,random,"corner,gripperPOV",10045,32.0,94.5,6,0.4000000059604645,11,expert_cross,50,177,50,0.3192960023880005,0.24885119497776031,0.5681471973657608,0.38506922125816345,0.04678356274962425,0.0,1.862645149230957e-08,36.77164077758789,22.945154190063477,189.7318878173828
random_corner_12k,random,"corner,gripperPOV",10045,32.0,94.5,7,0.30000001192092896,3,expert_cross,50,177,50,0.28009527921676636,0.2795659899711609,0.5596612691879272,0.14260989427566528,0.29772883653640747,0.0,0.0,36.50682830810547,23.53609275817871,189.7402801513672
random_corner_12k,random,"corner,gripperPOV",10045,32.0,94.5,7,0.30000001192092896,7,expert_cross,50,177,50,0.2795867621898651,0.2844929099082947,0.5640796720981598,0.24520042538642883,0.19071993231773376,0.0,0.0,36.50682830810547,23.53609275817871,189.7402801513672
random_corner_12k,random,"corner,gripperPOV",10045,32.0,94.5,7,0.30000001192092896,11,expert_cross,50,177,50,0.3235514163970947,0.25799837708473206,0.5815497934818268,0.37434208393096924,0.04410816356539726,0.0,0.0,36.50682830810547,23.53609275817871,189.7402801513672
random_corner_12k,random,"corner,gripperPOV",10045,32.0,94.5,8,0.20000000298023224,3,expert_cross,50,177,50,0.2833307385444641,0.2810884416103363,0.5644191801548004,0.1479315608739853,0.2876492440700531,0.0,1.4901161193847656e-08,36.2694091796875,24.593036651611328,189.74423217773438
random_corner_12k,random,"corner,gripperPOV",10045,32.0,94.5,8,0.20000000298023224,7,expert_cross,50,177,50,0.28004190325737,0.2835128903388977,0.5635547935962677,0.250608891248703,0.18583638966083527,0.0,0.0,36.2694091796875,24.593036651611328,189.74423217773438
random_corner_12k,random,"corner,gripperPOV",10045,32.0,94.5,8,0.20000000298023224,11,expert_cross,50,177,50,0.32796308398246765,0.2702741026878357,0.5982371866703033,0.3603883385658264,0.041374459862709045,0.0,1.4901161193847656e-08,36.2694091796875,24.593036651611328,189.74423217773438
random_corner_12k,random,"corner,gripperPOV",10045,32.0,94.5,9,0.10000000149011612,3,expert_cross,50,177,50,0.2933456599712372,0.28327566385269165,0.5766213238239288,0.15819565951824188,0.26518306136131287,0.0,0.0,35.99513244628906,27.235105514526367,189.73240661621094
random_corner_12k,random,"corner,gripperPOV",10045,32.0,94.5,9,0.10000000149011612,7,expert_cross,50,177,50,0.2823680341243744,0.2802586555480957,0.5626266896724701,0.26381540298461914,0.17355793714523315,0.0,0.0,35.99513244628906,27.235105514526367,189.73240661621094
random_corner_12k,random,"corner,gripperPOV",10045,32.0,94.5,9,0.10000000149011612,11,expert_cross,50,177,50,0.3361358940601349,0.2882748544216156,0.6244107484817505,0.3387329876422882,0.036856334656476974,0.0,0.0,35.99513244628906,27.235105514526367,189.73240661621094
uniform_corner_12k,uniform,"corner,gripperPOV",10045,28.2,92.5,0,1.0,3,expert_cross,50,177,50,0.3214121162891388,0.2597592771053314,0.5811713933944702,0.10949461162090302,0.30933400988578796,0.0,0.0,39.967288970947266,20.824005126953125,189.74057006835938
uniform_corner_12k,uniform,"corner,gripperPOV",10045,28.2,92.5,0,1.0,7,expert_cross,50,177,50,0.32940784096717834,0.21461161971092224,0.5440194606781006,0.2876858711242676,0.16829463839530945,0.0,2.9802322387695312e-08,39.967288970947266,20.824005126953125,189.74057006835938
uniform_corner_12k,uniform,"corner,gripperPOV",10045,28.2,92.5,0,1.0,11,expert_cross,50,177,50,0.3256984353065491,0.28970396518707275,0.6154024004936218,0.3453640937805176,0.039233457297086716,0.0,4.842877388000488e-08,39.967288970947266,20.824005126953125,189.74057006835938
uniform_corner_12k,uniform,"corner,gripperPOV",10045,28.2,92.5,1,0.8999999761581421,3,expert_cross,50,177,50,0.320537805557251,0.2597041726112366,0.5802419781684875,0.11002754420042038,0.30973049998283386,0.0,0.0,39.20075607299805,20.768239974975586,189.73321533203125
uniform_corner_12k,uniform,"corner,gripperPOV",10045,28.2,92.5,1,0.8999999761581421,7,expert_cross,50,177,50,0.3259808123111725,0.21266809105873108,0.5386489033699036,0.2911083400249481,0.17024274170398712,0.0,1.4901161193847656e-08,39.20075607299805,20.768239974975586,189.73321533203125
uniform_corner_12k,uniform,"corner,gripperPOV",10045,28.2,92.5,1,0.8999999761581421,11,expert_cross,50,177,50,0.32500070333480835,0.2867726683616638,0.6117733716964722,0.3493393659591675,0.03888726979494095,0.0,0.0,39.20075607299805,20.768239974975586,189.73321533203125
uniform_corner_12k,uniform,"corner,gripperPOV",10045,28.2,92.5,2,0.800000011920929,3,expert_cross,50,177,50,0.31927230954170227,0.2590622305870056,0.5783345401287079,0.11067201942205429,0.3109934628009796,0.0,0.0,38.54595947265625,20.87595558166504,189.738037109375
uniform_corner_12k,uniform,"corner,gripperPOV",10045,28.2,92.5,2,0.800000011920929,7,expert_cross,50,177,50,0.32399097084999084,0.20955657958984375,0.5335475504398346,0.2947543263435364,0.17169813811779022,0.0,0.0,38.54595947265625,20.87595558166504,189.738037109375
uniform_corner_12k,uniform,"corner,gripperPOV",10045,28.2,92.5,2,0.800000011920929,11,expert_cross,50,177,50,0.324770450592041,0.28748998045921326,0.6122604310512543,0.349305659532547,0.03843394294381142,0.0,0.0,38.54595947265625,20.87595558166504,189.738037109375
uniform_corner_12k,uniform,"corner,gripperPOV",10045,28.2,92.5,3,0.699999988079071,3,expert_cross,50,177,50,0.31858712434768677,0.2593647837638855,0.5779519081115723,0.11119602620601654,0.31085205078125,0.0,1.4901161193847656e-08,37.96042251586914,21.043386459350586,189.7325439453125
uniform_corner_12k,uniform,"corner,gripperPOV",10045,28.2,92.5,3,0.699999988079071,7,expert_cross,50,177,50,0.32398560643196106,0.20784488320350647,0.5318304896354675,0.2979920208454132,0.17017744481563568,0.0,4.470348358154297e-08,37.96042251586914,21.043386459350586,189.7325439453125
uniform_corner_12k,uniform,"corner,gripperPOV",10045,28.2,92.5,3,0.699999988079071,11,expert_cross,50,177,50,0.32374638319015503,0.2888524532318115,0.6125988364219666,0.34908056259155273,0.03832055628299713,0.0,4.470348358154297e-08,37.96042251586914,21.043386459350586,189.7325439453125
uniform_corner_12k,uniform,"corner,gripperPOV",10045,28.2,92.5,4,0.6000000238418579,3,expert_cross,50,177,50,0.3166889548301697,0.2599293887615204,0.5766183435916901,0.1124967411160469,0.31088486313819885,0.0,5.21540641784668e-08,37.4383659362793,21.288036346435547,189.74072265625
uniform_corner_12k,uniform,"corner,gripperPOV",10045,28.2,92.5,4,0.6000000238418579,7,expert_cross,50,177,50,0.3241347372531891,0.20461666584014893,0.528751403093338,0.299733430147171,0.17151518166065216,0.0,0.0,37.4383659362793,21.288036346435547,189.74072265625
uniform_corner_12k,uniform,"corner,gripperPOV",10045,28.2,92.5,4,0.6000000238418579,11,expert_cross,50,177,50,0.32403406500816345,0.2901087701320648,0.6141428351402283,0.34758561849594116,0.03827158361673355,0.0,0.0,37.4383659362793,21.288036346435547,189.74072265625
uniform_corner_12k,uniform,"corner,gripperPOV",10045,28.2,92.5,5,0.5,3,expert_cross,50,177,50,0.3158476650714874,0.26054662466049194,0.5763942897319794,0.11408509314060211,0.3095206022262573,0.0,1.4901161193847656e-08,36.99067687988281,21.612817764282227,189.74160766601562
uniform_corner_12k,uniform,"corner,gripperPOV",10045,28.2,92.5,5,0.5,7,expert_cross,50,177,50,0.32309436798095703,0.20404526591300964,0.5271396338939667,0.3028661012649536,0.16999423503875732,0.0,2.9802322387695312e-08,36.99067687988281,21.612817764282227,189.74160766601562
uniform_corner_12k,uniform,"corner,gripperPOV",10045,28.2,92.5,5,0.5,11,expert_cross,50,177,50,0.32392823696136475,0.2920667231082916,0.6159949600696564,0.34551265835762024,0.03849240392446518,0.0,0.0,36.99067687988281,21.612817764282227,189.74160766601562
uniform_corner_12k,uniform,"corner,gripperPOV",10045,28.2,92.5,6,0.4000000059604645,3,expert_cross,50,177,50,0.3143051862716675,0.2623350918292999,0.5766402781009674,0.11694116145372391,0.3064185380935669,0.0,2.2351741790771484e-08,36.607025146484375,22.280447006225586,189.73831176757812
uniform_corner_12k,uniform,"corner,gripperPOV",10045,28.2,92.5,6,0.4000000059604645,7,expert_cross,50,177,50,0.32181239128112793,0.2039669007062912,0.5257792919874191,0.30586767196655273,0.16835302114486694,0.0,1.4901161193847656e-08,36.607025146484375,22.280447006225586,189.73831176757812
uniform_corner_12k,uniform,"corner,gripperPOV",10045,28.2,92.5,6,0.4000000059604645,11,expert_cross,50,177,50,0.3241141140460968,0.2968490421772003,0.6209631562232971,0.3408606946468353,0.03817616030573845,0.0,0.0,36.607025146484375,22.280447006225586,189.73831176757812
uniform_corner_12k,uniform,"corner,gripperPOV",10045,28.2,92.5,7,0.30000001192092896,3,expert_cross,50,177,50,0.31483161449432373,0.2646195590496063,0.57945117354393,0.12026776373386383,0.30028101801872253,0.0,4.470348358154297e-08,36.27860641479492,23.133621215820312,189.73138427734375
uniform_corner_12k,uniform,"corner,gripperPOV",10045,28.2,92.5,7,0.30000001192092896,7,expert_cross,50,177,50,0.32087981700897217,0.20389731228351593,0.5247771292924881,0.3097659647464752,0.16545690596103668,0.0,0.0,36.27860641479492,23.133621215820312,189.73138427734375
uniform_corner_12k,uniform,"corner,gripperPOV",10045,28.2,92.5,7,0.30000001192092896,11,expert_cross,50,177,50,0.3250889182090759,0.3018474578857422,0.6269363760948181,0.3355858623981476,0.037477757781744,0.0,3.725290298461914e-09,36.27860641479492,23.133621215820312,189.73138427734375
uniform_corner_12k,uniform,"corner,gripperPOV",10045,28.2,92.5,8,0.20000000298023224,3,expert_cross,50,177,50,0.3144489526748657,0.2692753076553345,0.5837242603302002,0.1285119205713272,0.2877638041973114,0.0,1.4901161193847656e-08,35.97773742675781,24.56061363220215,189.73568725585938
uniform_corner_12k,uniform,"corner,gripperPOV",10045,28.2,92.5,8,0.20000000298023224,7,expert_cross,50,177,50,0.31953391432762146,0.20871493220329285,0.5282488465309143,0.31163525581359863,0.16011591255664825,0.0,0.0,35.97773742675781,24.56061363220215,189.73568725585938
uniform_corner_12k,uniform,"corner,gripperPOV",10045,28.2,92.5,8,0.20000000298023224,11,expert_cross,50,177,50,0.3267349600791931,0.3117821514606476,0.6385171115398407,0.3254985809326172,0.03598431870341301,0.0,0.0,35.97773742675781,24.56061363220215,189.73568725585938
uniform_corner_12k,uniform,"corner,gripperPOV",10045,28.2,92.5,9,0.10000000149011612,3,expert_cross,50,177,50,0.31927841901779175,0.27813392877578735,0.5974123477935791,0.14394062757492065,0.25864705443382263,0.0,0.0,35.63633346557617,27.07042694091797,189.7371826171875
uniform_corner_12k,uniform,"corner,gripperPOV",10045,28.2,92.5,9,0.10000000149011612,7,expert_cross,50,177,50,0.3089573085308075,0.2165764719247818,0.5255337804555893,0.32115522027015686,0.15331096947193146,0.0,2.9802322387695312e-08,35.63633346557617,27.07042694091797,189.7371826171875
uniform_corner_12k,uniform,"corner,gripperPOV",10045,28.2,92.5,9,0.10000000149011612,11,expert_cross,50,177,50,0.3325069844722748,0.3269718289375305,0.6594788134098053,0.3073153495788574,0.03320585563778877,0.0,0.0,35.63633346557617,27.07042694091797,189.7371826171875
zero_corner_12k,zero,"corner,gripperPOV",10045,32.0,95.0,0,1.0,3,expert_cross,50,177,50,0.2606818974018097,0.24870730936527252,0.5093892067670822,0.15634267032146454,0.33426812291145325,0.0,0.0,39.967288970947266,22.045583724975586,189.7340545654297
zero_corner_12k,zero,"corner,gripperPOV",10045,32.0,95.0,0,1.0,7,expert_cross,50,177,50,0.293759822845459,0.2803407907485962,0.5741006135940552,0.200002521276474,0.2258968949317932,0.0,0.0,39.967288970947266,22.045583724975586,189.7340545654297
zero_corner_12k,zero,"corner,gripperPOV",10045,32.0,95.0,0,1.0,11,expert_cross,50,177,50,0.26376932859420776,0.22506429255008698,0.48883362114429474,0.4430820345878601,0.06808436661958694,0.0,0.0,39.967288970947266,22.045583724975586,189.7340545654297
zero_corner_12k,zero,"corner,gripperPOV",10045,32.0,95.0,1,0.8999999761581421,3,expert_cross,50,177,50,0.25913184881210327,0.24834348261356354,0.5074753314256668,0.15835988521575928,0.3341648280620575,0.0,0.0,39.12297058105469,21.99814796447754,189.73622131347656
zero_corner_12k,zero,"corner,gripperPOV",10045,32.0,95.0,1,0.8999999761581421,7,expert_cross,50,177,50,0.2939612567424774,0.27783501148223877,0.5717962682247162,0.20087894797325134,0.22732481360435486,0.0,0.0,39.12297058105469,21.99814796447754,189.73622131347656
zero_corner_12k,zero,"corner,gripperPOV",10045,32.0,95.0,1,0.8999999761581421,11,expert_cross,50,177,50,0.2618246376514435,0.22291626036167145,0.48474089801311493,0.446432888507843,0.06882613897323608,0.0,7.450580596923828e-08,39.12297058105469,21.99814796447754,189.73622131347656
zero_corner_12k,zero,"corner,gripperPOV",10045,32.0,95.0,2,0.800000011920929,3,expert_cross,50,177,50,0.2592201828956604,0.24698425829410553,0.5062044411897659,0.15982811152935028,0.3339674770832062,0.0,0.0,38.399986267089844,22.11273765563965,189.73477172851562
zero_corner_12k,zero,"corner,gripperPOV",10045,32.0,95.0,2,0.800000011920929,7,expert_cross,50,177,50,0.29328614473342896,0.27630969882011414,0.5695958435535431,0.2028689980506897,0.2275351583957672,0.0,0.0,38.399986267089844,22.11273765563965,189.73477172851562
zero_corner_12k,zero,"corner,gripperPOV",10045,32.0,95.0,2,0.800000011920929,11,expert_cross,50,177,50,0.2617427408695221,0.22432926297187805,0.48607200384140015,0.44517672061920166,0.06875128298997879,0.0,0.0,38.399986267089844,22.11273765563965,189.73477172851562
zero_corner_12k,zero,"corner,gripperPOV",10045,32.0,95.0,3,0.699999988079071,3,expert_cross,50,177,50,0.25810813903808594,0.2462986707687378,0.5044068098068237,0.16221913695335388,0.3333740234375,0.0,2.9802322387695312e-08,37.75254440307617,22.420799255371094,189.7393341064453
zero_corner_12k,zero,"corner,gripperPOV",10045,32.0,95.0,3,0.699999988079071,7,expert_cross,50,177,50,0.294880747795105,0.27441391348838806,0.569294661283493,0.20436039566993713,0.22634492814540863,0.0,1.4901161193847656e-08,37.75254440307617,22.420799255371094,189.7393341064453
zero_corner_12k,zero,"corner,gripperPOV",10045,32.0,95.0,3,0.699999988079071,11,expert_cross,50,177,50,0.26056867837905884,0.2256048172712326,0.48617349565029144,0.4457191228866577,0.06810738146305084,0.0,0.0,37.75254440307617,22.420799255371094,189.7393341064453
zero_corner_12k,zero,"corner,gripperPOV",10045,32.0,95.0,4,0.6000000238418579,3,expert_cross,50,177,50,0.25968796014785767,0.24548549950122833,0.505173459649086,0.16349057853221893,0.33133599162101746,0.0,0.0,37.180606842041016,22.7667236328125,189.73414611816406
zero_corner_12k,zero,"corner,gripperPOV",10045,32.0,95.0,4,0.6000000238418579,7,expert_cross,50,177,50,0.29575055837631226,0.27181851863861084,0.5675690770149231,0.2061588168144226,0.2262720912694931,0.0,1.4901161193847656e-08,37.180606842041016,22.7667236328125,189.73414611816406
zero_corner_12k,zero,"corner,gripperPOV",10045,32.0,95.0,4,0.6000000238418579,11,expert_cross,50,177,50,0.260157972574234,0.22789256274700165,0.48805053532123566,0.4440041184425354,0.06794536858797073,0.0,0.0,37.180606842041016,22.7667236328125,189.73414611816406
zero_corner_12k,zero,"corner,gripperPOV",10045,32.0,95.0,5,0.5,3,expert_cross,50,177,50,0.2602986991405487,0.24524946510791779,0.5055481642484665,0.16596373915672302,0.3284880816936493,0.0,1.4901161193847656e-08,36.68678283691406,23.16222381591797,189.72882080078125
zero_corner_12k,zero,"corner,gripperPOV",10045,32.0,95.0,5,0.5,7,expert_cross,50,177,50,0.29764848947525024,0.2703173756599426,0.5679658651351929,0.20689497888088226,0.22513915598392487,0.0,0.0,36.68678283691406,23.16222381591797,189.72882080078125
zero_corner_12k,zero,"corner,gripperPOV",10045,32.0,95.0,5,0.5,11,expert_cross,50,177,50,0.26073741912841797,0.23181530833244324,0.4925527274608612,0.441051185131073,0.06639616191387177,0.0,0.0,36.68678283691406,23.16222381591797,189.72882080078125
zero_corner_12k,zero,"corner,gripperPOV",10045,32.0,95.0,6,0.4000000059604645,3,expert_cross,50,177,50,0.26114705204963684,0.2462141364812851,0.5073611885309219,0.16860660910606384,0.3240322172641754,0.0,0.0,36.25807571411133,23.763830184936523,189.7423095703125
zero_corner_12k,zero,"corner,gripperPOV",10045,32.0,95.0,6,0.4000000059604645,7,expert_cross,50,177,50,0.2995900511741638,0.26958566904067993,0.5691757202148438,0.20957686007022858,0.22124744951725006,0.0,0.0,36.25807571411133,23.763830184936523,189.7423095703125
zero_corner_12k,zero,"corner,gripperPOV",10045,32.0,95.0,6,0.4000000059604645,11,expert_cross,50,177,50,0.26262909173965454,0.23844654858112335,0.5010756403207779,0.43500858545303345,0.06391574442386627,0.0,2.9802322387695312e-08,36.25807571411133,23.763830184936523,189.7423095703125
zero_corner_12k,zero,"corner,gripperPOV",10045,32.0,95.0,7,0.30000001192092896,3,expert_cross,50,177,50,0.2626829147338867,0.24721695482730865,0.5098998695611954,0.1728537231683731,0.3172464072704315,0.0,0.0,35.88182067871094,24.57809066772461,189.74002075195312
zero_corner_12k,zero,"corner,gripperPOV",10045,32.0,95.0,7,0.30000001192092896,7,expert_cross,50,177,50,0.30250656604766846,0.2670585811138153,0.5695651471614838,0.21460789442062378,0.21582689881324768,0.0,5.960464477539063e-08,35.88182067871094,24.57809066772461,189.74002075195312
zero_corner_12k,zero,"corner,gripperPOV",10045,32.0,95.0,7,0.30000001192092896,11,expert_cross,50,177,50,0.2654932737350464,0.2452961802482605,0.5107894539833069,0.42827075719833374,0.060939814895391464,0.0,0.0,35.88182067871094,24.57809066772461,189.74002075195312
zero_corner_12k,zero,"corner,gripperPOV",10045,32.0,95.0,8,0.20000000298023224,3,expert_cross,50,177,50,0.26549217104911804,0.25090518593788147,0.5163973569869995,0.17957323789596558,0.3040294051170349,0.0,0.0,35.50684356689453,25.98402214050293,189.7448272705078
zero_corner_12k,zero,"corner,gripperPOV",10045,32.0,95.0,8,0.20000000298023224,7,expert_cross,50,177,50,0.3042443096637726,0.2652427852153778,0.5694870948791504,0.2219354808330536,0.20857740938663483,0.0,1.4901161193847656e-08,35.50684356689453,25.98402214050293,189.7448272705078
zero_corner_12k,zero,"corner,gripperPOV",10045,32.0,95.0,8,0.20000000298023224,11,expert_cross,50,177,50,0.2685237526893616,0.25671422481536865,0.5252379775047302,0.41787025332450867,0.0568917840719223,0.0,0.0,35.50684356689453,25.98402214050293,189.7448272705078
zero_corner_12k,zero,"corner,gripperPOV",10045,32.0,95.0,9,0.10000000149011612,3,expert_cross,50,177,50,0.2741038501262665,0.2599765360355377,0.5340803861618042,0.19142761826515198,0.2744920253753662,0.0,0.0,35.03878402709961,30.279443740844727,189.7387237548828
zero_corner_12k,zero,"corner,gripperPOV",10045,32.0,95.0,9,0.10000000149011612,7,expert_cross,50,177,50,0.30252906680107117,0.2632372975349426,0.5657663643360138,0.23781158030033112,0.19642208516597748,0.0,0.0,35.03878402709961,30.279443740844727,189.7387237548828
zero_corner_12k,zero,"corner,gripperPOV",10045,32.0,95.0,9,0.10000000149011612,11,expert_cross,50,177,50,0.27763330936431885,0.2751231789588928,0.5527564883232117,0.398014634847641,0.04922887310385704,0.0,3.725290298461914e-09,35.03878402709961,30.279443740844727,189.7387237548828
ours_v1_corner_12k,ours_v1,"corner,gripperPOV",10046,20.0,90.0,0,1.0,3,expert_cross,50,177,50,0.335734486579895,0.2116120159626007,0.5473465025424957,0.15227848291397095,0.3003750145435333,0.0,0.0,40.10272216796875,22.769744873046875,189.72747802734375
ours_v1_corner_12k,ours_v1,"corner,gripperPOV",10046,20.0,90.0,0,1.0,7,expert_cross,50,177,50,0.30488890409469604,0.26578256487846375,0.5706714689731598,0.2712778151035309,0.1580507457256317,0.0,0.0,40.10272216796875,22.769744873046875,189.72747802734375
ours_v1_corner_12k,ours_v1,"corner,gripperPOV",10046,20.0,90.0,0,1.0,11,expert_cross,50,177,50,0.22973185777664185,0.21240848302841187,0.4421403408050537,0.4715191721916199,0.08634047210216522,0.0,1.4901161193847656e-08,40.10272216796875,22.769744873046875,189.72747802734375
ours_v1_corner_12k,ours_v1,"corner,gripperPOV",10046,20.0,90.0,1,0.8999999761581421,3,expert_cross,50,177,50,0.33397427201271057,0.21215838193893433,0.5461326539516449,0.1529606729745865,0.3009066879749298,0.0,0.0,39.31901550292969,22.61195945739746,189.73924255371094
ours_v1_corner_12k,ours_v1,"corner,gripperPOV",10046,20.0,90.0,1,0.8999999761581421,7,expert_cross,50,177,50,0.3049167990684509,0.2636881470680237,0.5686049461364746,0.272888720035553,0.1585063487291336,0.0,0.0,39.31901550292969,22.61195945739746,189.73924255371094
ours_v1_corner_12k,ours_v1,"corner,gripperPOV",10046,20.0,90.0,1,0.8999999761581421,11,expert_cross,50,177,50,0.22690115869045258,0.2096194624900818,0.43652062118053436,0.4752779006958008,0.08820146322250366,0.0,1.4901161193847656e-08,39.31901550292969,22.61195945739746,189.73924255371094
ours_v1_corner_12k,ours_v1,"corner,gripperPOV",10046,20.0,90.0,2,0.800000011920929,3,expert_cross,50,177,50,0.33176496624946594,0.2128206342458725,0.5445856004953384,0.15345606207847595,0.3019583225250244,0.0,1.4901161193847656e-08,38.663936614990234,22.713088989257812,189.73036193847656
ours_v1_corner_12k,ours_v1,"corner,gripperPOV",10046,20.0,90.0,2,0.800000011920929,7,expert_cross,50,177,50,0.30520889163017273,0.26257842779159546,0.5677873194217682,0.273971825838089,0.15824083983898163,0.0,1.4901161193847656e-08,38.663936614990234,22.713088989257812,189.73036193847656
ours_v1_corner_12k,ours_v1,"corner,gripperPOV",10046,20.0,90.0,2,0.800000011920929,11,expert_cross,50,177,50,0.22592991590499878,0.20871233940124512,0.4346422553062439,0.4762659966945648,0.08909175544977188,0.0,0.0,38.663936614990234,22.713088989257812,189.73036193847656
ours_v1_corner_12k,ours_v1,"corner,gripperPOV",10046,20.0,90.0,3,0.699999988079071,3,expert_cross,50,177,50,0.3300292193889618,0.21423746645450592,0.5442666858434677,0.15340682864189148,0.3023264706134796,0.0,1.4901161193847656e-08,38.10713195800781,22.700969696044922,189.74156188964844
ours_v1_corner_12k,ours_v1,"corner,gripperPOV",10046,20.0,90.0,3,0.699999988079071,7,expert_cross,50,177,50,0.3058452010154724,0.261132150888443,0.5669773519039154,0.27481773495674133,0.15820489823818207,0.0,1.4901161193847656e-08,38.10713195800781,22.700969696044922,189.74156188964844
ours_v1_corner_12k,ours_v1,"corner,gripperPOV",10046,20.0,90.0,3,0.699999988079071,11,expert_cross,50,177,50,0.22435081005096436,0.20884032547473907,0.43319113552570343,0.47774744033813477,0.0890614315867424,0.0,0.0,38.10713195800781,22.700969696044922,189.74156188964844
ours_v1_corner_12k,ours_v1,"corner,gripperPOV",10046,20.0,90.0,4,0.6000000238418579,3,expert_cross,50,177,50,0.32745638489723206,0.21634522080421448,0.5438016057014465,0.15333719551563263,0.30286118388175964,0.0,1.4901161193847656e-08,37.64256286621094,22.76667022705078,189.73785400390625
ours_v1_corner_12k,ours_v1,"corner,gripperPOV",10046,20.0,90.0,4,0.6000000238418579,7,expert_cross,50,177,50,0.307273805141449,0.2592720091342926,0.5665458142757416,0.2756415903568268,0.15781258046627045,0.0,1.4901161193847656e-08,37.64256286621094,22.76667022705078,189.73785400390625
ours_v1_corner_12k,ours_v1,"corner,gripperPOV",10046,20.0,90.0,4,0.6000000238418579,11,expert_cross,50,177,50,0.22236515581607819,0.20861861109733582,0.430983766913414,0.47961828112602234,0.08939795196056366,0.0,0.0,37.64256286621094,22.76667022705078,189.73785400390625
ours_v1_corner_12k,ours_v1,"corner,gripperPOV",10046,20.0,90.0,5,0.5,3,expert_cross,50,177,50,0.32497942447662354,0.21814243495464325,0.5431218594312668,0.1541157066822052,0.3027624487876892,0.0,0.0,37.27149963378906,23.02911949157715,189.74623107910156
ours_v1_corner_12k,ours_v1,"corner,gripperPOV",10046,20.0,90.0,5,0.5,7,expert_cross,50,177,50,0.30895817279815674,0.2571965456008911,0.5661547183990479,0.27709484100341797,0.15675044059753418,0.0,0.0,37.27149963378906,23.02911949157715,189.74623107910156
ours_v1_corner_12k,ours_v1,"corner,gripperPOV",10046,20.0,90.0,5,0.5,11,expert_cross,50,177,50,0.22059792280197144,0.20757180452346802,0.42816972732543945,0.48289909958839417,0.08893118053674698,0.0,0.0,37.27149963378906,23.02911949157715,189.74623107910156
ours_v1_corner_12k,ours_v1,"corner,gripperPOV",10046,20.0,90.0,6,0.4000000059604645,3,expert_cross,50,177,50,0.3222178518772125,0.2218637466430664,0.5440815985202789,0.15425361692905426,0.3016647696495056,0.0,1.4901161193847656e-08,36.98588943481445,23.274002075195312,189.73056030273438
ours_v1_corner_12k,ours_v1,"corner,gripperPOV",10046,20.0,90.0,6,0.4000000059604645,7,expert_cross,50,177,50,0.3098960518836975,0.2566467523574829,0.5665428042411804,0.2786484658718109,0.15480871498584747,0.0,1.4901161193847656e-08,36.98588943481445,23.274002075195312,189.73056030273438
ours_v1_corner_12k,ours_v1,"corner,gripperPOV",10046,20.0,90.0,6,0.4000000059604645,11,expert_cross,50,177,50,0.22016385197639465,0.20916570723056793,0.4293295592069626,0.4826941192150116,0.08797630667686462,0.0,1.4901161193847656e-08,36.98588943481445,23.274002075195312,189.73056030273438
ours_v1_corner_12k,ours_v1,"corner,gripperPOV",10046,20.0,90.0,7,0.30000001192092896,3,expert_cross,50,177,50,0.319558709859848,0.22578813135623932,0.5453468412160873,0.1547989547252655,0.29985421895980835,0.0,0.0,36.780609130859375,23.57573127746582,189.734375
ours_v1_corner_12k,ours_v1,"corner,gripperPOV",10046,20.0,90.0,7,0.30000001192092896,7,expert_cross,50,177,50,0.31270328164100647,0.25532373785972595,0.5680270195007324,0.2797963619232178,0.1521766632795334,0.0,0.0,36.780609130859375,23.57573127746582,189.734375
ours_v1_corner_12k,ours_v1,"corner,gripperPOV",10046,20.0,90.0,7,0.30000001192092896,11,expert_cross,50,177,50,0.22060734033584595,0.2119068056344986,0.43251414597034454,0.4815124571323395,0.08597344905138016,0.0,0.0,36.780609130859375,23.57573127746582,189.734375
ours_v1_corner_12k,ours_v1,"corner,gripperPOV",10046,20.0,90.0,8,0.20000000298023224,3,expert_cross,50,177,50,0.3177966773509979,0.23152227699756622,0.5493189543485641,0.1567889153957367,0.29389211535453796,0.0,1.4901161193847656e-08,36.61598205566406,24.40953826904297,189.7392578125
ours_v1_corner_12k,ours_v1,"corner,gripperPOV",10046,20.0,90.0,8,0.20000000298023224,7,expert_cross,50,177,50,0.3151489496231079,0.2557099461555481,0.570858895778656,0.281813383102417,0.14732769131660461,0.0,2.9802322387695312e-08,36.61598205566406,24.40953826904297,189.7392578125
ours_v1_corner_12k,ours_v1,"corner,gripperPOV",10046,20.0,90.0,8,0.20000000298023224,11,expert_cross,50,177,50,0.22270315885543823,0.21738283336162567,0.4400859922170639,0.4770962595939636,0.0828176960349083,0.0,5.21540641784668e-08,36.61598205566406,24.40953826904297,189.7392578125
ours_v1_corner_12k,ours_v1,"corner,gripperPOV",10046,20.0,90.0,9,0.10000000149011612,3,expert_cross,50,177,50,0.31926193833351135,0.2428540289402008,0.5621159672737122,0.16310185194015503,0.2747821807861328,0.0,0.0,36.44080352783203,26.405778884887695,189.7501678466797
ours_v1_corner_12k,ours_v1,"corner,gripperPOV",10046,20.0,90.0,9,0.10000000149011612,7,expert_cross,50,177,50,0.3166145086288452,0.2593284249305725,0.5759429335594177,0.2868945002555847,0.13716252148151398,0.0,4.470348358154297e-08,36.44080352783203,26.405778884887695,189.7501678466797
ours_v1_corner_12k,ours_v1,"corner,gripperPOV",10046,20.0,90.0,9,0.10000000149011612,11,expert_cross,50,177,50,0.23243926465511322,0.23169563710689545,0.46413490176200867,0.4606498181819916,0.07521522790193558,0.0,5.21540641784668e-08,36.44080352783203,26.405778884887695,189.7501678466797
ours_v2_corner_12k,ours_v2,"corner,gripperPOV",10046,25.5,95.5,0,1.0,3,expert_cross,50,177,50,0.2830992043018341,0.24798175692558289,0.531080961227417,0.16189269721508026,0.30702629685401917,0.0,4.470348358154297e-08,40.10272216796875,21.02725601196289,189.73707580566406
ours_v2_corner_12k,ours_v2,"corner,gripperPOV",10046,25.5,95.5,0,1.0,7,expert_cross,50,177,50,0.3015618324279785,0.267051100730896,0.5686129331588745,0.2718355059623718,0.15955159068107605,0.0,0.0,40.10272216796875,21.02725601196289,189.73707580566406
ours_v2_corner_12k,ours_v2,"corner,gripperPOV",10046,25.5,95.5,0,1.0,11,expert_cross,50,177,50,0.2062588632106781,0.2311616986989975,0.4374205619096756,0.47594577074050903,0.08663366734981537,0.0,0.0,40.10272216796875,21.02725601196289,189.73707580566406
ours_v2_corner_12k,ours_v2,"corner,gripperPOV",10046,25.5,95.5,1,0.8999999761581421,3,expert_cross,50,177,50,0.2823066711425781,0.24852417409420013,0.5308308452367783,0.1618674099445343,0.3073018193244934,0.0,0.0,39.30302810668945,20.93890380859375,189.73187255859375
ours_v2_corner_12k,ours_v2,"corner,gripperPOV",10046,25.5,95.5,1,0.8999999761581421,7,expert_cross,50,177,50,0.3019056022167206,0.26481592655181885,0.5667215287685394,0.2731415033340454,0.16013701260089874,0.0,0.0,39.30302810668945,20.93890380859375,189.73187255859375
ours_v2_corner_12k,ours_v2,"corner,gripperPOV",10046,25.5,95.5,1,0.8999999761581421,11,expert_cross,50,177,50,0.204477459192276,0.22798767685890198,0.432465136051178,0.47996529936790466,0.08756963163614273,0.0,0.0,39.30302810668945,20.93890380859375,189.73187255859375
ours_v2_corner_12k,ours_v2,"corner,gripperPOV",10046,25.5,95.5,2,0.800000011920929,3,expert_cross,50,177,50,0.2814292311668396,0.24847540259361267,0.5299046337604523,0.1622343808412552,0.30786097049713135,0.0,1.4901161193847656e-08,38.61882781982422,21.085233688354492,189.72955322265625
ours_v2_corner_12k,ours_v2,"corner,gripperPOV",10046,25.5,95.5,2,0.800000011920929,7,expert_cross,50,177,50,0.3006192445755005,0.26249960064888,0.5631188452243805,0.2759639024734497,0.160917267203331,0.0,0.0,38.61882781982422,21.085233688354492,189.72955322265625
ours_v2_corner_12k,ours_v2,"corner,gripperPOV",10046,25.5,95.5,2,0.800000011920929,11,expert_cross,50,177,50,0.2032495141029358,0.22857581079006195,0.43182532489299774,0.48151105642318726,0.08666355162858963,0.0,6.705522537231445e-08,38.61882781982422,21.085233688354492,189.72955322265625
ours_v2_corner_12k,ours_v2,"corner,gripperPOV",10046,25.5,95.5,3,0.699999988079071,3,expert_cross,50,177,50,0.2806067168712616,0.24960492551326752,0.5302116423845291,0.16236193478107452,0.30742642283439636,0.0,0.0,38.007930755615234,21.31513023376465,189.7389373779297
ours_v2_corner_12k,ours_v2,"corner,gripperPOV",10046,25.5,95.5,3,0.699999988079071,7,expert_cross,50,177,50,0.30234643816947937,0.25928229093551636,0.5616287291049957,0.2775280773639679,0.16084322333335876,0.0,0.0,38.007930755615234,21.31513023376465,189.7389373779297
ours_v2_corner_12k,ours_v2,"corner,gripperPOV",10046,25.5,95.5,3,0.699999988079071,11,expert_cross,50,177,50,0.2031109482049942,0.22944845259189606,0.43255940079689026,0.48215869069099426,0.08528192341327667,0.0,0.0,38.007930755615234,21.31513023376465,189.7389373779297
ours_v2_corner_12k,ours_v2,"corner,gripperPOV",10046,25.5,95.5,4,0.6000000238418579,3,expert_cross,50,177,50,0.2796666622161865,0.2507861256599426,0.5304527878761292,0.16291077435016632,0.30663642287254333,0.0,1.4901161193847656e-08,37.46933364868164,21.528785705566406,189.73330688476562
ours_v2_corner_12k,ours_v2,"corner,gripperPOV",10046,25.5,95.5,4,0.6000000238418579,7,expert_cross,50,177,50,0.30161252617836,0.25692740082740784,0.5585399270057678,0.2799062430858612,0.16155385971069336,0.0,0.0,37.46933364868164,21.528785705566406,189.73330688476562
ours_v2_corner_12k,ours_v2,"corner,gripperPOV",10046,25.5,95.5,4,0.6000000238418579,11,expert_cross,50,177,50,0.20233386754989624,0.23012776672840118,0.4324616342782974,0.48318561911582947,0.0843527764081955,0.0,0.0,37.46933364868164,21.528785705566406,189.73330688476562
ours_v2_corner_12k,ours_v2,"corner,gripperPOV",10046,25.5,95.5,5,0.5,3,expert_cross,50,177,50,0.2791903018951416,0.2524561285972595,0.5316464304924011,0.16264048218727112,0.30571308732032776,0.0,0.0,37.01006317138672,21.766056060791016,189.73208618164062
ours_v2_corner_12k,ours_v2,"corner,gripperPOV",10046,25.5,95.5,5,0.5,7,expert_cross,50,177,50,0.3028598725795746,0.2550767958164215,0.5579366683959961,0.2803943157196045,0.16166901588439941,0.0,0.0,37.01006317138672,21.766056060791016,189.73208618164062
ours_v2_corner_12k,ours_v2,"corner,gripperPOV",10046,25.5,95.5,5,0.5,11,expert_cross,50,177,50,0.20211629569530487,0.23148950934410095,0.4336058050394058,0.4835740029811859,0.08282025903463364,0.0,0.0,37.01006317138672,21.766056060791016,189.73208618164062
ours_v2_corner_12k,ours_v2,"corner,gripperPOV",10046,25.5,95.5,6,0.4000000059604645,3,expert_cross,50,177,50,0.2786028981208801,0.2549174427986145,0.5335203409194946,0.1627657115459442,0.30371391773223877,0.0,2.9802322387695312e-08,36.6170539855957,22.229084014892578,189.74034118652344
ours_v2_corner_12k,ours_v2,"corner,gripperPOV",10046,25.5,95.5,6,0.4000000059604645,7,expert_cross,50,177,50,0.30396905541419983,0.2540181279182434,0.5579871833324432,0.28184831142425537,0.16016453504562378,0.0,0.0,36.6170539855957,22.229084014892578,189.74034118652344
ours_v2_corner_12k,ours_v2,"corner,gripperPOV",10046,25.5,95.5,6,0.4000000059604645,11,expert_cross,50,177,50,0.20431745052337646,0.2362556755542755,0.440573126077652,0.47972166538238525,0.07970517128705978,0.0,3.725290298461914e-08,36.6170539855957,22.229084014892578,189.74034118652344
ours_v2_corner_12k,ours_v2,"corner,gripperPOV",10046,25.5,95.5,7,0.30000001192092896,3,expert_cross,50,177,50,0.2791811525821686,0.25826936960220337,0.537450522184372,0.16335119307041168,0.29919829964637756,0.0,0.0,36.281700134277344,22.771825790405273,189.73863220214844
ours_v2_corner_12k,ours_v2,"corner,gripperPOV",10046,25.5,95.5,7,0.30000001192092896,7,expert_cross,50,177,50,0.30536919832229614,0.2538869082927704,0.5592561066150665,0.2835904657840729,0.15715338289737701,0.0,4.470348358154297e-08,36.281700134277344,22.771825790405273,189.73863220214844
ours_v2_corner_12k,ours_v2,"corner,gripperPOV",10046,25.5,95.5,7,0.30000001192092896,11,expert_cross,50,177,50,0.20806869864463806,0.24061313271522522,0.4486818313598633,0.4763500690460205,0.07496810704469681,0.0,0.0,36.281700134277344,22.771825790405273,189.73863220214844
ours_v2_corner_12k,ours_v2,"corner,gripperPOV",10046,25.5,95.5,8,0.20000000298023224,3,expert_cross,50,177,50,0.2803443968296051,0.26208531856536865,0.5424297153949738,0.16489659249782562,0.2926737070083618,0.0,0.0,35.9736213684082,23.636924743652344,189.73654174804688
ours_v2_corner_12k,ours_v2,"corner,gripperPOV",10046,25.5,95.5,8,0.20000000298023224,7,expert_cross,50,177,50,0.3077888786792755,0.2545234262943268,0.5623123049736023,0.2852456569671631,0.1524420827627182,0.0,0.0,35.9736213684082,23.636924743652344,189.73654174804688
ours_v2_corner_12k,ours_v2,"corner,gripperPOV",10046,25.5,95.5,8,0.20000000298023224,11,expert_cross,50,177,50,0.21507659554481506,0.2489241510629654,0.46400074660778046,0.4675545394420624,0.06844472140073776,0.0,0.0,35.9736213684082,23.636924743652344,189.73654174804688
ours_v2_corner_12k,ours_v2,"corner,gripperPOV",10046,25.5,95.5,9,0.10000000149011612,3,expert_cross,50,177,50,0.28633996844291687,0.26947498321533203,0.5558149516582489,0.17012910544872284,0.2740558981895447,0.0,4.470348358154297e-08,35.609130859375,25.663589477539062,189.7307891845703
ours_v2_corner_12k,ours_v2,"corner,gripperPOV",10046,25.5,95.5,9,0.10000000149011612,7,expert_cross,50,177,50,0.30740615725517273,0.25758013129234314,0.5649862885475159,0.290567547082901,0.14444617927074432,0.0,0.0,35.609130859375,25.663589477539062,189.7307891845703
ours_v2_corner_12k,ours_v2,"corner,gripperPOV",10046,25.5,95.5,9,0.10000000149011612,11,expert_cross,50,177,50,0.22722133994102478,0.2598496675491333,0.4870710074901581,0.45370548963546753,0.059223536401987076,0.0,0.0,35.609130859375,25.663589477539062,189.7307891845703
ours_v3_corner_12k,ours_v3,"corner,gripperPOV",10046,32.0,94.5,0,1.0,3,expert_cross,50,177,50,0.30606621503829956,0.23964139819145203,0.5457076132297516,0.14378340542316437,0.31050899624824524,0.0,0.0,40.10272216796875,23.510244369506836,189.73416137695312
ours_v3_corner_12k,ours_v3,"corner,gripperPOV",10046,32.0,94.5,0,1.0,7,expert_cross,50,177,50,0.3152206838130951,0.2283322811126709,0.543552964925766,0.2652442157268524,0.19120287895202637,0.0,0.0,40.10272216796875,23.510244369506836,189.73416137695312
ours_v3_corner_12k,ours_v3,"corner,gripperPOV",10046,32.0,94.5,0,1.0,11,expert_cross,50,177,50,0.3644554018974304,0.22662827372550964,0.5910836756229401,0.3400801718235016,0.06883611530065536,0.0,3.725290298461914e-08,40.10272216796875,23.510244369506836,189.73416137695312
ours_v3_corner_12k,ours_v3,"corner,gripperPOV",10046,32.0,94.5,1,0.8999999761581421,3,expert_cross,50,177,50,0.3046038746833801,0.23882898688316345,0.5434328615665436,0.14484785497188568,0.3117193281650543,0.0,0.0,39.193153381347656,23.37160873413086,189.7271270751953
ours_v3_corner_12k,ours_v3,"corner,gripperPOV",10046,32.0,94.5,1,0.8999999761581421,7,expert_cross,50,177,50,0.31297004222869873,0.22678187489509583,0.5397519171237946,0.26847854256629944,0.1917695552110672,0.0,0.0,39.193153381347656,23.37160873413086,189.7271270751953
ours_v3_corner_12k,ours_v3,"corner,gripperPOV",10046,32.0,94.5,1,0.8999999761581421,11,expert_cross,50,177,50,0.36322876811027527,0.22274747490882874,0.585976243019104,0.3438594937324524,0.0701642632484436,0.0,0.0,39.193153381347656,23.37160873413086,189.7271270751953
ours_v3_corner_12k,ours_v3,"corner,gripperPOV",10046,32.0,94.5,2,0.800000011920929,3,expert_cross,50,177,50,0.3035661280155182,0.2386278212070465,0.5421939492225647,0.1453196108341217,0.3124864399433136,0.0,0.0,38.420982360839844,23.55553436279297,189.73504638671875
ours_v3_corner_12k,ours_v3,"corner,gripperPOV",10046,32.0,94.5,2,0.800000011920929,7,expert_cross,50,177,50,0.313570111989975,0.2252267301082611,0.5387968420982361,0.27104735374450684,0.19015580415725708,0.0,0.0,38.420982360839844,23.55553436279297,189.73504638671875
ours_v3_corner_12k,ours_v3,"corner,gripperPOV",10046,32.0,94.5,2,0.800000011920929,11,expert_cross,50,177,50,0.3628515899181366,0.2220357060432434,0.58488729596138,0.34557974338531494,0.06953293830156326,0.0,2.2351741790771484e-08,38.420982360839844,23.55553436279297,189.73504638671875
ours_v3_corner_12k,ours_v3,"corner,gripperPOV",10046,32.0,94.5,3,0.699999988079071,3,expert_cross,50,177,50,0.30231884121894836,0.23839996755123138,0.5407188087701797,0.14622457325458527,0.313056617975235,0.0,0.0,37.74703598022461,23.669763565063477,189.73013305664062
ours_v3_corner_12k,ours_v3,"corner,gripperPOV",10046,32.0,94.5,3,0.699999988079071,7,expert_cross,50,177,50,0.3150072693824768,0.22413936257362366,0.5391466319561005,0.2728356420993805,0.18801772594451904,0.0,0.0,37.74703598022461,23.669763565063477,189.73013305664062
ours_v3_corner_12k,ours_v3,"corner,gripperPOV",10046,32.0,94.5,3,0.699999988079071,11,expert_cross,50,177,50,0.36121487617492676,0.22093714773654938,0.5821520239114761,0.3491049110889435,0.06874307245016098,0.0,0.0,37.74703598022461,23.669763565063477,189.73013305664062
ours_v3_corner_12k,ours_v3,"corner,gripperPOV",10046,32.0,94.5,4,0.6000000238418579,3,expert_cross,50,177,50,0.30088871717453003,0.23869065940380096,0.539579376578331,0.1472344845533371,0.3131861090660095,0.0,2.9802322387695312e-08,37.169315338134766,23.945817947387695,189.74205017089844
ours_v3_corner_12k,ours_v3,"corner,gripperPOV",10046,32.0,94.5,4,0.6000000238418579,7,expert_cross,50,177,50,0.3134250342845917,0.2210480123758316,0.5344730466604233,0.2783474922180176,0.18717941641807556,0.0,4.470348358154297e-08,37.169315338134766,23.945817947387695,189.74205017089844
ours_v3_corner_12k,ours_v3,"corner,gripperPOV",10046,32.0,94.5,4,0.6000000238418579,11,expert_cross,50,177,50,0.36020809412002563,0.2223062813282013,0.5825143754482269,0.34874415397644043,0.06874148547649384,0.0,0.0,37.169315338134766,23.945817947387695,189.74205017089844
ours_v3_corner_12k,ours_v3,"corner,gripperPOV",10046,32.0,94.5,5,0.5,3,expert_cross,50,177,50,0.2996772825717926,0.23892490565776825,0.5386021882295609,0.14799681305885315,0.3134010136127472,0.0,0.0,36.69111251831055,24.095550537109375,189.73342895507812
ours_v3_corner_12k,ours_v3,"corner,gripperPOV",10046,32.0,94.5,5,0.5,7,expert_cross,50,177,50,0.3143640458583832,0.22069388628005981,0.535057932138443,0.27949604392051697,0.18544597923755646,0.0,4.470348358154297e-08,36.69111251831055,24.095550537109375,189.73342895507812
ours_v3_corner_12k,ours_v3,"corner,gripperPOV",10046,32.0,94.5,5,0.5,11,expert_cross,50,177,50,0.35931530594825745,0.2222277969121933,0.5815431028604507,0.35053661465644836,0.0679202452301979,0.0,3.725290298461914e-08,36.69111251831055,24.095550537109375,189.73342895507812
ours_v3_corner_12k,ours_v3,"corner,gripperPOV",10046,32.0,94.5,6,0.4000000059604645,3,expert_cross,50,177,50,0.2969702184200287,0.2404850721359253,0.537455290555954,0.15066936612129211,0.3118753135204315,0.0,2.9802322387695312e-08,36.287654876708984,24.42130470275879,189.73696899414062
ours_v3_corner_12k,ours_v3,"corner,gripperPOV",10046,32.0,94.5,6,0.4000000059604645,7,expert_cross,50,177,50,0.31315967440605164,0.22022631764411926,0.5333859920501709,0.28203630447387695,0.18457771837711334,0.0,0.0,36.287654876708984,24.42130470275879,189.73696899414062
ours_v3_corner_12k,ours_v3,"corner,gripperPOV",10046,32.0,94.5,6,0.4000000059604645,11,expert_cross,50,177,50,0.3580935597419739,0.2259386032819748,0.5840321630239487,0.3496337831020355,0.066334068775177,0.0,0.0,36.287654876708984,24.42130470275879,189.73696899414062
ours_v3_corner_12k,ours_v3,"corner,gripperPOV",10046,32.0,94.5,7,0.30000001192092896,3,expert_cross,50,177,50,0.29517310857772827,0.2421679049730301,0.5373410135507584,0.15407051146030426,0.30858850479125977,0.0,0.0,35.94328689575195,24.814739227294922,189.7249298095703
ours_v3_corner_12k,ours_v3,"corner,gripperPOV",10046,32.0,94.5,7,0.30000001192092896,7,expert_cross,50,177,50,0.31208494305610657,0.21965600550174713,0.5317409485578537,0.2867748737335205,0.18148420751094818,0.0,0.0,35.94328689575195,24.814739227294922,189.7249298095703
ours_v3_corner_12k,ours_v3,"corner,gripperPOV",10046,32.0,94.5,7,0.30000001192092896,11,expert_cross,50,177,50,0.3588392436504364,0.23078352212905884,0.5896227657794952,0.3469550907611847,0.06342215090990067,0.0,0.0,35.94328689575195,24.814739227294922,189.7249298095703
ours_v3_corner_12k,ours_v3,"corner,gripperPOV",10046,32.0,94.5,8,0.20000000298023224,3,expert_cross,50,177,50,0.29352885484695435,0.24603180587291718,0.5395606607198715,0.16067227721214294,0.29976707696914673,0.0,0.0,35.620033264160156,26.28535270690918,189.74151611328125
ours_v3_corner_12k,ours_v3,"corner,gripperPOV",10046,32.0,94.5,8,0.20000000298023224,7,expert_cross,50,177,50,0.30991801619529724,0.22149686515331268,0.5314148813486099,0.28955283761024475,0.17903226613998413,0.0,1.4901161193847656e-08,35.620033264160156,26.28535270690918,189.74151611328125
ours_v3_corner_12k,ours_v3,"corner,gripperPOV",10046,32.0,94.5,8,0.20000000298023224,11,expert_cross,50,177,50,0.3591987192630768,0.23979666829109192,0.5989953875541687,0.3412996232509613,0.05970499664545059,0.0,0.0,35.620033264160156,26.28535270690918,189.74151611328125
ours_v3_corner_12k,ours_v3,"corner,gripperPOV",10046,32.0,94.5,9,0.10000000149011612,3,expert_cross,50,177,50,0.2926545739173889,0.25598767399787903,0.5486422479152679,0.17562906444072723,0.27572864294052124,0.0,4.470348358154297e-08,35.221805572509766,30.5454158782959,189.73147583007812
ours_v3_corner_12k,ours_v3,"corner,gripperPOV",10046,32.0,94.5,9,0.10000000149011612,7,expert_cross,50,177,50,0.3048495948314667,0.22587943077087402,0.5307290256023407,0.29594796895980835,0.17332296073436737,0.0,4.470348358154297e-08,35.221805572509766,30.5454158782959,189.73147583007812
ours_v3_corner_12k,ours_v3,"corner,gripperPOV",10046,32.0,94.5,9,0.10000000149011612,11,expert_cross,50,177,50,0.3647947311401367,0.2570768892765045,0.6218716204166412,0.3257390856742859,0.052389342337846756,0.0,0.0,35.221805572509766,30.5454158782959,189.73147583007812
ours_v4_corner_12k,ours_v4,"corner,gripperPOV",10046,34.5,95.0,0,1.0,3,expert_cross,50,177,50,0.3180975914001465,0.23643794655799866,0.5545355379581451,0.14592593908309937,0.2995385229587555,0.0,0.0,40.10272216796875,23.111717224121094,189.7362823486328
ours_v4_corner_12k,ours_v4,"corner,gripperPOV",10046,34.5,95.0,0,1.0,7,expert_cross,50,177,50,0.2986813187599182,0.21646180748939514,0.5151431262493134,0.2761726379394531,0.2086842656135559,0.0,0.0,40.10272216796875,23.111717224121094,189.7362823486328
ours_v4_corner_12k,ours_v4,"corner,gripperPOV",10046,34.5,95.0,0,1.0,11,expert_cross,50,177,50,0.35377031564712524,0.22383536398410797,0.5776056796312332,0.37118449807167053,0.05120980739593506,0.0,1.4901161193847656e-08,40.10272216796875,23.111717224121094,189.7362823486328
ours_v4_corner_12k,ours_v4,"corner,gripperPOV",10046,34.5,95.0,1,0.8999999761581421,3,expert_cross,50,177,50,0.31709954142570496,0.23707030713558197,0.5541698485612869,0.14663349092006683,0.29919669032096863,0.0,0.0,39.23072052001953,22.968076705932617,189.7392120361328
ours_v4_corner_12k,ours_v4,"corner,gripperPOV",10046,34.5,95.0,1,0.8999999761581421,7,expert_cross,50,177,50,0.29763028025627136,0.21437382698059082,0.5120041072368622,0.2785443663597107,0.20945151150226593,0.0,1.4901161193847656e-08,39.23072052001953,22.968076705932617,189.7392120361328
ours_v4_corner_12k,ours_v4,"corner,gripperPOV",10046,34.5,95.0,1,0.8999999761581421,11,expert_cross,50,177,50,0.35263872146606445,0.22019530832767487,0.5728340297937393,0.37603649497032166,0.05112948641180992,0.0,0.0,39.23072052001953,22.968076705932617,189.7392120361328
ours_v4_corner_12k,ours_v4,"corner,gripperPOV",10046,34.5,95.0,2,0.800000011920929,3,expert_cross,50,177,50,0.31694868206977844,0.2370854914188385,0.5540341734886169,0.1468045711517334,0.29916128516197205,0.0,0.0,38.50128936767578,23.033897399902344,189.7309112548828
ours_v4_corner_12k,ours_v4,"corner,gripperPOV",10046,34.5,95.0,2,0.800000011920929,7,expert_cross,50,177,50,0.29672756791114807,0.21178196370601654,0.5085095316171646,0.2817481756210327,0.20974229276180267,0.0,0.0,38.50128936767578,23.033897399902344,189.7309112548828
ours_v4_corner_12k,ours_v4,"corner,gripperPOV",10046,34.5,95.0,2,0.800000011920929,11,expert_cross,50,177,50,0.3512815833091736,0.2191353738307953,0.5704169571399689,0.3781892955303192,0.05139372870326042,0.0,1.862645149230957e-08,38.50128936767578,23.033897399902344,189.7309112548828
ours_v4_corner_12k,ours_v4,"corner,gripperPOV",10046,34.5,95.0,3,0.699999988079071,3,expert_cross,50,177,50,0.31642553210258484,0.23739245533943176,0.5538179874420166,0.14745135605335236,0.29873064160346985,0.0,1.4901161193847656e-08,37.855674743652344,23.220478057861328,189.73748779296875
ours_v4_corner_12k,ours_v4,"corner,gripperPOV",10046,34.5,95.0,3,0.699999988079071,7,expert_cross,50,177,50,0.2956094443798065,0.2087918221950531,0.5044012665748596,0.284824013710022,0.21077470481395721,0.0,1.4901161193847656e-08,37.855674743652344,23.220478057861328,189.73748779296875
ours_v4_corner_12k,ours_v4,"corner,gripperPOV",10046,34.5,95.0,3,0.699999988079071,11,expert_cross,50,177,50,0.35094401240348816,0.2199259102344513,0.5708699226379395,0.3785131871700287,0.050616923719644547,0.0,0.0,37.855674743652344,23.220478057861328,189.73748779296875
ours_v4_corner_12k,ours_v4,"corner,gripperPOV",10046,34.5,95.0,4,0.6000000238418579,3,expert_cross,50,177,50,0.3152652084827423,0.23799751698970795,0.5532627254724503,0.1478775590658188,0.29885968565940857,0.0,2.9802322387695312e-08,37.305320739746094,23.454442977905273,189.73719787597656
ours_v4_corner_12k,ours_v4,"corner,gripperPOV",10046,34.5,95.0,4,0.6000000238418579,7,expert_cross,50,177,50,0.2934798300266266,0.20550359785556793,0.4989834278821945,0.28860631585121155,0.21241027116775513,0.0,0.0,37.305320739746094,23.454442977905273,189.73719787597656
ours_v4_corner_12k,ours_v4,"corner,gripperPOV",10046,34.5,95.0,4,0.6000000238418579,11,expert_cross,50,177,50,0.3493080139160156,0.21946288645267487,0.5687709003686905,0.3802334666252136,0.05099564045667648,0.0,0.0,37.305320739746094,23.454442977905273,189.73719787597656
ours_v4_corner_12k,ours_v4,"corner,gripperPOV",10046,34.5,95.0,5,0.5,3,expert_cross,50,177,50,0.31539538502693176,0.2387801855802536,0.5541755706071854,0.1480644792318344,0.2977599799633026,0.0,0.0,36.84263229370117,23.643102645874023,189.73880004882812
ours_v4_corner_12k,ours_v4,"corner,gripperPOV",10046,34.5,95.0,5,0.5,7,expert_cross,50,177,50,0.2914794087409973,0.20402662456035614,0.49550603330135345,0.29072022438049316,0.21377374231815338,0.0,0.0,36.84263229370117,23.643102645874023,189.73880004882812
ours_v4_corner_12k,ours_v4,"corner,gripperPOV",10046,34.5,95.0,5,0.5,11,expert_cross,50,177,50,0.3472130596637726,0.2202080488204956,0.5674211084842682,0.381451815366745,0.05112708359956741,0.0,0.0,36.84263229370117,23.643102645874023,189.73880004882812
ours_v4_corner_12k,ours_v4,"corner,gripperPOV",10046,34.5,95.0,6,0.4000000059604645,3,expert_cross,50,177,50,0.31441232562065125,0.24007299542427063,0.5544853210449219,0.14966590702533722,0.2958487570285797,0.0,1.4901161193847656e-08,36.456329345703125,23.985748291015625,189.7365264892578
ours_v4_corner_12k,ours_v4,"corner,gripperPOV",10046,34.5,95.0,6,0.4000000059604645,7,expert_cross,50,177,50,0.29072389006614685,0.20336143672466278,0.49408532679080963,0.29222920536994934,0.21368548274040222,0.0,0.0,36.456329345703125,23.985748291015625,189.7365264892578
ours_v4_corner_12k,ours_v4,"corner,gripperPOV",10046,34.5,95.0,6,0.4000000059604645,11,expert_cross,50,177,50,0.3463819921016693,0.22375822067260742,0.5701402127742767,0.38035091757774353,0.04950886592268944,0.0,3.725290298461914e-09,36.456329345703125,23.985748291015625,189.7365264892578
ours_v4_corner_12k,ours_v4,"corner,gripperPOV",10046,34.5,95.0,7,0.30000001192092896,3,expert_cross,50,177,50,0.31443849205970764,0.2415677309036255,0.5560062229633331,0.15284126996994019,0.2911525368690491,0.0,0.0,36.122520446777344,24.568641662597656,189.73924255371094
ours_v4_corner_12k,ours_v4,"corner,gripperPOV",10046,34.5,95.0,7,0.30000001192092896,7,expert_cross,50,177,50,0.2865781784057617,0.20215578377246857,0.4887339621782303,0.2961684465408325,0.2150975912809372,0.0,0.0,36.122520446777344,24.568641662597656,189.73924255371094
ours_v4_corner_12k,ours_v4,"corner,gripperPOV",10046,34.5,95.0,7,0.30000001192092896,11,expert_cross,50,177,50,0.3448568880558014,0.2288064807653427,0.5736633688211441,0.3772944211959839,0.04904212802648544,0.0,8.195638656616211e-08,36.122520446777344,24.568641662597656,189.73924255371094
ours_v4_corner_12k,ours_v4,"corner,gripperPOV",10046,34.5,95.0,8,0.20000000298023224,3,expert_cross,50,177,50,0.314700186252594,0.24380360543727875,0.5585037916898727,0.15865567326545715,0.2828405201435089,0.0,1.4901161193847656e-08,35.81307601928711,25.992090225219727,189.73553466796875
ours_v4_corner_12k,ours_v4,"corner,gripperPOV",10046,34.5,95.0,8,0.20000000298023224,7,expert_cross,50,177,50,0.28191471099853516,0.2032151222229004,0.48512983322143555,0.2988645136356354,0.21600568294525146,0.0,0.0,35.81307601928711,25.992090225219727,189.73553466796875
ours_v4_corner_12k,ours_v4,"corner,gripperPOV",10046,34.5,95.0,8,0.20000000298023224,11,expert_cross,50,177,50,0.34392887353897095,0.23838047683238983,0.5823093503713608,0.37067553400993347,0.047015100717544556,0.0,1.4901161193847656e-08,35.81307601928711,25.992090225219727,189.73553466796875
ours_v4_corner_12k,ours_v4,"corner,gripperPOV",10046,34.5,95.0,9,0.10000000149011612,3,expert_cross,50,177,50,0.31746307015419006,0.2486506700515747,0.5661137402057648,0.1703277975320816,0.26355844736099243,0.0,1.4901161193847656e-08,35.4209098815918,30.165924072265625,189.7310333251953
ours_v4_corner_12k,ours_v4,"corner,gripperPOV",10046,34.5,95.0,9,0.10000000149011612,7,expert_cross,50,177,50,0.27547645568847656,0.20733849704265594,0.4828149527311325,0.30501264333724976,0.21217241883277893,0.0,0.0,35.4209098815918,30.165924072265625,189.7310333251953
ours_v4_corner_12k,ours_v4,"corner,gripperPOV",10046,34.5,95.0,9,0.10000000149011612,11,expert_cross,50,177,50,0.34254318475723267,0.25087350606918335,0.593416690826416,0.3626232445240021,0.043960053473711014,0.0,1.1175870895385742e-08,35.4209098815918,30.165924072265625,189.7310333251953
random_corner_12k,random,"corner,gripperPOV",10046,32.0,94.5,0,1.0,3,expert_cross,50,177,50,0.32149645686149597,0.24096377193927765,0.5624602288007736,0.13435368239879608,0.3031860888004303,0.0,0.0,40.10272216796875,22.86096954345703,189.72549438476562
random_corner_12k,random,"corner,gripperPOV",10046,32.0,94.5,0,1.0,7,expert_cross,50,177,50,0.30124497413635254,0.24603626132011414,0.5472812354564667,0.23996613919734955,0.2127525806427002,0.0,4.470348358154297e-08,40.10272216796875,22.86096954345703,189.72549438476562
random_corner_12k,random,"corner,gripperPOV",10046,32.0,94.5,0,1.0,11,expert_cross,50,177,50,0.32881587743759155,0.22453919053077698,0.5533550679683685,0.3879256248474121,0.058719296008348465,0.0,1.1175870895385742e-08,40.10272216796875,22.86096954345703,189.72549438476562
random_corner_12k,random,"corner,gripperPOV",10046,32.0,94.5,1,0.8999999761581421,3,expert_cross,50,177,50,0.3199537694454193,0.2411193698644638,0.5610731393098831,0.13458941876888275,0.3043374717235565,0.0,0.0,39.33131408691406,22.79852294921875,189.733154296875
random_corner_12k,random,"corner,gripperPOV",10046,32.0,94.5,1,0.8999999761581421,7,expert_cross,50,177,50,0.3011070191860199,0.2428821623325348,0.5439891815185547,0.2428804188966751,0.21313035488128662,0.0,4.470348358154297e-08,39.33131408691406,22.79852294921875,189.733154296875
random_corner_12k,random,"corner,gripperPOV",10046,32.0,94.5,1,0.8999999761581421,11,expert_cross,50,177,50,0.3275561034679413,0.22219525277614594,0.5497513562440872,0.3913556635379791,0.05889298394322395,0.0,0.0,39.33131408691406,22.79852294921875,189.733154296875
random_corner_12k,random,"corner,gripperPOV",10046,32.0,94.5,2,0.800000011920929,3,expert_cross,50,177,50,0.3184534013271332,0.24127039313316345,0.5597237944602966,0.13482756912708282,0.3054486811161041,0.0,0.0,38.68773651123047,22.877363204956055,189.73483276367188
random_corner_12k,random,"corner,gripperPOV",10046,32.0,94.5,2,0.800000011920929,7,expert_cross,50,177,50,0.30083513259887695,0.24072027206420898,0.5415554046630859,0.24456730484962463,0.21387727558612823,0.0,1.4901161193847656e-08,38.68773651123047,22.877363204956055,189.73483276367188
random_corner_12k,random,"corner,gripperPOV",10046,32.0,94.5,2,0.800000011920929,11,expert_cross,50,177,50,0.3262650966644287,0.22083638608455658,0.5471014827489853,0.3933936655521393,0.05950482189655304,0.0,2.9802322387695312e-08,38.68773651123047,22.877363204956055,189.73483276367188
random_corner_12k,random,"corner,gripperPOV",10046,32.0,94.5,3,0.699999988079071,3,expert_cross,50,177,50,0.3165438771247864,0.24166640639305115,0.5582102835178375,0.13549667596817017,0.3062931001186371,0.0,0.0,38.145225524902344,22.96943473815918,189.7415008544922
random_corner_12k,random,"corner,gripperPOV",10046,32.0,94.5,3,0.699999988079071,7,expert_cross,50,177,50,0.30031922459602356,0.2386046200990677,0.5389238446950912,0.24681557714939117,0.21426057815551758,0.0,0.0,38.145225524902344,22.96943473815918,189.7415008544922
random_corner_12k,random,"corner,gripperPOV",10046,32.0,94.5,3,0.699999988079071,11,expert_cross,50,177,50,0.32573458552360535,0.22036096453666687,0.5460955500602722,0.39501821994781494,0.05888624116778374,0.0,0.0,38.145225524902344,22.96943473815918,189.7415008544922
random_corner_12k,random,"corner,gripperPOV",10046,32.0,94.5,4,0.6000000238418579,3,expert_cross,50,177,50,0.31475019454956055,0.2423468977212906,0.5570970922708511,0.13552989065647125,0.3073730170726776,0.0,0.0,37.70172882080078,23.29581642150879,189.7388458251953
random_corner_12k,random,"corner,gripperPOV",10046,32.0,94.5,4,0.6000000238418579,7,expert_cross,50,177,50,0.2992546856403351,0.23571471869945526,0.5349694043397903,0.2503034174442291,0.21472711861133575,0.0,5.960464477539063e-08,37.70172882080078,23.29581642150879,189.7388458251953
random_corner_12k,random,"corner,gripperPOV",10046,32.0,94.5,4,0.6000000238418579,11,expert_cross,50,177,50,0.3253844976425171,0.2207772582769394,0.5461617559194565,0.3948099911212921,0.059028275310993195,0.0,0.0,37.70172882080078,23.29581642150879,189.7388458251953
random_corner_12k,random,"corner,gripperPOV",10046,32.0,94.5,5,0.5,3,expert_cross,50,177,50,0.31328853964805603,0.24310263991355896,0.556391179561615,0.13539022207260132,0.3082185685634613,0.0,2.9802322387695312e-08,37.353214263916016,23.446762084960938,189.7388458251953
random_corner_12k,random,"corner,gripperPOV",10046,32.0,94.5,5,0.5,7,expert_cross,50,177,50,0.29864805936813354,0.23435460031032562,0.5330026596784592,0.2519048750400543,0.2150924652814865,0.0,0.0,37.353214263916016,23.446762084960938,189.7388458251953
random_corner_12k,random,"corner,gripperPOV",10046,32.0,94.5,5,0.5,11,expert_cross,50,177,50,0.324483186006546,0.22113250195980072,0.5456156879663467,0.39622029662132263,0.05816401541233063,0.0,0.0,37.353214263916016,23.446762084960938,189.7388458251953
random_corner_12k,random,"corner,gripperPOV",10046,32.0,94.5,6,0.4000000059604645,3,expert_cross,50,177,50,0.3116682767868042,0.24492470920085907,0.5565929859876633,0.13623666763305664,0.3071703612804413,0.0,0.0,37.094905853271484,23.81105613708496,189.73223876953125
random_corner_12k,random,"corner,gripperPOV",10046,32.0,94.5,6,0.4000000059604645,7,expert_cross,50,177,50,0.2974487543106079,0.2336149513721466,0.5310637056827545,0.2547343969345093,0.2142019271850586,0.0,0.0,37.094905853271484,23.81105613708496,189.73223876953125
random_corner_12k,random,"corner,gripperPOV",10046,32.0,94.5,6,0.4000000059604645,11,expert_cross,50,177,50,0.3259989023208618,0.2245469093322754,0.5505458116531372,0.3930015563964844,0.05645260587334633,0.0,2.60770320892334e-08,37.094905853271484,23.81105613708496,189.73223876953125
random_corner_12k,random,"corner,gripperPOV",10046,32.0,94.5,7,0.30000001192092896,3,expert_cross,50,177,50,0.3108425736427307,0.24711087346076965,0.5579534471035004,0.13846653699874878,0.30357998609542847,0.0,2.9802322387695312e-08,36.92152404785156,24.178417205810547,189.73641967773438
random_corner_12k,random,"corner,gripperPOV",10046,32.0,94.5,7,0.30000001192092896,7,expert_cross,50,177,50,0.2957973778247833,0.23311838507652283,0.5289157629013062,0.25889021158218384,0.2121940553188324,0.0,0.0,36.92152404785156,24.178417205810547,189.73641967773438
random_corner_12k,random,"corner,gripperPOV",10046,32.0,94.5,7,0.30000001192092896,11,expert_cross,50,177,50,0.3284536898136139,0.2313065528869629,0.5597602427005768,0.38648882508277893,0.05375095456838608,0.0,0.0,36.92152404785156,24.178417205810547,189.73641967773438
random_corner_12k,random,"corner,gripperPOV",10046,32.0,94.5,8,0.20000000298023224,3,expert_cross,50,177,50,0.31068652868270874,0.2505291700363159,0.5612156987190247,0.14351752400398254,0.2952667474746704,0.0,2.9802322387695312e-08,36.792449951171875,24.834436416625977,189.73634338378906
random_corner_12k,random,"corner,gripperPOV",10046,32.0,94.5,8,0.20000000298023224,7,expert_cross,50,177,50,0.29309287667274475,0.2349349707365036,0.5280278474092484,0.2637230157852173,0.20824915170669556,0.0,0.0,36.792449951171875,24.834436416625977,189.73634338378906
random_corner_12k,random,"corner,gripperPOV",10046,32.0,94.5,8,0.20000000298023224,11,expert_cross,50,177,50,0.3316158354282379,0.24197188019752502,0.5735877156257629,0.37575098872184753,0.05066128075122833,0.0,1.4901161193847656e-08,36.792449951171875,24.834436416625977,189.73634338378906
random_corner_12k,random,"corner,gripperPOV",10046,32.0,94.5,9,0.10000000149011612,3,expert_cross,50,177,50,0.3155142068862915,0.25642886757850647,0.571943074464798,0.15444156527519226,0.27361539006233215,0.0,0.0,36.64263916015625,26.935815811157227,189.7373809814453
random_corner_12k,random,"corner,gripperPOV",10046,32.0,94.5,9,0.10000000149011612,7,expert_cross,50,177,50,0.29026684165000916,0.23805586993694305,0.5283227115869522,0.2763487696647644,0.1953285187482834,0.0,0.0,36.64263916015625,26.935815811157227,189.7373809814453
random_corner_12k,random,"corner,gripperPOV",10046,32.0,94.5,9,0.10000000149011612,11,expert_cross,50,177,50,0.33885228633880615,0.26059669256210327,0.5994489789009094,0.3553299903869629,0.04522102698683739,0.0,3.725290298461914e-09,36.64263916015625,26.935815811157227,189.7373809814453
uniform_corner_12k,uniform,"corner,gripperPOV",10046,28.2,92.5,0,1.0,3,expert_cross,50,177,50,0.3240916430950165,0.2604515850543976,0.5845432281494141,0.10475604981184006,0.3107007145881653,0.0,7.450580596923828e-09,40.10272216796875,22.525911331176758,189.7414093017578
uniform_corner_12k,uniform,"corner,gripperPOV",10046,28.2,92.5,0,1.0,7,expert_cross,50,177,50,0.3323765993118286,0.17520937323570251,0.5075859725475311,0.3121662735939026,0.18024776875972748,0.0,0.0,40.10272216796875,22.525911331176758,189.7414093017578
uniform_corner_12k,uniform,"corner,gripperPOV",10046,28.2,92.5,0,1.0,11,expert_cross,50,177,50,0.34361010789871216,0.2678332030773163,0.6114433109760284,0.34079599380493164,0.04776068776845932,0.0,7.450580596923828e-09,40.10272216796875,22.525911331176758,189.7414093017578
uniform_corner_12k,uniform,"corner,gripperPOV",10046,28.2,92.5,1,0.8999999761581421,3,expert_cross,50,177,50,0.32319745421409607,0.260453462600708,0.5836509168148041,0.10518292337656021,0.3111661672592163,0.0,0.0,39.31955337524414,22.47228240966797,189.73887634277344
uniform_corner_12k,uniform,"corner,gripperPOV",10046,28.2,92.5,1,0.8999999761581421,7,expert_cross,50,177,50,0.32860490679740906,0.17449955642223358,0.5031044632196426,0.3152574598789215,0.18163812160491943,0.0,0.0,39.31955337524414,22.47228240966797,189.73887634277344
uniform_corner_12k,uniform,"corner,gripperPOV",10046,28.2,92.5,1,0.8999999761581421,11,expert_cross,50,177,50,0.34254157543182373,0.2651785612106323,0.607720136642456,0.34420377016067505,0.0480760857462883,0.0,7.450580596923828e-09,39.31955337524414,22.47228240966797,189.73887634277344
uniform_corner_12k,uniform,"corner,gripperPOV",10046,28.2,92.5,2,0.800000011920929,3,expert_cross,50,177,50,0.3220311403274536,0.25993379950523376,0.5819649398326874,0.10551291704177856,0.31252214312553406,0.0,0.0,38.66676712036133,22.613882064819336,189.7301788330078
uniform_corner_12k,uniform,"corner,gripperPOV",10046,28.2,92.5,2,0.800000011920929,7,expert_cross,50,177,50,0.3265960216522217,0.17089435458183289,0.49749037623405457,0.31905946135520935,0.18345019221305847,0.0,0.0,38.66676712036133,22.613882064819336,189.7301788330078
uniform_corner_12k,uniform,"corner,gripperPOV",10046,28.2,92.5,2,0.800000011920929,11,expert_cross,50,177,50,0.34175530076026917,0.2653058171272278,0.607061117887497,0.3450404107570648,0.04789844900369644,0.0,2.2351741790771484e-08,38.66676712036133,22.613882064819336,189.7301788330078
uniform_corner_12k,uniform,"corner,gripperPOV",10046,28.2,92.5,3,0.699999988079071,3,expert_cross,50,177,50,0.3215739130973816,0.25989532470703125,0.5814692378044128,0.1056765615940094,0.31285417079925537,0.0,2.9802322387695312e-08,38.10226821899414,22.71270751953125,189.7395782470703
uniform_corner_12k,uniform,"corner,gripperPOV",10046,28.2,92.5,3,0.699999988079071,7,expert_cross,50,177,50,0.32610616087913513,0.1697457730770111,0.49585193395614624,0.32172033190727234,0.18242773413658142,0.0,0.0,38.10226821899414,22.71270751953125,189.7395782470703
uniform_corner_12k,uniform,"corner,gripperPOV",10046,28.2,92.5,3,0.699999988079071,11,expert_cross,50,177,50,0.3400622606277466,0.26528483629226685,0.6053470969200134,0.34644052386283875,0.04821240156888962,0.0,0.0,38.10226821899414,22.71270751953125,189.7395782470703
uniform_corner_12k,uniform,"corner,gripperPOV",10046,28.2,92.5,4,0.6000000238418579,3,expert_cross,50,177,50,0.3198573887348175,0.2601357102394104,0.5799930989742279,0.10658512264490128,0.31342175602912903,0.0,2.2351741790771484e-08,37.62299346923828,22.863630294799805,189.73468017578125
uniform_corner_12k,uniform,"corner,gripperPOV",10046,28.2,92.5,4,0.6000000238418579,7,expert_cross,50,177,50,0.32612937688827515,0.16622388362884521,0.49235326051712036,0.32374605536460876,0.18390071392059326,0.0,0.0,37.62299346923828,22.863630294799805,189.73468017578125
uniform_corner_12k,uniform,"corner,gripperPOV",10046,28.2,92.5,4,0.6000000238418579,11,expert_cross,50,177,50,0.3397831320762634,0.2651757299900055,0.6049588620662689,0.3465351164340973,0.0485059916973114,0.0,2.9802322387695312e-08,37.62299346923828,22.863630294799805,189.73468017578125
uniform_corner_12k,uniform,"corner,gripperPOV",10046,28.2,92.5,5,0.5,3,expert_cross,50,177,50,0.3193407654762268,0.26018014550209045,0.5795209109783173,0.10783254355192184,0.3126464784145355,0.0,6.705522537231445e-08,37.24399185180664,23.065092086791992,189.74229431152344
uniform_corner_12k,uniform,"corner,gripperPOV",10046,28.2,92.5,5,0.5,7,expert_cross,50,177,50,0.3239102065563202,0.16558699309825897,0.48949719965457916,0.3268938362598419,0.1836089938879013,0.0,0.0,37.24399185180664,23.065092086791992,189.74229431152344
uniform_corner_12k,uniform,"corner,gripperPOV",10046,28.2,92.5,5,0.5,11,expert_cross,50,177,50,0.33855780959129333,0.266160249710083,0.6047180593013763,0.3462492823600769,0.04903261736035347,0.0,4.0978193283081055e-08,37.24399185180664,23.065092086791992,189.74229431152344
uniform_corner_12k,uniform,"corner,gripperPOV",10046,28.2,92.5,6,0.4000000059604645,3,expert_cross,50,177,50,0.3183700740337372,0.2611963152885437,0.5795663893222809,0.11005405336618423,0.3103795647621155,0.0,0.0,36.955326080322266,23.459692001342773,189.74014282226562
uniform_corner_12k,uniform,"corner,gripperPOV",10046,28.2,92.5,6,0.4000000059604645,7,expert_cross,50,177,50,0.3213135600090027,0.1652144342660904,0.4865279942750931,0.3299075663089752,0.1835644543170929,0.0,0.0,36.955326080322266,23.459692001342773,189.74014282226562
uniform_corner_12k,uniform,"corner,gripperPOV",10046,28.2,92.5,6,0.4000000059604645,11,expert_cross,50,177,50,0.3375312387943268,0.26929888129234314,0.6068301200866699,0.3443359434604645,0.04883398488163948,0.0,0.0,36.955326080322266,23.459692001342773,189.74014282226562
uniform_corner_12k,uniform,"corner,gripperPOV",10046,28.2,92.5,7,0.30000001192092896,3,expert_cross,50,177,50,0.3193359673023224,0.2622101306915283,0.5815460979938507,0.11261864006519318,0.3058352768421173,0.0,0.0,36.746891021728516,23.897457122802734,189.74351501464844
uniform_corner_12k,uniform,"corner,gripperPOV",10046,28.2,92.5,7,0.30000001192092896,7,expert_cross,50,177,50,0.3182738721370697,0.16563288867473602,0.4839067608118057,0.3341800272464752,0.18191318213939667,0.0,2.9802322387695312e-08,36.746891021728516,23.897457122802734,189.74351501464844
uniform_corner_12k,uniform,"corner,gripperPOV",10046,28.2,92.5,7,0.30000001192092896,11,expert_cross,50,177,50,0.33747366070747375,0.2730272710323334,0.6105009317398071,0.3416159749031067,0.047883085906505585,0.0,7.450580596923828e-09,36.746891021728516,23.897457122802734,189.74351501464844
uniform_corner_12k,uniform,"corner,gripperPOV",10046,28.2,92.5,8,0.20000000298023224,3,expert_cross,50,177,50,0.3201921880245209,0.26434755325317383,0.5845397412776947,0.12006734311580658,0.2953929007053375,0.0,1.4901161193847656e-08,36.57787322998047,24.84576988220215,189.7396240234375
uniform_corner_12k,uniform,"corner,gripperPOV",10046,28.2,92.5,8,0.20000000298023224,7,expert_cross,50,177,50,0.31381016969680786,0.17228804528713226,0.4860982149839401,0.33593904972076416,0.1779627650976181,0.0,0.0,36.57787322998047,24.84576988220215,189.7396240234375
uniform_corner_12k,uniform,"corner,gripperPOV",10046,28.2,92.5,8,0.20000000298023224,11,expert_cross,50,177,50,0.3375926613807678,0.28105565905570984,0.6186483204364777,0.3360276222229004,0.04532405734062195,0.0,0.0,36.57787322998047,24.84576988220215,189.7396240234375
uniform_corner_12k,uniform,"corner,gripperPOV",10046,28.2,92.5,9,0.10000000149011612,3,expert_cross,50,177,50,0.3267247974872589,0.2690143585205078,0.5957391560077667,0.1351260393857956,0.2691347897052765,0.0,1.4901161193847656e-08,36.37895965576172,27.112747192382812,189.7314453125
uniform_corner_12k,uniform,"corner,gripperPOV",10046,28.2,92.5,9,0.10000000149011612,7,expert_cross,50,177,50,0.3013169467449188,0.18514813482761383,0.48646508157253265,0.3420548439025879,0.17148001492023468,0.0,5.960464477539063e-08,36.37895965576172,27.112747192382812,189.7314453125
uniform_corner_12k,uniform,"corner,gripperPOV",10046,28.2,92.5,9,0.10000000149011612,11,expert_cross,50,177,50,0.3411411941051483,0.29456108808517456,0.6357022821903229,0.32416051626205444,0.04013718292117119,0.0,1.862645149230957e-08,36.37895965576172,27.112747192382812,189.7314453125
zero_corner_12k,zero,"corner,gripperPOV",10046,32.0,95.0,0,1.0,3,expert_cross,50,177,50,0.3127426207065582,0.20635388791561127,0.5190965086221695,0.14912252128124237,0.3317809998989105,0.0,0.0,40.10272216796875,22.52610206604004,189.73297119140625
zero_corner_12k,zero,"corner,gripperPOV",10046,32.0,95.0,0,1.0,7,expert_cross,50,177,50,0.3075222671031952,0.22651538252830505,0.5340376496315002,0.22652222216129303,0.23944012820720673,0.0,0.0,40.10272216796875,22.52610206604004,189.73297119140625
zero_corner_12k,zero,"corner,gripperPOV",10046,32.0,95.0,0,1.0,11,expert_cross,50,177,50,0.30803990364074707,0.19525474309921265,0.5032946467399597,0.4216476380825043,0.07505771517753601,0.0,0.0,40.10272216796875,22.52610206604004,189.73297119140625
zero_corner_12k,zero,"corner,gripperPOV",10046,32.0,95.0,1,0.8999999761581421,3,expert_cross,50,177,50,0.3103463351726532,0.20654462277889252,0.5168909579515457,0.1508685052394867,0.3322405517101288,0.0,0.0,39.22087478637695,22.331514358520508,189.7364501953125
zero_corner_12k,zero,"corner,gripperPOV",10046,32.0,95.0,1,0.8999999761581421,7,expert_cross,50,177,50,0.3076114356517792,0.22412662208080292,0.5317380577325821,0.22797083854675293,0.24029111862182617,0.0,0.0,39.22087478637695,22.331514358520508,189.7364501953125
zero_corner_12k,zero,"corner,gripperPOV",10046,32.0,95.0,1,0.8999999761581421,11,expert_cross,50,177,50,0.30563780665397644,0.19200213253498077,0.4976399391889572,0.42594674229621887,0.0764133632183075,0.0,0.0,39.22087478637695,22.331514358520508,189.7364501953125
zero_corner_12k,zero,"corner,gripperPOV",10046,32.0,95.0,2,0.800000011920929,3,expert_cross,50,177,50,0.3089294731616974,0.20635555684566498,0.5152850300073624,0.15202705562114716,0.3326879143714905,0.0,0.0,38.466915130615234,22.362611770629883,189.7395782470703
zero_corner_12k,zero,"corner,gripperPOV",10046,32.0,95.0,2,0.800000011920929,7,expert_cross,50,177,50,0.3067709505558014,0.22200578451156616,0.5287767350673676,0.23077502846717834,0.2404482364654541,0.0,0.0,38.466915130615234,22.362611770629883,189.7395782470703
zero_corner_12k,zero,"corner,gripperPOV",10046,32.0,95.0,2,0.800000011920929,11,expert_cross,50,177,50,0.3046179413795471,0.19240325689315796,0.4970211982727051,0.4263415038585663,0.07663729041814804,0.0,7.450580596923828e-09,38.466915130615234,22.362611770629883,189.7395782470703
zero_corner_12k,zero,"corner,gripperPOV",10046,32.0,95.0,3,0.699999988079071,3,expert_cross,50,177,50,0.30641937255859375,0.2067389190196991,0.5131582915782928,0.15392988920211792,0.33291178941726685,0.0,2.9802322387695312e-08,37.79654312133789,22.549169540405273,189.74131774902344
zero_corner_12k,zero,"corner,gripperPOV",10046,32.0,95.0,3,0.699999988079071,7,expert_cross,50,177,50,0.3080824315547943,0.21954508125782013,0.5276275128126144,0.23290148377418518,0.23947098851203918,0.0,1.4901161193847656e-08,37.79654312133789,22.549169540405273,189.74131774902344
zero_corner_12k,zero,"corner,gripperPOV",10046,32.0,95.0,3,0.699999988079071,11,expert_cross,50,177,50,0.302686482667923,0.19183383882045746,0.49452032148838043,0.4291931986808777,0.0762864276766777,0.0,5.21540641784668e-08,37.79654312133789,22.549169540405273,189.74131774902344
zero_corner_12k,zero,"corner,gripperPOV",10046,32.0,95.0,4,0.6000000238418579,3,expert_cross,50,177,50,0.3060070276260376,0.20725718140602112,0.5132642090320587,0.15482644736766815,0.3319094181060791,0.0,0.0,37.20783233642578,22.75048065185547,189.74066162109375
zero_corner_12k,zero,"corner,gripperPOV",10046,32.0,95.0,4,0.6000000238418579,7,expert_cross,50,177,50,0.30757638812065125,0.21695025265216827,0.5245266407728195,0.2354862242937088,0.23998716473579407,0.0,0.0,37.20783233642578,22.75048065185547,189.74066162109375
zero_corner_12k,zero,"corner,gripperPOV",10046,32.0,95.0,4,0.6000000238418579,11,expert_cross,50,177,50,0.30114367604255676,0.19273728132247925,0.493880957365036,0.429558664560318,0.07656029611825943,0.0,8.195638656616211e-08,37.20783233642578,22.75048065185547,189.74066162109375
zero_corner_12k,zero,"corner,gripperPOV",10046,32.0,95.0,5,0.5,3,expert_cross,50,177,50,0.3043190538883209,0.2087329775094986,0.5130520313978195,0.15688633918762207,0.3300616443157196,0.0,0.0,36.698158264160156,22.90936279296875,189.73330688476562
zero_corner_12k,zero,"corner,gripperPOV",10046,32.0,95.0,5,0.5,7,expert_cross,50,177,50,0.3082328140735626,0.21562545001506805,0.5238582640886307,0.2364211082458496,0.23972062766551971,0.0,0.0,36.698158264160156,22.90936279296875,189.73330688476562
zero_corner_12k,zero,"corner,gripperPOV",10046,32.0,95.0,5,0.5,11,expert_cross,50,177,50,0.29977861046791077,0.1945326328277588,0.49431124329566956,0.430385947227478,0.07530280202627182,0.0,7.450580596923828e-09,36.698158264160156,22.90936279296875,189.73330688476562
zero_corner_12k,zero,"corner,gripperPOV",10046,32.0,95.0,6,0.4000000059604645,3,expert_cross,50,177,50,0.3025655150413513,0.21139845252037048,0.5139639675617218,0.1589892953634262,0.32704678177833557,0.0,0.0,36.2580451965332,23.293275833129883,189.7276611328125
zero_corner_12k,zero,"corner,gripperPOV",10046,32.0,95.0,6,0.4000000059604645,7,expert_cross,50,177,50,0.308030366897583,0.21593527495861053,0.5239656418561935,0.23908495903015137,0.23694942891597748,0.0,0.0,36.2580451965332,23.293275833129883,189.7276611328125
zero_corner_12k,zero,"corner,gripperPOV",10046,32.0,95.0,6,0.4000000059604645,11,expert_cross,50,177,50,0.2991756498813629,0.19941399991512299,0.4985896497964859,0.4285126030445099,0.07289774715900421,0.0,0.0,36.2580451965332,23.293275833129883,189.7276611328125
zero_corner_12k,zero,"corner,gripperPOV",10046,32.0,95.0,7,0.30000001192092896,3,expert_cross,50,177,50,0.30048516392707825,0.21461793780326843,0.5151031017303467,0.1630552113056183,0.32184168696403503,0.0,0.0,35.87257385253906,23.831588745117188,189.73353576660156
zero_corner_12k,zero,"corner,gripperPOV",10046,32.0,95.0,7,0.30000001192092896,7,expert_cross,50,177,50,0.30883315205574036,0.21548539400100708,0.5243185460567474,0.24324381351470947,0.23243768513202667,0.0,0.0,35.87257385253906,23.831588745117188,189.73353576660156
zero_corner_12k,zero,"corner,gripperPOV",10046,32.0,95.0,7,0.30000001192092896,11,expert_cross,50,177,50,0.2989315688610077,0.20461711287498474,0.5035486817359924,0.4262853264808655,0.07016602158546448,0.0,0.0,35.87257385253906,23.831588745117188,189.73353576660156
zero_corner_12k,zero,"corner,gripperPOV",10046,32.0,95.0,8,0.20000000298023224,3,expert_cross,50,177,50,0.2991451323032379,0.22062310576438904,0.519768238067627,0.1697317361831665,0.31050002574920654,0.0,0.0,35.486183166503906,24.9359130859375,189.73558044433594
zero_corner_12k,zero,"corner,gripperPOV",10046,32.0,95.0,8,0.20000000298023224,7,expert_cross,50,177,50,0.30739158391952515,0.21842366456985474,0.5258152484893799,0.24890747666358948,0.22527730464935303,0.0,0.0,35.486183166503906,24.9359130859375,189.73558044433594
zero_corner_12k,zero,"corner,gripperPOV",10046,32.0,95.0,8,0.20000000298023224,11,expert_cross,50,177,50,0.29803764820098877,0.21577337384223938,0.5138110220432281,0.4202558994293213,0.06593305617570877,0.0,2.2351741790771484e-08,35.486183166503906,24.9359130859375,189.73558044433594
zero_corner_12k,zero,"corner,gripperPOV",10046,32.0,95.0,9,0.10000000149011612,3,expert_cross,50,177,50,0.30115044116973877,0.2332129180431366,0.5343633592128754,0.18314427137374878,0.28249239921569824,0.0,0.0,35.00483703613281,28.60579490661621,189.73239135742188
zero_corner_12k,zero,"corner,gripperPOV",10046,32.0,95.0,9,0.10000000149011612,7,expert_cross,50,177,50,0.301644504070282,0.22543635964393616,0.5270808637142181,0.261262983083725,0.21165618300437927,0.0,0.0,35.00483703613281,28.60579490661621,189.73239135742188
zero_corner_12k,zero,"corner,gripperPOV",10046,32.0,95.0,9,0.10000000149011612,11,expert_cross,50,177,50,0.3026503622531891,0.23680967092514038,0.5394600331783295,0.4026492238044739,0.05789077654480934,0.0,0.0,35.00483703613281,28.60579490661621,189.73239135742188
ours_v1_corner_12k,ours_v1,"corner,gripperPOV",10047,20.0,90.0,0,1.0,3,expert_cross,50,177,50,0.32692959904670715,0.21831990778446198,0.5452495068311691,0.15953408181667328,0.29521644115448,0.0,0.0,39.305641174316406,22.025373458862305,189.73521423339844
ours_v1_corner_12k,ours_v1,"corner,gripperPOV",10047,20.0,90.0,0,1.0,7,expert_cross,50,177,50,0.31053057312965393,0.268229603767395,0.578760176897049,0.26676085591316223,0.15447896718978882,0.0,0.0,39.305641174316406,22.025373458862305,189.73521423339844
ours_v1_corner_12k,ours_v1,"corner,gripperPOV",10047,20.0,90.0,0,1.0,11,expert_cross,50,177,50,0.24169737100601196,0.21654270589351654,0.4582400768995285,0.45327243208885193,0.08848752826452255,0.0,0.0,39.305641174316406,22.025373458862305,189.73521423339844
ours_v1_corner_12k,ours_v1,"corner,gripperPOV",10047,20.0,90.0,1,0.8999999761581421,3,expert_cross,50,177,50,0.32654622197151184,0.21812011301517487,0.5446663349866867,0.15942780673503876,0.29590582847595215,0.0,2.9802322387695312e-08,38.61322021484375,21.96849250793457,189.73980712890625
ours_v1_corner_12k,ours_v1,"corner,gripperPOV",10047,20.0,90.0,1,0.8999999761581421,7,expert_cross,50,177,50,0.3105977177619934,0.26504823565483093,0.5756459534168243,0.2686641812324524,0.15568986535072327,0.0,0.0,38.61322021484375,21.96849250793457,189.73980712890625
ours_v1_corner_12k,ours_v1,"corner,gripperPOV",10047,20.0,90.0,1,0.8999999761581421,11,expert_cross,50,177,50,0.23942136764526367,0.2141575962305069,0.45357896387577057,0.4562563896179199,0.0901646763086319,0.0,0.0,38.61322021484375,21.96849250793457,189.73980712890625
ours_v1_corner_12k,ours_v1,"corner,gripperPOV",10047,20.0,90.0,2,0.800000011920929,3,expert_cross,50,177,50,0.32467448711395264,0.21878425776958466,0.5434587448835373,0.15955671668052673,0.2969845235347748,0.0,1.4901161193847656e-08,38.04940414428711,22.15120506286621,189.73361206054688
ours_v1_corner_12k,ours_v1,"corner,gripperPOV",10047,20.0,90.0,2,0.800000011920929,7,expert_cross,50,177,50,0.31194770336151123,0.2632763385772705,0.5752240419387817,0.26916807889938354,0.1556078940629959,0.0,0.0,38.04940414428711,22.15120506286621,189.73361206054688
ours_v1_corner_12k,ours_v1,"corner,gripperPOV",10047,20.0,90.0,2,0.800000011920929,11,expert_cross,50,177,50,0.23849447071552277,0.2135949730873108,0.45208944380283356,0.45702120661735535,0.09088939428329468,0.0,0.0,38.04940414428711,22.15120506286621,189.73361206054688
ours_v1_corner_12k,ours_v1,"corner,gripperPOV",10047,20.0,90.0,3,0.699999988079071,3,expert_cross,50,177,50,0.3233910799026489,0.21990567445755005,0.543296754360199,0.15916064381599426,0.29754263162612915,0.0,0.0,37.58298110961914,22.236370086669922,189.74281311035156
ours_v1_corner_12k,ours_v1,"corner,gripperPOV",10047,20.0,90.0,3,0.699999988079071,7,expert_cross,50,177,50,0.31341880559921265,0.2615351676940918,0.5749539732933044,0.26973816752433777,0.15530788898468018,0.0,0.0,37.58298110961914,22.236370086669922,189.74281311035156
ours_v1_corner_12k,ours_v1,"corner,gripperPOV",10047,20.0,90.0,3,0.699999988079071,11,expert_cross,50,177,50,0.23671509325504303,0.21416936814785004,0.45088446140289307,0.4580448269844055,0.09107068181037903,0.0,2.9802322387695312e-08,37.58298110961914,22.236370086669922,189.74281311035156
ours_v1_corner_12k,ours_v1,"corner,gripperPOV",10047,20.0,90.0,4,0.6000000238418579,3,expert_cross,50,177,50,0.321300745010376,0.221633180975914,0.54293392598629,0.15872608125209808,0.2983400225639343,0.0,0.0,37.20689392089844,22.430559158325195,189.74156188964844
ours_v1_corner_12k,ours_v1,"corner,gripperPOV",10047,20.0,90.0,4,0.6000000238418579,7,expert_cross,50,177,50,0.31604647636413574,0.25942718982696533,0.5754736661911011,0.27031272649765015,0.15421359241008759,0.0,1.4901161193847656e-08,37.20689392089844,22.430559158325195,189.74156188964844
ours_v1_corner_12k,ours_v1,"corner,gripperPOV",10047,20.0,90.0,4,0.6000000238418579,11,expert_cross,50,177,50,0.23467466235160828,0.21432259678840637,0.44899725914001465,0.4595089256763458,0.09149379283189774,0.0,2.2351741790771484e-08,37.20689392089844,22.430559158325195,189.74156188964844
ours_v1_corner_12k,ours_v1,"corner,gripperPOV",10047,20.0,90.0,5,0.5,3,expert_cross,50,177,50,0.31946107745170593,0.2229352593421936,0.5423963367938995,0.15908609330654144,0.29851752519607544,0.0,4.470348358154297e-08,36.92378616333008,22.8411808013916,189.73219299316406
ours_v1_corner_12k,ours_v1,"corner,gripperPOV",10047,20.0,90.0,5,0.5,7,expert_cross,50,177,50,0.31861910223960876,0.2566814422607422,0.575300544500351,0.2721932828426361,0.15250618755817413,0.0,0.0,36.92378616333008,22.8411808013916,189.73219299316406
ours_v1_corner_12k,ours_v1,"corner,gripperPOV",10047,20.0,90.0,5,0.5,11,expert_cross,50,177,50,0.23271623253822327,0.2134675234556198,0.4461837559938431,0.4626130759716034,0.09120313823223114,0.0,2.9802322387695312e-08,36.92378616333008,22.8411808013916,189.73219299316406
ours_v1_corner_12k,ours_v1,"corner,gripperPOV",10047,20.0,90.0,6,0.4000000059604645,3,expert_cross,50,177,50,0.31713107228279114,0.22623862326145172,0.5433696955442429,0.1589967906475067,0.29763349890708923,0.0,1.4901161193847656e-08,36.7271842956543,23.285823822021484,189.73651123046875
ours_v1_corner_12k,ours_v1,"corner,gripperPOV",10047,20.0,90.0,6,0.4000000059604645,7,expert_cross,50,177,50,0.32113996148109436,0.25453194975852966,0.575671911239624,0.2744066119194031,0.1499215066432953,0.0,0.0,36.7271842956543,23.285823822021484,189.73651123046875
ours_v1_corner_12k,ours_v1,"corner,gripperPOV",10047,20.0,90.0,6,0.4000000059604645,11,expert_cross,50,177,50,0.2319512963294983,0.21461714804172516,0.44656844437122345,0.4628992974758148,0.09053229540586472,0.0,0.0,36.7271842956543,23.285823822021484,189.73651123046875
ours_v1_corner_12k,ours_v1,"corner,gripperPOV",10047,20.0,90.0,7,0.30000001192092896,3,expert_cross,50,177,50,0.31503599882125854,0.22978147864341736,0.5448174774646759,0.15921907126903534,0.29596346616744995,0.0,0.0,36.612823486328125,23.761808395385742,189.7276611328125
ours_v1_corner_12k,ours_v1,"corner,gripperPOV",10047,20.0,90.0,7,0.30000001192092896,7,expert_cross,50,177,50,0.32337212562561035,0.2523564100265503,0.5757285356521606,0.27668464183807373,0.14758683741092682,0.0,0.0,36.612823486328125,23.761808395385742,189.7276611328125
ours_v1_corner_12k,ours_v1,"corner,gripperPOV",10047,20.0,90.0,7,0.30000001192092896,11,expert_cross,50,177,50,0.23215435445308685,0.2168528288602829,0.44900718331336975,0.4621911346912384,0.08880174905061722,0.0,0.0,36.612823486328125,23.761808395385742,189.7276611328125
ours_v1_corner_12k,ours_v1,"corner,gripperPOV",10047,20.0,90.0,8,0.20000000298023224,3,expert_cross,50,177,50,0.31419137120246887,0.2352886199951172,0.5494799911975861,0.16066871583461761,0.2898513078689575,0.0,0.0,36.540077209472656,24.832530975341797,189.7350311279297
ours_v1_corner_12k,ours_v1,"corner,gripperPOV",10047,20.0,90.0,8,0.20000000298023224,7,expert_cross,50,177,50,0.3247551918029785,0.2496742308139801,0.5744294226169586,0.2809084355831146,0.14466211199760437,0.0,2.9802322387695312e-08,36.540077209472656,24.832530975341797,189.7350311279297
ours_v1_corner_12k,ours_v1,"corner,gripperPOV",10047,20.0,90.0,8,0.20000000298023224,11,expert_cross,50,177,50,0.2341378778219223,0.22099007666110992,0.4551279544830322,0.4589579403400421,0.08591408282518387,0.0,2.2351741790771484e-08,36.540077209472656,24.832530975341797,189.7350311279297
ours_v1_corner_12k,ours_v1,"corner,gripperPOV",10047,20.0,90.0,9,0.10000000149011612,3,expert_cross,50,177,50,0.3172106146812439,0.24603113532066345,0.5632417500019073,0.16650661826133728,0.27025163173675537,0.0,0.0,36.45918273925781,26.911157608032227,189.73289489746094
ours_v1_corner_12k,ours_v1,"corner,gripperPOV",10047,20.0,90.0,9,0.10000000149011612,7,expert_cross,50,177,50,0.3213379979133606,0.250308632850647,0.5716466307640076,0.28826460242271423,0.14008872210979462,0.0,4.470348358154297e-08,36.45918273925781,26.911157608032227,189.73289489746094
ours_v1_corner_12k,ours_v1,"corner,gripperPOV",10047,20.0,90.0,9,0.10000000149011612,11,expert_cross,50,177,50,0.24297834932804108,0.23137392103672028,0.47435227036476135,0.44699063897132874,0.07865709066390991,0.0,0.0,36.45918273925781,26.911157608032227,189.73289489746094
ours_v2_corner_12k,ours_v2,"corner,gripperPOV",10047,25.5,95.5,0,1.0,3,expert_cross,50,177,50,0.28928136825561523,0.26113471388816833,0.5504160821437836,0.1546747386455536,0.29490917921066284,0.0,0.0,39.305641174316406,20.9038028717041,189.73648071289062
ours_v2_corner_12k,ours_v2,"corner,gripperPOV",10047,25.5,95.5,0,1.0,7,expert_cross,50,177,50,0.31033337116241455,0.2635001540184021,0.5738335251808167,0.2761828601360321,0.14998359978199005,0.0,1.4901161193847656e-08,39.305641174316406,20.9038028717041,189.73648071289062
ours_v2_corner_12k,ours_v2,"corner,gripperPOV",10047,25.5,95.5,0,1.0,11,expert_cross,50,177,50,0.22419264912605286,0.23098213970661163,0.4551747888326645,0.46177777647972107,0.08304742723703384,0.0,7.450580596923828e-09,39.305641174316406,20.9038028717041,189.73648071289062
ours_v2_corner_12k,ours_v2,"corner,gripperPOV",10047,25.5,95.5,1,0.8999999761581421,3,expert_cross,50,177,50,0.28886720538139343,0.26120805740356445,0.5500752627849579,0.1545964926481247,0.29532819986343384,0.0,4.470348358154297e-08,38.58892059326172,20.91193389892578,189.736572265625
ours_v2_corner_12k,ours_v2,"corner,gripperPOV",10047,25.5,95.5,1,0.8999999761581421,7,expert_cross,50,177,50,0.31026557087898254,0.2606866955757141,0.5709522664546967,0.2783937454223633,0.15065394341945648,0.0,4.470348358154297e-08,38.58892059326172,20.91193389892578,189.736572265625
ours_v2_corner_12k,ours_v2,"corner,gripperPOV",10047,25.5,95.5,1,0.8999999761581421,11,expert_cross,50,177,50,0.2228853702545166,0.22797363996505737,0.450859010219574,0.4654783606529236,0.0836627334356308,0.0,0.0,38.58892059326172,20.91193389892578,189.736572265625
ours_v2_corner_12k,ours_v2,"corner,gripperPOV",10047,25.5,95.5,2,0.800000011920929,3,expert_cross,50,177,50,0.2884930968284607,0.26099878549575806,0.5494918823242188,0.15472905337810516,0.2957790791988373,0.0,0.0,37.99165344238281,21.16103744506836,189.73159790039062
ours_v2_corner_12k,ours_v2,"corner,gripperPOV",10047,25.5,95.5,2,0.800000011920929,7,expert_cross,50,177,50,0.3081488013267517,0.25974348187446594,0.5678922832012177,0.28079482913017273,0.151312917470932,0.0,0.0,37.99165344238281,21.16103744506836,189.73159790039062
ours_v2_corner_12k,ours_v2,"corner,gripperPOV",10047,25.5,95.5,2,0.800000011920929,11,expert_cross,50,177,50,0.2220316231250763,0.22950269281864166,0.45153431594371796,0.46639254689216614,0.08207317441701889,0.0,0.0,37.99165344238281,21.16103744506836,189.73159790039062
ours_v2_corner_12k,ours_v2,"corner,gripperPOV",10047,25.5,95.5,3,0.699999988079071,3,expert_cross,50,177,50,0.28792425990104675,0.26174604892730713,0.5496703088283539,0.15483815968036652,0.2954915463924408,0.0,0.0,37.4764404296875,21.405670166015625,189.7395477294922
ours_v2_corner_12k,ours_v2,"corner,gripperPOV",10047,25.5,95.5,3,0.699999988079071,7,expert_cross,50,177,50,0.31029435992240906,0.2568238377571106,0.5671181976795197,0.2823505401611328,0.15053127706050873,0.0,0.0,37.4764404296875,21.405670166015625,189.7395477294922
ours_v2_corner_12k,ours_v2,"corner,gripperPOV",10047,25.5,95.5,3,0.699999988079071,11,expert_cross,50,177,50,0.22191599011421204,0.23061582446098328,0.4525318145751953,0.4670332968235016,0.08043495565652847,0.0,0.0,37.4764404296875,21.405670166015625,189.7395477294922
ours_v2_corner_12k,ours_v2,"corner,gripperPOV",10047,25.5,95.5,4,0.6000000238418579,3,expert_cross,50,177,50,0.2874602973461151,0.26205429434776306,0.5495145916938782,0.15547092258930206,0.29501450061798096,0.0,0.0,37.03830337524414,21.720752716064453,189.7258758544922
ours_v2_corner_12k,ours_v2,"corner,gripperPOV",10047,25.5,95.5,4,0.6000000238418579,7,expert_cross,50,177,50,0.3092925548553467,0.2556931674480438,0.5649857223033905,0.2844642698764801,0.1505500078201294,0.0,0.0,37.03830337524414,21.720752716064453,189.7258758544922
ours_v2_corner_12k,ours_v2,"corner,gripperPOV",10047,25.5,95.5,4,0.6000000238418579,11,expert_cross,50,177,50,0.22163890302181244,0.23172783851623535,0.4533667415380478,0.4675725996494293,0.0790606439113617,0.0,1.4901161193847656e-08,37.03830337524414,21.720752716064453,189.7258758544922
ours_v2_corner_12k,ours_v2,"corner,gripperPOV",10047,25.5,95.5,5,0.5,3,expert_cross,50,177,50,0.2871381938457489,0.26288875937461853,0.5500269532203674,0.15560203790664673,0.29437100887298584,0.0,0.0,36.68399429321289,22.080778121948242,189.73854064941406
ours_v2_corner_12k,ours_v2,"corner,gripperPOV",10047,25.5,95.5,5,0.5,7,expert_cross,50,177,50,0.31133779883384705,0.2544593811035156,0.5657971799373627,0.2845280170440674,0.14967475831508636,0.0,4.470348358154297e-08,36.68399429321289,22.080778121948242,189.73854064941406
ours_v2_corner_12k,ours_v2,"corner,gripperPOV",10047,25.5,95.5,5,0.5,11,expert_cross,50,177,50,0.22173218429088593,0.23346659541130066,0.4551987797021866,0.46767711639404297,0.07712411135435104,0.0,0.0,36.68399429321289,22.080778121948242,189.73854064941406
ours_v2_corner_12k,ours_v2,"corner,gripperPOV",10047,25.5,95.5,6,0.4000000059604645,3,expert_cross,50,177,50,0.2869560420513153,0.26432910561561584,0.5512851476669312,0.15610018372535706,0.2926146686077118,0.0,0.0,36.404930114746094,22.615591049194336,189.74099731445312
ours_v2_corner_12k,ours_v2,"corner,gripperPOV",10047,25.5,95.5,6,0.4000000059604645,7,expert_cross,50,177,50,0.31256356835365295,0.25382956862449646,0.5663931369781494,0.2856971323490143,0.1479097157716751,0.0,1.4901161193847656e-08,36.404930114746094,22.615591049194336,189.74099731445312
ours_v2_corner_12k,ours_v2,"corner,gripperPOV",10047,25.5,95.5,6,0.4000000059604645,11,expert_cross,50,177,50,0.22382834553718567,0.23873735964298248,0.46256570518016815,0.4637599587440491,0.073674276471138,0.0,5.960464477539063e-08,36.404930114746094,22.615591049194336,189.74099731445312
ours_v2_corner_12k,ours_v2,"corner,gripperPOV",10047,25.5,95.5,7,0.30000001192092896,3,expert_cross,50,177,50,0.2876352071762085,0.26627373695373535,0.5539089441299438,0.15750563144683838,0.2885853946208954,0.0,2.9802322387695312e-08,36.18666076660156,23.323192596435547,189.75057983398438
ours_v2_corner_12k,ours_v2,"corner,gripperPOV",10047,25.5,95.5,7,0.30000001192092896,7,expert_cross,50,177,50,0.31267836689949036,0.2544001340866089,0.5670785009860992,0.286692351102829,0.14622914791107178,0.0,0.0,36.18666076660156,23.323192596435547,189.75057983398438
ours_v2_corner_12k,ours_v2,"corner,gripperPOV",10047,25.5,95.5,7,0.30000001192092896,11,expert_cross,50,177,50,0.22700388729572296,0.24356676638126373,0.4705706536769867,0.4604267179965973,0.06900264322757721,0.0,0.0,36.18666076660156,23.323192596435547,189.75057983398438
ours_v2_corner_12k,ours_v2,"corner,gripperPOV",10047,25.5,95.5,8,0.20000000298023224,3,expert_cross,50,177,50,0.28884100914001465,0.26846739649772644,0.5573084056377411,0.15938687324523926,0.28330472111701965,0.0,0.0,36.013214111328125,24.398897171020508,189.73809814453125
ours_v2_corner_12k,ours_v2,"corner,gripperPOV",10047,25.5,95.5,8,0.20000000298023224,7,expert_cross,50,177,50,0.31255584955215454,0.25477930903434753,0.5673351585865021,0.2889018952846527,0.14376291632652283,0.0,2.9802322387695312e-08,36.013214111328125,24.398897171020508,189.73809814453125
ours_v2_corner_12k,ours_v2,"corner,gripperPOV",10047,25.5,95.5,8,0.20000000298023224,11,expert_cross,50,177,50,0.23253604769706726,0.2527018189430237,0.48523786664009094,0.45134249329566956,0.06341966986656189,0.0,0.0,36.013214111328125,24.398897171020508,189.73809814453125
ours_v2_corner_12k,ours_v2,"corner,gripperPOV",10047,25.5,95.5,9,0.10000000149011612,3,expert_cross,50,177,50,0.29376161098480225,0.2734576463699341,0.5672192573547363,0.16472738981246948,0.2680533230304718,0.0,2.9802322387695312e-08,35.80974578857422,26.820940017700195,189.73861694335938
ours_v2_corner_12k,ours_v2,"corner,gripperPOV",10047,25.5,95.5,9,0.10000000149011612,7,expert_cross,50,177,50,0.3073912560939789,0.25624868273735046,0.5636399388313293,0.2963082194328308,0.14005190134048462,0.0,0.0,35.80974578857422,26.820940017700195,189.73861694335938
ours_v2_corner_12k,ours_v2,"corner,gripperPOV",10047,25.5,95.5,9,0.10000000149011612,11,expert_cross,50,177,50,0.24348442256450653,0.264108270406723,0.5075926929712296,0.43650519847869873,0.0559021420776844,0.0,0.0,35.80974578857422,26.820940017700195,189.73861694335938
ours_v3_corner_12k,ours_v3,"corner,gripperPOV",10047,32.0,94.5,0,1.0,3,expert_cross,50,177,50,0.30657878518104553,0.2452307939529419,0.5518095791339874,0.13410255312919617,0.3140878975391388,0.0,0.0,39.305641174316406,21.880537033081055,189.74090576171875
ours_v3_corner_12k,ours_v3,"corner,gripperPOV",10047,32.0,94.5,0,1.0,7,expert_cross,50,177,50,0.3169388473033905,0.2351393699645996,0.5520782172679901,0.2696879208087921,0.17823384702205658,0.0,1.4901161193847656e-08,39.305641174316406,21.880537033081055,189.74090576171875
ours_v3_corner_12k,ours_v3,"corner,gripperPOV",10047,32.0,94.5,0,1.0,11,expert_cross,50,177,50,0.37455040216445923,0.24200540781021118,0.6165558099746704,0.3222055733203888,0.06123857572674751,0.0,4.0978193283081055e-08,39.305641174316406,21.880537033081055,189.74090576171875
ours_v3_corner_12k,ours_v3,"corner,gripperPOV",10047,32.0,94.5,1,0.8999999761581421,3,expert_cross,50,177,50,0.3053099513053894,0.24469751119613647,0.5500074625015259,0.13473376631736755,0.3152587413787842,0.0,2.9802322387695312e-08,38.51408386230469,21.796628952026367,189.74081420898438
ours_v3_corner_12k,ours_v3,"corner,gripperPOV",10047,32.0,94.5,1,0.8999999761581421,7,expert_cross,50,177,50,0.3138985335826874,0.23339566588401794,0.5472941994667053,0.273519366979599,0.17918644845485687,0.0,0.0,38.51408386230469,21.796628952026367,189.74081420898438
ours_v3_corner_12k,ours_v3,"corner,gripperPOV",10047,32.0,94.5,1,0.8999999761581421,11,expert_cross,50,177,50,0.3731091618537903,0.23837092518806458,0.6114800870418549,0.32616326212882996,0.06235666945576668,0.0,0.0,38.51408386230469,21.796628952026367,189.74081420898438
ours_v3_corner_12k,ours_v3,"corner,gripperPOV",10047,32.0,94.5,2,0.800000011920929,3,expert_cross,50,177,50,0.3040413558483124,0.2449122667312622,0.5489536225795746,0.13520747423171997,0.31583887338638306,0.0,2.9802322387695312e-08,37.84585952758789,22.03902244567871,189.73822021484375
ours_v3_corner_12k,ours_v3,"corner,gripperPOV",10047,32.0,94.5,2,0.800000011920929,7,expert_cross,50,177,50,0.3145601153373718,0.23181825876235962,0.5463783740997314,0.27549195289611816,0.1781296730041504,0.0,0.0,37.84585952758789,22.03902244567871,189.73822021484375
ours_v3_corner_12k,ours_v3,"corner,gripperPOV",10047,32.0,94.5,2,0.800000011920929,11,expert_cross,50,177,50,0.37265917658805847,0.23872771859169006,0.6113868951797485,0.3272361755371094,0.061376918107271194,0.0,1.1175870895385742e-08,37.84585952758789,22.03902244567871,189.73822021484375
ours_v3_corner_12k,ours_v3,"corner,gripperPOV",10047,32.0,94.5,3,0.699999988079071,3,expert_cross,50,177,50,0.3026668131351471,0.2450203001499176,0.5476871132850647,0.1359620839357376,0.3163508176803589,0.0,0.0,37.26377868652344,22.237770080566406,189.72816467285156
ours_v3_corner_12k,ours_v3,"corner,gripperPOV",10047,32.0,94.5,3,0.699999988079071,7,expert_cross,50,177,50,0.3158450424671173,0.230568990111351,0.5464140325784683,0.27705028653144836,0.1765356808900833,0.0,0.0,37.26377868652344,22.237770080566406,189.72816467285156
ours_v3_corner_12k,ours_v3,"corner,gripperPOV",10047,32.0,94.5,3,0.699999988079071,11,expert_cross,50,177,50,0.3706621825695038,0.23903200030326843,0.6096941828727722,0.3298092186450958,0.06049657240509987,0.0,2.60770320892334e-08,37.26377868652344,22.237770080566406,189.72816467285156
ours_v3_corner_12k,ours_v3,"corner,gripperPOV",10047,32.0,94.5,4,0.6000000238418579,3,expert_cross,50,177,50,0.30120155215263367,0.24564248323440552,0.5468440353870392,0.13694551587104797,0.31621044874191284,0.0,0.0,36.76689529418945,22.633602142333984,189.7326202392578
ours_v3_corner_12k,ours_v3,"corner,gripperPOV",10047,32.0,94.5,4,0.6000000238418579,7,expert_cross,50,177,50,0.31407201290130615,0.22712089121341705,0.5411929041147232,0.28230583667755127,0.17650121450424194,0.0,4.470348358154297e-08,36.76689529418945,22.633602142333984,189.7326202392578
ours_v3_corner_12k,ours_v3,"corner,gripperPOV",10047,32.0,94.5,4,0.6000000238418579,11,expert_cross,50,177,50,0.3696097731590271,0.24125166237354279,0.6108614355325699,0.32900112867355347,0.060137391090393066,0.0,4.470348358154297e-08,36.76689529418945,22.633602142333984,189.7326202392578
ours_v3_corner_12k,ours_v3,"corner,gripperPOV",10047,32.0,94.5,5,0.5,3,expert_cross,50,177,50,0.3004322648048401,0.24592411518096924,0.5463563799858093,0.13732895255088806,0.3163146674633026,0.0,0.0,36.353050231933594,22.926593780517578,189.7282257080078
ours_v3_corner_12k,ours_v3,"corner,gripperPOV",10047,32.0,94.5,5,0.5,7,expert_cross,50,177,50,0.3150918781757355,0.22630943357944489,0.5414013117551804,0.2834411561489105,0.1751575917005539,0.0,0.0,36.353050231933594,22.926593780517578,189.7282257080078
ours_v3_corner_12k,ours_v3,"corner,gripperPOV",10047,32.0,94.5,5,0.5,11,expert_cross,50,177,50,0.36865803599357605,0.24342797696590424,0.6120860129594803,0.32901105284690857,0.05890285223722458,0.0,8.195638656616211e-08,36.353050231933594,22.926593780517578,189.7282257080078
ours_v3_corner_12k,ours_v3,"corner,gripperPOV",10047,32.0,94.5,6,0.4000000059604645,3,expert_cross,50,177,50,0.2983469069004059,0.247330442070961,0.5456773489713669,0.13980738818645477,0.31451529264450073,0.0,0.0,36.00535583496094,23.713863372802734,189.73007202148438
ours_v3_corner_12k,ours_v3,"corner,gripperPOV",10047,32.0,94.5,6,0.4000000059604645,7,expert_cross,50,177,50,0.31473204493522644,0.22409509122371674,0.5388271361589432,0.2864830791950226,0.17468978464603424,0.0,0.0,36.00535583496094,23.713863372802734,189.73007202148438
ours_v3_corner_12k,ours_v3,"corner,gripperPOV",10047,32.0,94.5,6,0.4000000059604645,11,expert_cross,50,177,50,0.36718717217445374,0.2485729604959488,0.6157601326704025,0.3272949457168579,0.05694492533802986,0.0,0.0,36.00535583496094,23.713863372802734,189.73007202148438
ours_v3_corner_12k,ours_v3,"corner,gripperPOV",10047,32.0,94.5,7,0.30000001192092896,3,expert_cross,50,177,50,0.2980756461620331,0.24823926389217377,0.5463149100542068,0.14262345433235168,0.31106165051460266,0.0,0.0,35.723731994628906,24.786258697509766,189.7349853515625
ours_v3_corner_12k,ours_v3,"corner,gripperPOV",10047,32.0,94.5,7,0.30000001192092896,7,expert_cross,50,177,50,0.3148936629295349,0.22079402208328247,0.5356876850128174,0.2915990352630615,0.1727132797241211,0.0,0.0,35.723731994628906,24.786258697509766,189.7349853515625
ours_v3_corner_12k,ours_v3,"corner,gripperPOV",10047,32.0,94.5,7,0.30000001192092896,11,expert_cross,50,177,50,0.367483913898468,0.25486791133880615,0.6223518252372742,0.3236829340457916,0.053965214639902115,0.0,2.60770320892334e-08,35.723731994628906,24.786258697509766,189.7349853515625
ours_v3_corner_12k,ours_v3,"corner,gripperPOV",10047,32.0,94.5,8,0.20000000298023224,3,expert_cross,50,177,50,0.2981680929660797,0.25061795115470886,0.5487860441207886,0.14930474758148193,0.30190926790237427,0.0,0.0,35.48712158203125,27.095293045043945,189.734375
ours_v3_corner_12k,ours_v3,"corner,gripperPOV",10047,32.0,94.5,8,0.20000000298023224,7,expert_cross,50,177,50,0.31341785192489624,0.2181304544210434,0.5315483063459396,0.29654258489608765,0.1719091236591339,0.0,0.0,35.48712158203125,27.095293045043945,189.734375
ours_v3_corner_12k,ours_v3,"corner,gripperPOV",10047,32.0,94.5,8,0.20000000298023224,11,expert_cross,50,177,50,0.3673504590988159,0.2639980614185333,0.6313485205173492,0.31831052899360657,0.05034101754426956,0.0,0.0,35.48712158203125,27.095293045043945,189.734375
ours_v3_corner_12k,ours_v3,"corner,gripperPOV",10047,32.0,94.5,9,0.10000000149011612,3,expert_cross,50,177,50,0.29966744780540466,0.2580287754535675,0.5576962232589722,0.16488561034202576,0.27741819620132446,0.0,0.0,35.250511169433594,32.094234466552734,189.74302673339844
ours_v3_corner_12k,ours_v3,"corner,gripperPOV",10047,32.0,94.5,9,0.10000000149011612,7,expert_cross,50,177,50,0.30811968445777893,0.21786551177501678,0.5259851962327957,0.3062560260295868,0.1677587926387787,0.0,0.0,35.250511169433594,32.094234466552734,189.74302673339844
ours_v3_corner_12k,ours_v3,"corner,gripperPOV",10047,32.0,94.5,9,0.10000000149011612,11,expert_cross,50,177,50,0.3700055480003357,0.27494877576828003,0.6449543237686157,0.3106693625450134,0.04437634348869324,0.0,0.0,35.250511169433594,32.094234466552734,189.74302673339844
ours_v4_corner_12k,ours_v4,"corner,gripperPOV",10047,34.5,95.0,0,1.0,3,expert_cross,50,177,50,0.2844330370426178,0.2716144323348999,0.5560474693775177,0.14503732323646545,0.29891523718833923,0.0,0.0,39.305641174316406,22.89824104309082,189.73501586914062
ours_v4_corner_12k,ours_v4,"corner,gripperPOV",10047,34.5,95.0,0,1.0,7,expert_cross,50,177,50,0.3017657399177551,0.20920351147651672,0.5109692513942719,0.28612783551216125,0.20290285348892212,0.0,5.960464477539063e-08,39.305641174316406,22.89824104309082,189.73501586914062
ours_v4_corner_12k,ours_v4,"corner,gripperPOV",10047,34.5,95.0,0,1.0,11,expert_cross,50,177,50,0.37338247895240784,0.2405639886856079,0.6139464676380157,0.3402608036994934,0.04579273611307144,0.0,0.0,39.305641174316406,22.89824104309082,189.73501586914062
ours_v4_corner_12k,ours_v4,"corner,gripperPOV",10047,34.5,95.0,1,0.8999999761581421,3,expert_cross,50,177,50,0.2841046154499054,0.2714794874191284,0.5555841028690338,0.1457970142364502,0.2986189126968384,0.0,0.0,38.48770523071289,22.906463623046875,189.73556518554688
ours_v4_corner_12k,ours_v4,"corner,gripperPOV",10047,34.5,95.0,1,0.8999999761581421,7,expert_cross,50,177,50,0.3005671501159668,0.20667250454425812,0.5072396546602249,0.2887520492076874,0.2040082812309265,0.0,1.4901161193847656e-08,38.48770523071289,22.906463623046875,189.73556518554688
ours_v4_corner_12k,ours_v4,"corner,gripperPOV",10047,34.5,95.0,1,0.8999999761581421,11,expert_cross,50,177,50,0.37226602435112,0.23813936114311218,0.6104053854942322,0.3438446819782257,0.045749928802251816,0.0,3.725290298461914e-09,38.48770523071289,22.906463623046875,189.73556518554688
ours_v4_corner_12k,ours_v4,"corner,gripperPOV",10047,34.5,95.0,2,0.800000011920929,3,expert_cross,50,177,50,0.28414052724838257,0.27125221490859985,0.5553927421569824,0.1460200846195221,0.2985871434211731,0.0,2.9802322387695312e-08,37.808135986328125,23.08453941345215,189.73194885253906
ours_v4_corner_12k,ours_v4,"corner,gripperPOV",10047,34.5,95.0,2,0.800000011920929,7,expert_cross,50,177,50,0.30010706186294556,0.20456209778785706,0.5046691596508026,0.2913469076156616,0.20398393273353577,0.0,0.0,37.808135986328125,23.08453941345215,189.73194885253906
ours_v4_corner_12k,ours_v4,"corner,gripperPOV",10047,34.5,95.0,2,0.800000011920929,11,expert_cross,50,177,50,0.3712104558944702,0.23835647106170654,0.6095669269561768,0.3446594178676605,0.04577366262674332,0.0,0.0,37.808135986328125,23.08453941345215,189.73194885253906
ours_v4_corner_12k,ours_v4,"corner,gripperPOV",10047,34.5,95.0,3,0.699999988079071,3,expert_cross,50,177,50,0.2840024530887604,0.27093490958213806,0.5549373626708984,0.14672844111919403,0.2983342111110687,0.0,0.0,37.22113800048828,23.446090698242188,189.73239135742188
ours_v4_corner_12k,ours_v4,"corner,gripperPOV",10047,34.5,95.0,3,0.699999988079071,7,expert_cross,50,177,50,0.2990979850292206,0.20231188833713531,0.5014098733663559,0.2940937578678131,0.20449639856815338,0.0,0.0,37.22113800048828,23.446090698242188,189.73239135742188
ours_v4_corner_12k,ours_v4,"corner,gripperPOV",10047,34.5,95.0,3,0.699999988079071,11,expert_cross,50,177,50,0.370726615190506,0.24121756851673126,0.6119441837072372,0.3431231379508972,0.04493271932005882,0.0,0.0,37.22113800048828,23.446090698242188,189.73239135742188
ours_v4_corner_12k,ours_v4,"corner,gripperPOV",10047,34.5,95.0,4,0.6000000238418579,3,expert_cross,50,177,50,0.28336381912231445,0.2708820104598999,0.5542458295822144,0.14726504683494568,0.29848912358283997,0.0,0.0,36.7365837097168,23.83808708190918,189.7313995361328
ours_v4_corner_12k,ours_v4,"corner,gripperPOV",10047,34.5,95.0,4,0.6000000238418579,7,expert_cross,50,177,50,0.2974860370159149,0.19954603910446167,0.4970320761203766,0.2973826825618744,0.2055852711200714,0.0,0.0,36.7365837097168,23.83808708190918,189.7313995361328
ours_v4_corner_12k,ours_v4,"corner,gripperPOV",10047,34.5,95.0,4,0.6000000238418579,11,expert_cross,50,177,50,0.36872565746307373,0.2424187958240509,0.6111444532871246,0.3437812924385071,0.045074235647916794,0.0,1.862645149230957e-08,36.7365837097168,23.83808708190918,189.7313995361328
ours_v4_corner_12k,ours_v4,"corner,gripperPOV",10047,34.5,95.0,5,0.5,3,expert_cross,50,177,50,0.28416144847869873,0.27062976360321045,0.5547912120819092,0.1474626362323761,0.2977461516857147,0.0,0.0,36.345340728759766,24.25308609008789,189.73760986328125
ours_v4_corner_12k,ours_v4,"corner,gripperPOV",10047,34.5,95.0,5,0.5,7,expert_cross,50,177,50,0.29646772146224976,0.19857409596443176,0.4950418174266815,0.29888826608657837,0.2060699313879013,0.0,0.0,36.345340728759766,24.25308609008789,189.73760986328125
ours_v4_corner_12k,ours_v4,"corner,gripperPOV",10047,34.5,95.0,5,0.5,11,expert_cross,50,177,50,0.366504430770874,0.24554085731506348,0.6120452880859375,0.3428991436958313,0.04505559429526329,0.0,0.0,36.345340728759766,24.25308609008789,189.73760986328125
ours_v4_corner_12k,ours_v4,"corner,gripperPOV",10047,34.5,95.0,6,0.4000000059604645,3,expert_cross,50,177,50,0.28373658657073975,0.2707100510597229,0.5544466376304626,0.1492021381855011,0.29635119438171387,0.0,2.9802322387695312e-08,36.04739761352539,24.87118911743164,189.73031616210938
ours_v4_corner_12k,ours_v4,"corner,gripperPOV",10047,34.5,95.0,6,0.4000000059604645,7,expert_cross,50,177,50,0.29716160893440247,0.19825077056884766,0.4954123795032501,0.29969581961631775,0.20489178597927094,0.0,1.4901161193847656e-08,36.04739761352539,24.87118911743164,189.73031616210938
ours_v4_corner_12k,ours_v4,"corner,gripperPOV",10047,34.5,95.0,6,0.4000000059604645,11,expert_cross,50,177,50,0.3655094802379608,0.2508406341075897,0.6163501143455505,0.3404114246368408,0.04323844239115715,0.0,1.862645149230957e-08,36.04739761352539,24.87118911743164,189.73031616210938
ours_v4_corner_12k,ours_v4,"corner,gripperPOV",10047,34.5,95.0,7,0.30000001192092896,3,expert_cross,50,177,50,0.2839394807815552,0.27095451951026917,0.5548940002918243,0.15270037949085236,0.2924056053161621,0.0,1.4901161193847656e-08,35.832801818847656,25.877548217773438,189.72923278808594
ours_v4_corner_12k,ours_v4,"corner,gripperPOV",10047,34.5,95.0,7,0.30000001192092896,7,expert_cross,50,177,50,0.29507699608802795,0.19758839905261993,0.4926653951406479,0.3021409213542938,0.2051936835050583,0.0,0.0,35.832801818847656,25.877548217773438,189.72923278808594
ours_v4_corner_12k,ours_v4,"corner,gripperPOV",10047,34.5,95.0,7,0.30000001192092896,11,expert_cross,50,177,50,0.3633284866809845,0.2564152777194977,0.6197437644004822,0.33731958270072937,0.04293663054704666,0.0,2.2351741790771484e-08,35.832801818847656,25.877548217773438,189.72923278808594
ours_v4_corner_12k,ours_v4,"corner,gripperPOV",10047,34.5,95.0,8,0.20000000298023224,3,expert_cross,50,177,50,0.2847347557544708,0.2710534930229187,0.5557882487773895,0.15867003798484802,0.28554171323776245,0.0,0.0,35.68230056762695,27.5566349029541,189.7342071533203
ours_v4_corner_12k,ours_v4,"corner,gripperPOV",10047,34.5,95.0,8,0.20000000298023224,7,expert_cross,50,177,50,0.2923019230365753,0.19895096123218536,0.4912528842687607,0.3036360740661621,0.20511098206043243,0.0,5.960464477539063e-08,35.68230056762695,27.5566349029541,189.7342071533203
ours_v4_corner_12k,ours_v4,"corner,gripperPOV",10047,34.5,95.0,8,0.20000000298023224,11,expert_cross,50,177,50,0.36320850253105164,0.26608532667160034,0.629293829202652,0.3294171988964081,0.04128901660442352,0.0,0.0,35.68230056762695,27.5566349029541,189.7342071533203
ours_v4_corner_12k,ours_v4,"corner,gripperPOV",10047,34.5,95.0,9,0.10000000149011612,3,expert_cross,50,177,50,0.2892090678215027,0.27260932326316833,0.561818391084671,0.17052771151065826,0.2676539123058319,0.0,0.0,35.51205062866211,31.227460861206055,189.73948669433594
ours_v4_corner_12k,ours_v4,"corner,gripperPOV",10047,34.5,95.0,9,0.10000000149011612,7,expert_cross,50,177,50,0.2865403890609741,0.20434436202049255,0.4908847510814667,0.31054842472076416,0.19856685400009155,0.0,0.0,35.51205062866211,31.227460861206055,189.73948669433594
ours_v4_corner_12k,ours_v4,"corner,gripperPOV",10047,34.5,95.0,9,0.10000000149011612,11,expert_cross,50,177,50,0.36410677433013916,0.2747683823108673,0.6388751566410065,0.32186976075172424,0.03925506770610809,0.0,1.4901161193847656e-08,35.51205062866211,31.227460861206055,189.73948669433594
random_corner_12k,random,"corner,gripperPOV",10047,32.0,94.5,0,1.0,3,expert_cross,50,177,50,0.3186815083026886,0.243789941072464,0.5624714493751526,0.13252362608909607,0.30500495433807373,0.0,0.0,39.305641174316406,20.610864639282227,189.73883056640625
random_corner_12k,random,"corner,gripperPOV",10047,32.0,94.5,0,1.0,7,expert_cross,50,177,50,0.3024708032608032,0.24309663474559784,0.5455674380064011,0.244114950299263,0.21031762659549713,0.0,0.0,39.305641174316406,20.610864639282227,189.73883056640625
random_corner_12k,random,"corner,gripperPOV",10047,32.0,94.5,0,1.0,11,expert_cross,50,177,50,0.35811296105384827,0.24044091999530792,0.5985538810491562,0.3508417010307312,0.05060441046953201,0.0,7.450580596923828e-09,39.305641174316406,20.610864639282227,189.73883056640625
random_corner_12k,random,"corner,gripperPOV",10047,32.0,94.5,1,0.8999999761581421,3,expert_cross,50,177,50,0.31766390800476074,0.24374283850193024,0.561406746506691,0.1324908286333084,0.306102454662323,0.0,0.0,38.59871292114258,20.622554779052734,189.73294067382812
random_corner_12k,random,"corner,gripperPOV",10047,32.0,94.5,1,0.8999999761581421,7,expert_cross,50,177,50,0.3019740879535675,0.2402493953704834,0.5422234833240509,0.24687455594539642,0.21090197563171387,0.0,0.0,38.59871292114258,20.622554779052734,189.73294067382812
random_corner_12k,random,"corner,gripperPOV",10047,32.0,94.5,1,0.8999999761581421,11,expert_cross,50,177,50,0.35720324516296387,0.2378808856010437,0.5950841307640076,0.3543223440647125,0.050593506544828415,0.0,1.862645149230957e-08,38.59871292114258,20.622554779052734,189.73294067382812
random_corner_12k,random,"corner,gripperPOV",10047,32.0,94.5,2,0.800000011920929,3,expert_cross,50,177,50,0.3165910840034485,0.24382983148097992,0.5604209154844284,0.13271455466747284,0.30686452984809875,0.0,0.0,37.99397659301758,20.80779266357422,189.73489379882812
random_corner_12k,random,"corner,gripperPOV",10047,32.0,94.5,2,0.800000011920929,7,expert_cross,50,177,50,0.30214181542396545,0.23889517784118652,0.541036993265152,0.24791446328163147,0.21104855835437775,0.0,0.0,37.99397659301758,20.80779266357422,189.73489379882812
random_corner_12k,random,"corner,gripperPOV",10047,32.0,94.5,2,0.800000011920929,11,expert_cross,50,177,50,0.35589009523391724,0.23683087527751923,0.5927209705114365,0.3562050759792328,0.05107398331165314,0.0,0.0,37.99397659301758,20.80779266357422,189.73489379882812
random_corner_12k,random,"corner,gripperPOV",10047,32.0,94.5,3,0.699999988079071,3,expert_cross,50,177,50,0.31518757343292236,0.2440246343612671,0.5592122077941895,0.13338850438594818,0.3073992431163788,0.0,4.470348358154297e-08,37.46918487548828,20.943601608276367,189.73489379882812
random_corner_12k,random,"corner,gripperPOV",10047,32.0,94.5,3,0.699999988079071,7,expert_cross,50,177,50,0.3017479479312897,0.23673561215400696,0.5384835600852966,0.2508223056793213,0.2106941193342209,0.0,1.4901161193847656e-08,37.46918487548828,20.943601608276367,189.73489379882812
random_corner_12k,random,"corner,gripperPOV",10047,32.0,94.5,3,0.699999988079071,11,expert_cross,50,177,50,0.3552459180355072,0.23673711717128754,0.5919830352067947,0.35740748047828674,0.050609488040208817,0.0,0.0,37.46918487548828,20.943601608276367,189.73489379882812
random_corner_12k,random,"corner,gripperPOV",10047,32.0,94.5,4,0.6000000238418579,3,expert_cross,50,177,50,0.31382161378860474,0.24463047087192535,0.5584520846605301,0.13350799679756165,0.30803990364074707,0.0,1.4901161193847656e-08,37.021827697753906,21.303298950195312,189.74185180664062
random_corner_12k,random,"corner,gripperPOV",10047,32.0,94.5,4,0.6000000238418579,7,expert_cross,50,177,50,0.30095160007476807,0.234265998005867,0.5352175980806351,0.25420960783958435,0.21057280898094177,0.0,0.0,37.021827697753906,21.303298950195312,189.74185180664062
random_corner_12k,random,"corner,gripperPOV",10047,32.0,94.5,4,0.6000000238418579,11,expert_cross,50,177,50,0.3545709252357483,0.23741239309310913,0.5919833183288574,0.3571954369544983,0.050821252167224884,0.0,0.0,37.021827697753906,21.303298950195312,189.74185180664062
random_corner_12k,random,"corner,gripperPOV",10047,32.0,94.5,5,0.5,3,expert_cross,50,177,50,0.31297510862350464,0.24486853182315826,0.5578436404466629,0.13340115547180176,0.30875518918037415,0.0,1.4901161193847656e-08,36.64495086669922,21.59482765197754,189.73361206054688
random_corner_12k,random,"corner,gripperPOV",10047,32.0,94.5,5,0.5,7,expert_cross,50,177,50,0.3006564974784851,0.23250529170036316,0.5331617891788483,0.2567678987979889,0.21007035672664642,0.0,0.0,36.64495086669922,21.59482765197754,189.73361206054688
random_corner_12k,random,"corner,gripperPOV",10047,32.0,94.5,5,0.5,11,expert_cross,50,177,50,0.3532286286354065,0.23875193297863007,0.5919805616140366,0.3577427864074707,0.05027665197849274,0.0,0.0,36.64495086669922,21.59482765197754,189.73361206054688
random_corner_12k,random,"corner,gripperPOV",10047,32.0,94.5,6,0.4000000059604645,3,expert_cross,50,177,50,0.31196704506874084,0.24609987437725067,0.5580669194459915,0.13424453139305115,0.30768856406211853,0.0,0.0,36.338340759277344,22.240306854248047,189.73973083496094
random_corner_12k,random,"corner,gripperPOV",10047,32.0,94.5,6,0.4000000059604645,7,expert_cross,50,177,50,0.29978492856025696,0.23110131919384003,0.530886247754097,0.26090726256370544,0.20820651948451996,0.0,0.0,36.338340759277344,22.240306854248047,189.73973083496094
random_corner_12k,random,"corner,gripperPOV",10047,32.0,94.5,6,0.4000000059604645,11,expert_cross,50,177,50,0.35328638553619385,0.24274428188800812,0.596030667424202,0.354926198720932,0.04904313012957573,0.0,3.725290298461914e-09,36.338340759277344,22.240306854248047,189.73973083496094
random_corner_12k,random,"corner,gripperPOV",10047,32.0,94.5,7,0.30000001192092896,3,expert_cross,50,177,50,0.31164535880088806,0.24747340381145477,0.5591187626123428,0.13626030087471008,0.3046209216117859,0.0,1.4901161193847656e-08,36.102413177490234,23.01871109008789,189.721923828125
random_corner_12k,random,"corner,gripperPOV",10047,32.0,94.5,7,0.30000001192092896,7,expert_cross,50,177,50,0.2992231547832489,0.22867009043693542,0.5278932452201843,0.2665366530418396,0.20557008683681488,0.0,1.4901161193847656e-08,36.102413177490234,23.01871109008789,189.721923828125
random_corner_12k,random,"corner,gripperPOV",10047,32.0,94.5,7,0.30000001192092896,11,expert_cross,50,177,50,0.3536481559276581,0.24932105839252472,0.6029692143201828,0.34960198402404785,0.04742881655693054,0.0,0.0,36.102413177490234,23.01871109008789,189.721923828125
random_corner_12k,random,"corner,gripperPOV",10047,32.0,94.5,8,0.20000000298023224,3,expert_cross,50,177,50,0.3119772672653198,0.24971669912338257,0.5616939663887024,0.14025963842868805,0.29804638028144836,0.0,1.4901161193847656e-08,35.90807342529297,24.39137840270996,189.73660278320312
random_corner_12k,random,"corner,gripperPOV",10047,32.0,94.5,8,0.20000000298023224,7,expert_cross,50,177,50,0.2973129153251648,0.2271491140127182,0.524462029337883,0.27389463782310486,0.20164337754249573,0.0,0.0,35.90807342529297,24.39137840270996,189.73660278320312
random_corner_12k,random,"corner,gripperPOV",10047,32.0,94.5,8,0.20000000298023224,11,expert_cross,50,177,50,0.35441258549690247,0.2596985697746277,0.6141111552715302,0.34074750542640686,0.04514133185148239,0.0,7.450580596923828e-09,35.90807342529297,24.39137840270996,189.73660278320312
random_corner_12k,random,"corner,gripperPOV",10047,32.0,94.5,9,0.10000000149011612,3,expert_cross,50,177,50,0.31645289063453674,0.2539933919906616,0.5704462826251984,0.14919012784957886,0.28036361932754517,0.0,0.0,35.718868255615234,27.641542434692383,189.7264404296875
random_corner_12k,random,"corner,gripperPOV",10047,32.0,94.5,9,0.10000000149011612,7,expert_cross,50,177,50,0.29425328969955444,0.226505845785141,0.5207591354846954,0.2891034483909607,0.19013744592666626,0.0,0.0,35.718868255615234,27.641542434692383,189.7264404296875
random_corner_12k,random,"corner,gripperPOV",10047,32.0,94.5,9,0.10000000149011612,11,expert_cross,50,177,50,0.3585197329521179,0.2743792235851288,0.6328989565372467,0.326213002204895,0.04088805243372917,0.0,0.0,35.718868255615234,27.641542434692383,189.7264404296875
uniform_corner_12k,uniform,"corner,gripperPOV",10047,28.2,92.5,0,1.0,3,expert_cross,50,177,50,0.31441807746887207,0.26780328154563904,0.5822213590145111,0.10498394072055817,0.31279462575912476,0.0,7.450580596923828e-08,39.305641174316406,20.682453155517578,189.7392120361328
uniform_corner_12k,uniform,"corner,gripperPOV",10047,28.2,92.5,0,1.0,7,expert_cross,50,177,50,0.32966092228889465,0.16958214342594147,0.4992430657148361,0.3339880108833313,0.16676895320415497,0.0,0.0,39.305641174316406,20.682453155517578,189.7392120361328
uniform_corner_12k,uniform,"corner,gripperPOV",10047,28.2,92.5,0,1.0,11,expert_cross,50,177,50,0.3687877655029297,0.2871239483356476,0.6559117138385773,0.29776254296302795,0.04632578045129776,0.0,0.0,39.305641174316406,20.682453155517578,189.7392120361328
uniform_corner_12k,uniform,"corner,gripperPOV",10047,28.2,92.5,1,0.8999999761581421,3,expert_cross,50,177,50,0.3137514591217041,0.26737508177757263,0.5811265408992767,0.10552747547626495,0.3133459687232971,0.0,1.4901161193847656e-08,38.58211135864258,20.669506072998047,189.73716735839844
uniform_corner_12k,uniform,"corner,gripperPOV",10047,28.2,92.5,1,0.8999999761581421,7,expert_cross,50,177,50,0.32590270042419434,0.16863016784191132,0.49453286826610565,0.33796125650405884,0.1675058752298355,0.0,0.0,38.58211135864258,20.669506072998047,189.73716735839844
uniform_corner_12k,uniform,"corner,gripperPOV",10047,28.2,92.5,1,0.8999999761581421,11,expert_cross,50,177,50,0.3678878843784332,0.28454580903053284,0.6524336934089661,0.3013288080692291,0.046237483620643616,0.0,1.4901161193847656e-08,38.58211135864258,20.669506072998047,189.73716735839844
uniform_corner_12k,uniform,"corner,gripperPOV",10047,28.2,92.5,2,0.800000011920929,3,expert_cross,50,177,50,0.31281596422195435,0.2666487693786621,0.5794647336006165,0.10609424114227295,0.3144410252571106,0.0,0.0,37.970516204833984,20.74637222290039,189.7395782470703
uniform_corner_12k,uniform,"corner,gripperPOV",10047,28.2,92.5,2,0.800000011920929,7,expert_cross,50,177,50,0.32416218519210815,0.1665857583284378,0.49074794352054596,0.34118738770484924,0.16806471347808838,0.0,0.0,37.970516204833984,20.74637222290039,189.7395782470703
uniform_corner_12k,uniform,"corner,gripperPOV",10047,28.2,92.5,2,0.800000011920929,11,expert_cross,50,177,50,0.36760663986206055,0.28486812114715576,0.6524747610092163,0.3014819622039795,0.04604325443506241,0.0,2.2351741790771484e-08,37.970516204833984,20.74637222290039,189.7395782470703
uniform_corner_12k,uniform,"corner,gripperPOV",10047,28.2,92.5,3,0.699999988079071,3,expert_cross,50,177,50,0.31254035234451294,0.2661798596382141,0.578720211982727,0.10674377530813217,0.3145360052585602,0.0,7.450580596923828e-09,37.42911911010742,20.933670043945312,189.73085021972656
uniform_corner_12k,uniform,"corner,gripperPOV",10047,28.2,92.5,3,0.699999988079071,7,expert_cross,50,177,50,0.3233257234096527,0.16659106314182281,0.4899167865514755,0.3441181778907776,0.16596496105194092,0.0,7.450580596923828e-08,37.42911911010742,20.933670043945312,189.73085021972656
uniform_corner_12k,uniform,"corner,gripperPOV",10047,28.2,92.5,3,0.699999988079071,11,expert_cross,50,177,50,0.36608749628067017,0.2858907878398895,0.6519782841205597,0.30191317200660706,0.04610858112573624,0.0,0.0,37.42911911010742,20.933670043945312,189.73085021972656
uniform_corner_12k,uniform,"corner,gripperPOV",10047,28.2,92.5,4,0.6000000238418579,3,expert_cross,50,177,50,0.31111854314804077,0.2661161422729492,0.57723468542099,0.10784419625997543,0.314921110868454,0.0,7.450580596923828e-09,36.954071044921875,21.15593910217285,189.74215698242188
uniform_corner_12k,uniform,"corner,gripperPOV",10047,28.2,92.5,4,0.6000000238418579,7,expert_cross,50,177,50,0.3231446444988251,0.16515329480171204,0.4882979393005371,0.3456888794898987,0.16601315140724182,0.0,2.9802322387695312e-08,36.954071044921875,21.15593910217285,189.74215698242188
uniform_corner_12k,uniform,"corner,gripperPOV",10047,28.2,92.5,4,0.6000000238418579,11,expert_cross,50,177,50,0.36592334508895874,0.2863732874393463,0.652296632528305,0.30134108662605286,0.04636228457093239,0.0,0.0,36.954071044921875,21.15593910217285,189.74215698242188
uniform_corner_12k,uniform,"corner,gripperPOV",10047,28.2,92.5,5,0.5,3,expert_cross,50,177,50,0.3106878697872162,0.26574966311454773,0.5764375329017639,0.10958659648895264,0.31397590041160583,0.0,0.0,36.56051254272461,21.448917388916016,189.7387237548828
uniform_corner_12k,uniform,"corner,gripperPOV",10047,28.2,92.5,5,0.5,7,expert_cross,50,177,50,0.32149776816368103,0.16625535488128662,0.48775312304496765,0.3483317792415619,0.16391508281230927,0.0,1.4901161193847656e-08,36.56051254272461,21.448917388916016,189.7387237548828
uniform_corner_12k,uniform,"corner,gripperPOV",10047,28.2,92.5,5,0.5,11,expert_cross,50,177,50,0.36461931467056274,0.2886209785938263,0.653240293264389,0.30008119344711304,0.04667851701378822,0.0,0.0,36.56051254272461,21.448917388916016,189.7387237548828
uniform_corner_12k,uniform,"corner,gripperPOV",10047,28.2,92.5,6,0.4000000059604645,3,expert_cross,50,177,50,0.3104169964790344,0.26614442467689514,0.5765614211559296,0.11211910098791122,0.3113195300102234,0.0,0.0,36.234092712402344,22.022891998291016,189.73509216308594
uniform_corner_12k,uniform,"corner,gripperPOV",10047,28.2,92.5,6,0.4000000059604645,7,expert_cross,50,177,50,0.3182092010974884,0.16793407499790192,0.4861432760953903,0.3511919677257538,0.1626647710800171,0.0,0.0,36.234092712402344,22.022891998291016,189.73509216308594
uniform_corner_12k,uniform,"corner,gripperPOV",10047,28.2,92.5,6,0.4000000059604645,11,expert_cross,50,177,50,0.363402783870697,0.29369866847991943,0.6571014523506165,0.29668959975242615,0.046208955347537994,0.0,0.0,36.234092712402344,22.022891998291016,189.73509216308594
uniform_corner_12k,uniform,"corner,gripperPOV",10047,28.2,92.5,7,0.30000001192092896,3,expert_cross,50,177,50,0.3116161823272705,0.2668681740760803,0.5784843564033508,0.1151333600282669,0.30638229846954346,0.0,0.0,35.976409912109375,22.773115158081055,189.73277282714844
uniform_corner_12k,uniform,"corner,gripperPOV",10047,28.2,92.5,7,0.30000001192092896,7,expert_cross,50,177,50,0.315224826335907,0.16985617578029633,0.4850810021162033,0.354410856962204,0.16050812602043152,0.0,1.4901161193847656e-08,35.976409912109375,22.773115158081055,189.73277282714844
uniform_corner_12k,uniform,"corner,gripperPOV",10047,28.2,92.5,7,0.30000001192092896,11,expert_cross,50,177,50,0.3629007935523987,0.2994196116924286,0.6623204052448273,0.2924000322818756,0.04527955502271652,0.0,7.450580596923828e-09,35.976409912109375,22.773115158081055,189.73277282714844
uniform_corner_12k,uniform,"corner,gripperPOV",10047,28.2,92.5,8,0.20000000298023224,3,expert_cross,50,177,50,0.31294843554496765,0.2688189446926117,0.5817673802375793,0.12233276665210724,0.2958998382091522,0.0,1.4901161193847656e-08,35.75775909423828,24.189823150634766,189.72911071777344
uniform_corner_12k,uniform,"corner,gripperPOV",10047,28.2,92.5,8,0.20000000298023224,7,expert_cross,50,177,50,0.30981704592704773,0.1756630390882492,0.48548008501529694,0.35670149326324463,0.15781846642494202,0.0,0.0,35.75775909423828,24.189823150634766,189.72911071777344
uniform_corner_12k,uniform,"corner,gripperPOV",10047,28.2,92.5,8,0.20000000298023224,11,expert_cross,50,177,50,0.3622902035713196,0.31085407733917236,0.6731442809104919,0.28399866819381714,0.04285706207156181,0.0,0.0,35.75775909423828,24.189823150634766,189.72911071777344
uniform_corner_12k,uniform,"corner,gripperPOV",10047,28.2,92.5,9,0.10000000149011612,3,expert_cross,50,177,50,0.3207109272480011,0.27399247884750366,0.5947034060955048,0.13652123510837555,0.26877540349960327,0.0,0.0,35.534385681152344,27.16580581665039,189.74505615234375
uniform_corner_12k,uniform,"corner,gripperPOV",10047,28.2,92.5,9,0.10000000149011612,7,expert_cross,50,177,50,0.29499518871307373,0.18574295938014984,0.48073814809322357,0.36499011516571045,0.15427172183990479,0.0,1.4901161193847656e-08,35.534385681152344,27.16580581665039,189.74505615234375
uniform_corner_12k,uniform,"corner,gripperPOV",10047,28.2,92.5,9,0.10000000149011612,11,expert_cross,50,177,50,0.36424458026885986,0.3243885636329651,0.688633143901825,0.27283933758735657,0.03852756321430206,0.0,0.0,35.534385681152344,27.16580581665039,189.74505615234375
zero_corner_12k,zero,"corner,gripperPOV",10047,32.0,95.0,0,1.0,3,expert_cross,50,177,50,0.2975408732891083,0.2271748036146164,0.5247156769037247,0.1467786729335785,0.32850566506385803,0.0,0.0,39.305641174316406,21.917720794677734,189.7470245361328
zero_corner_12k,zero,"corner,gripperPOV",10047,32.0,95.0,0,1.0,7,expert_cross,50,177,50,0.2899848520755768,0.24832360446453094,0.5383084565401077,0.22420300543308258,0.2374885231256485,0.0,1.4901161193847656e-08,39.305641174316406,21.917720794677734,189.7470245361328
zero_corner_12k,zero,"corner,gripperPOV",10047,32.0,95.0,0,1.0,11,expert_cross,50,177,50,0.320895791053772,0.20656567811965942,0.5274614691734314,0.39959973096847534,0.07293882966041565,0.0,0.0,39.305641174316406,21.917720794677734,189.7470245361328
zero_corner_12k,zero,"corner,gripperPOV",10047,32.0,95.0,1,0.8999999761581421,3,expert_cross,50,177,50,0.29538267850875854,0.22772327065467834,0.5231059491634369,0.14817440509796143,0.3287196457386017,0.0,0.0,38.49456024169922,21.838104248046875,189.740234375
zero_corner_12k,zero,"corner,gripperPOV",10047,32.0,95.0,1,0.8999999761581421,7,expert_cross,50,177,50,0.28985002636909485,0.24586190283298492,0.5357119292020798,0.22545646131038666,0.23883162438869476,0.0,0.0,38.49456024169922,21.838104248046875,189.740234375
zero_corner_12k,zero,"corner,gripperPOV",10047,32.0,95.0,1,0.8999999761581421,11,expert_cross,50,177,50,0.3190041780471802,0.20396238565444946,0.5229665637016296,0.4032193720340729,0.0738140344619751,0.0,2.9802322387695312e-08,38.49456024169922,21.838104248046875,189.740234375
zero_corner_12k,zero,"corner,gripperPOV",10047,32.0,95.0,2,0.800000011920929,3,expert_cross,50,177,50,0.2935415804386139,0.22819040715694427,0.5217319875955582,0.14936122298240662,0.32890674471855164,0.0,4.470348358154297e-08,37.80398941040039,21.954111099243164,189.7316436767578
zero_corner_12k,zero,"corner,gripperPOV",10047,32.0,95.0,2,0.800000011920929,7,expert_cross,50,177,50,0.2888236343860626,0.24425673484802246,0.5330803692340851,0.22769951820373535,0.23922011256217957,0.0,0.0,37.80398941040039,21.954111099243164,189.7316436767578
zero_corner_12k,zero,"corner,gripperPOV",10047,32.0,95.0,2,0.800000011920929,11,expert_cross,50,177,50,0.31819865107536316,0.20506900548934937,0.5232676565647125,0.4031543433666229,0.07357801496982574,0.0,0.0,37.80398941040039,21.954111099243164,189.7316436767578
zero_corner_12k,zero,"corner,gripperPOV",10047,32.0,95.0,3,0.699999988079071,3,expert_cross,50,177,50,0.2911454737186432,0.22883673012256622,0.5199822038412094,0.15121066570281982,0.3288070857524872,0.0,4.470348358154297e-08,37.194664001464844,22.254343032836914,189.74192810058594
zero_corner_12k,zero,"corner,gripperPOV",10047,32.0,95.0,3,0.699999988079071,7,expert_cross,50,177,50,0.2898557484149933,0.24204738438129425,0.5319031327962875,0.22990892827510834,0.23818792402744293,0.0,1.4901161193847656e-08,37.194664001464844,22.254343032836914,189.74192810058594
zero_corner_12k,zero,"corner,gripperPOV",10047,32.0,95.0,3,0.699999988079071,11,expert_cross,50,177,50,0.31613314151763916,0.20482832193374634,0.5209614634513855,0.40580010414123535,0.07323843985795975,0.0,0.0,37.194664001464844,22.254343032836914,189.74192810058594
zero_corner_12k,zero,"corner,gripperPOV",10047,32.0,95.0,4,0.6000000238418579,3,expert_cross,50,177,50,0.2902819812297821,0.22996708750724792,0.52024906873703,0.1520402729511261,0.32771065831184387,0.0,0.0,36.66234588623047,22.540586471557617,189.7311248779297
zero_corner_12k,zero,"corner,gripperPOV",10047,32.0,95.0,4,0.6000000238418579,7,expert_cross,50,177,50,0.2893044352531433,0.24005967378616333,0.5293641090393066,0.2322225719690323,0.23841334879398346,0.0,0.0,36.66234588623047,22.540586471557617,189.7311248779297
zero_corner_12k,zero,"corner,gripperPOV",10047,32.0,95.0,4,0.6000000238418579,11,expert_cross,50,177,50,0.3142355680465698,0.20581282675266266,0.5200483947992325,0.40649980306625366,0.07345182448625565,0.0,0.0,36.66234588623047,22.540586471557617,189.7311248779297
zero_corner_12k,zero,"corner,gripperPOV",10047,32.0,95.0,5,0.5,3,expert_cross,50,177,50,0.28933271765708923,0.23089072108268738,0.5202234387397766,0.1538490653038025,0.3259275257587433,0.0,0.0,36.2108154296875,22.903614044189453,189.7362060546875
zero_corner_12k,zero,"corner,gripperPOV",10047,32.0,95.0,5,0.5,7,expert_cross,50,177,50,0.29042333364486694,0.23838727176189423,0.5288106054067612,0.23402567207813263,0.23716367781162262,0.0,4.470348358154297e-08,36.2108154296875,22.903614044189453,189.7362060546875
zero_corner_12k,zero,"corner,gripperPOV",10047,32.0,95.0,5,0.5,11,expert_cross,50,177,50,0.3129386007785797,0.20785000920295715,0.5207886099815369,0.40712031722068787,0.07209113240242004,0.0,0.0,36.2108154296875,22.903614044189453,189.7362060546875
zero_corner_12k,zero,"corner,gripperPOV",10047,32.0,95.0,6,0.4000000059604645,3,expert_cross,50,177,50,0.2883823812007904,0.23266109824180603,0.5210434794425964,0.15565206110477448,0.3233044743537903,0.0,0.0,35.830867767333984,23.506362915039062,189.74005126953125
zero_corner_12k,zero,"corner,gripperPOV",10047,32.0,95.0,6,0.4000000059604645,7,expert_cross,50,177,50,0.2917492985725403,0.23698820173740387,0.5287375003099442,0.2381104677915573,0.23315206170082092,0.0,0.0,35.830867767333984,23.506362915039062,189.74005126953125
zero_corner_12k,zero,"corner,gripperPOV",10047,32.0,95.0,6,0.4000000059604645,11,expert_cross,50,177,50,0.312276154756546,0.2123861014842987,0.5246622562408447,0.405509889125824,0.0698278620839119,0.0,0.0,35.830867767333984,23.506362915039062,189.74005126953125
zero_corner_12k,zero,"corner,gripperPOV",10047,32.0,95.0,7,0.30000001192092896,3,expert_cross,50,177,50,0.28812944889068604,0.23363813757896423,0.5217675864696503,0.15900413691997528,0.31922826170921326,0.0,1.4901161193847656e-08,35.51490783691406,24.219236373901367,189.7299346923828
zero_corner_12k,zero,"corner,gripperPOV",10047,32.0,95.0,7,0.30000001192092896,7,expert_cross,50,177,50,0.2934700548648834,0.23429818451404572,0.5277682393789291,0.24420039355754852,0.22803135216236115,0.0,1.4901161193847656e-08,35.51490783691406,24.219236373901367,189.7299346923828
zero_corner_12k,zero,"corner,gripperPOV",10047,32.0,95.0,7,0.30000001192092896,11,expert_cross,50,177,50,0.31187328696250916,0.21693925559520721,0.5288125425577164,0.403675377368927,0.06751209497451782,0.0,0.0,35.51490783691406,24.219236373901367,189.7299346923828
zero_corner_12k,zero,"corner,gripperPOV",10047,32.0,95.0,8,0.20000000298023224,3,expert_cross,50,177,50,0.2897906005382538,0.23546041548252106,0.5252510160207748,0.16437406837940216,0.3103748857975006,0.0,2.9802322387695312e-08,35.21261215209961,25.602479934692383,189.7373046875
zero_corner_12k,zero,"corner,gripperPOV",10047,32.0,95.0,8,0.20000000298023224,7,expert_cross,50,177,50,0.29405704140663147,0.2325076162815094,0.5265646576881409,0.2531581521034241,0.22027717530727386,0.0,1.4901161193847656e-08,35.21261215209961,25.602479934692383,189.7373046875
zero_corner_12k,zero,"corner,gripperPOV",10047,32.0,95.0,8,0.20000000298023224,11,expert_cross,50,177,50,0.3120308518409729,0.22876888513565063,0.5407997369766235,0.39601773023605347,0.06318249553442001,0.0,3.725290298461914e-08,35.21261215209961,25.602479934692383,189.7373046875
zero_corner_12k,zero,"corner,gripperPOV",10047,32.0,95.0,9,0.10000000149011612,3,expert_cross,50,177,50,0.2977076470851898,0.2401645928621292,0.537872239947319,0.1758020967245102,0.2863256335258484,0.0,2.9802322387695312e-08,34.85614013671875,29.414731979370117,189.72903442382812
zero_corner_12k,zero,"corner,gripperPOV",10047,32.0,95.0,9,0.10000000149011612,7,expert_cross,50,177,50,0.2912476658821106,0.23219941556453705,0.5234470814466476,0.27077925205230713,0.20577366650104523,0.0,0.0,34.85614013671875,29.414731979370117,189.72903442382812
zero_corner_12k,zero,"corner,gripperPOV",10047,32.0,95.0,9,0.10000000149011612,11,expert_cross,50,177,50,0.31863781809806824,0.2504882514476776,0.5691260695457458,0.37668782472610474,0.0541861355304718,0.0,0.0,34.85614013671875,29.414731979370117,189.72903442382812
ours_v1_corner_12k,ours_v1,"corner,gripperPOV",10048,20.0,90.0,0,1.0,3,expert_cross,50,177,50,0.33389317989349365,0.2142849564552307,0.5481781363487244,0.15222957730293274,0.2995922565460205,0.0,2.9802322387695312e-08,41.20399856567383,21.729759216308594,189.74574279785156
ours_v1_corner_12k,ours_v1,"corner,gripperPOV",10048,20.0,90.0,0,1.0,7,expert_cross,50,177,50,0.34476974606513977,0.2603845000267029,0.6051542460918427,0.25074371695518494,0.14410200715065002,0.0,2.9802322387695312e-08,41.20399856567383,21.729759216308594,189.74574279785156
ours_v1_corner_12k,ours_v1,"corner,gripperPOV",10048,20.0,90.0,0,1.0,11,expert_cross,50,177,50,0.2437652051448822,0.21107882261276245,0.45484402775764465,0.4667440950870514,0.07841189950704575,0.0,0.0,41.20399856567383,21.729759216308594,189.74574279785156
ours_v1_corner_12k,ours_v1,"corner,gripperPOV",10048,20.0,90.0,1,0.8999999761581421,3,expert_cross,50,177,50,0.3324446678161621,0.21459153294563293,0.547036200761795,0.15237487852573395,0.3005888760089874,0.0,4.470348358154297e-08,40.48165512084961,21.593353271484375,189.74002075195312
ours_v1_corner_12k,ours_v1,"corner,gripperPOV",10048,20.0,90.0,1,0.8999999761581421,7,expert_cross,50,177,50,0.3439365327358246,0.25837016105651855,0.6023066937923431,0.2524747848510742,0.14521849155426025,0.0,2.9802322387695312e-08,40.48165512084961,21.593353271484375,189.74002075195312
ours_v1_corner_12k,ours_v1,"corner,gripperPOV",10048,20.0,90.0,1,0.8999999761581421,11,expert_cross,50,177,50,0.2407376915216446,0.2084023505449295,0.4491400420665741,0.4705108106136322,0.08034918457269669,0.0,0.0,40.48165512084961,21.593353271484375,189.74002075195312
ours_v1_corner_12k,ours_v1,"corner,gripperPOV",10048,20.0,90.0,2,0.800000011920929,3,expert_cross,50,177,50,0.33037081360816956,0.21512843668460846,0.545499250292778,0.15278616547584534,0.30171459913253784,0.0,0.0,39.87912368774414,21.778169631958008,189.731689453125
ours_v1_corner_12k,ours_v1,"corner,gripperPOV",10048,20.0,90.0,2,0.800000011920929,7,expert_cross,50,177,50,0.34417590498924255,0.2572079598903656,0.6013838648796082,0.2531844675540924,0.14543166756629944,0.0,0.0,39.87912368774414,21.778169631958008,189.731689453125
ours_v1_corner_12k,ours_v1,"corner,gripperPOV",10048,20.0,90.0,2,0.800000011920929,11,expert_cross,50,177,50,0.23991639912128448,0.20810292661190033,0.4480193257331848,0.47085556387901306,0.0811251848936081,0.0,0.0,39.87912368774414,21.778169631958008,189.731689453125
ours_v1_corner_12k,ours_v1,"corner,gripperPOV",10048,20.0,90.0,3,0.699999988079071,3,expert_cross,50,177,50,0.32900261878967285,0.21637782454490662,0.5453804433345795,0.15254950523376465,0.3020700514316559,0.0,0.0,39.360687255859375,21.830747604370117,189.7351531982422
ours_v1_corner_12k,ours_v1,"corner,gripperPOV",10048,20.0,90.0,3,0.699999988079071,7,expert_cross,50,177,50,0.3446494936943054,0.2562618851661682,0.6009113788604736,0.2537150979042053,0.14537353813648224,0.0,0.0,39.360687255859375,21.830747604370117,189.7351531982422
ours_v1_corner_12k,ours_v1,"corner,gripperPOV",10048,20.0,90.0,3,0.699999988079071,11,expert_cross,50,177,50,0.23840627074241638,0.20898981392383575,0.44739608466625214,0.4713887870311737,0.08121515065431595,0.0,0.0,39.360687255859375,21.830747604370117,189.7351531982422
ours_v1_corner_12k,ours_v1,"corner,gripperPOV",10048,20.0,90.0,4,0.6000000238418579,3,expert_cross,50,177,50,0.3267286717891693,0.21822139620780945,0.5449500679969788,0.15243031084537506,0.3026196360588074,0.0,0.0,38.92002868652344,22.01870346069336,189.738037109375
ours_v1_corner_12k,ours_v1,"corner,gripperPOV",10048,20.0,90.0,4,0.6000000238418579,7,expert_cross,50,177,50,0.3455571234226227,0.25536081194877625,0.6009179353713989,0.25384846329689026,0.14523360133171082,0.0,0.0,38.92002868652344,22.01870346069336,189.738037109375
ours_v1_corner_12k,ours_v1,"corner,gripperPOV",10048,20.0,90.0,4,0.6000000238418579,11,expert_cross,50,177,50,0.23665060102939606,0.2096068114042282,0.44625741243362427,0.47220852971076965,0.08153405040502548,0.0,7.450580596923828e-09,38.92002868652344,22.01870346069336,189.738037109375
ours_v1_corner_12k,ours_v1,"corner,gripperPOV",10048,20.0,90.0,5,0.5,3,expert_cross,50,177,50,0.3247154951095581,0.21976728737354279,0.5444827824831009,0.15307410061359406,0.30244311690330505,0.0,0.0,38.55290603637695,22.381772994995117,189.74240112304688
ours_v1_corner_12k,ours_v1,"corner,gripperPOV",10048,20.0,90.0,5,0.5,7,expert_cross,50,177,50,0.3461829125881195,0.25404393672943115,0.6002268493175507,0.255227655172348,0.14454549551010132,0.0,0.0,38.55290603637695,22.381772994995117,189.74240112304688
ours_v1_corner_12k,ours_v1,"corner,gripperPOV",10048,20.0,90.0,5,0.5,11,expert_cross,50,177,50,0.23483186960220337,0.20894549787044525,0.4437773674726486,0.4750365912914276,0.08118607848882675,0.0,0.0,38.55290603637695,22.381772994995117,189.74240112304688
ours_v1_corner_12k,ours_v1,"corner,gripperPOV",10048,20.0,90.0,6,0.4000000059604645,3,expert_cross,50,177,50,0.32243502140045166,0.22330687940120697,0.5457419008016586,0.1531853824853897,0.30107271671295166,0.0,0.0,38.253868103027344,22.74367904663086,189.74229431152344
ours_v1_corner_12k,ours_v1,"corner,gripperPOV",10048,20.0,90.0,6,0.4000000059604645,7,expert_cross,50,177,50,0.34605175256729126,0.25379678606987,0.5998485386371613,0.2565821409225464,0.14356932044029236,0.0,0.0,38.253868103027344,22.74367904663086,189.74229431152344
ours_v1_corner_12k,ours_v1,"corner,gripperPOV",10048,20.0,90.0,6,0.4000000059604645,11,expert_cross,50,177,50,0.2344900667667389,0.21070699393749237,0.44519706070423126,0.4739956855773926,0.08080724626779556,0.0,7.450580596923828e-09,38.253868103027344,22.74367904663086,189.74229431152344
ours_v1_corner_12k,ours_v1,"corner,gripperPOV",10048,20.0,90.0,7,0.30000001192092896,3,expert_cross,50,177,50,0.3202999532222748,0.22711466252803802,0.5474146157503128,0.15393593907356262,0.29864946007728577,0.0,0.0,38.01322555541992,23.103740692138672,189.7274169921875
ours_v1_corner_12k,ours_v1,"corner,gripperPOV",10048,20.0,90.0,7,0.30000001192092896,7,expert_cross,50,177,50,0.34557923674583435,0.25388288497924805,0.5994621217250824,0.2579159736633301,0.14262191951274872,0.0,0.0,38.01322555541992,23.103740692138672,189.7274169921875
ours_v1_corner_12k,ours_v1,"corner,gripperPOV",10048,20.0,90.0,7,0.30000001192092896,11,expert_cross,50,177,50,0.23499856889247894,0.21372124552726746,0.4487198144197464,0.4721222221851349,0.07915796339511871,0.0,0.0,38.01322555541992,23.103740692138672,189.7274169921875
ours_v1_corner_12k,ours_v1,"corner,gripperPOV",10048,20.0,90.0,8,0.20000000298023224,3,expert_cross,50,177,50,0.3192397952079773,0.23292987048625946,0.5521696656942368,0.15606510639190674,0.2917652130126953,0.0,1.4901161193847656e-08,37.795257568359375,23.998403549194336,189.73472595214844
ours_v1_corner_12k,ours_v1,"corner,gripperPOV",10048,20.0,90.0,8,0.20000000298023224,7,expert_cross,50,177,50,0.34376606345176697,0.2550974488258362,0.5988635122776031,0.2614823579788208,0.13965414464473724,0.0,0.0,37.795257568359375,23.998403549194336,189.73472595214844
ours_v1_corner_12k,ours_v1,"corner,gripperPOV",10048,20.0,90.0,8,0.20000000298023224,11,expert_cross,50,177,50,0.23708795011043549,0.21850034594535828,0.45558829605579376,0.46746206283569336,0.07694965600967407,0.0,0.0,37.795257568359375,23.998403549194336,189.73472595214844
ours_v1_corner_12k,ours_v1,"corner,gripperPOV",10048,20.0,90.0,9,0.10000000149011612,3,expert_cross,50,177,50,0.321887731552124,0.24409252405166626,0.5659802556037903,0.1623944342136383,0.271625280380249,0.0,2.9802322387695312e-08,37.544410705566406,26.22636604309082,189.7367401123047
ours_v1_corner_12k,ours_v1,"corner,gripperPOV",10048,20.0,90.0,9,0.10000000149011612,7,expert_cross,50,177,50,0.3357789218425751,0.2599395215511322,0.5957184433937073,0.27045413851737976,0.13382741808891296,0.0,0.0,37.544410705566406,26.22636604309082,189.7367401123047
ours_v1_corner_12k,ours_v1,"corner,gripperPOV",10048,20.0,90.0,9,0.10000000149011612,11,expert_cross,50,177,50,0.24616719782352448,0.23090608417987823,0.4770732820034027,0.45217040181159973,0.07075636088848114,0.0,0.0,37.544410705566406,26.22636604309082,189.7367401123047
ours_v2_corner_12k,ours_v2,"corner,gripperPOV",10048,25.5,95.5,0,1.0,3,expert_cross,50,177,50,0.2865763008594513,0.2531723380088806,0.5397486388683319,0.158990278840065,0.3012610375881195,0.0,4.470348358154297e-08,41.20399856567383,20.366153717041016,189.7392578125
ours_v2_corner_12k,ours_v2,"corner,gripperPOV",10048,25.5,95.5,0,1.0,7,expert_cross,50,177,50,0.3399355113506317,0.26822832226753235,0.6081638336181641,0.25124213099479675,0.140594020485878,0.0,1.4901161193847656e-08,41.20399856567383,20.366153717041016,189.7392578125
ours_v2_corner_12k,ours_v2,"corner,gripperPOV",10048,25.5,95.5,0,1.0,11,expert_cross,50,177,50,0.23283952474594116,0.21089892089366913,0.4437384456396103,0.47957178950309753,0.07668980211019516,0.0,0.0,41.20399856567383,20.366153717041016,189.7392578125
ours_v2_corner_12k,ours_v2,"corner,gripperPOV",10048,25.5,95.5,1,0.8999999761581421,3,expert_cross,50,177,50,0.2860621511936188,0.25330716371536255,0.5393693149089813,0.15870940685272217,0.3019212782382965,0.0,0.0,40.436920166015625,20.30495834350586,189.741455078125
ours_v2_corner_12k,ours_v2,"corner,gripperPOV",10048,25.5,95.5,1,0.8999999761581421,7,expert_cross,50,177,50,0.3399979770183563,0.266305536031723,0.6063035130500793,0.25251737236976624,0.1411791443824768,0.0,0.0,40.436920166015625,20.30495834350586,189.741455078125
ours_v2_corner_12k,ours_v2,"corner,gripperPOV",10048,25.5,95.5,1,0.8999999761581421,11,expert_cross,50,177,50,0.23134952783584595,0.20818005502223969,0.43952958285808563,0.4831540882587433,0.07731634378433228,0.0,0.0,40.436920166015625,20.30495834350586,189.741455078125
ours_v2_corner_12k,ours_v2,"corner,gripperPOV",10048,25.5,95.5,2,0.800000011920929,3,expert_cross,50,177,50,0.28548136353492737,0.2531038522720337,0.5385852158069611,0.15902817249298096,0.3023865818977356,0.0,2.9802322387695312e-08,39.784244537353516,20.522842407226562,189.73370361328125
ours_v2_corner_12k,ours_v2,"corner,gripperPOV",10048,25.5,95.5,2,0.800000011920929,7,expert_cross,50,177,50,0.33803460001945496,0.26571497321128845,0.6037495732307434,0.25490179657936096,0.14134865999221802,0.0,0.0,39.784244537353516,20.522842407226562,189.73370361328125
ours_v2_corner_12k,ours_v2,"corner,gripperPOV",10048,25.5,95.5,2,0.800000011920929,11,expert_cross,50,177,50,0.23039445281028748,0.20943886041641235,0.43983331322669983,0.4841890037059784,0.07597767561674118,0.0,7.450580596923828e-09,39.784244537353516,20.522842407226562,189.73370361328125
ours_v2_corner_12k,ours_v2,"corner,gripperPOV",10048,25.5,95.5,3,0.699999988079071,3,expert_cross,50,177,50,0.28496599197387695,0.2539622485637665,0.5389282405376434,0.15910103917121887,0.3019706904888153,0.0,2.9802322387695312e-08,39.198387145996094,20.806793212890625,189.73922729492188
ours_v2_corner_12k,ours_v2,"corner,gripperPOV",10048,25.5,95.5,3,0.699999988079071,7,expert_cross,50,177,50,0.33986032009124756,0.26310834288597107,0.6029686629772186,0.25644510984420776,0.1405862271785736,0.0,0.0,39.198387145996094,20.806793212890625,189.73922729492188
ours_v2_corner_12k,ours_v2,"corner,gripperPOV",10048,25.5,95.5,3,0.699999988079071,11,expert_cross,50,177,50,0.2307247370481491,0.21104270219802856,0.4417674392461777,0.48369985818862915,0.07453271746635437,0.0,0.0,39.198387145996094,20.806793212890625,189.73922729492188
ours_v2_corner_12k,ours_v2,"corner,gripperPOV",10048,25.5,95.5,4,0.6000000238418579,3,expert_cross,50,177,50,0.28443238139152527,0.25457248091697693,0.5390048623085022,0.15973347425460815,0.3012617230415344,0.0,0.0,38.67414093017578,21.11528778076172,189.73648071289062
ours_v2_corner_12k,ours_v2,"corner,gripperPOV",10048,25.5,95.5,4,0.6000000238418579,7,expert_cross,50,177,50,0.33813780546188354,0.26249709725379944,0.600634902715683,0.2586577236652374,0.1407073587179184,0.0,1.4901161193847656e-08,38.67414093017578,21.11528778076172,189.73648071289062
ours_v2_corner_12k,ours_v2,"corner,gripperPOV",10048,25.5,95.5,4,0.6000000238418579,11,expert_cross,50,177,50,0.23046016693115234,0.21215464174747467,0.442614808678627,0.4839036166667938,0.07348154485225677,0.0,2.9802322387695312e-08,38.67414093017578,21.11528778076172,189.73648071289062
ours_v2_corner_12k,ours_v2,"corner,gripperPOV",10048,25.5,95.5,5,0.5,3,expert_cross,50,177,50,0.2845073342323303,0.25568437576293945,0.5401917099952698,0.15961438417434692,0.3001939356327057,0.0,0.0,38.22377014160156,21.45952033996582,189.73707580566406
ours_v2_corner_12k,ours_v2,"corner,gripperPOV",10048,25.5,95.5,5,0.5,7,expert_cross,50,177,50,0.33887988328933716,0.2617851793766022,0.6006650626659393,0.2592339515686035,0.14010100066661835,0.0,0.0,38.22377014160156,21.45952033996582,189.73707580566406
ours_v2_corner_12k,ours_v2,"corner,gripperPOV",10048,25.5,95.5,5,0.5,11,expert_cross,50,177,50,0.23067012429237366,0.21377864480018616,0.4444487690925598,0.48381051421165466,0.07174070924520493,0.0,7.450580596923828e-09,38.22377014160156,21.45952033996582,189.73707580566406
ours_v2_corner_12k,ours_v2,"corner,gripperPOV",10048,25.5,95.5,6,0.4000000059604645,3,expert_cross,50,177,50,0.2847001254558563,0.25749093294143677,0.5421910583972931,0.1598595231771469,0.2979493737220764,0.0,4.470348358154297e-08,37.83265686035156,22.001123428344727,189.7289276123047
ours_v2_corner_12k,ours_v2,"corner,gripperPOV",10048,25.5,95.5,6,0.4000000059604645,7,expert_cross,50,177,50,0.3386134207248688,0.2619011700153351,0.6005145907402039,0.2605728209018707,0.13891257345676422,0.0,1.4901161193847656e-08,37.83265686035156,22.001123428344727,189.7289276123047
ours_v2_corner_12k,ours_v2,"corner,gripperPOV",10048,25.5,95.5,6,0.4000000059604645,11,expert_cross,50,177,50,0.23238639533519745,0.21885304152965546,0.4512394368648529,0.4798617362976074,0.06889883428812027,0.0,0.0,37.83265686035156,22.001123428344727,189.7289276123047
ours_v2_corner_12k,ours_v2,"corner,gripperPOV",10048,25.5,95.5,7,0.30000001192092896,3,expert_cross,50,177,50,0.28613126277923584,0.2600955367088318,0.5462267994880676,0.16085880994796753,0.29291439056396484,0.0,0.0,37.489219665527344,22.664594650268555,189.7391815185547
ours_v2_corner_12k,ours_v2,"corner,gripperPOV",10048,25.5,95.5,7,0.30000001192092896,7,expert_cross,50,177,50,0.33685922622680664,0.2634584903717041,0.6003177165985107,0.2628142237663269,0.13686810433864594,0.0,0.0,37.489219665527344,22.664594650268555,189.7391815185547
ours_v2_corner_12k,ours_v2,"corner,gripperPOV",10048,25.5,95.5,7,0.30000001192092896,11,expert_cross,50,177,50,0.2347964644432068,0.22364695370197296,0.45844341814517975,0.47680866718292236,0.06474790722131729,0.0,7.450580596923828e-09,37.489219665527344,22.664594650268555,189.7391815185547
ours_v2_corner_12k,ours_v2,"corner,gripperPOV",10048,25.5,95.5,8,0.20000000298023224,3,expert_cross,50,177,50,0.28897470235824585,0.26313263177871704,0.5521073341369629,0.16213686764240265,0.28575581312179565,0.0,0.0,37.16702651977539,23.474123001098633,189.7290802001953
ours_v2_corner_12k,ours_v2,"corner,gripperPOV",10048,25.5,95.5,8,0.20000000298023224,7,expert_cross,50,177,50,0.33453887701034546,0.26590999960899353,0.600448876619339,0.26572203636169434,0.1338289976119995,0.0,8.940696716308594e-08,37.16702651977539,23.474123001098633,189.7290802001953
ours_v2_corner_12k,ours_v2,"corner,gripperPOV",10048,25.5,95.5,8,0.20000000298023224,11,expert_cross,50,177,50,0.23918107151985168,0.23215191066265106,0.47133298218250275,0.46893513202667236,0.05973183363676071,0.0,5.21540641784668e-08,37.16702651977539,23.474123001098633,189.7290802001953
ours_v2_corner_12k,ours_v2,"corner,gripperPOV",10048,25.5,95.5,9,0.10000000149011612,3,expert_cross,50,177,50,0.29682692885398865,0.26917552947998047,0.5660024583339691,0.1666266918182373,0.2673708200454712,0.0,2.9802322387695312e-08,36.7923698425293,25.72041893005371,189.7398681640625
ours_v2_corner_12k,ours_v2,"corner,gripperPOV",10048,25.5,95.5,9,0.10000000149011612,7,expert_cross,50,177,50,0.3260532319545746,0.27044081687927246,0.596494048833847,0.2750275731086731,0.12847840785980225,0.0,0.0,36.7923698425293,25.72041893005371,189.7398681640625
ours_v2_corner_12k,ours_v2,"corner,gripperPOV",10048,25.5,95.5,9,0.10000000149011612,11,expert_cross,50,177,50,0.24814695119857788,0.2446584403514862,0.4928053915500641,0.45438483357429504,0.052809759974479675,0.0,1.4901161193847656e-08,36.7923698425293,25.72041893005371,189.7398681640625
ours_v3_corner_12k,ours_v3,"corner,gripperPOV",10048,32.0,94.5,0,1.0,3,expert_cross,50,177,50,0.30190807580947876,0.2449902892112732,0.546898365020752,0.13926291465759277,0.3138387203216553,0.0,0.0,41.20399856567383,21.854887008666992,189.7394561767578
ours_v3_corner_12k,ours_v3,"corner,gripperPOV",10048,32.0,94.5,0,1.0,7,expert_cross,50,177,50,0.3329024612903595,0.26032528281211853,0.593227744102478,0.23929563164710999,0.16747665405273438,0.0,0.0,41.20399856567383,21.854887008666992,189.7394561767578
ours_v3_corner_12k,ours_v3,"corner,gripperPOV",10048,32.0,94.5,0,1.0,11,expert_cross,50,177,50,0.3753734529018402,0.22158244252204895,0.5969558954238892,0.3454083204269409,0.05763576924800873,0.0,1.4901161193847656e-08,41.20399856567383,21.854887008666992,189.7394561767578
ours_v3_corner_12k,ours_v3,"corner,gripperPOV",10048,32.0,94.5,1,0.8999999761581421,3,expert_cross,50,177,50,0.30029764771461487,0.2443603128194809,0.5446579605340958,0.1400320678949356,0.315310001373291,0.0,0.0,40.3480224609375,21.702327728271484,189.73211669921875
ours_v3_corner_12k,ours_v3,"corner,gripperPOV",10048,32.0,94.5,1,0.8999999761581421,7,expert_cross,50,177,50,0.3300756514072418,0.2593158781528473,0.5893915295600891,0.2421288639307022,0.16847965121269226,0.0,0.0,40.3480224609375,21.702327728271484,189.73211669921875
ours_v3_corner_12k,ours_v3,"corner,gripperPOV",10048,32.0,94.5,1,0.8999999761581421,11,expert_cross,50,177,50,0.37423446774482727,0.21790991723537445,0.5921443849802017,0.34907886385917664,0.05877678096294403,0.0,0.0,40.3480224609375,21.702327728271484,189.73211669921875
ours_v3_corner_12k,ours_v3,"corner,gripperPOV",10048,32.0,94.5,2,0.800000011920929,3,expert_cross,50,177,50,0.299225777387619,0.2443283647298813,0.5435541421175003,0.14066359400749207,0.3157823085784912,0.0,0.0,39.61249542236328,21.924325942993164,189.73548889160156
ours_v3_corner_12k,ours_v3,"corner,gripperPOV",10048,32.0,94.5,2,0.800000011920929,7,expert_cross,50,177,50,0.3299458920955658,0.2582746744155884,0.5882205665111542,0.24358561635017395,0.16819386184215546,0.0,0.0,39.61249542236328,21.924325942993164,189.73548889160156
ours_v3_corner_12k,ours_v3,"corner,gripperPOV",10048,32.0,94.5,2,0.800000011920929,11,expert_cross,50,177,50,0.3738502264022827,0.21823400259017944,0.5920842289924622,0.349806547164917,0.05810924246907234,0.0,0.0,39.61249542236328,21.924325942993164,189.73548889160156
ours_v3_corner_12k,ours_v3,"corner,gripperPOV",10048,32.0,94.5,3,0.699999988079071,3,expert_cross,50,177,50,0.2981734275817871,0.24419131875038147,0.5423647463321686,0.14136604964733124,0.3162692189216614,0.0,0.0,38.949005126953125,22.140064239501953,189.7381591796875
ours_v3_corner_12k,ours_v3,"corner,gripperPOV",10048,32.0,94.5,3,0.699999988079071,7,expert_cross,50,177,50,0.33039888739585876,0.25764045119285583,0.5880393385887146,0.2444733828306198,0.1674872785806656,0.0,0.0,38.949005126953125,22.140064239501953,189.7381591796875
ours_v3_corner_12k,ours_v3,"corner,gripperPOV",10048,32.0,94.5,3,0.699999988079071,11,expert_cross,50,177,50,0.3722940981388092,0.21853546798229218,0.5908295661211014,0.3515828549861908,0.05758765712380409,0.0,0.0,38.949005126953125,22.140064239501953,189.7381591796875
ours_v3_corner_12k,ours_v3,"corner,gripperPOV",10048,32.0,94.5,4,0.6000000238418579,3,expert_cross,50,177,50,0.297130823135376,0.24469232559204102,0.541823148727417,0.14228053390979767,0.31589630246162415,0.0,1.4901161193847656e-08,38.36488723754883,22.573205947875977,189.7323455810547
ours_v3_corner_12k,ours_v3,"corner,gripperPOV",10048,32.0,94.5,4,0.6000000238418579,7,expert_cross,50,177,50,0.3271050453186035,0.2547472417354584,0.5818522870540619,0.24935898184776306,0.16878870129585266,0.0,2.9802322387695312e-08,38.36488723754883,22.573205947875977,189.7323455810547
ours_v3_corner_12k,ours_v3,"corner,gripperPOV",10048,32.0,94.5,4,0.6000000238418579,11,expert_cross,50,177,50,0.3712632358074188,0.22124943137168884,0.5925126671791077,0.3497735261917114,0.057713832706213,0.0,0.0,38.36488723754883,22.573205947875977,189.7323455810547
ours_v3_corner_12k,ours_v3,"corner,gripperPOV",10048,32.0,94.5,5,0.5,3,expert_cross,50,177,50,0.2967286705970764,0.24479267001152039,0.5415213406085968,0.14276213943958282,0.3157165050506592,0.0,1.4901161193847656e-08,37.85354995727539,22.83135223388672,189.73956298828125
ours_v3_corner_12k,ours_v3,"corner,gripperPOV",10048,32.0,94.5,5,0.5,7,expert_cross,50,177,50,0.3273868262767792,0.25397366285324097,0.5813604891300201,0.2500797212123871,0.16855975985527039,0.0,2.9802322387695312e-08,37.85354995727539,22.83135223388672,189.73956298828125
ours_v3_corner_12k,ours_v3,"corner,gripperPOV",10048,32.0,94.5,5,0.5,11,expert_cross,50,177,50,0.37065473198890686,0.22350212931632996,0.5941568613052368,0.34868213534355164,0.05716098099946976,0.0,2.2351741790771484e-08,37.85354995727539,22.83135223388672,189.73956298828125
ours_v3_corner_12k,ours_v3,"corner,gripperPOV",10048,32.0,94.5,6,0.4000000059604645,3,expert_cross,50,177,50,0.2951541841030121,0.24618089199066162,0.5413350760936737,0.14517809450626373,0.31348681449890137,0.0,1.4901161193847656e-08,37.40007781982422,23.53171730041504,189.73086547851562
ours_v3_corner_12k,ours_v3,"corner,gripperPOV",10048,32.0,94.5,6,0.4000000059604645,7,expert_cross,50,177,50,0.3254835307598114,0.25210899114608765,0.577592521905899,0.25294381380081177,0.16946367919445038,0.0,0.0,37.40007781982422,23.53171730041504,189.73086547851562
ours_v3_corner_12k,ours_v3,"corner,gripperPOV",10048,32.0,94.5,6,0.4000000059604645,11,expert_cross,50,177,50,0.3692903518676758,0.22927282750606537,0.5985631793737411,0.34522175788879395,0.05621503293514252,0.0,2.9802322387695312e-08,37.40007781982422,23.53171730041504,189.73086547851562
ours_v3_corner_12k,ours_v3,"corner,gripperPOV",10048,32.0,94.5,7,0.30000001192092896,3,expert_cross,50,177,50,0.2956838011741638,0.24711062014102936,0.5427944213151932,0.14794506132602692,0.3092605471611023,0.0,0.0,36.99482727050781,24.423572540283203,189.72872924804688
ours_v3_corner_12k,ours_v3,"corner,gripperPOV",10048,32.0,94.5,7,0.30000001192092896,7,expert_cross,50,177,50,0.3234284818172455,0.2490886002779007,0.5725170820951462,0.2589765191078186,0.16850638389587402,0.0,1.4901161193847656e-08,36.99482727050781,24.423572540283203,189.72872924804688
ours_v3_corner_12k,ours_v3,"corner,gripperPOV",10048,32.0,94.5,7,0.30000001192092896,11,expert_cross,50,177,50,0.3698120415210724,0.23634377121925354,0.6061558127403259,0.33973240852355957,0.054111775010824203,0.0,3.725290298461914e-09,36.99482727050781,24.423572540283203,189.72872924804688
ours_v3_corner_12k,ours_v3,"corner,gripperPOV",10048,32.0,94.5,8,0.20000000298023224,3,expert_cross,50,177,50,0.29735636711120605,0.24966685473918915,0.5470232218503952,0.15412671864032745,0.29885005950927734,0.0,0.0,36.61331558227539,26.075525283813477,189.7356414794922
ours_v3_corner_12k,ours_v3,"corner,gripperPOV",10048,32.0,94.5,8,0.20000000298023224,7,expert_cross,50,177,50,0.31955331563949585,0.24646280705928802,0.5660161226987839,0.2665431797504425,0.1674407720565796,0.0,0.0,36.61331558227539,26.075525283813477,189.7356414794922
ours_v3_corner_12k,ours_v3,"corner,gripperPOV",10048,32.0,94.5,8,0.20000000298023224,11,expert_cross,50,177,50,0.36882519721984863,0.24499398469924927,0.6138191819190979,0.3346726894378662,0.05150814354419708,0.0,0.0,36.61331558227539,26.075525283813477,189.7356414794922
ours_v3_corner_12k,ours_v3,"corner,gripperPOV",10048,32.0,94.5,9,0.10000000149011612,3,expert_cross,50,177,50,0.30267441272735596,0.2573958933353424,0.5600703060626984,0.16763663291931152,0.27229300141334534,0.0,5.960464477539063e-08,36.1851921081543,31.00185203552246,189.7284698486328
ours_v3_corner_12k,ours_v3,"corner,gripperPOV",10048,32.0,94.5,9,0.10000000149011612,7,expert_cross,50,177,50,0.3124033510684967,0.24290093779563904,0.5553042888641357,0.2826117277145386,0.16208399832248688,0.0,0.0,36.1851921081543,31.00185203552246,189.7284698486328
ours_v3_corner_12k,ours_v3,"corner,gripperPOV",10048,32.0,94.5,9,0.10000000149011612,11,expert_cross,50,177,50,0.3710293769836426,0.2572464346885681,0.6282758116722107,0.3255884647369385,0.04613570123910904,0.0,2.2351741790771484e-08,36.1851921081543,31.00185203552246,189.7284698486328
ours_v4_corner_12k,ours_v4,"corner,gripperPOV",10048,34.5,95.0,0,1.0,3,expert_cross,50,177,50,0.31128859519958496,0.24858565628528595,0.5598742514848709,0.14277039468288422,0.2973553538322449,0.0,0.0,41.20399856567383,22.657821655273438,189.73544311523438
ours_v4_corner_12k,ours_v4,"corner,gripperPOV",10048,34.5,95.0,0,1.0,7,expert_cross,50,177,50,0.3339535593986511,0.23295347392559052,0.5669070333242416,0.239831805229187,0.19326117634773254,0.0,0.0,41.20399856567383,22.657821655273438,189.73544311523438
ours_v4_corner_12k,ours_v4,"corner,gripperPOV",10048,34.5,95.0,0,1.0,11,expert_cross,50,177,50,0.3668178617954254,0.21175505220890045,0.5785729140043259,0.37768763303756714,0.04373947158455849,0.0,0.0,41.20399856567383,22.657821655273438,189.73544311523438
ours_v4_corner_12k,ours_v4,"corner,gripperPOV",10048,34.5,95.0,1,0.8999999761581421,3,expert_cross,50,177,50,0.31035447120666504,0.2491127997636795,0.5594672709703445,0.142879456281662,0.2976532280445099,0.0,4.470348358154297e-08,40.365848541259766,22.533445358276367,189.73382568359375
ours_v4_corner_12k,ours_v4,"corner,gripperPOV",10048,34.5,95.0,1,0.8999999761581421,7,expert_cross,50,177,50,0.332754522562027,0.23149389028549194,0.5642484128475189,0.24141527712345123,0.19433632493019104,0.0,0.0,40.365848541259766,22.533445358276367,189.73382568359375
ours_v4_corner_12k,ours_v4,"corner,gripperPOV",10048,34.5,95.0,1,0.8999999761581421,11,expert_cross,50,177,50,0.3655039966106415,0.20901556313037872,0.5745195597410202,0.38162997364997864,0.04385046288371086,0.0,3.725290298461914e-09,40.365848541259766,22.533445358276367,189.73382568359375
ours_v4_corner_12k,ours_v4,"corner,gripperPOV",10048,34.5,95.0,2,0.800000011920929,3,expert_cross,50,177,50,0.31029844284057617,0.2490832358598709,0.5593816787004471,0.14315645396709442,0.2974618375301361,0.0,2.9802322387695312e-08,39.66383743286133,22.636188507080078,189.73651123046875
ours_v4_corner_12k,ours_v4,"corner,gripperPOV",10048,34.5,95.0,2,0.800000011920929,7,expert_cross,50,177,50,0.33179205656051636,0.22977401316165924,0.5615660697221756,0.24384011328220367,0.19459381699562073,0.0,0.0,39.66383743286133,22.636188507080078,189.73651123046875
ours_v4_corner_12k,ours_v4,"corner,gripperPOV",10048,34.5,95.0,2,0.800000011920929,11,expert_cross,50,177,50,0.3641333281993866,0.20938493311405182,0.5735182613134384,0.38233131170272827,0.044150445610284805,0.0,0.0,39.66383743286133,22.636188507080078,189.73651123046875
ours_v4_corner_12k,ours_v4,"corner,gripperPOV",10048,34.5,95.0,3,0.699999988079071,3,expert_cross,50,177,50,0.31002795696258545,0.249044269323349,0.5590722262859344,0.14360058307647705,0.2973271906375885,0.0,0.0,39.037620544433594,22.913904190063477,189.73594665527344
ours_v4_corner_12k,ours_v4,"corner,gripperPOV",10048,34.5,95.0,3,0.699999988079071,7,expert_cross,50,177,50,0.33002784848213196,0.2283724993467331,0.558400347828865,0.2465919405221939,0.19500769674777985,0.0,1.4901161193847656e-08,39.037620544433594,22.913904190063477,189.73594665527344
ours_v4_corner_12k,ours_v4,"corner,gripperPOV",10048,34.5,95.0,3,0.699999988079071,11,expert_cross,50,177,50,0.3634527325630188,0.21203455328941345,0.5754872858524323,0.3809721767902374,0.043540604412555695,0.0,0.0,39.037620544433594,22.913904190063477,189.73594665527344
ours_v4_corner_12k,ours_v4,"corner,gripperPOV",10048,34.5,95.0,4,0.6000000238418579,3,expert_cross,50,177,50,0.30940547585487366,0.24922609329223633,0.55863156914711,0.14383122324943542,0.297537237405777,0.0,0.0,38.497737884521484,23.265811920166016,189.7378692626953
ours_v4_corner_12k,ours_v4,"corner,gripperPOV",10048,34.5,95.0,4,0.6000000238418579,7,expert_cross,50,177,50,0.32758113741874695,0.22622497379779816,0.5538061112165451,0.24993377923965454,0.19626010954380035,0.0,0.0,38.497737884521484,23.265811920166016,189.7378692626953
ours_v4_corner_12k,ours_v4,"corner,gripperPOV",10048,34.5,95.0,4,0.6000000238418579,11,expert_cross,50,177,50,0.3615397810935974,0.21352893114089966,0.5750687122344971,0.3809564709663391,0.043974846601486206,0.0,0.0,38.497737884521484,23.265811920166016,189.7378692626953
ours_v4_corner_12k,ours_v4,"corner,gripperPOV",10048,34.5,95.0,5,0.5,3,expert_cross,50,177,50,0.31030088663101196,0.24929150938987732,0.5595923960208893,0.14391659200191498,0.29649099707603455,0.0,1.4901161193847656e-08,38.03807830810547,23.66922378540039,189.73622131347656
ours_v4_corner_12k,ours_v4,"corner,gripperPOV",10048,34.5,95.0,5,0.5,7,expert_cross,50,177,50,0.3253604471683502,0.22534270584583282,0.550703153014183,0.2520780563354492,0.19721879065036774,0.0,0.0,38.03807830810547,23.66922378540039,189.73622131347656
ours_v4_corner_12k,ours_v4,"corner,gripperPOV",10048,34.5,95.0,5,0.5,11,expert_cross,50,177,50,0.35944294929504395,0.21629081666469574,0.5757337659597397,0.38002467155456543,0.04424157366156578,0.0,0.0,38.03807830810547,23.66922378540039,189.73622131347656
ours_v4_corner_12k,ours_v4,"corner,gripperPOV",10048,34.5,95.0,6,0.4000000059604645,3,expert_cross,50,177,50,0.3102925419807434,0.24962107837200165,0.5599136203527451,0.145396426320076,0.29468992352485657,0.0,2.9802322387695312e-08,37.648956298828125,24.237520217895508,189.72613525390625
ours_v4_corner_12k,ours_v4,"corner,gripperPOV",10048,34.5,95.0,6,0.4000000059604645,7,expert_cross,50,177,50,0.32496580481529236,0.22440126538276672,0.5493670701980591,0.25395074486732483,0.1966821700334549,0.0,1.4901161193847656e-08,37.648956298828125,24.237520217895508,189.72613525390625
ours_v4_corner_12k,ours_v4,"corner,gripperPOV",10048,34.5,95.0,6,0.4000000059604645,11,expert_cross,50,177,50,0.3585788309574127,0.22150300443172455,0.5800818353891373,0.3770671486854553,0.04285106435418129,0.0,0.0,37.648956298828125,24.237520217895508,189.72613525390625
ours_v4_corner_12k,ours_v4,"corner,gripperPOV",10048,34.5,95.0,7,0.30000001192092896,3,expert_cross,50,177,50,0.31206077337265015,0.249873086810112,0.5619338601827621,0.14838622510433197,0.2896799147129059,0.0,0.0,37.31836700439453,25.175203323364258,189.73849487304688
ours_v4_corner_12k,ours_v4,"corner,gripperPOV",10048,34.5,95.0,7,0.30000001192092896,7,expert_cross,50,177,50,0.3214246332645416,0.22260402143001556,0.5440286546945572,0.25888001918792725,0.19709135591983795,0.0,0.0,37.31836700439453,25.175203323364258,189.73849487304688
ours_v4_corner_12k,ours_v4,"corner,gripperPOV",10048,34.5,95.0,7,0.30000001192092896,11,expert_cross,50,177,50,0.357237309217453,0.2272416651248932,0.5844789743423462,0.3729279637336731,0.042593032121658325,0.0,2.9802322387695312e-08,37.31836700439453,25.175203323364258,189.73849487304688
ours_v4_corner_12k,ours_v4,"corner,gripperPOV",10048,34.5,95.0,8,0.20000000298023224,3,expert_cross,50,177,50,0.3147311508655548,0.25030896067619324,0.565040111541748,0.15371307730674744,0.2812468111515045,0.0,0.0,37.02657699584961,26.973857879638672,189.74713134765625
ours_v4_corner_12k,ours_v4,"corner,gripperPOV",10048,34.5,95.0,8,0.20000000298023224,7,expert_cross,50,177,50,0.31698840856552124,0.22198998928070068,0.5389783978462219,0.26476895809173584,0.19625264406204224,0.0,0.0,37.02657699584961,26.973857879638672,189.74713134765625
ours_v4_corner_12k,ours_v4,"corner,gripperPOV",10048,34.5,95.0,8,0.20000000298023224,11,expert_cross,50,177,50,0.35691139101982117,0.23595288395881653,0.5928642749786377,0.36579859256744385,0.04133714362978935,0.0,0.0,37.02657699584961,26.973857879638672,189.74713134765625
ours_v4_corner_12k,ours_v4,"corner,gripperPOV",10048,34.5,95.0,9,0.10000000149011612,3,expert_cross,50,177,50,0.32112380862236023,0.2524641454219818,0.573587954044342,0.1640605926513672,0.26235145330429077,0.0,0.0,36.690521240234375,31.25650405883789,189.74339294433594
ours_v4_corner_12k,ours_v4,"corner,gripperPOV",10048,34.5,95.0,9,0.10000000149011612,7,expert_cross,50,177,50,0.31022706627845764,0.22267723083496094,0.5329042971134186,0.2788708806037903,0.18822486698627472,0.0,0.0,36.690521240234375,31.25650405883789,189.74339294433594
ours_v4_corner_12k,ours_v4,"corner,gripperPOV",10048,34.5,95.0,9,0.10000000149011612,11,expert_cross,50,177,50,0.35737231373786926,0.24693024158477783,0.6043025553226471,0.35668236017227173,0.039015043526887894,0.0,4.0978193283081055e-08,36.690521240234375,31.25650405883789,189.74339294433594
random_corner_12k,random,"corner,gripperPOV",10048,32.0,94.5,0,1.0,3,expert_cross,50,177,50,0.3270900547504425,0.23834657669067383,0.5654366314411163,0.12962566316127777,0.3049376606941223,0.0,4.470348358154297e-08,41.20399856567383,21.121667861938477,189.7415771484375
random_corner_12k,random,"corner,gripperPOV",10048,32.0,94.5,0,1.0,7,expert_cross,50,177,50,0.3142089247703552,0.26779329776763916,0.5820022225379944,0.20781466364860535,0.21018314361572266,0.0,0.0,41.20399856567383,21.121667861938477,189.7415771484375
random_corner_12k,random,"corner,gripperPOV",10048,32.0,94.5,0,1.0,11,expert_cross,50,177,50,0.3499523997306824,0.22140246629714966,0.571354866027832,0.38214293122291565,0.04650213569402695,0.0,6.705522537231445e-08,41.20399856567383,21.121667861938477,189.7415771484375
random_corner_12k,random,"corner,gripperPOV",10048,32.0,94.5,1,0.8999999761581421,3,expert_cross,50,177,50,0.32586050033569336,0.23805338144302368,0.563913881778717,0.1295444220304489,0.30654171109199524,0.0,0.0,40.44368362426758,21.0461483001709,189.73196411132812
random_corner_12k,random,"corner,gripperPOV",10048,32.0,94.5,1,0.8999999761581421,7,expert_cross,50,177,50,0.31410181522369385,0.2653380036354065,0.5794398188591003,0.2099483609199524,0.21061177551746368,0.0,4.470348358154297e-08,40.44368362426758,21.0461483001709,189.73196411132812
random_corner_12k,random,"corner,gripperPOV",10048,32.0,94.5,1,0.8999999761581421,11,expert_cross,50,177,50,0.34916406869888306,0.2191934585571289,0.568357527256012,0.38512757420539856,0.04651492461562157,0.0,0.0,40.44368362426758,21.0461483001709,189.73196411132812
random_corner_12k,random,"corner,gripperPOV",10048,32.0,94.5,2,0.800000011920929,3,expert_cross,50,177,50,0.3246748745441437,0.23809649050235748,0.5627713650465012,0.12993411719799042,0.3072945177555084,0.0,0.0,39.79243469238281,21.15380859375,189.7342071533203
random_corner_12k,random,"corner,gripperPOV",10048,32.0,94.5,2,0.800000011920929,7,expert_cross,50,177,50,0.3144600987434387,0.26408150792121887,0.5785416066646576,0.21079421043395996,0.21066418290138245,0.0,0.0,39.79243469238281,21.15380859375,189.7342071533203
random_corner_12k,random,"corner,gripperPOV",10048,32.0,94.5,2,0.800000011920929,11,expert_cross,50,177,50,0.34793779253959656,0.21836748719215393,0.5663052797317505,0.38661637902259827,0.04707834869623184,0.0,0.0,39.79243469238281,21.15380859375,189.7342071533203
random_corner_12k,random,"corner,gripperPOV",10048,32.0,94.5,3,0.699999988079071,3,expert_cross,50,177,50,0.3230666220188141,0.23838397860527039,0.5614506006240845,0.13067413866519928,0.30787524580955505,0.0,1.4901161193847656e-08,39.22031021118164,21.264652252197266,189.74395751953125
random_corner_12k,random,"corner,gripperPOV",10048,32.0,94.5,3,0.699999988079071,7,expert_cross,50,177,50,0.3149909973144531,0.263195276260376,0.5781862735748291,0.2123115509748459,0.2095022201538086,0.0,0.0,39.22031021118164,21.264652252197266,189.74395751953125
random_corner_12k,random,"corner,gripperPOV",10048,32.0,94.5,3,0.699999988079071,11,expert_cross,50,177,50,0.3476139008998871,0.21848250925540924,0.5660964101552963,0.3872845470905304,0.04661910608410835,0.0,0.0,39.22031021118164,21.264652252197266,189.74395751953125
random_corner_12k,random,"corner,gripperPOV",10048,32.0,94.5,4,0.6000000238418579,3,expert_cross,50,177,50,0.3214378356933594,0.23909436166286469,0.5605321973562241,0.13090480864048004,0.3085629642009735,0.0,2.9802322387695312e-08,38.72209167480469,21.57344627380371,189.73583984375
random_corner_12k,random,"corner,gripperPOV",10048,32.0,94.5,4,0.6000000238418579,7,expert_cross,50,177,50,0.31469449400901794,0.2614559233188629,0.5761504173278809,0.21489042043685913,0.20895913243293762,0.0,2.9802322387695312e-08,38.72209167480469,21.57344627380371,189.73583984375
random_corner_12k,random,"corner,gripperPOV",10048,32.0,94.5,4,0.6000000238418579,11,expert_cross,50,177,50,0.3474719226360321,0.2199426293373108,0.5674145519733429,0.3856789171695709,0.04690656065940857,0.0,0.0,38.72209167480469,21.57344627380371,189.73583984375
random_corner_12k,random,"corner,gripperPOV",10048,32.0,94.5,5,0.5,3,expert_cross,50,177,50,0.3203456997871399,0.23957201838493347,0.5599177181720734,0.1309678703546524,0.30911433696746826,0.0,7.450580596923828e-08,38.29568862915039,21.80898094177246,189.7353057861328
random_corner_12k,random,"corner,gripperPOV",10048,32.0,94.5,5,0.5,7,expert_cross,50,177,50,0.31466421484947205,0.2611405849456787,0.5758047997951508,0.21615557372570038,0.20803959667682648,0.0,2.9802322387695312e-08,38.29568862915039,21.80898094177246,189.7353057861328
random_corner_12k,random,"corner,gripperPOV",10048,32.0,94.5,5,0.5,11,expert_cross,50,177,50,0.34665751457214355,0.2209528535604477,0.5676103681325912,0.38587331771850586,0.046516302973032,0.0,1.1175870895385742e-08,38.29568862915039,21.80898094177246,189.7353057861328
random_corner_12k,random,"corner,gripperPOV",10048,32.0,94.5,6,0.4000000059604645,3,expert_cross,50,177,50,0.31907427310943604,0.24129964411258698,0.560373917222023,0.13204240798950195,0.30758365988731384,0.0,1.4901161193847656e-08,37.934288024902344,22.305383682250977,189.73922729492188
random_corner_12k,random,"corner,gripperPOV",10048,32.0,94.5,6,0.4000000059604645,7,expert_cross,50,177,50,0.3142593502998352,0.2608336806297302,0.5750930309295654,0.21916182339191437,0.2057451754808426,0.0,0.0,37.934288024902344,22.305383682250977,189.73922729492188
random_corner_12k,random,"corner,gripperPOV",10048,32.0,94.5,6,0.4000000059604645,11,expert_cross,50,177,50,0.34756094217300415,0.22480227053165436,0.5723632127046585,0.38215044140815735,0.045486342161893845,0.0,3.725290298461914e-09,37.934288024902344,22.305383682250977,189.73922729492188
random_corner_12k,random,"corner,gripperPOV",10048,32.0,94.5,7,0.30000001192092896,3,expert_cross,50,177,50,0.318734735250473,0.2433692067861557,0.5621039420366287,0.13411493599414825,0.303781121969223,0.0,0.0,37.637718200683594,22.996423721313477,189.73690795898438
random_corner_12k,random,"corner,gripperPOV",10048,32.0,94.5,7,0.30000001192092896,7,expert_cross,50,177,50,0.3138517141342163,0.26010990142822266,0.573961615562439,0.2236713021993637,0.20236706733703613,0.0,1.4901161193847656e-08,37.637718200683594,22.996423721313477,189.73690795898438
random_corner_12k,random,"corner,gripperPOV",10048,32.0,94.5,7,0.30000001192092896,11,expert_cross,50,177,50,0.3488691449165344,0.23098637163639069,0.5798555165529251,0.3761666715145111,0.043977782130241394,0.0,2.9802322387695312e-08,37.637718200683594,22.996423721313477,189.73690795898438
random_corner_12k,random,"corner,gripperPOV",10048,32.0,94.5,8,0.20000000298023224,3,expert_cross,50,177,50,0.3189302086830139,0.24653653800487518,0.5654667466878891,0.13855081796646118,0.2959824800491333,0.0,0.0,37.37647247314453,24.163368225097656,189.73281860351562
random_corner_12k,random,"corner,gripperPOV",10048,32.0,94.5,8,0.20000000298023224,7,expert_cross,50,177,50,0.3108398914337158,0.260098397731781,0.5709382891654968,0.2308369278907776,0.19822479784488678,0.0,0.0,37.37647247314453,24.163368225097656,189.73281860351562
random_corner_12k,random,"corner,gripperPOV",10048,32.0,94.5,8,0.20000000298023224,11,expert_cross,50,177,50,0.35079577565193176,0.24013319611549377,0.5909289717674255,0.3670426905155182,0.042028333991765976,0.0,3.725290298461914e-09,37.37647247314453,24.163368225097656,189.73281860351562
random_corner_12k,random,"corner,gripperPOV",10048,32.0,94.5,9,0.10000000149011612,3,expert_cross,50,177,50,0.3237852454185486,0.2519269585609436,0.5757122039794922,0.14803142845630646,0.27625638246536255,0.0,0.0,37.09764099121094,27.205947875976562,189.74147033691406
random_corner_12k,random,"corner,gripperPOV",10048,32.0,94.5,9,0.10000000149011612,7,expert_cross,50,177,50,0.30523183941841125,0.25926467776298523,0.5644965171813965,0.248703733086586,0.18679974973201752,0.0,0.0,37.09764099121094,27.205947875976562,189.74147033691406
random_corner_12k,random,"corner,gripperPOV",10048,32.0,94.5,9,0.10000000149011612,11,expert_cross,50,177,50,0.3563147485256195,0.25410109758377075,0.6104158461093903,0.35158151388168335,0.03800267353653908,0.0,0.0,37.09764099121094,27.205947875976562,189.74147033691406
uniform_corner_12k,uniform,"corner,gripperPOV",10048,28.2,92.5,0,1.0,3,expert_cross,50,177,50,0.32253581285476685,0.26261842250823975,0.5851542353630066,0.10451213270425797,0.31033360958099365,0.0,2.2351741790771484e-08,41.20399856567383,21.06292724609375,189.7329559326172
uniform_corner_12k,uniform,"corner,gripperPOV",10048,28.2,92.5,0,1.0,7,expert_cross,50,177,50,0.3656506836414337,0.19698669016361237,0.5626373738050461,0.26240837574005127,0.17495425045490265,0.0,0.0,41.20399856567383,21.06292724609375,189.7329559326172
uniform_corner_12k,uniform,"corner,gripperPOV",10048,28.2,92.5,0,1.0,11,expert_cross,50,177,50,0.3640598952770233,0.26161620020866394,0.6256760954856873,0.3335933983325958,0.040730543434619904,0.0,0.0,41.20399856567383,21.06292724609375,189.7329559326172
uniform_corner_12k,uniform,"corner,gripperPOV",10048,28.2,92.5,1,0.8999999761581421,3,expert_cross,50,177,50,0.3214656710624695,0.2622341215610504,0.5836997926235199,0.10488732159137726,0.3114129304885864,0.0,0.0,40.41890335083008,20.993165969848633,189.73239135742188
uniform_corner_12k,uniform,"corner,gripperPOV",10048,28.2,92.5,1,0.8999999761581421,7,expert_cross,50,177,50,0.36231496930122375,0.19619077444076538,0.5585057437419891,0.2655816972255707,0.17591255903244019,0.0,0.0,40.41890335083008,20.993165969848633,189.73239135742188
uniform_corner_12k,uniform,"corner,gripperPOV",10048,28.2,92.5,1,0.8999999761581421,11,expert_cross,50,177,50,0.36293473839759827,0.259501576423645,0.6224363148212433,0.33649754524230957,0.04106611758470535,0.0,2.2351741790771484e-08,40.41890335083008,20.993165969848633,189.73239135742188
uniform_corner_12k,uniform,"corner,gripperPOV",10048,28.2,92.5,2,0.800000011920929,3,expert_cross,50,177,50,0.3202853500843048,0.26159292459487915,0.581878274679184,0.10540834814310074,0.3127133846282959,0.0,0.0,39.74936294555664,21.138023376464844,189.74002075195312
uniform_corner_12k,uniform,"corner,gripperPOV",10048,28.2,92.5,2,0.800000011920929,7,expert_cross,50,177,50,0.36080145835876465,0.1933036893606186,0.5541051477193832,0.26940563321113586,0.1764892041683197,0.0,1.4901161193847656e-08,39.74936294555664,21.138023376464844,189.74002075195312
uniform_corner_12k,uniform,"corner,gripperPOV",10048,28.2,92.5,2,0.800000011920929,11,expert_cross,50,177,50,0.3623632788658142,0.2605752944946289,0.6229385733604431,0.33613237738609314,0.04092901945114136,0.0,2.9802322387695312e-08,39.74936294555664,21.138023376464844,189.74002075195312
uniform_corner_12k,uniform,"corner,gripperPOV",10048,28.2,92.5,3,0.699999988079071,3,expert_cross,50,177,50,0.3199629783630371,0.2612551152706146,0.5812180936336517,0.10605896264314651,0.31272295117378235,0.0,0.0,39.147151947021484,21.309141159057617,189.73448181152344
uniform_corner_12k,uniform,"corner,gripperPOV",10048,28.2,92.5,3,0.699999988079071,7,expert_cross,50,177,50,0.35972124338150024,0.19268262386322021,0.5524038672447205,0.2727062702178955,0.17488987743854523,0.0,0.0,39.147151947021484,21.309141159057617,189.73448181152344
uniform_corner_12k,uniform,"corner,gripperPOV",10048,28.2,92.5,3,0.699999988079071,11,expert_cross,50,177,50,0.36100858449935913,0.2620944082736969,0.623102992773056,0.3357621431350708,0.041134901344776154,0.0,0.0,39.147151947021484,21.309141159057617,189.73448181152344
uniform_corner_12k,uniform,"corner,gripperPOV",10048,28.2,92.5,4,0.6000000238418579,3,expert_cross,50,177,50,0.31803178787231445,0.2613944411277771,0.5794262290000916,0.1072310283780098,0.31334272027015686,0.0,2.2351741790771484e-08,38.61113739013672,21.54511070251465,189.73690795898438
uniform_corner_12k,uniform,"corner,gripperPOV",10048,28.2,92.5,4,0.6000000238418579,7,expert_cross,50,177,50,0.3596731722354889,0.1896670162677765,0.5493401885032654,0.2753972113132477,0.17526261508464813,0.0,0.0,38.61113739013672,21.54511070251465,189.73690795898438
uniform_corner_12k,uniform,"corner,gripperPOV",10048,28.2,92.5,4,0.6000000238418579,11,expert_cross,50,177,50,0.3607371747493744,0.26347672939300537,0.6242139041423798,0.33423101902008057,0.04155510291457176,0.0,0.0,38.61113739013672,21.54511070251465,189.73690795898438
uniform_corner_12k,uniform,"corner,gripperPOV",10048,28.2,92.5,5,0.5,3,expert_cross,50,177,50,0.31738629937171936,0.2613649368286133,0.5787512362003326,0.10893654078245163,0.31231221556663513,0.0,7.450580596923828e-09,38.15156173706055,21.85285186767578,189.73495483398438
uniform_corner_12k,uniform,"corner,gripperPOV",10048,28.2,92.5,5,0.5,7,expert_cross,50,177,50,0.35749152302742004,0.18931785225868225,0.5468093752861023,0.27938610315322876,0.17380450665950775,0.0,1.4901161193847656e-08,38.15156173706055,21.85285186767578,189.73495483398438
uniform_corner_12k,uniform,"corner,gripperPOV",10048,28.2,92.5,5,0.5,11,expert_cross,50,177,50,0.35958239436149597,0.2665267586708069,0.6261091530323029,0.3319251835346222,0.04196568951010704,0.0,0.0,38.15156173706055,21.85285186767578,189.73495483398438
uniform_corner_12k,uniform,"corner,gripperPOV",10048,28.2,92.5,6,0.4000000059604645,3,expert_cross,50,177,50,0.3167048394680023,0.2623974084854126,0.5791022479534149,0.1114921048283577,0.309405654668808,0.0,0.0,37.756656646728516,22.441587448120117,189.7332763671875
uniform_corner_12k,uniform,"corner,gripperPOV",10048,28.2,92.5,6,0.4000000059604645,7,expert_cross,50,177,50,0.35452017188072205,0.18930456042289734,0.5438247323036194,0.283986359834671,0.1721889227628708,0.0,0.0,37.756656646728516,22.441587448120117,189.7332763671875
uniform_corner_12k,uniform,"corner,gripperPOV",10048,28.2,92.5,6,0.4000000059604645,11,expert_cross,50,177,50,0.35861441493034363,0.27197256684303284,0.6305869817733765,0.3275505304336548,0.041862472891807556,0.0,1.4901161193847656e-08,37.756656646728516,22.441587448120117,189.7332763671875
uniform_corner_12k,uniform,"corner,gripperPOV",10048,28.2,92.5,7,0.30000001192092896,3,expert_cross,50,177,50,0.31783241033554077,0.26384997367858887,0.5816823840141296,0.11439820379018784,0.30391940474510193,0.0,7.450580596923828e-09,37.41982650756836,23.116901397705078,189.73226928710938
uniform_corner_12k,uniform,"corner,gripperPOV",10048,28.2,92.5,7,0.30000001192092896,7,expert_cross,50,177,50,0.35072070360183716,0.18958161771297455,0.5403023213148117,0.29064640402793884,0.16905127465724945,0.0,0.0,37.41982650756836,23.116901397705078,189.73226928710938
uniform_corner_12k,uniform,"corner,gripperPOV",10048,28.2,92.5,7,0.30000001192092896,11,expert_cross,50,177,50,0.3584536015987396,0.2777773439884186,0.6362309455871582,0.32270270586013794,0.04106631875038147,0.0,2.9802322387695312e-08,37.41982650756836,23.116901397705078,189.73226928710938
uniform_corner_12k,uniform,"corner,gripperPOV",10048,28.2,92.5,8,0.20000000298023224,3,expert_cross,50,177,50,0.3193928599357605,0.2664754390716553,0.5858682990074158,0.1219448670744896,0.29218679666519165,0.0,3.725290298461914e-08,37.115638732910156,24.488601684570312,189.73265075683594
uniform_corner_12k,uniform,"corner,gripperPOV",10048,28.2,92.5,8,0.20000000298023224,7,expert_cross,50,177,50,0.34373754262924194,0.19520317018032074,0.5389407128095627,0.2971506416797638,0.16390866041183472,0.0,0.0,37.115638732910156,24.488601684570312,189.73265075683594
uniform_corner_12k,uniform,"corner,gripperPOV",10048,28.2,92.5,8,0.20000000298023224,11,expert_cross,50,177,50,0.35845643281936646,0.28769928216934204,0.6461557149887085,0.3148117661476135,0.03903258964419365,0.0,0.0,37.115638732910156,24.488601684570312,189.73265075683594
uniform_corner_12k,uniform,"corner,gripperPOV",10048,28.2,92.5,9,0.10000000149011612,3,expert_cross,50,177,50,0.3284984827041626,0.2719149887561798,0.6004134714603424,0.13630470633506775,0.26328182220458984,0.0,0.0,36.790523529052734,27.344566345214844,189.73377990722656
uniform_corner_12k,uniform,"corner,gripperPOV",10048,28.2,92.5,9,0.10000000149011612,7,expert_cross,50,177,50,0.3277509808540344,0.20556405186653137,0.5333150327205658,0.3111979067325592,0.1554870456457138,0.0,1.4901161193847656e-08,36.790523529052734,27.344566345214844,189.73377990722656
uniform_corner_12k,uniform,"corner,gripperPOV",10048,28.2,92.5,9,0.10000000149011612,11,expert_cross,50,177,50,0.36107563972473145,0.30019888281822205,0.6612745225429535,0.3033655881881714,0.03535992279648781,0.0,0.0,36.790523529052734,27.344566345214844,189.73377990722656
zero_corner_12k,zero,"corner,gripperPOV",10048,32.0,95.0,0,1.0,3,expert_cross,50,177,50,0.31805941462516785,0.20588359236717224,0.5239430069923401,0.1465931534767151,0.3294638395309448,0.0,0.0,41.20399856567383,22.25145149230957,189.73306274414062
zero_corner_12k,zero,"corner,gripperPOV",10048,32.0,95.0,0,1.0,7,expert_cross,50,177,50,0.32830414175987244,0.24362722039222717,0.5719313621520996,0.1994408220052719,0.2286277860403061,0.0,2.9802322387695312e-08,41.20399856567383,22.25145149230957,189.73306274414062
zero_corner_12k,zero,"corner,gripperPOV",10048,32.0,95.0,0,1.0,11,expert_cross,50,177,50,0.316375195980072,0.19205765426158905,0.5084328502416611,0.4242188632488251,0.06734829396009445,0.0,0.0,41.20399856567383,22.25145149230957,189.73306274414062
zero_corner_12k,zero,"corner,gripperPOV",10048,32.0,95.0,1,0.8999999761581421,3,expert_cross,50,177,50,0.3158155381679535,0.20601581037044525,0.5218313485383987,0.14795859158039093,0.3302100598812103,0.0,0.0,40.34782028198242,22.110761642456055,189.73492431640625
zero_corner_12k,zero,"corner,gripperPOV",10048,32.0,95.0,1,0.8999999761581421,7,expert_cross,50,177,50,0.3284767270088196,0.24142350256443024,0.5699002295732498,0.20027883350849152,0.22982096672058105,0.0,0.0,40.34782028198242,22.110761642456055,189.73492431640625
zero_corner_12k,zero,"corner,gripperPOV",10048,32.0,95.0,1,0.8999999761581421,11,expert_cross,50,177,50,0.31464478373527527,0.18944399058818817,0.5040887743234634,0.42743799090385437,0.06847318261861801,0.0,5.21540641784668e-08,40.34782028198242,22.110761642456055,189.73492431640625
zero_corner_12k,zero,"corner,gripperPOV",10048,32.0,95.0,2,0.800000011920929,3,expert_cross,50,177,50,0.31429702043533325,0.20617757737636566,0.5204745978116989,0.14907962083816528,0.3304457664489746,0.0,1.4901161193847656e-08,39.61561965942383,22.227476119995117,189.7449188232422
zero_corner_12k,zero,"corner,gripperPOV",10048,32.0,95.0,2,0.800000011920929,7,expert_cross,50,177,50,0.326954185962677,0.24027645587921143,0.5672306418418884,0.202372208237648,0.23039713501930237,0.0,1.4901161193847656e-08,39.61561965942383,22.227476119995117,189.7449188232422
zero_corner_12k,zero,"corner,gripperPOV",10048,32.0,95.0,2,0.800000011920929,11,expert_cross,50,177,50,0.31423163414001465,0.1911165714263916,0.5053482055664062,0.4262928366661072,0.0683589056134224,0.0,5.21540641784668e-08,39.61561965942383,22.227476119995117,189.7449188232422
zero_corner_12k,zero,"corner,gripperPOV",10048,32.0,95.0,3,0.699999988079071,3,expert_cross,50,177,50,0.3120661675930023,0.20676182210445404,0.5188279896974564,0.15080803632736206,0.3303639590740204,0.0,1.4901161193847656e-08,38.96184539794922,22.572416305541992,189.73593139648438
zero_corner_12k,zero,"corner,gripperPOV",10048,32.0,95.0,3,0.699999988079071,7,expert_cross,50,177,50,0.32739749550819397,0.23878727853298187,0.5661847740411758,0.2040473222732544,0.22976788878440857,0.0,1.4901161193847656e-08,38.96184539794922,22.572416305541992,189.73593139648438
zero_corner_12k,zero,"corner,gripperPOV",10048,32.0,95.0,3,0.699999988079071,11,expert_cross,50,177,50,0.3128613829612732,0.19149501621723175,0.5043563991785049,0.4276200234889984,0.06802355498075485,0.0,2.2351741790771484e-08,38.96184539794922,22.572416305541992,189.73593139648438
zero_corner_12k,zero,"corner,gripperPOV",10048,32.0,95.0,4,0.6000000238418579,3,expert_cross,50,177,50,0.31162193417549133,0.2075338512659073,0.5191557854413986,0.15151193737983704,0.32933226227760315,0.0,1.4901161193847656e-08,38.38458251953125,22.88561248779297,189.732666015625
zero_corner_12k,zero,"corner,gripperPOV",10048,32.0,95.0,4,0.6000000238418579,7,expert_cross,50,177,50,0.3257910907268524,0.23740850389003754,0.56319959461689,0.20628657937049866,0.230513796210289,0.0,2.9802322387695312e-08,38.38458251953125,22.88561248779297,189.732666015625
zero_corner_12k,zero,"corner,gripperPOV",10048,32.0,95.0,4,0.6000000238418579,11,expert_cross,50,177,50,0.31144431233406067,0.19348372519016266,0.5049280375242233,0.4268018901348114,0.06827009469270706,0.0,0.0,38.38458251953125,22.88561248779297,189.732666015625
zero_corner_12k,zero,"corner,gripperPOV",10048,32.0,95.0,5,0.5,3,expert_cross,50,177,50,0.31032702326774597,0.2092014104127884,0.5195284336805344,0.15320761501789093,0.3272639513015747,0.0,0.0,37.88917541503906,23.28403091430664,189.732421875
zero_corner_12k,zero,"corner,gripperPOV",10048,32.0,95.0,5,0.5,7,expert_cross,50,177,50,0.3260287940502167,0.23627834022045135,0.562307134270668,0.2069476693868637,0.23074518144130707,0.0,1.4901161193847656e-08,37.88917541503906,23.28403091430664,189.732421875
zero_corner_12k,zero,"corner,gripperPOV",10048,32.0,95.0,5,0.5,11,expert_cross,50,177,50,0.31054559350013733,0.19588781893253326,0.5064334124326706,0.4264571964740753,0.06710941344499588,0.0,0.0,37.88917541503906,23.28403091430664,189.732421875
zero_corner_12k,zero,"corner,gripperPOV",10048,32.0,95.0,6,0.4000000059604645,3,expert_cross,50,177,50,0.3093273341655731,0.21186605095863342,0.5211933851242065,0.15466248989105225,0.3241441249847412,0.0,0.0,37.467445373535156,23.88755989074707,189.73141479492188
zero_corner_12k,zero,"corner,gripperPOV",10048,32.0,95.0,6,0.4000000059604645,7,expert_cross,50,177,50,0.32452449202537537,0.23671923577785492,0.5612437278032303,0.20989453792572021,0.2288617193698883,0.0,1.4901161193847656e-08,37.467445373535156,23.88755989074707,189.73141479492188
zero_corner_12k,zero,"corner,gripperPOV",10048,32.0,95.0,6,0.4000000059604645,11,expert_cross,50,177,50,0.3097241520881653,0.20084206759929657,0.5105662196874619,0.4240315854549408,0.06540226191282272,0.0,0.0,37.467445373535156,23.88755989074707,189.73141479492188
zero_corner_12k,zero,"corner,gripperPOV",10048,32.0,95.0,7,0.30000001192092896,3,expert_cross,50,177,50,0.30800387263298035,0.21509334444999695,0.5230972170829773,0.15788139402866364,0.3190213441848755,0.0,4.470348358154297e-08,37.1089973449707,24.632675170898438,189.7339630126953
zero_corner_12k,zero,"corner,gripperPOV",10048,32.0,95.0,7,0.30000001192092896,7,expert_cross,50,177,50,0.3231593072414398,0.23612047731876373,0.5592797845602036,0.21465641260147095,0.22606375813484192,0.0,4.470348358154297e-08,37.1089973449707,24.632675170898438,189.7339630126953
zero_corner_12k,zero,"corner,gripperPOV",10048,32.0,95.0,7,0.30000001192092896,11,expert_cross,50,177,50,0.30923688411712646,0.20566804707050323,0.5149049311876297,0.4216903746128082,0.0634046345949173,0.0,5.960464477539063e-08,37.1089973449707,24.632675170898438,189.7339630126953
zero_corner_12k,zero,"corner,gripperPOV",10048,32.0,95.0,8,0.20000000298023224,3,expert_cross,50,177,50,0.3084595203399658,0.220240518450737,0.5287000387907028,0.16311046481132507,0.3081895411014557,0.0,0.0,36.76263427734375,26.07392120361328,189.7397918701172
zero_corner_12k,zero,"corner,gripperPOV",10048,32.0,95.0,8,0.20000000298023224,7,expert_cross,50,177,50,0.31842073798179626,0.23869729042053223,0.5571180284023285,0.22189849615097046,0.22098350524902344,0.0,0.0,36.76263427734375,26.07392120361328,189.7397918701172
zero_corner_12k,zero,"corner,gripperPOV",10048,32.0,95.0,8,0.20000000298023224,11,expert_cross,50,177,50,0.30793625116348267,0.2161802500486374,0.5241165012121201,0.41552087664604187,0.06036265566945076,0.0,0.0,36.76263427734375,26.07392120361328,189.7397918701172
zero_corner_12k,zero,"corner,gripperPOV",10048,32.0,95.0,9,0.10000000149011612,3,expert_cross,50,177,50,0.3137814402580261,0.23022322356700897,0.5440046638250351,0.1741771250963211,0.2818182408809662,0.0,0.0,36.34988784790039,29.957983016967773,189.74069213867188
zero_corner_12k,zero,"corner,gripperPOV",10048,32.0,95.0,9,0.10000000149011612,7,expert_cross,50,177,50,0.3102211654186249,0.24323880672454834,0.5534599721431732,0.23804199695587158,0.2084980607032776,0.0,0.0,36.34988784790039,29.957983016967773,189.74069213867188
zero_corner_12k,zero,"corner,gripperPOV",10048,32.0,95.0,9,0.10000000149011612,11,expert_cross,50,177,50,0.31169337034225464,0.23326359689235687,0.5449569672346115,0.4012395143508911,0.053803589195013046,0.0,0.0,36.34988784790039,29.957983016967773,189.74069213867188
ours_v1_corner_12k,ours_v1,"corner,gripperPOV",10049,20.0,90.0,0,1.0,3,expert_cross,50,177,50,0.3430844247341156,0.2050771266222,0.5481615513563156,0.1547008752822876,0.29713761806488037,0.0,0.0,40.447357177734375,22.074581146240234,189.734130859375
ours_v1_corner_12k,ours_v1,"corner,gripperPOV",10049,20.0,90.0,0,1.0,7,expert_cross,50,177,50,0.3098437190055847,0.2553353011608124,0.5651790201663971,0.2797430455684662,0.1550779640674591,0.0,0.0,40.447357177734375,22.074581146240234,189.734130859375
ours_v1_corner_12k,ours_v1,"corner,gripperPOV",10049,20.0,90.0,0,1.0,11,expert_cross,50,177,50,0.23528018593788147,0.2105063945055008,0.44578658044338226,0.46778929233551025,0.08642410486936569,0.0,2.2351741790771484e-08,40.447357177734375,22.074581146240234,189.734130859375
ours_v1_corner_12k,ours_v1,"corner,gripperPOV",10049,20.0,90.0,1,0.8999999761581421,3,expert_cross,50,177,50,0.3421188294887543,0.20556864142417908,0.5476874709129333,0.15492090582847595,0.2973916530609131,0.0,0.0,39.68064498901367,21.93743896484375,189.7371368408203
ours_v1_corner_12k,ours_v1,"corner,gripperPOV",10049,20.0,90.0,1,0.8999999761581421,7,expert_cross,50,177,50,0.3098701238632202,0.25268644094467163,0.5625565648078918,0.28149980306625366,0.1559436172246933,0.0,1.4901161193847656e-08,39.68064498901367,21.93743896484375,189.7371368408203
ours_v1_corner_12k,ours_v1,"corner,gripperPOV",10049,20.0,90.0,1,0.8999999761581421,11,expert_cross,50,177,50,0.23285123705863953,0.20788082480430603,0.44073206186294556,0.47095987200737,0.08830808848142624,0.0,0.0,39.68064498901367,21.93743896484375,189.7371368408203
ours_v1_corner_12k,ours_v1,"corner,gripperPOV",10049,20.0,90.0,2,0.800000011920929,3,expert_cross,50,177,50,0.339957594871521,0.2064494788646698,0.5464070737361908,0.15523430705070496,0.29835858941078186,0.0,2.9802322387695312e-08,39.03584289550781,22.08599853515625,189.7353973388672
ours_v1_corner_12k,ours_v1,"corner,gripperPOV",10049,20.0,90.0,2,0.800000011920929,7,expert_cross,50,177,50,0.31055909395217896,0.2514452040195465,0.5620042979717255,0.2822858989238739,0.15570981800556183,0.0,0.0,39.03584289550781,22.08599853515625,189.7353973388672
ours_v1_corner_12k,ours_v1,"corner,gripperPOV",10049,20.0,90.0,2,0.800000011920929,11,expert_cross,50,177,50,0.23180535435676575,0.20714563131332397,0.4389509856700897,0.4718974232673645,0.08915156871080399,0.0,2.2351741790771484e-08,39.03584289550781,22.08599853515625,189.7353973388672
ours_v1_corner_12k,ours_v1,"corner,gripperPOV",10049,20.0,90.0,3,0.699999988079071,3,expert_cross,50,177,50,0.3384058475494385,0.20797619223594666,0.5463820397853851,0.1548585742712021,0.2987593710422516,0.0,1.4901161193847656e-08,38.482906341552734,22.07619857788086,189.73974609375
ours_v1_corner_12k,ours_v1,"corner,gripperPOV",10049,20.0,90.0,3,0.699999988079071,7,expert_cross,50,177,50,0.3116360902786255,0.24990595877170563,0.5615420490503311,0.2829340100288391,0.15552391111850739,0.0,2.9802322387695312e-08,38.482906341552734,22.07619857788086,189.73974609375
ours_v1_corner_12k,ours_v1,"corner,gripperPOV",10049,20.0,90.0,3,0.699999988079071,11,expert_cross,50,177,50,0.2299421727657318,0.2074645608663559,0.4374067336320877,0.47331181168556213,0.08928148448467255,0.0,0.0,38.482906341552734,22.07619857788086,189.73974609375
ours_v1_corner_12k,ours_v1,"corner,gripperPOV",10049,20.0,90.0,4,0.6000000238418579,3,expert_cross,50,177,50,0.3357773423194885,0.2102830857038498,0.5460604280233383,0.15449441969394684,0.29944518208503723,0.0,0.0,38.01382827758789,22.140256881713867,189.72854614257812
ours_v1_corner_12k,ours_v1,"corner,gripperPOV",10049,20.0,90.0,4,0.6000000238418579,7,expert_cross,50,177,50,0.3135569989681244,0.2479758858680725,0.5615328848361969,0.28338998556137085,0.15507711470127106,0.0,1.4901161193847656e-08,38.01382827758789,22.140256881713867,189.72854614257812
ours_v1_corner_12k,ours_v1,"corner,gripperPOV",10049,20.0,90.0,4,0.6000000238418579,11,expert_cross,50,177,50,0.2279481589794159,0.20730748772621155,0.43525564670562744,0.4751430153846741,0.08960127830505371,0.0,5.960464477539063e-08,38.01382827758789,22.140256881713867,189.72854614257812
ours_v1_corner_12k,ours_v1,"corner,gripperPOV",10049,20.0,90.0,5,0.5,3,expert_cross,50,177,50,0.3334027826786041,0.21227864921092987,0.545681431889534,0.15483373403549194,0.29948481917381287,0.0,1.4901161193847656e-08,37.625579833984375,22.383432388305664,189.73638916015625
ours_v1_corner_12k,ours_v1,"corner,gripperPOV",10049,20.0,90.0,5,0.5,7,expert_cross,50,177,50,0.31567391753196716,0.24557210505008698,0.5612460225820541,0.28484293818473816,0.1539110541343689,0.0,0.0,37.625579833984375,22.383432388305664,189.73638916015625
ours_v1_corner_12k,ours_v1,"corner,gripperPOV",10049,20.0,90.0,5,0.5,11,expert_cross,50,177,50,0.22611793875694275,0.20651644468307495,0.4326343834400177,0.47816944122314453,0.08919622004032135,0.0,0.0,37.625579833984375,22.383432388305664,189.73638916015625
ours_v1_corner_12k,ours_v1,"corner,gripperPOV",10049,20.0,90.0,6,0.4000000059604645,3,expert_cross,50,177,50,0.3305127024650574,0.2164669930934906,0.546979695558548,0.15483032166957855,0.2981899380683899,0.0,4.470348358154297e-08,37.310726165771484,22.685834884643555,189.73611450195312
ours_v1_corner_12k,ours_v1,"corner,gripperPOV",10049,20.0,90.0,6,0.4000000059604645,7,expert_cross,50,177,50,0.3170417547225952,0.24465854465961456,0.5617002993822098,0.28593164682388306,0.15236806869506836,0.0,0.0,37.310726165771484,22.685834884643555,189.73611450195312
ours_v1_corner_12k,ours_v1,"corner,gripperPOV",10049,20.0,90.0,6,0.4000000059604645,11,expert_cross,50,177,50,0.2256486415863037,0.20814092457294464,0.43378956615924835,0.4778418242931366,0.08836852759122849,0.0,8.195638656616211e-08,37.310726165771484,22.685834884643555,189.73611450195312
ours_v1_corner_12k,ours_v1,"corner,gripperPOV",10049,20.0,90.0,7,0.30000001192092896,3,expert_cross,50,177,50,0.32768598198890686,0.22100290656089783,0.5486888885498047,0.15496782958507538,0.29634329676628113,0.0,0.0,37.05581283569336,23.031505584716797,189.7341766357422
ours_v1_corner_12k,ours_v1,"corner,gripperPOV",10049,20.0,90.0,7,0.30000001192092896,7,expert_cross,50,177,50,0.3196749687194824,0.242781862616539,0.5624568313360214,0.2867991328239441,0.15074403584003448,0.0,0.0,37.05581283569336,23.031505584716797,189.7341766357422
ours_v1_corner_12k,ours_v1,"corner,gripperPOV",10049,20.0,90.0,7,0.30000001192092896,11,expert_cross,50,177,50,0.22621232271194458,0.21104063093662262,0.4372529536485672,0.4762577414512634,0.08648937940597534,0.0,0.0,37.05581283569336,23.031505584716797,189.7341766357422
ours_v1_corner_12k,ours_v1,"corner,gripperPOV",10049,20.0,90.0,8,0.20000000298023224,3,expert_cross,50,177,50,0.3257311284542084,0.2278805673122406,0.553611695766449,0.1565084010362625,0.2898798882961273,0.0,1.4901161193847656e-08,36.8242073059082,23.916593551635742,189.7392578125
ours_v1_corner_12k,ours_v1,"corner,gripperPOV",10049,20.0,90.0,8,0.20000000298023224,7,expert_cross,50,177,50,0.32131078839302063,0.24271875619888306,0.5640295445919037,0.2883402407169342,0.1476302146911621,0.0,0.0,36.8242073059082,23.916593551635742,189.7392578125
ours_v1_corner_12k,ours_v1,"corner,gripperPOV",10049,20.0,90.0,8,0.20000000298023224,11,expert_cross,50,177,50,0.22854207456111908,0.215760737657547,0.4443028122186661,0.47188037633895874,0.08381682634353638,0.0,0.0,36.8242073059082,23.916593551635742,189.7392578125
ours_v1_corner_12k,ours_v1,"corner,gripperPOV",10049,20.0,90.0,9,0.10000000149011612,3,expert_cross,50,177,50,0.32642000913619995,0.24094407260417938,0.5673640817403793,0.1628328263759613,0.26980310678482056,0.0,0.0,36.549102783203125,25.957725524902344,189.74876403808594
ours_v1_corner_12k,ours_v1,"corner,gripperPOV",10049,20.0,90.0,9,0.10000000149011612,7,expert_cross,50,177,50,0.3206337094306946,0.24522218108177185,0.5658558905124664,0.2936738133430481,0.14047026634216309,0.0,2.9802322387695312e-08,36.549102783203125,25.957725524902344,189.74876403808594
ours_v1_corner_12k,ours_v1,"corner,gripperPOV",10049,20.0,90.0,9,0.10000000149011612,11,expert_cross,50,177,50,0.23776179552078247,0.22748059034347534,0.4652423858642578,0.4577856957912445,0.07697196304798126,0.0,0.0,36.549102783203125,25.957725524902344,189.74876403808594
ours_v2_corner_12k,ours_v2,"corner,gripperPOV",10049,25.5,95.5,0,1.0,3,expert_cross,50,177,50,0.3020646274089813,0.24400603771209717,0.5460706651210785,0.1554221212863922,0.2985071539878845,0.0,5.960464477539063e-08,40.447357177734375,20.63357162475586,189.7273712158203
ours_v2_corner_12k,ours_v2,"corner,gripperPOV",10049,25.5,95.5,0,1.0,7,expert_cross,50,177,50,0.2932618260383606,0.2712920606136322,0.5645538866519928,0.2760378420352936,0.15940825641155243,0.0,1.4901161193847656e-08,40.447357177734375,20.63357162475586,189.7273712158203
ours_v2_corner_12k,ours_v2,"corner,gripperPOV",10049,25.5,95.5,0,1.0,11,expert_cross,50,177,50,0.21979601681232452,0.2192772477865219,0.43907326459884644,0.47524288296699524,0.08568388968706131,0.0,0.0,40.447357177734375,20.63357162475586,189.7273712158203
ours_v2_corner_12k,ours_v2,"corner,gripperPOV",10049,25.5,95.5,1,0.8999999761581421,3,expert_cross,50,177,50,0.30172199010849,0.24462878704071045,0.5463507771492004,0.15529128909111023,0.2983579635620117,0.0,0.0,39.669734954833984,20.52978515625,189.7354278564453
ours_v2_corner_12k,ours_v2,"corner,gripperPOV",10049,25.5,95.5,1,0.8999999761581421,7,expert_cross,50,177,50,0.2936454117298126,0.2684110403060913,0.5620564520359039,0.2777484059333801,0.16019511222839355,0.0,2.9802322387695312e-08,39.669734954833984,20.52978515625,189.7354278564453
ours_v2_corner_12k,ours_v2,"corner,gripperPOV",10049,25.5,95.5,1,0.8999999761581421,11,expert_cross,50,177,50,0.21825140714645386,0.21638600528240204,0.4346374124288559,0.4788411855697632,0.08652140945196152,0.0,0.0,39.669734954833984,20.52978515625,189.7354278564453
ours_v2_corner_12k,ours_v2,"corner,gripperPOV",10049,25.5,95.5,2,0.800000011920929,3,expert_cross,50,177,50,0.3012486696243286,0.24473458528518677,0.5459832549095154,0.15529169142246246,0.29872509837150574,0.0,0.0,39.001651763916016,20.66021728515625,189.73460388183594
ours_v2_corner_12k,ours_v2,"corner,gripperPOV",10049,25.5,95.5,2,0.800000011920929,7,expert_cross,50,177,50,0.2924204468727112,0.2662675976753235,0.5586880445480347,0.2805576026439667,0.16075433790683746,0.0,1.4901161193847656e-08,39.001651763916016,20.66021728515625,189.73460388183594
ours_v2_corner_12k,ours_v2,"corner,gripperPOV",10049,25.5,95.5,2,0.800000011920929,11,expert_cross,50,177,50,0.21703094244003296,0.21730637550354004,0.434337317943573,0.4802478849887848,0.08541479706764221,0.0,0.0,39.001651763916016,20.66021728515625,189.73460388183594
ours_v2_corner_12k,ours_v2,"corner,gripperPOV",10049,25.5,95.5,3,0.699999988079071,3,expert_cross,50,177,50,0.30045512318611145,0.24585330486297607,0.5463084280490875,0.15535032749176025,0.29834121465682983,0.0,2.9802322387695312e-08,38.40269470214844,20.841598510742188,189.73770141601562
ours_v2_corner_12k,ours_v2,"corner,gripperPOV",10049,25.5,95.5,3,0.699999988079071,7,expert_cross,50,177,50,0.29435938596725464,0.2627300024032593,0.5570893883705139,0.2821952998638153,0.16071532666683197,0.0,0.0,38.40269470214844,20.841598510742188,189.73770141601562
ours_v2_corner_12k,ours_v2,"corner,gripperPOV",10049,25.5,95.5,3,0.699999988079071,11,expert_cross,50,177,50,0.2166699767112732,0.21826045215129852,0.4349304288625717,0.4810425341129303,0.08402705937623978,0.0,0.0,38.40269470214844,20.841598510742188,189.73770141601562
ours_v2_corner_12k,ours_v2,"corner,gripperPOV",10049,25.5,95.5,4,0.6000000238418579,3,expert_cross,50,177,50,0.29964762926101685,0.2468368113040924,0.5464844405651093,0.1558789610862732,0.2976365089416504,0.0,8.940696716308594e-08,37.86775207519531,21.04186248779297,189.7277069091797
ours_v2_corner_12k,ours_v2,"corner,gripperPOV",10049,25.5,95.5,4,0.6000000238418579,7,expert_cross,50,177,50,0.2933671176433563,0.260630339384079,0.5539974570274353,0.2848811149597168,0.1611214131116867,0.0,1.4901161193847656e-08,37.86775207519531,21.04186248779297,189.7277069091797
ours_v2_corner_12k,ours_v2,"corner,gripperPOV",10049,25.5,95.5,4,0.6000000238418579,11,expert_cross,50,177,50,0.21603770554065704,0.21902675926685333,0.4350644648075104,0.48207271099090576,0.08286284655332565,0.0,0.0,37.86775207519531,21.04186248779297,189.7277069091797
ours_v2_corner_12k,ours_v2,"corner,gripperPOV",10049,25.5,95.5,5,0.5,3,expert_cross,50,177,50,0.2989450693130493,0.24846121668815613,0.5474062860012054,0.1557789146900177,0.29681476950645447,0.0,2.9802322387695312e-08,37.40391159057617,21.25414276123047,189.73419189453125
ours_v2_corner_12k,ours_v2,"corner,gripperPOV",10049,25.5,95.5,5,0.5,7,expert_cross,50,177,50,0.2949419915676117,0.2589351534843445,0.5538771450519562,0.28536632657051086,0.16075657308101654,0.0,0.0,37.40391159057617,21.25414276123047,189.73419189453125
ours_v2_corner_12k,ours_v2,"corner,gripperPOV",10049,25.5,95.5,5,0.5,11,expert_cross,50,177,50,0.21589860320091248,0.22051866352558136,0.43641726672649384,0.482542484998703,0.08104029297828674,0.0,0.0,37.40391159057617,21.25414276123047,189.73419189453125
ours_v2_corner_12k,ours_v2,"corner,gripperPOV",10049,25.5,95.5,6,0.4000000059604645,3,expert_cross,50,177,50,0.2982850670814514,0.25073596835136414,0.5490210354328156,0.15628449618816376,0.2946944534778595,0.0,1.4901161193847656e-08,36.99828338623047,21.650997161865234,189.74249267578125
ours_v2_corner_12k,ours_v2,"corner,gripperPOV",10049,25.5,95.5,6,0.4000000059604645,7,expert_cross,50,177,50,0.2965753674507141,0.2577455937862396,0.5543209612369537,0.2871398627758026,0.15853919088840485,0.0,0.0,36.99828338623047,21.650997161865234,189.74249267578125
ours_v2_corner_12k,ours_v2,"corner,gripperPOV",10049,25.5,95.5,6,0.4000000059604645,11,expert_cross,50,177,50,0.21761523187160492,0.22552144527435303,0.44313667714595795,0.47901424765586853,0.0778491422533989,0.0,0.0,36.99828338623047,21.650997161865234,189.74249267578125
ours_v2_corner_12k,ours_v2,"corner,gripperPOV",10049,25.5,95.5,7,0.30000001192092896,3,expert_cross,50,177,50,0.29837971925735474,0.2538478672504425,0.5522275865077972,0.1574735939502716,0.2902988791465759,0.0,0.0,36.63188171386719,22.14292335510254,189.7362518310547
ours_v2_corner_12k,ours_v2,"corner,gripperPOV",10049,25.5,95.5,7,0.30000001192092896,7,expert_cross,50,177,50,0.298107385635376,0.25748202204704285,0.5555894076824188,0.2889764904975891,0.15543407201766968,0.0,2.9802322387695312e-08,36.63188171386719,22.14292335510254,189.7362518310547
ours_v2_corner_12k,ours_v2,"corner,gripperPOV",10049,25.5,95.5,7,0.30000001192092896,11,expert_cross,50,177,50,0.2204475849866867,0.23026131093502045,0.45070889592170715,0.4761660099029541,0.07312501966953278,0.0,7.450580596923828e-08,36.63188171386719,22.14292335510254,189.7362518310547
ours_v2_corner_12k,ours_v2,"corner,gripperPOV",10049,25.5,95.5,8,0.20000000298023224,3,expert_cross,50,177,50,0.29902389645576477,0.2575545310974121,0.5565784275531769,0.15956304967403412,0.2838585674762726,0.0,0.0,36.27509307861328,22.906173706054688,189.73338317871094
ours_v2_corner_12k,ours_v2,"corner,gripperPOV",10049,25.5,95.5,8,0.20000000298023224,7,expert_cross,50,177,50,0.3006022572517395,0.25773605704307556,0.5583383142948151,0.2912999987602234,0.15036173164844513,0.0,0.0,36.27509307861328,22.906173706054688,189.73338317871094
ours_v2_corner_12k,ours_v2,"corner,gripperPOV",10049,25.5,95.5,8,0.20000000298023224,11,expert_cross,50,177,50,0.2258128821849823,0.2390425205230713,0.4648554027080536,0.46828335523605347,0.06686118245124817,0.0,5.960464477539063e-08,36.27509307861328,22.906173706054688,189.73338317871094
ours_v2_corner_12k,ours_v2,"corner,gripperPOV",10049,25.5,95.5,9,0.10000000149011612,3,expert_cross,50,177,50,0.3029581606388092,0.2652144730091095,0.5681726336479187,0.16560977697372437,0.26621758937835693,0.0,0.0,35.83627700805664,25.097126007080078,189.73654174804688
ours_v2_corner_12k,ours_v2,"corner,gripperPOV",10049,25.5,95.5,9,0.10000000149011612,7,expert_cross,50,177,50,0.3007591664791107,0.25826722383499146,0.5590263903141022,0.2979861795902252,0.1429874300956726,0.0,0.0,35.83627700805664,25.097126007080078,189.73654174804688
ours_v2_corner_12k,ours_v2,"corner,gripperPOV",10049,25.5,95.5,9,0.10000000149011612,11,expert_cross,50,177,50,0.23634663224220276,0.25167277455329895,0.4880194067955017,0.45389047265052795,0.05809015780687332,0.0,0.0,35.83627700805664,25.097126007080078,189.73654174804688
ours_v3_corner_12k,ours_v3,"corner,gripperPOV",10049,32.0,94.5,0,1.0,3,expert_cross,50,177,50,0.31545570492744446,0.2402852326631546,0.5557409375905991,0.13402120769023895,0.3102378249168396,0.0,2.9802322387695312e-08,40.447357177734375,21.38340950012207,189.7394561767578
ours_v3_corner_12k,ours_v3,"corner,gripperPOV",10049,32.0,94.5,0,1.0,7,expert_cross,50,177,50,0.3138837218284607,0.23136432468891144,0.5452480465173721,0.26865315437316895,0.1860988289117813,0.0,0.0,40.447357177734375,21.38340950012207,189.7394561767578
ours_v3_corner_12k,ours_v3,"corner,gripperPOV",10049,32.0,94.5,0,1.0,11,expert_cross,50,177,50,0.3702528774738312,0.2325337529182434,0.6027866303920746,0.33231061697006226,0.06490272283554077,0.0,2.9802322387695312e-08,40.447357177734375,21.38340950012207,189.7394561767578
ours_v3_corner_12k,ours_v3,"corner,gripperPOV",10049,32.0,94.5,1,0.8999999761581421,3,expert_cross,50,177,50,0.3144285976886749,0.23973457515239716,0.5541631728410721,0.1343020796775818,0.3115347623825073,0.0,0.0,39.55099868774414,21.19613265991211,189.7315673828125
ours_v3_corner_12k,ours_v3,"corner,gripperPOV",10049,32.0,94.5,1,0.8999999761581421,7,expert_cross,50,177,50,0.31134477257728577,0.22959399223327637,0.5409387648105621,0.27207449078559875,0.18698672950267792,0.0,1.4901161193847656e-08,39.55099868774414,21.19613265991211,189.7315673828125
ours_v3_corner_12k,ours_v3,"corner,gripperPOV",10049,32.0,94.5,1,0.8999999761581421,11,expert_cross,50,177,50,0.36885204911231995,0.22855272889137268,0.5974047780036926,0.3364880084991455,0.06610719114542007,0.0,2.2351741790771484e-08,39.55099868774414,21.19613265991211,189.7315673828125
ours_v3_corner_12k,ours_v3,"corner,gripperPOV",10049,32.0,94.5,2,0.800000011920929,3,expert_cross,50,177,50,0.3132054805755615,0.23981982469558716,0.5530253052711487,0.1346588432788849,0.31231585144996643,0.0,0.0,38.76839065551758,21.39881706237793,189.7265167236328
ours_v3_corner_12k,ours_v3,"corner,gripperPOV",10049,32.0,94.5,2,0.800000011920929,7,expert_cross,50,177,50,0.3122318685054779,0.2278519719839096,0.5400838404893875,0.27470511198043823,0.18521103262901306,0.0,1.4901161193847656e-08,38.76839065551758,21.39881706237793,189.7265167236328
ours_v3_corner_12k,ours_v3,"corner,gripperPOV",10049,32.0,94.5,2,0.800000011920929,11,expert_cross,50,177,50,0.368368536233902,0.22819724678993225,0.5965657830238342,0.33809393644332886,0.06534028798341751,0.0,0.0,38.76839065551758,21.39881706237793,189.7265167236328
ours_v3_corner_12k,ours_v3,"corner,gripperPOV",10049,32.0,94.5,3,0.699999988079071,3,expert_cross,50,177,50,0.31198132038116455,0.23980796337127686,0.5517892837524414,0.13522185385227203,0.31298884749412537,0.0,1.4901161193847656e-08,38.055809020996094,21.525131225585938,189.7379150390625
ours_v3_corner_12k,ours_v3,"corner,gripperPOV",10049,32.0,94.5,3,0.699999988079071,7,expert_cross,50,177,50,0.3142169117927551,0.22645880281925201,0.5406757146120071,0.2766214907169342,0.18270276486873627,0.0,2.9802322387695312e-08,38.055809020996094,21.525131225585938,189.7379150390625
ours_v3_corner_12k,ours_v3,"corner,gripperPOV",10049,32.0,94.5,3,0.699999988079071,11,expert_cross,50,177,50,0.36641788482666016,0.22769543528556824,0.5941133201122284,0.3413003385066986,0.06458635628223419,0.0,0.0,38.055809020996094,21.525131225585938,189.7379150390625
ours_v3_corner_12k,ours_v3,"corner,gripperPOV",10049,32.0,94.5,4,0.6000000238418579,3,expert_cross,50,177,50,0.3103860318660736,0.24034948647022247,0.5507355183362961,0.13623616099357605,0.31302836537361145,0.0,0.0,37.414249420166016,21.901212692260742,189.739501953125
ours_v3_corner_12k,ours_v3,"corner,gripperPOV",10049,32.0,94.5,4,0.6000000238418579,7,expert_cross,50,177,50,0.3126221001148224,0.22306697070598602,0.5356890708208084,0.28215256333351135,0.18215836584568024,0.0,0.0,37.414249420166016,21.901212692260742,189.739501953125
ours_v3_corner_12k,ours_v3,"corner,gripperPOV",10049,32.0,94.5,4,0.6000000238418579,11,expert_cross,50,177,50,0.36532819271087646,0.22904618084430695,0.5943743735551834,0.34102556109428406,0.06460006535053253,0.0,0.0,37.414249420166016,21.901212692260742,189.739501953125
ours_v3_corner_12k,ours_v3,"corner,gripperPOV",10049,32.0,94.5,5,0.5,3,expert_cross,50,177,50,0.3096482455730438,0.24057824909687042,0.5502264946699142,0.13649077713489532,0.31328272819519043,0.0,0.0,36.83837890625,22.132648468017578,189.7368927001953
ours_v3_corner_12k,ours_v3,"corner,gripperPOV",10049,32.0,94.5,5,0.5,7,expert_cross,50,177,50,0.3144635260105133,0.22207412123680115,0.5365376472473145,0.28354597091674805,0.17991642653942108,0.0,0.0,36.83837890625,22.132648468017578,189.7368927001953
ours_v3_corner_12k,ours_v3,"corner,gripperPOV",10049,32.0,94.5,5,0.5,11,expert_cross,50,177,50,0.36422786116600037,0.22998370230197906,0.5942115634679794,0.3420284688472748,0.0637599378824234,0.0,2.9802322387695312e-08,36.83837890625,22.132648468017578,189.7368927001953
ours_v3_corner_12k,ours_v3,"corner,gripperPOV",10049,32.0,94.5,6,0.4000000059604645,3,expert_cross,50,177,50,0.3072808086872101,0.24201102554798126,0.5492918342351913,0.13896116614341736,0.3117470443248749,0.0,0.0,36.30909729003906,22.748872756958008,189.7279815673828
ours_v3_corner_12k,ours_v3,"corner,gripperPOV",10049,32.0,94.5,6,0.4000000059604645,7,expert_cross,50,177,50,0.31447046995162964,0.22022727131843567,0.5346977412700653,0.28640663623809814,0.17889560759067535,0.0,1.4901161193847656e-08,36.30909729003906,22.748872756958008,189.7279815673828
ours_v3_corner_12k,ours_v3,"corner,gripperPOV",10049,32.0,94.5,6,0.4000000059604645,11,expert_cross,50,177,50,0.362682044506073,0.23417891561985016,0.5968609601259232,0.34090983867645264,0.0622292160987854,0.0,0.0,36.30909729003906,22.748872756958008,189.7279815673828
ours_v3_corner_12k,ours_v3,"corner,gripperPOV",10049,32.0,94.5,7,0.30000001192092896,3,expert_cross,50,177,50,0.30669713020324707,0.24306274950504303,0.5497598797082901,0.14173264801502228,0.30850744247436523,0.0,2.9802322387695312e-08,35.81391143798828,23.484243392944336,189.7327423095703
ours_v3_corner_12k,ours_v3,"corner,gripperPOV",10049,32.0,94.5,7,0.30000001192092896,7,expert_cross,50,177,50,0.31472986936569214,0.21734562516212463,0.5320754945278168,0.2918957471847534,0.176028773188591,0.0,0.0,35.81391143798828,23.484243392944336,189.7327423095703
ours_v3_corner_12k,ours_v3,"corner,gripperPOV",10049,32.0,94.5,7,0.30000001192092896,11,expert_cross,50,177,50,0.36304765939712524,0.23951420187950134,0.6025618612766266,0.3378761410713196,0.059561990201473236,0.0,7.450580596923828e-09,35.81391143798828,23.484243392944336,189.7327423095703
ours_v3_corner_12k,ours_v3,"corner,gripperPOV",10049,32.0,94.5,8,0.20000000298023224,3,expert_cross,50,177,50,0.3061901330947876,0.24578805267810822,0.5519781857728958,0.14838610589504242,0.29963573813438416,0.0,0.0,35.32679748535156,25.185903549194336,189.73348999023438
ours_v3_corner_12k,ours_v3,"corner,gripperPOV",10049,32.0,94.5,8,0.20000000298023224,7,expert_cross,50,177,50,0.3135230839252472,0.2161199152469635,0.5296429991722107,0.2959737181663513,0.17438329756259918,0.0,0.0,35.32679748535156,25.185903549194336,189.73348999023438
ours_v3_corner_12k,ours_v3,"corner,gripperPOV",10049,32.0,94.5,8,0.20000000298023224,11,expert_cross,50,177,50,0.36284664273262024,0.24747155606746674,0.610318198800087,0.33316171169281006,0.05652015656232834,0.0,0.0,35.32679748535156,25.185903549194336,189.73348999023438
ours_v3_corner_12k,ours_v3,"corner,gripperPOV",10049,32.0,94.5,9,0.10000000149011612,3,expert_cross,50,177,50,0.30672740936279297,0.25363680720329285,0.5603642165660858,0.16355541348457336,0.27608031034469604,0.0,5.960464477539063e-08,34.760009765625,29.540096282958984,189.73779296875
ours_v3_corner_12k,ours_v3,"corner,gripperPOV",10049,32.0,94.5,9,0.10000000149011612,7,expert_cross,50,177,50,0.30980613827705383,0.21507258713245392,0.5248787254095078,0.3057487905025482,0.16937249898910522,0.0,0.0,34.760009765625,29.540096282958984,189.73779296875
ours_v3_corner_12k,ours_v3,"corner,gripperPOV",10049,32.0,94.5,9,0.10000000149011612,11,expert_cross,50,177,50,0.3670366108417511,0.26025837659835815,0.6272949874401093,0.3224315643310547,0.05027338117361069,0.0,6.705522537231445e-08,34.760009765625,29.540096282958984,189.73779296875
ours_v4_corner_12k,ours_v4,"corner,gripperPOV",10049,34.5,95.0,0,1.0,3,expert_cross,50,177,50,0.3240014910697937,0.23622438311576843,0.5602258741855621,0.1431218832731247,0.296652227640152,0.0,1.4901161193847656e-08,40.447357177734375,22.509140014648438,189.74005126953125
ours_v4_corner_12k,ours_v4,"corner,gripperPOV",10049,34.5,95.0,0,1.0,7,expert_cross,50,177,50,0.30909714102745056,0.2080760896205902,0.5171732306480408,0.28539469838142395,0.1974320262670517,0.0,4.470348358154297e-08,40.447357177734375,22.509140014648438,189.74005126953125
ours_v4_corner_12k,ours_v4,"corner,gripperPOV",10049,34.5,95.0,0,1.0,11,expert_cross,50,177,50,0.3683992922306061,0.23130163550376892,0.599700927734375,0.3550322353839874,0.04526683688163757,0.0,0.0,40.447357177734375,22.509140014648438,189.74005126953125
ours_v4_corner_12k,ours_v4,"corner,gripperPOV",10049,34.5,95.0,1,0.8999999761581421,3,expert_cross,50,177,50,0.3231339454650879,0.23693500459194183,0.5600689500570297,0.14361022412776947,0.2963208556175232,0.0,0.0,39.56899642944336,22.42638397216797,189.73934936523438
ours_v4_corner_12k,ours_v4,"corner,gripperPOV",10049,34.5,95.0,1,0.8999999761581421,7,expert_cross,50,177,50,0.3081323206424713,0.20608112215995789,0.5142134428024292,0.2878555953502655,0.1979309618473053,0.0,0.0,39.56899642944336,22.42638397216797,189.73934936523438
ours_v4_corner_12k,ours_v4,"corner,gripperPOV",10049,34.5,95.0,1,0.8999999761581421,11,expert_cross,50,177,50,0.3669409453868866,0.22817236185073853,0.5951133072376251,0.35969942808151245,0.04518720135092735,0.0,6.332993507385254e-08,39.56899642944336,22.42638397216797,189.73934936523438
ours_v4_corner_12k,ours_v4,"corner,gripperPOV",10049,34.5,95.0,2,0.800000011920929,3,expert_cross,50,177,50,0.32310980558395386,0.23688870668411255,0.5599985122680664,0.1437717080116272,0.296229749917984,0.0,2.9802322387695312e-08,38.82252883911133,22.590953826904297,189.73342895507812
ours_v4_corner_12k,ours_v4,"corner,gripperPOV",10049,34.5,95.0,2,0.800000011920929,7,expert_cross,50,177,50,0.3074665367603302,0.2040076106786728,0.511474147439003,0.2907933294773102,0.19773250818252563,0.0,1.4901161193847656e-08,38.82252883911133,22.590953826904297,189.73342895507812
ours_v4_corner_12k,ours_v4,"corner,gripperPOV",10049,34.5,95.0,2,0.800000011920929,11,expert_cross,50,177,50,0.3653964698314667,0.22768868505954742,0.5930851548910141,0.36160001158714294,0.04531481862068176,0.0,1.4901161193847656e-08,38.82252883911133,22.590953826904297,189.73342895507812
ours_v4_corner_12k,ours_v4,"corner,gripperPOV",10049,34.5,95.0,3,0.699999988079071,3,expert_cross,50,177,50,0.3226318061351776,0.23703338205814362,0.5596651881933212,0.14444980025291443,0.29588499665260315,0.0,1.4901161193847656e-08,38.15434646606445,22.89575958251953,189.73719787597656
ours_v4_corner_12k,ours_v4,"corner,gripperPOV",10049,34.5,95.0,3,0.699999988079071,7,expert_cross,50,177,50,0.30644121766090393,0.20159734785556793,0.5080385655164719,0.29389840364456177,0.19806303083896637,0.0,0.0,38.15434646606445,22.89575958251953,189.73719787597656
ours_v4_corner_12k,ours_v4,"corner,gripperPOV",10049,34.5,95.0,3,0.699999988079071,11,expert_cross,50,177,50,0.3644421696662903,0.22949819266796112,0.5939403623342514,0.36146244406700134,0.04459724947810173,0.0,0.0,38.15434646606445,22.89575958251953,189.73719787597656
ours_v4_corner_12k,ours_v4,"corner,gripperPOV",10049,34.5,95.0,4,0.6000000238418579,3,expert_cross,50,177,50,0.3217301368713379,0.23745882511138916,0.559188961982727,0.1448327749967575,0.29597827792167664,0.0,0.0,37.57524108886719,23.269271850585938,189.73851013183594
ours_v4_corner_12k,ours_v4,"corner,gripperPOV",10049,34.5,95.0,4,0.6000000238418579,7,expert_cross,50,177,50,0.3045673370361328,0.19894090294837952,0.5035082399845123,0.2976641356945038,0.1988276094198227,0.0,1.4901161193847656e-08,37.57524108886719,23.269271850585938,189.73851013183594
ours_v4_corner_12k,ours_v4,"corner,gripperPOV",10049,34.5,95.0,4,0.6000000238418579,11,expert_cross,50,177,50,0.3621593117713928,0.22991891205310822,0.592078223824501,0.36297228932380676,0.04494944214820862,0.0,4.470348358154297e-08,37.57524108886719,23.269271850585938,189.73851013183594
ours_v4_corner_12k,ours_v4,"corner,gripperPOV",10049,34.5,95.0,5,0.5,3,expert_cross,50,177,50,0.32207953929901123,0.23786799609661102,0.5599475353956223,0.14505694806575775,0.2949954867362976,0.0,2.9802322387695312e-08,37.073490142822266,23.65679931640625,189.73379516601562
ours_v4_corner_12k,ours_v4,"corner,gripperPOV",10049,34.5,95.0,5,0.5,7,expert_cross,50,177,50,0.3032958507537842,0.19804561138153076,0.5013414621353149,0.2992757260799408,0.19938279688358307,0.0,1.4901161193847656e-08,37.073490142822266,23.65679931640625,189.73379516601562
ours_v4_corner_12k,ours_v4,"corner,gripperPOV",10049,34.5,95.0,5,0.5,11,expert_cross,50,177,50,0.35950610041618347,0.23155643045902252,0.591062530875206,0.36366987228393555,0.045267559587955475,0.0,3.725290298461914e-08,37.073490142822266,23.65679931640625,189.73379516601562
ours_v4_corner_12k,ours_v4,"corner,gripperPOV",10049,34.5,95.0,6,0.4000000059604645,3,expert_cross,50,177,50,0.32130563259124756,0.23871122300624847,0.560016855597496,0.14693070948123932,0.29305243492126465,0.0,0.0,36.64728927612305,24.254812240600586,189.7423095703125
ours_v4_corner_12k,ours_v4,"corner,gripperPOV",10049,34.5,95.0,6,0.4000000059604645,7,expert_cross,50,177,50,0.30326902866363525,0.19803592562675476,0.50130495429039,0.30021849274635315,0.19847658276557922,0.0,0.0,36.64728927612305,24.254812240600586,189.7423095703125
ours_v4_corner_12k,ours_v4,"corner,gripperPOV",10049,34.5,95.0,6,0.4000000059604645,11,expert_cross,50,177,50,0.35815247893333435,0.2357625663280487,0.5939150452613831,0.3621930480003357,0.04389190673828125,0.0,0.0,36.64728927612305,24.254812240600586,189.7423095703125
ours_v4_corner_12k,ours_v4,"corner,gripperPOV",10049,34.5,95.0,7,0.30000001192092896,3,expert_cross,50,177,50,0.32143640518188477,0.23969486355781555,0.5611312687397003,0.1503603756427765,0.2885083854198456,0.0,0.0,36.2729606628418,25.195842742919922,189.7376251220703
ours_v4_corner_12k,ours_v4,"corner,gripperPOV",10049,34.5,95.0,7,0.30000001192092896,7,expert_cross,50,177,50,0.30087438225746155,0.1974058449268341,0.49828022718429565,0.3024980127811432,0.19922177493572235,0.0,0.0,36.2729606628418,25.195842742919922,189.7376251220703
ours_v4_corner_12k,ours_v4,"corner,gripperPOV",10049,34.5,95.0,7,0.30000001192092896,11,expert_cross,50,177,50,0.35590454936027527,0.24044618010520935,0.5963507294654846,0.3597984313964844,0.04385090246796608,0.0,0.0,36.2729606628418,25.195842742919922,189.7376251220703
ours_v4_corner_12k,ours_v4,"corner,gripperPOV",10049,34.5,95.0,8,0.20000000298023224,3,expert_cross,50,177,50,0.321776807308197,0.24130789935588837,0.5630847066640854,0.15652614831924438,0.28038913011550903,0.0,1.4901161193847656e-08,35.9286003112793,26.845125198364258,189.73760986328125
ours_v4_corner_12k,ours_v4,"corner,gripperPOV",10049,34.5,95.0,8,0.20000000298023224,7,expert_cross,50,177,50,0.29809099435806274,0.19930848479270935,0.4973994791507721,0.3027013838291168,0.1998990923166275,0.0,4.470348358154297e-08,35.9286003112793,26.845125198364258,189.73760986328125
ours_v4_corner_12k,ours_v4,"corner,gripperPOV",10049,34.5,95.0,8,0.20000000298023224,11,expert_cross,50,177,50,0.3557268977165222,0.24915802478790283,0.604884922504425,0.3525542914867401,0.04256078973412514,0.0,0.0,35.9286003112793,26.845125198364258,189.73760986328125
ours_v4_corner_12k,ours_v4,"corner,gripperPOV",10049,34.5,95.0,9,0.10000000149011612,3,expert_cross,50,177,50,0.324343740940094,0.24598392844200134,0.5703276693820953,0.16823364794254303,0.2614386975765228,0.0,0.0,35.508724212646484,30.737895965576172,189.74705505371094
ours_v4_corner_12k,ours_v4,"corner,gripperPOV",10049,34.5,95.0,9,0.10000000149011612,7,expert_cross,50,177,50,0.2926830053329468,0.2047758549451828,0.4974588602781296,0.30706751346588135,0.19547361135482788,0.0,1.4901161193847656e-08,35.508724212646484,30.737895965576172,189.74705505371094
ours_v4_corner_12k,ours_v4,"corner,gripperPOV",10049,34.5,95.0,9,0.10000000149011612,11,expert_cross,50,177,50,0.3570617735385895,0.25959891080856323,0.6166606843471527,0.3431645929813385,0.04017472267150879,0.0,0.0,35.508724212646484,30.737895965576172,189.74705505371094
random_corner_12k,random,"corner,gripperPOV",10049,32.0,94.5,0,1.0,3,expert_cross,50,177,50,0.3349592983722687,0.23242135345935822,0.5673806518316269,0.13135452568531036,0.30126482248306274,0.0,0.0,40.447357177734375,20.585325241088867,189.74327087402344
random_corner_12k,random,"corner,gripperPOV",10049,32.0,94.5,0,1.0,7,expert_cross,50,177,50,0.30899640917778015,0.23872677981853485,0.547723188996315,0.2427508383989334,0.2095259577035904,0.0,1.4901161193847656e-08,40.447357177734375,20.585325241088867,189.74327087402344
random_corner_12k,random,"corner,gripperPOV",10049,32.0,94.5,0,1.0,11,expert_cross,50,177,50,0.3481813669204712,0.22484879195690155,0.5730301588773727,0.372105211019516,0.054864656180143356,0.0,0.0,40.447357177734375,20.585325241088867,189.74327087402344
random_corner_12k,random,"corner,gripperPOV",10049,32.0,94.5,1,0.8999999761581421,3,expert_cross,50,177,50,0.333834707736969,0.23264962434768677,0.5664843320846558,0.13122494518756866,0.30229073762893677,0.0,0.0,39.66568374633789,20.486347198486328,189.73843383789062
random_corner_12k,random,"corner,gripperPOV",10049,32.0,94.5,1,0.8999999761581421,7,expert_cross,50,177,50,0.30849361419677734,0.23529887199401855,0.5437924861907959,0.24600955843925476,0.21019795536994934,0.0,0.0,39.66568374633789,20.486347198486328,189.73843383789062
random_corner_12k,random,"corner,gripperPOV",10049,32.0,94.5,1,0.8999999761581421,11,expert_cross,50,177,50,0.3469054400920868,0.2219674289226532,0.56887286901474,0.37607815861701965,0.05504896119236946,0.0,1.1175870895385742e-08,39.66568374633789,20.486347198486328,189.73843383789062
random_corner_12k,random,"corner,gripperPOV",10049,32.0,94.5,2,0.800000011920929,3,expert_cross,50,177,50,0.33267393708229065,0.2330494374036789,0.5657233744859695,0.1312699019908905,0.30300670862197876,0.0,1.4901161193847656e-08,38.98711395263672,20.561477661132812,189.73934936523438
random_corner_12k,random,"corner,gripperPOV",10049,32.0,94.5,2,0.800000011920929,7,expert_cross,50,177,50,0.30861198902130127,0.2332720160484314,0.5418840050697327,0.2475752830505371,0.21054071187973022,0.0,0.0,38.98711395263672,20.561477661132812,189.73934936523438
random_corner_12k,random,"corner,gripperPOV",10049,32.0,94.5,2,0.800000011920929,11,expert_cross,50,177,50,0.3453216254711151,0.22042958438396454,0.5657512098550797,0.378474622964859,0.05577411875128746,0.0,4.842877388000488e-08,38.98711395263672,20.561477661132812,189.73934936523438
random_corner_12k,random,"corner,gripperPOV",10049,32.0,94.5,3,0.699999988079071,3,expert_cross,50,177,50,0.3311516344547272,0.23349754512310028,0.5646491795778275,0.13175347447395325,0.3035973608493805,0.0,0.0,38.38399124145508,20.616134643554688,189.73654174804688
random_corner_12k,random,"corner,gripperPOV",10049,32.0,94.5,3,0.699999988079071,7,expert_cross,50,177,50,0.30797553062438965,0.23071829974651337,0.538693830370903,0.2506265938282013,0.2106795310974121,0.0,4.470348358154297e-08,38.38399124145508,20.616134643554688,189.73654174804688
random_corner_12k,random,"corner,gripperPOV",10049,32.0,94.5,3,0.699999988079071,11,expert_cross,50,177,50,0.34423139691352844,0.21979960799217224,0.5640310049057007,0.38066336512565613,0.055305566638708115,0.0,6.332993507385254e-08,38.38399124145508,20.616134643554688,189.73654174804688
random_corner_12k,random,"corner,gripperPOV",10049,32.0,94.5,4,0.6000000238418579,3,expert_cross,50,177,50,0.329608678817749,0.2344149947166443,0.5640236735343933,0.1316697746515274,0.3043065667152405,0.0,0.0,37.85230255126953,20.902219772338867,189.7397003173828
random_corner_12k,random,"corner,gripperPOV",10049,32.0,94.5,4,0.6000000238418579,7,expert_cross,50,177,50,0.30665284395217896,0.22752897441387177,0.5341818183660507,0.25451070070266724,0.21130748093128204,0.0,0.0,37.85230255126953,20.902219772338867,189.7397003173828
random_corner_12k,random,"corner,gripperPOV",10049,32.0,94.5,4,0.6000000238418579,11,expert_cross,50,177,50,0.34337517619132996,0.22030705213546753,0.5636822283267975,0.38073641061782837,0.05558139085769653,0.0,0.0,37.85230255126953,20.902219772338867,189.7397003173828
random_corner_12k,random,"corner,gripperPOV",10049,32.0,94.5,5,0.5,3,expert_cross,50,177,50,0.3287144899368286,0.23516760766506195,0.5638820976018906,0.13134613633155823,0.3047717809677124,0.0,0.0,37.3838005065918,21.080291748046875,189.7339630126953
random_corner_12k,random,"corner,gripperPOV",10049,32.0,94.5,5,0.5,7,expert_cross,50,177,50,0.30587464570999146,0.22561460733413696,0.5314892530441284,0.2573021948337555,0.2112085372209549,0.0,1.4901161193847656e-08,37.3838005065918,21.080291748046875,189.7339630126953
random_corner_12k,random,"corner,gripperPOV",10049,32.0,94.5,5,0.5,11,expert_cross,50,177,50,0.3417034447193146,0.2209029346704483,0.5626063793897629,0.38230451941490173,0.05508910492062569,0.0,0.0,37.3838005065918,21.080291748046875,189.7339630126953
random_corner_12k,random,"corner,gripperPOV",10049,32.0,94.5,6,0.4000000059604645,3,expert_cross,50,177,50,0.32740548253059387,0.2370358407497406,0.5644413232803345,0.13218648731708527,0.30337220430374146,0.0,0.0,36.97775650024414,21.55583381652832,189.73504638671875
random_corner_12k,random,"corner,gripperPOV",10049,32.0,94.5,6,0.4000000059604645,7,expert_cross,50,177,50,0.30437812209129333,0.22419026494026184,0.5285683870315552,0.26152655482292175,0.20990508794784546,0.0,0.0,36.97775650024414,21.55583381652832,189.73504638671875
random_corner_12k,random,"corner,gripperPOV",10049,32.0,94.5,6,0.4000000059604645,11,expert_cross,50,177,50,0.34174928069114685,0.22442513704299927,0.5661744177341461,0.3800651431083679,0.053760502487421036,0.0,0.0,36.97775650024414,21.55583381652832,189.73504638671875
random_corner_12k,random,"corner,gripperPOV",10049,32.0,94.5,7,0.30000001192092896,3,expert_cross,50,177,50,0.3269611895084381,0.23938195407390594,0.566343143582344,0.1340264230966568,0.29963046312332153,0.0,0.0,36.62621307373047,22.160606384277344,189.7385711669922
random_corner_12k,random,"corner,gripperPOV",10049,32.0,94.5,7,0.30000001192092896,7,expert_cross,50,177,50,0.30284589529037476,0.22225968539714813,0.5251055806875229,0.2671964764595032,0.20769795775413513,0.0,0.0,36.62621307373047,22.160606384277344,189.7385711669922
random_corner_12k,random,"corner,gripperPOV",10049,32.0,94.5,7,0.30000001192092896,11,expert_cross,50,177,50,0.342415988445282,0.23134450614452362,0.5737604945898056,0.374308705329895,0.051930852234363556,0.0,0.0,36.62621307373047,22.160606384277344,189.7385711669922
random_corner_12k,random,"corner,gripperPOV",10049,32.0,94.5,8,0.20000000298023224,3,expert_cross,50,177,50,0.3269215226173401,0.2430073469877243,0.5699288696050644,0.13853205740451813,0.2915390729904175,0.0,0.0,36.29521179199219,23.263517379760742,189.7334442138672
random_corner_12k,random,"corner,gripperPOV",10049,32.0,94.5,8,0.20000000298023224,7,expert_cross,50,177,50,0.29997798800468445,0.22261734306812286,0.5225953310728073,0.2739642858505249,0.20344038307666779,0.0,0.0,36.29521179199219,23.263517379760742,189.7334442138672
random_corner_12k,random,"corner,gripperPOV",10049,32.0,94.5,8,0.20000000298023224,11,expert_cross,50,177,50,0.3436710238456726,0.24268080294132233,0.5863518267869949,0.36410993337631226,0.04953823238611221,0.0,7.450580596923828e-09,36.29521179199219,23.263517379760742,189.7334442138672
random_corner_12k,random,"corner,gripperPOV",10049,32.0,94.5,9,0.10000000149011612,3,expert_cross,50,177,50,0.3306843638420105,0.24960681796073914,0.5802911818027496,0.14857728779315948,0.2711315453052521,0.0,0.0,35.921844482421875,25.97903060913086,189.73736572265625
random_corner_12k,random,"corner,gripperPOV",10049,32.0,94.5,9,0.10000000149011612,7,expert_cross,50,177,50,0.2967498302459717,0.2243174910545349,0.5210673213005066,0.2882406413555145,0.19069208204746246,0.0,0.0,35.921844482421875,25.97903060913086,189.73736572265625
random_corner_12k,random,"corner,gripperPOV",10049,32.0,94.5,9,0.10000000149011612,11,expert_cross,50,177,50,0.3490511476993561,0.2614276707172394,0.6104788184165955,0.3449055254459381,0.044615671038627625,0.0,0.0,35.921844482421875,25.97903060913086,189.73736572265625
uniform_corner_12k,uniform,"corner,gripperPOV",10049,28.2,92.5,0,1.0,3,expert_cross,50,177,50,0.3282313942909241,0.25722557306289673,0.5854569673538208,0.10415139049291611,0.3103916347026825,0.0,7.450580596923828e-09,40.447357177734375,20.837690353393555,189.7337188720703
uniform_corner_12k,uniform,"corner,gripperPOV",10049,28.2,92.5,0,1.0,7,expert_cross,50,177,50,0.32797563076019287,0.1879761815071106,0.5159518122673035,0.32105693221092224,0.1629912257194519,0.0,2.9802322387695312e-08,40.447357177734375,20.837690353393555,189.7337188720703
uniform_corner_12k,uniform,"corner,gripperPOV",10049,28.2,92.5,0,1.0,11,expert_cross,50,177,50,0.36055415868759155,0.2711726725101471,0.6317268311977386,0.3217793107032776,0.04649389535188675,0.0,0.0,40.447357177734375,20.837690353393555,189.7337188720703
uniform_corner_12k,uniform,"corner,gripperPOV",10049,28.2,92.5,1,0.8999999761581421,3,expert_cross,50,177,50,0.3274587094783783,0.2572246491909027,0.584683358669281,0.10449525713920593,0.3108213543891907,0.0,2.9802322387695312e-08,39.63311767578125,20.76047706604004,189.7339630126953
uniform_corner_12k,uniform,"corner,gripperPOV",10049,28.2,92.5,1,0.8999999761581421,7,expert_cross,50,177,50,0.3249867260456085,0.1860818862915039,0.5110686123371124,0.32499077916145325,0.16394057869911194,0.0,2.9802322387695312e-08,39.63311767578125,20.76047706604004,189.7339630126953
uniform_corner_12k,uniform,"corner,gripperPOV",10049,28.2,92.5,1,0.8999999761581421,11,expert_cross,50,177,50,0.3594534397125244,0.2683705687522888,0.6278240084648132,0.3252584934234619,0.04691746085882187,0.0,3.725290298461914e-08,39.63311767578125,20.76047706604004,189.7339630126953
uniform_corner_12k,uniform,"corner,gripperPOV",10049,28.2,92.5,2,0.800000011920929,3,expert_cross,50,177,50,0.3262191414833069,0.25673437118530273,0.5829535126686096,0.10498681664466858,0.3120597004890442,0.0,0.0,38.92910385131836,20.86634063720703,189.73538208007812
uniform_corner_12k,uniform,"corner,gripperPOV",10049,28.2,92.5,2,0.800000011920929,7,expert_cross,50,177,50,0.3234303891658783,0.18254578113555908,0.5059761703014374,0.32899191975593567,0.16503192484378815,0.0,0.0,38.92910385131836,20.86634063720703,189.73538208007812
uniform_corner_12k,uniform,"corner,gripperPOV",10049,28.2,92.5,2,0.800000011920929,11,expert_cross,50,177,50,0.3584393262863159,0.2686307728290558,0.6270700991153717,0.3262348771095276,0.0466950498521328,0.0,0.0,38.92910385131836,20.86634063720703,189.73538208007812
uniform_corner_12k,uniform,"corner,gripperPOV",10049,28.2,92.5,3,0.699999988079071,3,expert_cross,50,177,50,0.3258817791938782,0.25650253891944885,0.582384318113327,0.10532988607883453,0.31228578090667725,0.0,1.4901161193847656e-08,38.290164947509766,20.960073471069336,189.72900390625
uniform_corner_12k,uniform,"corner,gripperPOV",10049,28.2,92.5,3,0.699999988079071,7,expert_cross,50,177,50,0.3231898248195648,0.18056036531925201,0.5037501901388168,0.3325039744377136,0.16374582052230835,0.0,1.4901161193847656e-08,38.290164947509766,20.960073471069336,189.72900390625
uniform_corner_12k,uniform,"corner,gripperPOV",10049,28.2,92.5,3,0.699999988079071,11,expert_cross,50,177,50,0.3566364049911499,0.26932817697525024,0.6259645819664001,0.3272381126880646,0.04679734259843826,0.0,0.0,38.290164947509766,20.960073471069336,189.72900390625
uniform_corner_12k,uniform,"corner,gripperPOV",10049,28.2,92.5,4,0.6000000238418579,3,expert_cross,50,177,50,0.32430803775787354,0.25666236877441406,0.5809704065322876,0.10637354850769043,0.31265607476234436,0.0,0.0,37.718833923339844,21.11161994934082,189.73886108398438
uniform_corner_12k,uniform,"corner,gripperPOV",10049,28.2,92.5,4,0.6000000238418579,7,expert_cross,50,177,50,0.3232985734939575,0.17752742767333984,0.5008260011672974,0.3345838487148285,0.16459012031555176,0.0,2.9802322387695312e-08,37.718833923339844,21.11161994934082,189.73886108398438
uniform_corner_12k,uniform,"corner,gripperPOV",10049,28.2,92.5,4,0.6000000238418579,11,expert_cross,50,177,50,0.3561663329601288,0.26987728476524353,0.6260436177253723,0.3270166516304016,0.0469396598637104,0.0,7.078051567077637e-08,37.718833923339844,21.11161994934082,189.73886108398438
uniform_corner_12k,uniform,"corner,gripperPOV",10049,28.2,92.5,5,0.5,3,expert_cross,50,177,50,0.3240298330783844,0.256556898355484,0.5805867314338684,0.10781575739383698,0.3115974962711334,0.0,1.4901161193847656e-08,37.219810485839844,21.31888198852539,189.73760986328125
uniform_corner_12k,uniform,"corner,gripperPOV",10049,28.2,92.5,5,0.5,7,expert_cross,50,177,50,0.3217921555042267,0.1762625277042389,0.4980546832084656,0.33813586831092834,0.16380946338176727,0.0,0.0,37.219810485839844,21.31888198852539,189.73760986328125
uniform_corner_12k,uniform,"corner,gripperPOV",10049,28.2,92.5,5,0.5,11,expert_cross,50,177,50,0.3546963036060333,0.2718961536884308,0.6265924572944641,0.3261472284793854,0.0472603440284729,0.0,0.0,37.219810485839844,21.31888198852539,189.73760986328125
uniform_corner_12k,uniform,"corner,gripperPOV",10049,28.2,92.5,6,0.4000000059604645,3,expert_cross,50,177,50,0.3238014280796051,0.2572254538536072,0.5810268819332123,0.11022292077541351,0.3087501525878906,0.0,4.470348358154297e-08,36.78251266479492,21.81085968017578,189.7414093017578
uniform_corner_12k,uniform,"corner,gripperPOV",10049,28.2,92.5,6,0.4000000059604645,7,expert_cross,50,177,50,0.3194117546081543,0.17583107948303223,0.4952428340911865,0.34133607149124146,0.1634211242198944,0.0,0.0,36.78251266479492,21.81085968017578,189.7414093017578
uniform_corner_12k,uniform,"corner,gripperPOV",10049,28.2,92.5,6,0.4000000059604645,11,expert_cross,50,177,50,0.35349738597869873,0.276777982711792,0.6302753686904907,0.3230658769607544,0.04665875807404518,0.0,0.0,36.78251266479492,21.81085968017578,189.7414093017578
uniform_corner_12k,uniform,"corner,gripperPOV",10049,28.2,92.5,7,0.30000001192092896,3,expert_cross,50,177,50,0.3253427743911743,0.25810784101486206,0.5834506154060364,0.11306790262460709,0.30348148941993713,0.0,0.0,36.3941535949707,22.400745391845703,189.73428344726562
uniform_corner_12k,uniform,"corner,gripperPOV",10049,28.2,92.5,7,0.30000001192092896,7,expert_cross,50,177,50,0.31740421056747437,0.1753646582365036,0.49276886880397797,0.34536612033843994,0.1618649959564209,0.0,1.4901161193847656e-08,36.3941535949707,22.400745391845703,189.73428344726562
uniform_corner_12k,uniform,"corner,gripperPOV",10049,28.2,92.5,7,0.30000001192092896,11,expert_cross,50,177,50,0.35322073101997375,0.2821333706378937,0.6353541016578674,0.31922098994255066,0.04542490467429161,0.0,3.725290298461914e-09,36.3941535949707,22.400745391845703,189.73428344726562
uniform_corner_12k,uniform,"corner,gripperPOV",10049,28.2,92.5,8,0.20000000298023224,3,expert_cross,50,177,50,0.32707643508911133,0.2603686451911926,0.587445080280304,0.12074489146471024,0.2918100357055664,0.0,0.0,36.0237922668457,23.616323471069336,189.7328643798828
uniform_corner_12k,uniform,"corner,gripperPOV",10049,28.2,92.5,8,0.20000000298023224,7,expert_cross,50,177,50,0.31421324610710144,0.17946535348892212,0.49367859959602356,0.3469114303588867,0.1594099998474121,0.0,0.0,36.0237922668457,23.616323471069336,189.7328643798828
uniform_corner_12k,uniform,"corner,gripperPOV",10049,28.2,92.5,8,0.20000000298023224,11,expert_cross,50,177,50,0.3535562753677368,0.29243555665016174,0.6459918320178986,0.3112720251083374,0.04273611307144165,0.0,2.9802322387695312e-08,36.0237922668457,23.616323471069336,189.7328643798828
uniform_corner_12k,uniform,"corner,gripperPOV",10049,28.2,92.5,9,0.10000000149011612,3,expert_cross,50,177,50,0.3350260257720947,0.26586535573005676,0.6008913815021515,0.13528026640415192,0.2638283371925354,0.0,1.4901161193847656e-08,35.60248565673828,26.358245849609375,189.73220825195312
uniform_corner_12k,uniform,"corner,gripperPOV",10049,28.2,92.5,9,0.10000000149011612,7,expert_cross,50,177,50,0.3040301203727722,0.18778680264949799,0.4918169230222702,0.35282787680625916,0.15535517036914825,0.0,2.9802322387695312e-08,35.60248565673828,26.358245849609375,189.73220825195312
uniform_corner_12k,uniform,"corner,gripperPOV",10049,28.2,92.5,9,0.10000000149011612,11,expert_cross,50,177,50,0.3570740222930908,0.3063219487667084,0.6633959710597992,0.2982678711414337,0.03833620250225067,0.0,0.0,35.60248565673828,26.358245849609375,189.73220825195312
zero_corner_12k,zero,"corner,gripperPOV",10049,32.0,95.0,0,1.0,3,expert_cross,50,177,50,0.32378217577934265,0.20149101316928864,0.5252731889486313,0.14667363464832306,0.32805317640304565,0.0,0.0,40.447357177734375,21.63433837890625,189.73312377929688
zero_corner_12k,zero,"corner,gripperPOV",10049,32.0,95.0,0,1.0,7,expert_cross,50,177,50,0.3139060437679291,0.21771609783172607,0.5316221415996552,0.2349744290113449,0.23340342938899994,0.0,0.0,40.447357177734375,21.63433837890625,189.73312377929688
zero_corner_12k,zero,"corner,gripperPOV",10049,32.0,95.0,0,1.0,11,expert_cross,50,177,50,0.32580921053886414,0.20170560479164124,0.5275148153305054,0.40035685896873474,0.07212835550308228,0.0,0.0,40.447357177734375,21.63433837890625,189.73312377929688
zero_corner_12k,zero,"corner,gripperPOV",10049,32.0,95.0,1,0.8999999761581421,3,expert_cross,50,177,50,0.3217470049858093,0.2019204944372177,0.523667499423027,0.14810870587825775,0.3282237648963928,0.0,2.9802322387695312e-08,39.55951690673828,21.438119888305664,189.73214721679688
zero_corner_12k,zero,"corner,gripperPOV",10049,32.0,95.0,1,0.8999999761581421,7,expert_cross,50,177,50,0.31448423862457275,0.2152336835861206,0.5297179222106934,0.23634907603263855,0.2339329868555069,0.0,1.4901161193847656e-08,39.55951690673828,21.438119888305664,189.73214721679688
zero_corner_12k,zero,"corner,gripperPOV",10049,32.0,95.0,1,0.8999999761581421,11,expert_cross,50,177,50,0.3237534463405609,0.19874154031276703,0.5224949866533279,0.4042518734931946,0.07325315475463867,0.0,0.0,39.55951690673828,21.438119888305664,189.73214721679688
zero_corner_12k,zero,"corner,gripperPOV",10049,32.0,95.0,2,0.800000011920929,3,expert_cross,50,177,50,0.3203652799129486,0.20197245478630066,0.5223377346992493,0.14911200106143951,0.3285503089427948,0.0,0.0,38.78483963012695,21.502199172973633,189.73764038085938
zero_corner_12k,zero,"corner,gripperPOV",10049,32.0,95.0,2,0.800000011920929,7,expert_cross,50,177,50,0.31372717022895813,0.21367999911308289,0.527407169342041,0.23915614187717438,0.2334367334842682,0.0,0.0,38.78483963012695,21.502199172973633,189.73764038085938
zero_corner_12k,zero,"corner,gripperPOV",10049,32.0,95.0,2,0.800000011920929,11,expert_cross,50,177,50,0.32265961170196533,0.1992388367652893,0.5218984484672546,0.4047955870628357,0.07330597937107086,0.0,0.0,38.78483963012695,21.502199172973633,189.73764038085938
zero_corner_12k,zero,"corner,gripperPOV",10049,32.0,95.0,3,0.699999988079071,3,expert_cross,50,177,50,0.3179929256439209,0.20261172950267792,0.5206046551465988,0.15080128610134125,0.3285940885543823,0.0,0.0,38.08489990234375,21.69091796875,189.74046325683594
zero_corner_12k,zero,"corner,gripperPOV",10049,32.0,95.0,3,0.699999988079071,7,expert_cross,50,177,50,0.31518256664276123,0.21134448051452637,0.5265270471572876,0.24158070981502533,0.23189225792884827,0.0,0.0,38.08489990234375,21.69091796875,189.74046325683594
zero_corner_12k,zero,"corner,gripperPOV",10049,32.0,95.0,3,0.699999988079071,11,expert_cross,50,177,50,0.32052385807037354,0.1990589052438736,0.5195827633142471,0.4076424539089203,0.07277479767799377,0.0,0.0,38.08489990234375,21.69091796875,189.74046325683594
zero_corner_12k,zero,"corner,gripperPOV",10049,32.0,95.0,4,0.6000000238418579,3,expert_cross,50,177,50,0.317754864692688,0.20324772596359253,0.5210025906562805,0.15142548084259033,0.32757192850112915,0.0,0.0,37.45335006713867,21.93526268005371,189.73745727539062
zero_corner_12k,zero,"corner,gripperPOV",10049,32.0,95.0,4,0.6000000238418579,7,expert_cross,50,177,50,0.3147161602973938,0.20952095091342926,0.5242371112108231,0.24424578249454498,0.23151713609695435,0.0,0.0,37.45335006713867,21.93526268005371,189.73745727539062
zero_corner_12k,zero,"corner,gripperPOV",10049,32.0,95.0,4,0.6000000238418579,11,expert_cross,50,177,50,0.31879526376724243,0.20015756785869598,0.5189528316259384,0.4083400070667267,0.0727071464061737,0.0,1.4901161193847656e-08,37.45335006713867,21.93526268005371,189.73745727539062
zero_corner_12k,zero,"corner,gripperPOV",10049,32.0,95.0,5,0.5,3,expert_cross,50,177,50,0.3164485991001129,0.2046719193458557,0.5211205184459686,0.1530686914920807,0.3258107602596283,0.0,2.9802322387695312e-08,36.89094543457031,22.159801483154297,189.7352294921875
zero_corner_12k,zero,"corner,gripperPOV",10049,32.0,95.0,5,0.5,7,expert_cross,50,177,50,0.3153282105922699,0.2085963487625122,0.5239245593547821,0.24606187641620636,0.23001356422901154,0.0,0.0,36.89094543457031,22.159801483154297,189.7352294921875
zero_corner_12k,zero,"corner,gripperPOV",10049,32.0,95.0,5,0.5,11,expert_cross,50,177,50,0.3171588182449341,0.20199106633663177,0.5191498845815659,0.4096958041191101,0.07115428894758224,0.0,2.2351741790771484e-08,36.89094543457031,22.159801483154297,189.7352294921875
zero_corner_12k,zero,"corner,gripperPOV",10049,32.0,95.0,6,0.4000000059604645,3,expert_cross,50,177,50,0.3147203028202057,0.20733140408992767,0.5220517069101334,0.15493865311145782,0.3230096101760864,0.0,2.9802322387695312e-08,36.3814697265625,22.603282928466797,189.73208618164062
zero_corner_12k,zero,"corner,gripperPOV",10049,32.0,95.0,6,0.4000000059604645,7,expert_cross,50,177,50,0.3153107762336731,0.2091304510831833,0.5244412273168564,0.24978098273277283,0.22577780485153198,0.0,0.0,36.3814697265625,22.603282928466797,189.73208618164062
zero_corner_12k,zero,"corner,gripperPOV",10049,32.0,95.0,6,0.4000000059604645,11,expert_cross,50,177,50,0.3164178729057312,0.20684285461902618,0.5232607275247574,0.40831202268600464,0.06842727214097977,0.0,0.0,36.3814697265625,22.603282928466797,189.73208618164062
zero_corner_12k,zero,"corner,gripperPOV",10049,32.0,95.0,7,0.30000001192092896,3,expert_cross,50,177,50,0.3127342164516449,0.2103462517261505,0.5230804681777954,0.15823720395565033,0.31868237257003784,0.0,0.0,35.914920806884766,23.156320571899414,189.73886108398438
zero_corner_12k,zero,"corner,gripperPOV",10049,32.0,95.0,7,0.30000001192092896,7,expert_cross,50,177,50,0.31616437435150146,0.20806200802326202,0.5242263823747635,0.2553313374519348,0.2204422801733017,0.0,0.0,35.914920806884766,23.156320571899414,189.73886108398438
zero_corner_12k,zero,"corner,gripperPOV",10049,32.0,95.0,7,0.30000001192092896,11,expert_cross,50,177,50,0.31629490852355957,0.2118845283985138,0.5281794369220734,0.40661442279815674,0.06520617008209229,0.0,0.0,35.914920806884766,23.156320571899414,189.73886108398438
zero_corner_12k,zero,"corner,gripperPOV",10049,32.0,95.0,8,0.20000000298023224,3,expert_cross,50,177,50,0.31114310026168823,0.21584336459636688,0.5269864648580551,0.1642235368490219,0.308789998292923,0.0,0.0,35.43163299560547,24.25545883178711,189.73648071289062
zero_corner_12k,zero,"corner,gripperPOV",10049,32.0,95.0,8,0.20000000298023224,7,expert_cross,50,177,50,0.31525278091430664,0.20990346372127533,0.525156244635582,0.262022465467453,0.2128213346004486,0.0,0.0,35.43163299560547,24.25545883178711,189.73648071289062
zero_corner_12k,zero,"corner,gripperPOV",10049,32.0,95.0,8,0.20000000298023224,11,expert_cross,50,177,50,0.3168860375881195,0.2227664589881897,0.5396524965763092,0.3995552659034729,0.0607922226190567,0.0,1.4901161193847656e-08,35.43163299560547,24.25545883178711,189.73648071289062
zero_corner_12k,zero,"corner,gripperPOV",10049,32.0,95.0,9,0.10000000149011612,3,expert_cross,50,177,50,0.3125501275062561,0.22749778628349304,0.5400479137897491,0.1771051436662674,0.28284698724746704,0.0,0.0,34.838653564453125,27.9821834564209,189.7430877685547
zero_corner_12k,zero,"corner,gripperPOV",10049,32.0,95.0,9,0.10000000149011612,7,expert_cross,50,177,50,0.30980172753334045,0.21478968858718872,0.5245914161205292,0.2753496468067169,0.20005889236927032,0.0,4.470348358154297e-08,34.838653564453125,27.9821834564209,189.7430877685547
zero_corner_12k,zero,"corner,gripperPOV",10049,32.0,95.0,9,0.10000000149011612,11,expert_cross,50,177,50,0.32407665252685547,0.24380266666412354,0.567879319190979,0.38023263216018677,0.051888082176446915,0.0,0.0,34.838653564453125,27.9821834564209,189.7430877685547
ours_v1_corner_12k,ours_v1,"corner,gripperPOV",10050,20.0,90.0,0,1.0,3,expert_cross,50,177,50,0.32027876377105713,0.225936159491539,0.5462149232625961,0.16022375226020813,0.29356130957603455,0.0,1.4901161193847656e-08,39.5202522277832,23.39232063293457,189.73695373535156
ours_v1_corner_12k,ours_v1,"corner,gripperPOV",10050,20.0,90.0,0,1.0,7,expert_cross,50,177,50,0.31521686911582947,0.2907591462135315,0.605976015329361,0.24562789499759674,0.14839613437652588,0.0,0.0,39.5202522277832,23.39232063293457,189.73695373535156
ours_v1_corner_12k,ours_v1,"corner,gripperPOV",10050,20.0,90.0,0,1.0,11,expert_cross,50,177,50,0.2329827845096588,0.23484718799591064,0.46782997250556946,0.45536768436431885,0.07680227607488632,0.0,6.705522537231445e-08,39.5202522277832,23.39232063293457,189.73695373535156
ours_v1_corner_12k,ours_v1,"corner,gripperPOV",10050,20.0,90.0,1,0.8999999761581421,3,expert_cross,50,177,50,0.3189634382724762,0.22592848539352417,0.5448919236660004,0.16033104062080383,0.2947770357131958,0.0,0.0,38.71696090698242,23.261260986328125,189.73471069335938
ours_v1_corner_12k,ours_v1,"corner,gripperPOV",10050,20.0,90.0,1,0.8999999761581421,7,expert_cross,50,177,50,0.31499120593070984,0.28765276074409485,0.6026439666748047,0.2475106567144394,0.14984537661075592,0.0,0.0,38.71696090698242,23.261260986328125,189.73471069335938
ours_v1_corner_12k,ours_v1,"corner,gripperPOV",10050,20.0,90.0,1,0.8999999761581421,11,expert_cross,50,177,50,0.2300739586353302,0.23192663490772247,0.4620005935430527,0.4593808054924011,0.0786185935139656,0.0,7.450580596923828e-09,38.71696090698242,23.261260986328125,189.73471069335938
ours_v1_corner_12k,ours_v1,"corner,gripperPOV",10050,20.0,90.0,2,0.800000011920929,3,expert_cross,50,177,50,0.31694936752319336,0.2263283133506775,0.5432776808738708,0.1607227474451065,0.29599958658218384,0.0,0.0,38.05388641357422,23.417789459228516,189.73573303222656
ours_v1_corner_12k,ours_v1,"corner,gripperPOV",10050,20.0,90.0,2,0.800000011920929,7,expert_cross,50,177,50,0.3147994875907898,0.2866293787956238,0.6014288663864136,0.248230442404747,0.15034069120883942,0.0,0.0,38.05388641357422,23.417789459228516,189.73573303222656
ours_v1_corner_12k,ours_v1,"corner,gripperPOV",10050,20.0,90.0,2,0.800000011920929,11,expert_cross,50,177,50,0.22872602939605713,0.2312418818473816,0.4599679112434387,0.4607609510421753,0.0792711079120636,0.0,2.9802322387695312e-08,38.05388641357422,23.417789459228516,189.73573303222656
ours_v1_corner_12k,ours_v1,"corner,gripperPOV",10050,20.0,90.0,3,0.699999988079071,3,expert_cross,50,177,50,0.31551411747932434,0.2273876816034317,0.542901799082756,0.1604982316493988,0.2965999245643616,0.0,4.470348358154297e-08,37.50236892700195,23.430179595947266,189.73756408691406
ours_v1_corner_12k,ours_v1,"corner,gripperPOV",10050,20.0,90.0,3,0.699999988079071,7,expert_cross,50,177,50,0.31530502438545227,0.2852717936038971,0.6005768179893494,0.24895036220550537,0.15047287940979004,0.0,0.0,37.50236892700195,23.430179595947266,189.73756408691406
ours_v1_corner_12k,ours_v1,"corner,gripperPOV",10050,20.0,90.0,3,0.699999988079071,11,expert_cross,50,177,50,0.22707222402095795,0.231431782245636,0.45850400626659393,0.46213188767433167,0.07936418801546097,0.0,0.0,37.50236892700195,23.430179595947266,189.73756408691406
ours_v1_corner_12k,ours_v1,"corner,gripperPOV",10050,20.0,90.0,4,0.6000000238418579,3,expert_cross,50,177,50,0.3133144676685333,0.22900715470314026,0.5423216223716736,0.16037659347057343,0.2973017692565918,0.0,1.4901161193847656e-08,37.056060791015625,23.53526496887207,189.73834228515625
ours_v1_corner_12k,ours_v1,"corner,gripperPOV",10050,20.0,90.0,4,0.6000000238418579,7,expert_cross,50,177,50,0.3169722557067871,0.28378620743751526,0.6007584631443024,0.24920648336410522,0.1500350534915924,0.0,0.0,37.056060791015625,23.53526496887207,189.73834228515625
ours_v1_corner_12k,ours_v1,"corner,gripperPOV",10050,20.0,90.0,4,0.6000000238418579,11,expert_cross,50,177,50,0.2253301739692688,0.2308489829301834,0.4561791568994522,0.4641000032424927,0.07972078770399094,0.0,5.21540641784668e-08,37.056060791015625,23.53526496887207,189.73834228515625
ours_v1_corner_12k,ours_v1,"corner,gripperPOV",10050,20.0,90.0,5,0.5,3,expert_cross,50,177,50,0.3114677667617798,0.2302437126636505,0.5417114794254303,0.16088461875915527,0.29740390181541443,0.0,0.0,36.71350860595703,23.893917083740234,189.73709106445312
ours_v1_corner_12k,ours_v1,"corner,gripperPOV",10050,20.0,90.0,5,0.5,7,expert_cross,50,177,50,0.31861504912376404,0.28203272819519043,0.6006477773189545,0.25087544322013855,0.1484767496585846,0.0,2.9802322387695312e-08,36.71350860595703,23.893917083740234,189.73709106445312
ours_v1_corner_12k,ours_v1,"corner,gripperPOV",10050,20.0,90.0,5,0.5,11,expert_cross,50,177,50,0.22335538268089294,0.22981202602386475,0.4531674087047577,0.4674876034259796,0.07934495806694031,0.0,2.9802322387695312e-08,36.71350860595703,23.893917083740234,189.73709106445312
ours_v1_corner_12k,ours_v1,"corner,gripperPOV",10050,20.0,90.0,6,0.4000000059604645,3,expert_cross,50,177,50,0.3091563880443573,0.23366089165210724,0.5428172796964645,0.16078335046768188,0.29639938473701477,0.0,0.0,36.47541427612305,24.307098388671875,189.73724365234375
ours_v1_corner_12k,ours_v1,"corner,gripperPOV",10050,20.0,90.0,6,0.4000000059604645,7,expert_cross,50,177,50,0.3201373219490051,0.2818552255630493,0.6019925475120544,0.2524203062057495,0.14558711647987366,0.0,2.9802322387695312e-08,36.47541427612305,24.307098388671875,189.73724365234375
ours_v1_corner_12k,ours_v1,"corner,gripperPOV",10050,20.0,90.0,6,0.4000000059604645,11,expert_cross,50,177,50,0.22303837537765503,0.23108120262622833,0.45411957800388336,0.46723273396492004,0.07864765077829361,0.0,3.725290298461914e-08,36.47541427612305,24.307098388671875,189.73724365234375
ours_v1_corner_12k,ours_v1,"corner,gripperPOV",10050,20.0,90.0,7,0.30000001192092896,3,expert_cross,50,177,50,0.3069312870502472,0.23739591240882874,0.5443271994590759,0.16092602908611298,0.2947467565536499,0.0,1.4901161193847656e-08,36.32685852050781,24.72370719909668,189.74110412597656
ours_v1_corner_12k,ours_v1,"corner,gripperPOV",10050,20.0,90.0,7,0.30000001192092896,7,expert_cross,50,177,50,0.3223107159137726,0.2804557979106903,0.6027665138244629,0.25455015897750854,0.14268335700035095,0.0,0.0,36.32685852050781,24.72370719909668,189.74110412597656
ours_v1_corner_12k,ours_v1,"corner,gripperPOV",10050,20.0,90.0,7,0.30000001192092896,11,expert_cross,50,177,50,0.22355863451957703,0.2338394820690155,0.45739811658859253,0.4655185639858246,0.07708334177732468,0.0,0.0,36.32685852050781,24.72370719909668,189.74110412597656
ours_v1_corner_12k,ours_v1,"corner,gripperPOV",10050,20.0,90.0,8,0.20000000298023224,3,expert_cross,50,177,50,0.30572575330734253,0.2428833544254303,0.5486091077327728,0.16218438744544983,0.28920653462409973,0.0,0.0,36.23512649536133,25.75095558166504,189.7338409423828
ours_v1_corner_12k,ours_v1,"corner,gripperPOV",10050,20.0,90.0,8,0.20000000298023224,7,expert_cross,50,177,50,0.3232199549674988,0.27970099449157715,0.6029209494590759,0.2589455544948578,0.13813351094722748,0.0,0.0,36.23512649536133,25.75095558166504,189.7338409423828
ours_v1_corner_12k,ours_v1,"corner,gripperPOV",10050,20.0,90.0,8,0.20000000298023224,11,expert_cross,50,177,50,0.22655101120471954,0.239162877202034,0.46571388840675354,0.45999500155448914,0.07429114729166031,0.0,0.0,36.23512649536133,25.75095558166504,189.7338409423828
ours_v1_corner_12k,ours_v1,"corner,gripperPOV",10050,20.0,90.0,9,0.10000000149011612,3,expert_cross,50,177,50,0.3078650236129761,0.254378080368042,0.5622431039810181,0.1672147959470749,0.27054208517074585,0.0,1.4901161193847656e-08,36.14448547363281,27.622596740722656,189.7387237548828
ours_v1_corner_12k,ours_v1,"corner,gripperPOV",10050,20.0,90.0,9,0.10000000149011612,7,expert_cross,50,177,50,0.320705384016037,0.279068261384964,0.599773645401001,0.26889854669570923,0.1313277781009674,0.0,2.9802322387695312e-08,36.14448547363281,27.622596740722656,189.7387237548828
ours_v1_corner_12k,ours_v1,"corner,gripperPOV",10050,20.0,90.0,9,0.10000000149011612,11,expert_cross,50,177,50,0.2377321422100067,0.24979723989963531,0.48752938210964203,0.44514375925064087,0.06732688844203949,0.0,0.0,36.14448547363281,27.622596740722656,189.7387237548828
ours_v2_corner_12k,ours_v2,"corner,gripperPOV",10050,25.5,95.5,0,1.0,3,expert_cross,50,177,50,0.2833535969257355,0.26165130734443665,0.5450049042701721,0.1585433930158615,0.2964516580104828,0.0,4.470348358154297e-08,39.5202522277832,22.262121200561523,189.7378387451172
ours_v2_corner_12k,ours_v2,"corner,gripperPOV",10050,25.5,95.5,0,1.0,7,expert_cross,50,177,50,0.3011898100376129,0.3138730227947235,0.6150628328323364,0.25480371713638306,0.13013345003128052,0.0,0.0,39.5202522277832,22.262121200561523,189.7378387451172
ours_v2_corner_12k,ours_v2,"corner,gripperPOV",10050,25.5,95.5,0,1.0,11,expert_cross,50,177,50,0.21284417808055878,0.2454790472984314,0.4583232253789902,0.4683707356452942,0.07330608367919922,0.0,0.0,39.5202522277832,22.262121200561523,189.7378387451172
ours_v2_corner_12k,ours_v2,"corner,gripperPOV",10050,25.5,95.5,1,0.8999999761581421,3,expert_cross,50,177,50,0.282370924949646,0.2618337869644165,0.5442047119140625,0.1583232879638672,0.2974720597267151,0.0,0.0,38.72074890136719,22.195938110351562,189.7391357421875
ours_v2_corner_12k,ours_v2,"corner,gripperPOV",10050,25.5,95.5,1,0.8999999761581421,7,expert_cross,50,177,50,0.3010772168636322,0.31061801314353943,0.6116952300071716,0.2567843496799469,0.13152042031288147,0.0,0.0,38.72074890136719,22.195938110351562,189.7391357421875
ours_v2_corner_12k,ours_v2,"corner,gripperPOV",10050,25.5,95.5,1,0.8999999761581421,11,expert_cross,50,177,50,0.21068966388702393,0.24260595440864563,0.45329561829566956,0.47260338068008423,0.07410098612308502,0.0,1.4901161193847656e-08,38.72074890136719,22.195938110351562,189.7391357421875
ours_v2_corner_12k,ours_v2,"corner,gripperPOV",10050,25.5,95.5,2,0.800000011920929,3,expert_cross,50,177,50,0.2815767526626587,0.26170894503593445,0.5432856976985931,0.15861865878105164,0.2980956435203552,0.0,0.0,38.05438232421875,22.397872924804688,189.73208618164062
ours_v2_corner_12k,ours_v2,"corner,gripperPOV",10050,25.5,95.5,2,0.800000011920929,7,expert_cross,50,177,50,0.29950204491615295,0.3090763986110687,0.6085784435272217,0.2592836320400238,0.13213790953159332,0.0,1.4901161193847656e-08,38.05438232421875,22.397872924804688,189.73208618164062
ours_v2_corner_12k,ours_v2,"corner,gripperPOV",10050,25.5,95.5,2,0.800000011920929,11,expert_cross,50,177,50,0.20917759835720062,0.24385735392570496,0.4530349522829056,0.47404342889785767,0.07292166352272034,0.0,0.0,38.05438232421875,22.397872924804688,189.73208618164062
ours_v2_corner_12k,ours_v2,"corner,gripperPOV",10050,25.5,95.5,3,0.699999988079071,3,expert_cross,50,177,50,0.2805890738964081,0.2625559866428375,0.5431450605392456,0.1587609201669693,0.2980940639972687,0.0,0.0,37.4841423034668,22.620285034179688,189.73719787597656
ours_v2_corner_12k,ours_v2,"corner,gripperPOV",10050,25.5,95.5,3,0.699999988079071,7,expert_cross,50,177,50,0.3008744418621063,0.30575937032699585,0.6066338121891022,0.2609483301639557,0.13241788744926453,0.0,0.0,37.4841423034668,22.620285034179688,189.73719787597656
ours_v2_corner_12k,ours_v2,"corner,gripperPOV",10050,25.5,95.5,3,0.699999988079071,11,expert_cross,50,177,50,0.20887432992458344,0.24510493874549866,0.4539792686700821,0.4746161997318268,0.07140453904867172,0.0,0.0,37.4841423034668,22.620285034179688,189.73719787597656
ours_v2_corner_12k,ours_v2,"corner,gripperPOV",10050,25.5,95.5,4,0.6000000238418579,3,expert_cross,50,177,50,0.27944648265838623,0.26325950026512146,0.5427059829235077,0.15942099690437317,0.29787299036979675,0.0,2.9802322387695312e-08,37.007164001464844,22.886384963989258,189.73851013183594
ours_v2_corner_12k,ours_v2,"corner,gripperPOV",10050,25.5,95.5,4,0.6000000238418579,7,expert_cross,50,177,50,0.2996053695678711,0.3042711019515991,0.6038764715194702,0.26324331760406494,0.13288025557994843,0.0,0.0,37.007164001464844,22.886384963989258,189.73851013183594
ours_v2_corner_12k,ours_v2,"corner,gripperPOV",10050,25.5,95.5,4,0.6000000238418579,11,expert_cross,50,177,50,0.20814737677574158,0.24625681340694427,0.45440419018268585,0.4754551947116852,0.07014058530330658,0.0,2.9802322387695312e-08,37.007164001464844,22.886384963989258,189.73851013183594
ours_v2_corner_12k,ours_v2,"corner,gripperPOV",10050,25.5,95.5,5,0.5,3,expert_cross,50,177,50,0.2787640690803528,0.2646491527557373,0.5434132218360901,0.15930749475955963,0.2972792685031891,0.0,1.4901161193847656e-08,36.62984085083008,23.16859245300293,189.7332763671875
ours_v2_corner_12k,ours_v2,"corner,gripperPOV",10050,25.5,95.5,5,0.5,7,expert_cross,50,177,50,0.3008512258529663,0.30285289883613586,0.6037041246891022,0.26362326741218567,0.13267263770103455,0.0,0.0,36.62984085083008,23.16859245300293,189.7332763671875
ours_v2_corner_12k,ours_v2,"corner,gripperPOV",10050,25.5,95.5,5,0.5,11,expert_cross,50,177,50,0.2081116884946823,0.24851161241531372,0.45662330090999603,0.4752883017063141,0.06808844208717346,0.0,0.0,36.62984085083008,23.16859245300293,189.7332763671875
ours_v2_corner_12k,ours_v2,"corner,gripperPOV",10050,25.5,95.5,6,0.4000000059604645,3,expert_cross,50,177,50,0.2780067026615143,0.2667526304721832,0.5447593331336975,0.1595655083656311,0.2956751585006714,0.0,0.0,36.347171783447266,23.60622787475586,189.73855590820312
ours_v2_corner_12k,ours_v2,"corner,gripperPOV",10050,25.5,95.5,6,0.4000000059604645,7,expert_cross,50,177,50,0.30188122391700745,0.3014903664588928,0.6033715903759003,0.26486748456954956,0.13176093995571136,0.0,0.0,36.347171783447266,23.60622787475586,189.73855590820312
ours_v2_corner_12k,ours_v2,"corner,gripperPOV",10050,25.5,95.5,6,0.4000000059604645,11,expert_cross,50,177,50,0.21023018658161163,0.2541236877441406,0.46435387432575226,0.4708751142024994,0.06477100402116776,0.0,7.450580596923828e-09,36.347171783447266,23.60622787475586,189.73855590820312
ours_v2_corner_12k,ours_v2,"corner,gripperPOV",10050,25.5,95.5,7,0.30000001192092896,3,expert_cross,50,177,50,0.27839145064353943,0.2694958746433258,0.5478873252868652,0.16050857305526733,0.29160410165786743,0.0,0.0,36.140220642089844,24.248334884643555,189.72984313964844
ours_v2_corner_12k,ours_v2,"corner,gripperPOV",10050,25.5,95.5,7,0.30000001192092896,7,expert_cross,50,177,50,0.30243924260139465,0.30066806077957153,0.6031073033809662,0.2664293348789215,0.13046333193778992,0.0,2.9802322387695312e-08,36.140220642089844,24.248334884643555,189.72984313964844
ours_v2_corner_12k,ours_v2,"corner,gripperPOV",10050,25.5,95.5,7,0.30000001192092896,11,expert_cross,50,177,50,0.2135297656059265,0.25887322425842285,0.47240298986434937,0.4672514796257019,0.060345571488142014,0.0,0.0,36.140220642089844,24.248334884643555,189.72984313964844
ours_v2_corner_12k,ours_v2,"corner,gripperPOV",10050,25.5,95.5,8,0.20000000298023224,3,expert_cross,50,177,50,0.27953702211380005,0.27257195115089417,0.5521089732646942,0.16204802691936493,0.28584301471710205,0.0,0.0,35.98004150390625,25.314146041870117,189.7421112060547
ours_v2_corner_12k,ours_v2,"corner,gripperPOV",10050,25.5,95.5,8,0.20000000298023224,7,expert_cross,50,177,50,0.303349107503891,0.2992883324623108,0.6026374399662018,0.2687460482120514,0.1286165416240692,0.0,0.0,35.98004150390625,25.314146041870117,189.7421112060547
ours_v2_corner_12k,ours_v2,"corner,gripperPOV",10050,25.5,95.5,8,0.20000000298023224,11,expert_cross,50,177,50,0.21984811127185822,0.26832589507102966,0.4881740063428879,0.45699939131736755,0.05482656508684158,0.0,3.725290298461914e-08,35.98004150390625,25.314146041870117,189.7421112060547
ours_v2_corner_12k,ours_v2,"corner,gripperPOV",10050,25.5,95.5,9,0.10000000149011612,3,expert_cross,50,177,50,0.2849450409412384,0.2793291211128235,0.5642741620540619,0.1670510470867157,0.2686748206615448,0.0,0.0,35.78992462158203,27.612720489501953,189.7369842529297
ours_v2_corner_12k,ours_v2,"corner,gripperPOV",10050,25.5,95.5,9,0.10000000149011612,7,expert_cross,50,177,50,0.30132731795310974,0.2961749732494354,0.5975022912025452,0.27745646238327026,0.12504126131534576,0.0,0.0,35.78992462158203,27.612720489501953,189.7369842529297
ours_v2_corner_12k,ours_v2,"corner,gripperPOV",10050,25.5,95.5,9,0.10000000149011612,11,expert_cross,50,177,50,0.23197302222251892,0.27881044149398804,0.510783463716507,0.44117727875709534,0.0480392724275589,0.0,0.0,35.78992462158203,27.612720489501953,189.7369842529297
ours_v3_corner_12k,ours_v3,"corner,gripperPOV",10050,32.0,94.5,0,1.0,3,expert_cross,50,177,50,0.29745516180992126,0.25517070293426514,0.5526258647441864,0.13763651251792908,0.3097376227378845,0.0,0.0,39.5202522277832,23.352781295776367,189.74249267578125
ours_v3_corner_12k,ours_v3,"corner,gripperPOV",10050,32.0,94.5,0,1.0,7,expert_cross,50,177,50,0.2935198247432709,0.27865976095199585,0.5721795856952667,0.2591557204723358,0.16866467893123627,0.0,1.4901161193847656e-08,39.5202522277832,23.352781295776367,189.74249267578125
ours_v3_corner_12k,ours_v3,"corner,gripperPOV",10050,32.0,94.5,0,1.0,11,expert_cross,50,177,50,0.36632686853408813,0.24090926349163055,0.6072361320257187,0.3374406397342682,0.05532323569059372,0.0,0.0,39.5202522277832,23.352781295776367,189.74249267578125
ours_v3_corner_12k,ours_v3,"corner,gripperPOV",10050,32.0,94.5,1,0.8999999761581421,3,expert_cross,50,177,50,0.2959626317024231,0.2544059753417969,0.55036860704422,0.13827647268772125,0.3113548457622528,0.0,7.450580596923828e-08,38.649234771728516,23.11897850036621,189.73641967773438
ours_v3_corner_12k,ours_v3,"corner,gripperPOV",10050,32.0,94.5,1,0.8999999761581421,7,expert_cross,50,177,50,0.2903479039669037,0.2773255705833435,0.5676734745502472,0.26247066259384155,0.16985581815242767,0.0,4.470348358154297e-08,38.649234771728516,23.11897850036621,189.73641967773438
ours_v3_corner_12k,ours_v3,"corner,gripperPOV",10050,32.0,94.5,1,0.8999999761581421,11,expert_cross,50,177,50,0.3644339144229889,0.2369648814201355,0.6013987958431244,0.3421170115470886,0.05648419260978699,0.0,0.0,38.649234771728516,23.11897850036621,189.73641967773438
ours_v3_corner_12k,ours_v3,"corner,gripperPOV",10050,32.0,94.5,2,0.800000011920929,3,expert_cross,50,177,50,0.2944679260253906,0.25437629222869873,0.5488442182540894,0.13896965980529785,0.3121861219406128,0.0,0.0,37.92380142211914,23.276254653930664,189.74502563476562
ours_v3_corner_12k,ours_v3,"corner,gripperPOV",10050,32.0,94.5,2,0.800000011920929,7,expert_cross,50,177,50,0.29039204120635986,0.2758523225784302,0.56624436378479,0.2653637230396271,0.16839195787906647,0.0,0.0,37.92380142211914,23.276254653930664,189.74502563476562
ours_v3_corner_12k,ours_v3,"corner,gripperPOV",10050,32.0,94.5,2,0.800000011920929,11,expert_cross,50,177,50,0.36355721950531006,0.23681367933750153,0.6003708988428116,0.34382641315460205,0.05580272525548935,0.0,0.0,37.92380142211914,23.276254653930664,189.74502563476562
ours_v3_corner_12k,ours_v3,"corner,gripperPOV",10050,32.0,94.5,3,0.699999988079071,3,expert_cross,50,177,50,0.29313910007476807,0.2542004883289337,0.5473395884037018,0.139832004904747,0.3128284215927124,0.0,0.0,37.30354309082031,23.362844467163086,189.73130798339844
ours_v3_corner_12k,ours_v3,"corner,gripperPOV",10050,32.0,94.5,3,0.699999988079071,7,expert_cross,50,177,50,0.29097968339920044,0.2750217020511627,0.5660013854503632,0.26774969696998596,0.16624891757965088,0.0,0.0,37.30354309082031,23.362844467163086,189.73130798339844
ours_v3_corner_12k,ours_v3,"corner,gripperPOV",10050,32.0,94.5,3,0.699999988079071,11,expert_cross,50,177,50,0.36118897795677185,0.23708871006965637,0.5982776880264282,0.34659069776535034,0.0551317036151886,0.0,0.0,37.30354309082031,23.362844467163086,189.73130798339844
ours_v3_corner_12k,ours_v3,"corner,gripperPOV",10050,32.0,94.5,4,0.6000000238418579,3,expert_cross,50,177,50,0.29176631569862366,0.25460702180862427,0.5463733375072479,0.1409778743982315,0.3126487731933594,0.0,1.4901161193847656e-08,36.78728485107422,23.681962966918945,189.73326110839844
ours_v3_corner_12k,ours_v3,"corner,gripperPOV",10050,32.0,94.5,4,0.6000000238418579,7,expert_cross,50,177,50,0.28891250491142273,0.27205514907836914,0.5609676539897919,0.2734721302986145,0.16556020081043243,0.0,1.4901161193847656e-08,36.78728485107422,23.681962966918945,189.73326110839844
ours_v3_corner_12k,ours_v3,"corner,gripperPOV",10050,32.0,94.5,4,0.6000000238418579,11,expert_cross,50,177,50,0.3597525358200073,0.2388465404510498,0.5985990762710571,0.34644266963005066,0.05495832860469818,0.0,0.0,36.78728485107422,23.681962966918945,189.73326110839844
ours_v3_corner_12k,ours_v3,"corner,gripperPOV",10050,32.0,94.5,5,0.5,3,expert_cross,50,177,50,0.2908814549446106,0.2548496127128601,0.5457310676574707,0.1415073275566101,0.3127616345882416,0.0,0.0,36.370147705078125,23.816280364990234,189.7334442138672
ours_v3_corner_12k,ours_v3,"corner,gripperPOV",10050,32.0,94.5,5,0.5,7,expert_cross,50,177,50,0.2898705005645752,0.2708955407142639,0.5607660412788391,0.2757717967033386,0.16346217691898346,0.0,0.0,36.370147705078125,23.816280364990234,189.7334442138672
ours_v3_corner_12k,ours_v3,"corner,gripperPOV",10050,32.0,94.5,5,0.5,11,expert_cross,50,177,50,0.3583613634109497,0.24032020568847656,0.5986815690994263,0.3472594916820526,0.054058898240327835,0.0,4.0978193283081055e-08,36.370147705078125,23.816280364990234,189.7334442138672
ours_v3_corner_12k,ours_v3,"corner,gripperPOV",10050,32.0,94.5,6,0.4000000059604645,3,expert_cross,50,177,50,0.28885984420776367,0.25617286562919617,0.5450327098369598,0.14405135810375214,0.3109159767627716,0.0,0.0,36.03722381591797,24.365890502929688,189.74368286132812
ours_v3_corner_12k,ours_v3,"corner,gripperPOV",10050,32.0,94.5,6,0.4000000059604645,7,expert_cross,50,177,50,0.2889917492866516,0.2689262628555298,0.5579180121421814,0.2802599370479584,0.1618220955133438,0.0,0.0,36.03722381591797,24.365890502929688,189.74368286132812
ours_v3_corner_12k,ours_v3,"corner,gripperPOV",10050,32.0,94.5,6,0.4000000059604645,11,expert_cross,50,177,50,0.35625872015953064,0.24477826058864594,0.6010369807481766,0.34622493386268616,0.05273810774087906,0.0,0.0,36.03722381591797,24.365890502929688,189.74368286132812
ours_v3_corner_12k,ours_v3,"corner,gripperPOV",10050,32.0,94.5,7,0.30000001192092896,3,expert_cross,50,177,50,0.28897249698638916,0.25697746872901917,0.5459499657154083,0.1467898041009903,0.3072602450847626,0.0,0.0,35.77770233154297,25.065155029296875,189.73780822753906
ours_v3_corner_12k,ours_v3,"corner,gripperPOV",10050,32.0,94.5,7,0.30000001192092896,7,expert_cross,50,177,50,0.28903576731681824,0.2652900516986847,0.5543258190155029,0.28702303767204285,0.1586511731147766,0.0,0.0,35.77770233154297,25.065155029296875,189.73780822753906
ours_v3_corner_12k,ours_v3,"corner,gripperPOV",10050,32.0,94.5,7,0.30000001192092896,11,expert_cross,50,177,50,0.3563259243965149,0.25098174810409546,0.6073076725006104,0.34237590432167053,0.05031644552946091,0.0,0.0,35.77770233154297,25.065155029296875,189.73780822753906
ours_v3_corner_12k,ours_v3,"corner,gripperPOV",10050,32.0,94.5,8,0.20000000298023224,3,expert_cross,50,177,50,0.2893517315387726,0.2596413493156433,0.5489930808544159,0.1532365083694458,0.2977704405784607,0.0,0.0,35.55898666381836,26.74779510498047,189.74502563476562
ours_v3_corner_12k,ours_v3,"corner,gripperPOV",10050,32.0,94.5,8,0.20000000298023224,7,expert_cross,50,177,50,0.287537157535553,0.26090118288993835,0.5484383404254913,0.2948625683784485,0.1566990315914154,0.0,5.960464477539063e-08,35.55898666381836,26.74779510498047,189.74502563476562
ours_v3_corner_12k,ours_v3,"corner,gripperPOV",10050,32.0,94.5,8,0.20000000298023224,11,expert_cross,50,177,50,0.3562867343425751,0.2602587044239044,0.6165454387664795,0.3362581729888916,0.04719632491469383,0.0,6.332993507385254e-08,35.55898666381836,26.74779510498047,189.74502563476562
ours_v3_corner_12k,ours_v3,"corner,gripperPOV",10050,32.0,94.5,9,0.10000000149011612,3,expert_cross,50,177,50,0.2920756936073303,0.267513245344162,0.5595889389514923,0.16797666251659393,0.27243444323539734,0.0,0.0,35.30711364746094,31.294057846069336,189.72718811035156
ours_v3_corner_12k,ours_v3,"corner,gripperPOV",10050,32.0,94.5,9,0.10000000149011612,7,expert_cross,50,177,50,0.28481176495552063,0.25400835275650024,0.5388201177120209,0.30879858136177063,0.1523812711238861,0.0,2.9802322387695312e-08,35.30711364746094,31.294057846069336,189.72718811035156
ours_v3_corner_12k,ours_v3,"corner,gripperPOV",10050,32.0,94.5,9,0.10000000149011612,11,expert_cross,50,177,50,0.35944217443466187,0.27348625659942627,0.6329284310340881,0.3252577781677246,0.04181377962231636,0.0,1.1175870895385742e-08,35.30711364746094,31.294057846069336,189.72718811035156
ours_v4_corner_12k,ours_v4,"corner,gripperPOV",10050,34.5,95.0,0,1.0,3,expert_cross,50,177,50,0.308353453874588,0.2526560127735138,0.5610094666481018,0.14342215657234192,0.29556840658187866,0.0,0.0,39.5202522277832,24.50647735595703,189.738037109375
ours_v4_corner_12k,ours_v4,"corner,gripperPOV",10050,34.5,95.0,0,1.0,7,expert_cross,50,177,50,0.2895738184452057,0.2556694447994232,0.5452432632446289,0.2651655375957489,0.189591184258461,0.0,1.4901161193847656e-08,39.5202522277832,24.50647735595703,189.738037109375
ours_v4_corner_12k,ours_v4,"corner,gripperPOV",10050,34.5,95.0,0,1.0,11,expert_cross,50,177,50,0.3681602478027344,0.25202473998069763,0.620184987783432,0.3400361239910126,0.03977888077497482,0.0,7.450580596923828e-09,39.5202522277832,24.50647735595703,189.738037109375
ours_v4_corner_12k,ours_v4,"corner,gripperPOV",10050,34.5,95.0,1,0.8999999761581421,3,expert_cross,50,177,50,0.3072243928909302,0.2531893849372864,0.5604137778282166,0.1437966525554657,0.29578959941864014,0.0,0.0,38.674190521240234,24.394529342651367,189.74105834960938
ours_v4_corner_12k,ours_v4,"corner,gripperPOV",10050,34.5,95.0,1,0.8999999761581421,7,expert_cross,50,177,50,0.28780633211135864,0.25384554266929626,0.5416518747806549,0.2672257125377655,0.19112244248390198,0.0,0.0,38.674190521240234,24.394529342651367,189.74105834960938
ours_v4_corner_12k,ours_v4,"corner,gripperPOV",10050,34.5,95.0,1,0.8999999761581421,11,expert_cross,50,177,50,0.3663596212863922,0.24989502131938934,0.6162546426057816,0.3439551293849945,0.03979025408625603,0.0,0.0,38.674190521240234,24.394529342651367,189.74105834960938
ours_v4_corner_12k,ours_v4,"corner,gripperPOV",10050,34.5,95.0,2,0.800000011920929,3,expert_cross,50,177,50,0.30683407187461853,0.2531298100948334,0.5599638819694519,0.14406725764274597,0.29596880078315735,0.0,5.960464477539063e-08,37.99197006225586,24.46565818786621,189.74046325683594
ours_v4_corner_12k,ours_v4,"corner,gripperPOV",10050,34.5,95.0,2,0.800000011920929,7,expert_cross,50,177,50,0.2867918312549591,0.2514076232910156,0.5381994545459747,0.270151823759079,0.1916487216949463,0.0,0.0,37.99197006225586,24.46565818786621,189.74046325683594
ours_v4_corner_12k,ours_v4,"corner,gripperPOV",10050,34.5,95.0,2,0.800000011920929,11,expert_cross,50,177,50,0.3647855520248413,0.24994376301765442,0.6147293150424957,0.3453666567802429,0.03990399092435837,0.0,3.725290298461914e-08,37.99197006225586,24.46565818786621,189.74046325683594
ours_v4_corner_12k,ours_v4,"corner,gripperPOV",10050,34.5,95.0,3,0.699999988079071,3,expert_cross,50,177,50,0.30620789527893066,0.2533282935619354,0.5595361888408661,0.14465215802192688,0.29581165313720703,0.0,0.0,37.425018310546875,24.736541748046875,189.7368621826172
ours_v4_corner_12k,ours_v4,"corner,gripperPOV",10050,34.5,95.0,3,0.699999988079071,7,expert_cross,50,177,50,0.28573206067085266,0.248869851231575,0.5346019119024277,0.2734834849834442,0.19191457331180573,0.0,2.9802322387695312e-08,37.425018310546875,24.736541748046875,189.7368621826172
ours_v4_corner_12k,ours_v4,"corner,gripperPOV",10050,34.5,95.0,3,0.699999988079071,11,expert_cross,50,177,50,0.36403602361679077,0.25310012698173523,0.617136150598526,0.34377971291542053,0.03908415883779526,0.0,0.0,37.425018310546875,24.736541748046875,189.7368621826172
ours_v4_corner_12k,ours_v4,"corner,gripperPOV",10050,34.5,95.0,4,0.6000000238418579,3,expert_cross,50,177,50,0.30522921681404114,0.25370994210243225,0.5589391589164734,0.1448388397693634,0.2962220013141632,0.0,0.0,36.98127365112305,25.0476131439209,189.727783203125
ours_v4_corner_12k,ours_v4,"corner,gripperPOV",10050,34.5,95.0,4,0.6000000238418579,7,expert_cross,50,177,50,0.2837643325328827,0.24622473120689392,0.5299890637397766,0.277058869600296,0.19295206665992737,0.0,0.0,36.98127365112305,25.0476131439209,189.727783203125
ours_v4_corner_12k,ours_v4,"corner,gripperPOV",10050,34.5,95.0,4,0.6000000238418579,11,expert_cross,50,177,50,0.36132559180259705,0.25374945998191833,0.6150750517845154,0.34571224451065063,0.039212677627801895,0.0,2.60770320892334e-08,36.98127365112305,25.0476131439209,189.727783203125
ours_v4_corner_12k,ours_v4,"corner,gripperPOV",10050,34.5,95.0,5,0.5,3,expert_cross,50,177,50,0.30554401874542236,0.2540418207645416,0.559585839509964,0.14503362774848938,0.29538053274154663,0.0,0.0,36.65542221069336,25.419265747070312,189.73414611816406
ours_v4_corner_12k,ours_v4,"corner,gripperPOV",10050,34.5,95.0,5,0.5,7,expert_cross,50,177,50,0.28255829215049744,0.2448754459619522,0.5274337381124496,0.2790508270263672,0.19351543486118317,0.0,0.0,36.65542221069336,25.419265747070312,189.73414611816406
ours_v4_corner_12k,ours_v4,"corner,gripperPOV",10050,34.5,95.0,5,0.5,11,expert_cross,50,177,50,0.3588220179080963,0.2562390863895416,0.6150611042976379,0.34585344791412354,0.03908539190888405,0.0,5.587935447692871e-08,36.65542221069336,25.419265747070312,189.73414611816406
ours_v4_corner_12k,ours_v4,"corner,gripperPOV",10050,34.5,95.0,6,0.4000000059604645,3,expert_cross,50,177,50,0.304885596036911,0.25480273365974426,0.5596883296966553,0.14640997350215912,0.2939017117023468,0.0,0.0,36.43972396850586,25.94407081604004,189.73130798339844
ours_v4_corner_12k,ours_v4,"corner,gripperPOV",10050,34.5,95.0,6,0.4000000059604645,7,expert_cross,50,177,50,0.28265705704689026,0.24365486204624176,0.526311919093132,0.2809661328792572,0.19272196292877197,0.0,0.0,36.43972396850586,25.94407081604004,189.73130798339844
ours_v4_corner_12k,ours_v4,"corner,gripperPOV",10050,34.5,95.0,6,0.4000000059604645,11,expert_cross,50,177,50,0.3574126064777374,0.26059481501579285,0.6180074214935303,0.3445291221141815,0.03746343404054642,0.0,2.2351741790771484e-08,36.43972396850586,25.94407081604004,189.73130798339844
ours_v4_corner_12k,ours_v4,"corner,gripperPOV",10050,34.5,95.0,7,0.30000001192092896,3,expert_cross,50,177,50,0.30534982681274414,0.2555110454559326,0.5608608722686768,0.149446040391922,0.28969311714172363,0.0,0.0,36.31651306152344,26.828777313232422,189.7459716796875
ours_v4_corner_12k,ours_v4,"corner,gripperPOV",10050,34.5,95.0,7,0.30000001192092896,7,expert_cross,50,177,50,0.28091928362846375,0.24108891189098358,0.5220081955194473,0.2845747768878937,0.19341705739498138,0.0,0.0,36.31651306152344,26.828777313232422,189.7459716796875
ours_v4_corner_12k,ours_v4,"corner,gripperPOV",10050,34.5,95.0,7,0.30000001192092896,11,expert_cross,50,177,50,0.35508158802986145,0.26490986347198486,0.6199914515018463,0.34290337562561035,0.03710521385073662,0.0,0.0,36.31651306152344,26.828777313232422,189.7459716796875
ours_v4_corner_12k,ours_v4,"corner,gripperPOV",10050,34.5,95.0,8,0.20000000298023224,3,expert_cross,50,177,50,0.3059415817260742,0.25640448927879333,0.5623460710048676,0.1550585776567459,0.28259536623954773,0.0,0.0,36.26163101196289,28.62287712097168,189.7391357421875
ours_v4_corner_12k,ours_v4,"corner,gripperPOV",10050,34.5,95.0,8,0.20000000298023224,7,expert_cross,50,177,50,0.2791137993335724,0.2380308359861374,0.5171446353197098,0.2885875999927521,0.19426777958869934,0.0,0.0,36.26163101196289,28.62287712097168,189.7391357421875
ours_v4_corner_12k,ours_v4,"corner,gripperPOV",10050,34.5,95.0,8,0.20000000298023224,11,expert_cross,50,177,50,0.3551505208015442,0.27353838086128235,0.6286889016628265,0.335728257894516,0.03558287024497986,0.0,0.0,36.26163101196289,28.62287712097168,189.7391357421875
ours_v4_corner_12k,ours_v4,"corner,gripperPOV",10050,34.5,95.0,9,0.10000000149011612,3,expert_cross,50,177,50,0.3084527254104614,0.2595553696155548,0.5680080950260162,0.1664758026599884,0.26551613211631775,0.0,0.0,36.186439514160156,32.70176696777344,189.74160766601562
ours_v4_corner_12k,ours_v4,"corner,gripperPOV",10050,34.5,95.0,9,0.10000000149011612,7,expert_cross,50,177,50,0.2767285406589508,0.23440121114253998,0.5111297518014908,0.2991790473461151,0.18969126045703888,0.0,0.0,36.186439514160156,32.70176696777344,189.74160766601562
ours_v4_corner_12k,ours_v4,"corner,gripperPOV",10050,34.5,95.0,9,0.10000000149011612,11,expert_cross,50,177,50,0.3556223511695862,0.28074437379837036,0.6363667249679565,0.3294847905635834,0.03414846211671829,0.0,2.2351741790771484e-08,36.186439514160156,32.70176696777344,189.74160766601562
random_corner_12k,random,"corner,gripperPOV",10050,32.0,94.5,0,1.0,3,expert_cross,50,177,50,0.32655373215675354,0.24170561134815216,0.5682593435049057,0.1325960010290146,0.2991446554660797,0.0,0.0,39.5202522277832,22.18653678894043,189.73377990722656
random_corner_12k,random,"corner,gripperPOV",10050,32.0,94.5,0,1.0,7,expert_cross,50,177,50,0.28585338592529297,0.2834341824054718,0.5692875683307648,0.2409539520740509,0.18975844979286194,0.0,2.9802322387695312e-08,39.5202522277832,22.18653678894043,189.73377990722656
random_corner_12k,random,"corner,gripperPOV",10050,32.0,94.5,0,1.0,11,expert_cross,50,177,50,0.34878480434417725,0.2458740770816803,0.5946588814258575,0.35999226570129395,0.04534890875220299,0.0,0.0,39.5202522277832,22.18653678894043,189.73377990722656
random_corner_12k,random,"corner,gripperPOV",10050,32.0,94.5,1,0.8999999761581421,3,expert_cross,50,177,50,0.325178325176239,0.24157258868217468,0.5667509138584137,0.13262774050235748,0.3006213307380676,0.0,1.4901161193847656e-08,38.7406005859375,22.062397003173828,189.73915100097656
random_corner_12k,random,"corner,gripperPOV",10050,32.0,94.5,1,0.8999999761581421,7,expert_cross,50,177,50,0.28542789816856384,0.2795039415359497,0.5649318397045135,0.24414010345935822,0.19092808663845062,0.0,0.0,38.7406005859375,22.062397003173828,189.73915100097656
random_corner_12k,random,"corner,gripperPOV",10050,32.0,94.5,1,0.8999999761581421,11,expert_cross,50,177,50,0.34758973121643066,0.2430221289396286,0.5906118601560593,0.363974928855896,0.045413222163915634,0.0,0.0,38.7406005859375,22.062397003173828,189.73915100097656
random_corner_12k,random,"corner,gripperPOV",10050,32.0,94.5,2,0.800000011920929,3,expert_cross,50,177,50,0.3237780034542084,0.24176621437072754,0.5655442178249359,0.1330377757549286,0.3014179766178131,0.0,2.9802322387695312e-08,38.083717346191406,22.150339126586914,189.73536682128906
random_corner_12k,random,"corner,gripperPOV",10050,32.0,94.5,2,0.800000011920929,7,expert_cross,50,177,50,0.2850879430770874,0.2773170471191406,0.562404990196228,0.24569520354270935,0.19189974665641785,0.0,5.960464477539063e-08,38.083717346191406,22.150339126586914,189.73536682128906
random_corner_12k,random,"corner,gripperPOV",10050,32.0,94.5,2,0.800000011920929,11,expert_cross,50,177,50,0.3462294638156891,0.24185959994792938,0.5880890637636185,0.36601197719573975,0.04589904844760895,0.0,0.0,38.083717346191406,22.150339126586914,189.73536682128906
random_corner_12k,random,"corner,gripperPOV",10050,32.0,94.5,3,0.699999988079071,3,expert_cross,50,177,50,0.3220656216144562,0.24213160574436188,0.564197227358818,0.13383567333221436,0.3019671142101288,0.0,0.0,37.52792739868164,22.20804786682129,189.73208618164062
random_corner_12k,random,"corner,gripperPOV",10050,32.0,94.5,3,0.699999988079071,7,expert_cross,50,177,50,0.28414133191108704,0.27456316351890564,0.5587044954299927,0.24935540556907654,0.1919400990009308,0.0,0.0,37.52792739868164,22.20804786682129,189.73208618164062
random_corner_12k,random,"corner,gripperPOV",10050,32.0,94.5,3,0.699999988079071,11,expert_cross,50,177,50,0.3455336093902588,0.24185125529766083,0.5873848646879196,0.3672564625740051,0.04535866156220436,0.0,1.1175870895385742e-08,37.52792739868164,22.20804786682129,189.73208618164062
random_corner_12k,random,"corner,gripperPOV",10050,32.0,94.5,4,0.6000000238418579,3,expert_cross,50,177,50,0.3203049600124359,0.24292175471782684,0.5632267147302628,0.1340181678533554,0.3027551472187042,0.0,0.0,37.0653190612793,22.461347579956055,189.73707580566406
random_corner_12k,random,"corner,gripperPOV",10050,32.0,94.5,4,0.6000000238418579,7,expert_cross,50,177,50,0.2829923629760742,0.2714272439479828,0.554419606924057,0.25338494777679443,0.19219543039798737,0.0,1.4901161193847656e-08,37.0653190612793,22.461347579956055,189.73707580566406
random_corner_12k,random,"corner,gripperPOV",10050,32.0,94.5,4,0.6000000238418579,11,expert_cross,50,177,50,0.3449687063694,0.24266518652439117,0.5876338928937912,0.3670330345630646,0.045333169400691986,0.0,0.0,37.0653190612793,22.461347579956055,189.73707580566406
random_corner_12k,random,"corner,gripperPOV",10050,32.0,94.5,5,0.5,3,expert_cross,50,177,50,0.31892675161361694,0.243779256939888,0.5627060085535049,0.13398972153663635,0.3033042252063751,0.0,4.470348358154297e-08,36.69429397583008,22.650659561157227,189.73312377929688
random_corner_12k,random,"corner,gripperPOV",10050,32.0,94.5,5,0.5,7,expert_cross,50,177,50,0.28226763010025024,0.2692611813545227,0.551528811454773,0.256869912147522,0.19160126149654388,0.0,1.4901161193847656e-08,36.69429397583008,22.650659561157227,189.73312377929688
random_corner_12k,random,"corner,gripperPOV",10050,32.0,94.5,5,0.5,11,expert_cross,50,177,50,0.343779057264328,0.24343566596508026,0.5872147232294083,0.3681105673313141,0.04467471316456795,0.0,0.0,36.69429397583008,22.650659561157227,189.73312377929688
random_corner_12k,random,"corner,gripperPOV",10050,32.0,94.5,6,0.4000000059604645,3,expert_cross,50,177,50,0.3173421323299408,0.2457745224237442,0.563116654753685,0.13484719395637512,0.3020361661911011,0.0,0.0,36.4139518737793,23.180519104003906,189.73536682128906
random_corner_12k,random,"corner,gripperPOV",10050,32.0,94.5,6,0.4000000059604645,7,expert_cross,50,177,50,0.2808474898338318,0.2673461437225342,0.548193633556366,0.2619439661502838,0.1898624300956726,0.0,0.0,36.4139518737793,23.180519104003906,189.73536682128906
random_corner_12k,random,"corner,gripperPOV",10050,32.0,94.5,6,0.4000000059604645,11,expert_cross,50,177,50,0.3441319167613983,0.247480571269989,0.5916124880313873,0.36505624651908875,0.04333128407597542,0.0,0.0,36.4139518737793,23.180519104003906,189.73536682128906
random_corner_12k,random,"corner,gripperPOV",10050,32.0,94.5,7,0.30000001192092896,3,expert_cross,50,177,50,0.3164835274219513,0.24831846356391907,0.5648019909858704,0.13673488795757294,0.2984631657600403,0.0,0.0,36.21866226196289,23.8468017578125,189.73907470703125
random_corner_12k,random,"corner,gripperPOV",10050,32.0,94.5,7,0.30000001192092896,7,expert_cross,50,177,50,0.28013306856155396,0.2653105854988098,0.5454436540603638,0.26760533452033997,0.18695096671581268,0.0,4.470348358154297e-08,36.21866226196289,23.8468017578125,189.73907470703125
random_corner_12k,random,"corner,gripperPOV",10050,32.0,94.5,7,0.30000001192092896,11,expert_cross,50,177,50,0.34523674845695496,0.253785103559494,0.599021852016449,0.3593050241470337,0.04167310148477554,0.0,2.2351741790771484e-08,36.21866226196289,23.8468017578125,189.73907470703125
random_corner_12k,random,"corner,gripperPOV",10050,32.0,94.5,8,0.20000000298023224,3,expert_cross,50,177,50,0.3160650134086609,0.25187525153160095,0.5679402649402618,0.14075970649719238,0.29130005836486816,0.0,0.0,36.07748031616211,25.145496368408203,189.7373046875
random_corner_12k,random,"corner,gripperPOV",10050,32.0,94.5,8,0.20000000298023224,7,expert_cross,50,177,50,0.2789290249347687,0.2642672657966614,0.54319629073143,0.2750684916973114,0.18173520267009735,0.0,1.4901161193847656e-08,36.07748031616211,25.145496368408203,189.7373046875
random_corner_12k,random,"corner,gripperPOV",10050,32.0,94.5,8,0.20000000298023224,11,expert_cross,50,177,50,0.3466868996620178,0.26461172103881836,0.6112986207008362,0.34922492504119873,0.03947644680738449,0.0,7.450580596923828e-09,36.07748031616211,25.145496368408203,189.7373046875
random_corner_12k,random,"corner,gripperPOV",10050,32.0,94.5,9,0.10000000149011612,3,expert_cross,50,177,50,0.3191816806793213,0.25834712386131287,0.5775288045406342,0.14987604320049286,0.2725951373577118,0.0,1.4901161193847656e-08,35.939598083496094,28.242700576782227,189.74623107910156
random_corner_12k,random,"corner,gripperPOV",10050,32.0,94.5,9,0.10000000149011612,7,expert_cross,50,177,50,0.27824750542640686,0.2630190849304199,0.5412665903568268,0.28944775462150574,0.16928566992282867,0.0,0.0,35.939598083496094,28.242700576782227,189.74623107910156
random_corner_12k,random,"corner,gripperPOV",10050,32.0,94.5,9,0.10000000149011612,11,expert_cross,50,177,50,0.3509749472141266,0.27976128458976746,0.630736231803894,0.333443820476532,0.03581997752189636,0.0,0.0,35.939598083496094,28.242700576782227,189.74623107910156
uniform_corner_12k,uniform,"corner,gripperPOV",10050,28.2,92.5,0,1.0,3,expert_cross,50,177,50,0.3126271069049835,0.27665653824806213,0.5892836451530457,0.1032751277089119,0.30744123458862305,0.0,0.0,39.5202522277832,21.809688568115234,189.73406982421875
uniform_corner_12k,uniform,"corner,gripperPOV",10050,28.2,92.5,0,1.0,7,expert_cross,50,177,50,0.3363194465637207,0.18926668167114258,0.5255861282348633,0.31962472200393677,0.15478917956352234,0.0,0.0,39.5202522277832,21.809688568115234,189.73406982421875
uniform_corner_12k,uniform,"corner,gripperPOV",10050,28.2,92.5,0,1.0,11,expert_cross,50,177,50,0.36080852150917053,0.2957097291946411,0.6565182507038116,0.30221179127693176,0.04126995801925659,0.0,0.0,39.5202522277832,21.809688568115234,189.73406982421875
uniform_corner_12k,uniform,"corner,gripperPOV",10050,28.2,92.5,1,0.8999999761581421,3,expert_cross,50,177,50,0.311806857585907,0.27626773715019226,0.5880745947360992,0.10381615906953812,0.3081092834472656,0.0,0.0,38.72046661376953,21.784025192260742,189.740966796875
uniform_corner_12k,uniform,"corner,gripperPOV",10050,28.2,92.5,1,0.8999999761581421,7,expert_cross,50,177,50,0.33242449164390564,0.18749849498271942,0.5199229866266251,0.32399317622184753,0.156083881855011,0.0,0.0,38.72046661376953,21.784025192260742,189.740966796875
uniform_corner_12k,uniform,"corner,gripperPOV",10050,28.2,92.5,1,0.8999999761581421,11,expert_cross,50,177,50,0.359496146440506,0.29296568036079407,0.6524618268013,0.3060753047466278,0.04146287217736244,0.0,0.0,38.72046661376953,21.784025192260742,189.740966796875
uniform_corner_12k,uniform,"corner,gripperPOV",10050,28.2,92.5,2,0.800000011920929,3,expert_cross,50,177,50,0.3107399046421051,0.2753048539161682,0.5860447585582733,0.10440666973590851,0.30954858660697937,0.0,0.0,38.043888092041016,21.848833084106445,189.7427520751953
uniform_corner_12k,uniform,"corner,gripperPOV",10050,28.2,92.5,2,0.800000011920929,7,expert_cross,50,177,50,0.33021506667137146,0.18537797033786774,0.5155930370092392,0.3273901641368866,0.15701676905155182,0.0,2.9802322387695312e-08,38.043888092041016,21.848833084106445,189.7427520751953
uniform_corner_12k,uniform,"corner,gripperPOV",10050,28.2,92.5,2,0.800000011920929,11,expert_cross,50,177,50,0.3589073121547699,0.29328691959381104,0.6521942317485809,0.3066171407699585,0.04118863865733147,0.0,0.0,38.043888092041016,21.848833084106445,189.7427520751953
uniform_corner_12k,uniform,"corner,gripperPOV",10050,28.2,92.5,3,0.699999988079071,3,expert_cross,50,177,50,0.3103564381599426,0.2749045491218567,0.5852609872817993,0.10520634055137634,0.30953267216682434,0.0,0.0,37.45172119140625,22.046968460083008,189.7340850830078
uniform_corner_12k,uniform,"corner,gripperPOV",10050,28.2,92.5,3,0.699999988079071,7,expert_cross,50,177,50,0.3288165330886841,0.18516898155212402,0.5139855146408081,0.3303655982017517,0.155648872256279,0.0,1.4901161193847656e-08,37.45172119140625,22.046968460083008,189.7340850830078
uniform_corner_12k,uniform,"corner,gripperPOV",10050,28.2,92.5,3,0.699999988079071,11,expert_cross,50,177,50,0.3574542701244354,0.29460424184799194,0.6520585119724274,0.30674079060554504,0.04120071977376938,0.0,0.0,37.45172119140625,22.046968460083008,189.7340850830078
uniform_corner_12k,uniform,"corner,gripperPOV",10050,28.2,92.5,4,0.6000000238418579,3,expert_cross,50,177,50,0.3085820972919464,0.27481377124786377,0.5833958685398102,0.10647010058164597,0.31013402342796326,0.0,7.450580596923828e-09,36.943214416503906,22.218791961669922,189.73968505859375
uniform_corner_12k,uniform,"corner,gripperPOV",10050,28.2,92.5,4,0.6000000238418579,7,expert_cross,50,177,50,0.3283078968524933,0.18340528011322021,0.5117131769657135,0.3320101201534271,0.15627670288085938,0.0,0.0,36.943214416503906,22.218791961669922,189.73968505859375
uniform_corner_12k,uniform,"corner,gripperPOV",10050,28.2,92.5,4,0.6000000238418579,11,expert_cross,50,177,50,0.35709333419799805,0.295053094625473,0.6521464288234711,0.30661851167678833,0.0412350557744503,0.0,3.725290298461914e-09,36.943214416503906,22.218791961669922,189.73968505859375
uniform_corner_12k,uniform,"corner,gripperPOV",10050,28.2,92.5,5,0.5,3,expert_cross,50,177,50,0.3080580532550812,0.27455881237983704,0.5826168656349182,0.10836808383464813,0.30901506543159485,0.0,0.0,36.53206253051758,22.524051666259766,189.73486328125
uniform_corner_12k,uniform,"corner,gripperPOV",10050,28.2,92.5,5,0.5,7,expert_cross,50,177,50,0.32612305879592896,0.18441978096961975,0.5105428397655487,0.3349669575691223,0.15449021756649017,0.0,0.0,36.53206253051758,22.524051666259766,189.73486328125
uniform_corner_12k,uniform,"corner,gripperPOV",10050,28.2,92.5,5,0.5,11,expert_cross,50,177,50,0.3557708263397217,0.29671886563301086,0.6524896919727325,0.30604857206344604,0.041461747139692307,0.0,0.0,36.53206253051758,22.524051666259766,189.73486328125
uniform_corner_12k,uniform,"corner,gripperPOV",10050,28.2,92.5,6,0.4000000059604645,3,expert_cross,50,177,50,0.30743294954299927,0.27526548504829407,0.5826984345912933,0.11120012402534485,0.30610141158103943,0.0,2.9802322387695312e-08,36.21033477783203,23.066871643066406,189.73501586914062
uniform_corner_12k,uniform,"corner,gripperPOV",10050,28.2,92.5,6,0.4000000059604645,7,expert_cross,50,177,50,0.3222373127937317,0.18604989349842072,0.5082872062921524,0.33827269077301025,0.15344007313251495,0.0,2.9802322387695312e-08,36.21033477783203,23.066871643066406,189.73501586914062
uniform_corner_12k,uniform,"corner,gripperPOV",10050,28.2,92.5,6,0.4000000059604645,11,expert_cross,50,177,50,0.3543764650821686,0.30100035667419434,0.6553768217563629,0.3037784993648529,0.04084466025233269,0.0,1.862645149230957e-08,36.21033477783203,23.066871643066406,189.73501586914062
uniform_corner_12k,uniform,"corner,gripperPOV",10050,28.2,92.5,7,0.30000001192092896,3,expert_cross,50,177,50,0.3083992600440979,0.27668067812919617,0.5850799381732941,0.11454107612371445,0.3003789782524109,0.0,7.450580596923828e-09,35.971343994140625,23.776960372924805,189.728271484375
uniform_corner_12k,uniform,"corner,gripperPOV",10050,28.2,92.5,7,0.30000001192092896,7,expert_cross,50,177,50,0.31859663128852844,0.1884324997663498,0.5070291310548782,0.34207600355148315,0.150894895195961,0.0,0.0,35.971343994140625,23.776960372924805,189.728271484375
uniform_corner_12k,uniform,"corner,gripperPOV",10050,28.2,92.5,7,0.30000001192092896,11,expert_cross,50,177,50,0.35377225279808044,0.3051682710647583,0.6589405238628387,0.3012528121471405,0.03980667516589165,0.0,0.0,35.971343994140625,23.776960372924805,189.728271484375
uniform_corner_12k,uniform,"corner,gripperPOV",10050,28.2,92.5,8,0.20000000298023224,3,expert_cross,50,177,50,0.30962762236595154,0.27937301993370056,0.5890006422996521,0.12233305722475052,0.2886662781238556,0.0,2.2351741790771484e-08,35.79097366333008,25.111909866333008,189.73455810546875
uniform_corner_12k,uniform,"corner,gripperPOV",10050,28.2,92.5,8,0.20000000298023224,7,expert_cross,50,177,50,0.31172025203704834,0.19533100724220276,0.5070512592792511,0.3454558253288269,0.1474929004907608,0.0,1.4901161193847656e-08,35.79097366333008,25.111909866333008,189.73455810546875
uniform_corner_12k,uniform,"corner,gripperPOV",10050,28.2,92.5,8,0.20000000298023224,11,expert_cross,50,177,50,0.3536589741706848,0.3144782483577728,0.6681372225284576,0.2941092848777771,0.03775344789028168,0.0,4.470348358154297e-08,35.79097366333008,25.111909866333008,189.73455810546875
uniform_corner_12k,uniform,"corner,gripperPOV",10050,28.2,92.5,9,0.10000000149011612,3,expert_cross,50,177,50,0.3171725869178772,0.28584426641464233,0.6030168533325195,0.13668908178806305,0.2602940499782562,0.0,1.4901161193847656e-08,35.60266876220703,27.561424255371094,189.72438049316406
uniform_corner_12k,uniform,"corner,gripperPOV",10050,28.2,92.5,9,0.10000000149011612,7,expert_cross,50,177,50,0.2958807051181793,0.205928236246109,0.5018089413642883,0.35561153292655945,0.142579585313797,0.0,0.0,35.60266876220703,27.561424255371094,189.72438049316406
uniform_corner_12k,uniform,"corner,gripperPOV",10050,28.2,92.5,9,0.10000000149011612,11,expert_cross,50,177,50,0.3556848168373108,0.3257485032081604,0.6814333200454712,0.2837795317173004,0.03478710353374481,0.0,4.470348358154297e-08,35.60266876220703,27.561424255371094,189.72438049316406
zero_corner_12k,zero,"corner,gripperPOV",10050,32.0,95.0,0,1.0,3,expert_cross,50,177,50,0.3079652488231659,0.2185990810394287,0.5265643298625946,0.14586660265922546,0.32756906747817993,0.0,0.0,39.5202522277832,23.172039031982422,189.7378692626953
zero_corner_12k,zero,"corner,gripperPOV",10050,32.0,95.0,0,1.0,7,expert_cross,50,177,50,0.3008817434310913,0.25874778628349304,0.5596295297145844,0.21340930461883545,0.2269611656665802,0.0,0.0,39.5202522277832,23.172039031982422,189.7378692626953
zero_corner_12k,zero,"corner,gripperPOV",10050,32.0,95.0,0,1.0,11,expert_cross,50,177,50,0.31047937273979187,0.2211676836013794,0.5316470563411713,0.40317994356155396,0.06517302989959717,0.0,0.0,39.5202522277832,23.172039031982422,189.7378692626953
zero_corner_12k,zero,"corner,gripperPOV",10050,32.0,95.0,1,0.8999999761581421,3,expert_cross,50,177,50,0.30557113885879517,0.21878185868263245,0.5243529975414276,0.14735102653503418,0.3282959461212158,0.0,2.9802322387695312e-08,38.65835189819336,22.97515106201172,189.7344207763672
zero_corner_12k,zero,"corner,gripperPOV",10050,32.0,95.0,1,0.8999999761581421,7,expert_cross,50,177,50,0.3014276325702667,0.255329966545105,0.5567575991153717,0.21453532576560974,0.22870709002017975,0.0,0.0,38.65835189819336,22.97515106201172,189.7344207763672
zero_corner_12k,zero,"corner,gripperPOV",10050,32.0,95.0,1,0.8999999761581421,11,expert_cross,50,177,50,0.30769869685173035,0.2183534950017929,0.5260521918535233,0.4075872302055359,0.06636060029268265,0.0,0.0,38.65835189819336,22.97515106201172,189.7344207763672
zero_corner_12k,zero,"corner,gripperPOV",10050,32.0,95.0,2,0.800000011920929,3,expert_cross,50,177,50,0.30414265394210815,0.218722864985466,0.5228655189275742,0.14852751791477203,0.3286069631576538,0.0,0.0,37.932655334472656,23.015954971313477,189.73666381835938
zero_corner_12k,zero,"corner,gripperPOV",10050,32.0,95.0,2,0.800000011920929,7,expert_cross,50,177,50,0.3002632260322571,0.25334447622299194,0.553607702255249,0.21680399775505066,0.22958829998970032,0.0,0.0,37.932655334472656,23.015954971313477,189.73666381835938
zero_corner_12k,zero,"corner,gripperPOV",10050,32.0,95.0,2,0.800000011920929,11,expert_cross,50,177,50,0.3066401779651642,0.21947365999221802,0.5261138379573822,0.4074710011482239,0.06641515344381332,0.0,7.450580596923828e-09,37.932655334472656,23.015954971313477,189.73666381835938
zero_corner_12k,zero,"corner,gripperPOV",10050,32.0,95.0,3,0.699999988079071,3,expert_cross,50,177,50,0.3019607961177826,0.2191196233034134,0.521080419421196,0.15046292543411255,0.3284566104412079,0.0,4.470348358154297e-08,37.30714416503906,23.18853759765625,189.7395477294922
zero_corner_12k,zero,"corner,gripperPOV",10050,32.0,95.0,3,0.699999988079071,7,expert_cross,50,177,50,0.30128586292266846,0.25082850456237793,0.5521143674850464,0.21902219951152802,0.2288634032011032,0.0,2.9802322387695312e-08,37.30714416503906,23.18853759765625,189.7395477294922
zero_corner_12k,zero,"corner,gripperPOV",10050,32.0,95.0,3,0.699999988079071,11,expert_cross,50,177,50,0.304251104593277,0.21937093138694763,0.5236220359802246,0.41043177247047424,0.06594625860452652,0.0,0.0,37.30714416503906,23.18853759765625,189.7395477294922
zero_corner_12k,zero,"corner,gripperPOV",10050,32.0,95.0,4,0.6000000238418579,3,expert_cross,50,177,50,0.3016694188117981,0.2196117341518402,0.5212811529636383,0.15134215354919434,0.32737669348716736,0.0,0.0,36.777191162109375,23.37940788269043,189.73818969726562
zero_corner_12k,zero,"corner,gripperPOV",10050,32.0,95.0,4,0.6000000238418579,7,expert_cross,50,177,50,0.3006281554698944,0.24833501875400543,0.5489631742238998,0.2211683988571167,0.22986836731433868,0.0,5.960464477539063e-08,36.777191162109375,23.37940788269043,189.73818969726562
zero_corner_12k,zero,"corner,gripperPOV",10050,32.0,95.0,4,0.6000000238418579,11,expert_cross,50,177,50,0.3021484315395355,0.22056233882904053,0.522710770368576,0.41116347908973694,0.06612572073936462,0.0,2.9802322387695312e-08,36.777191162109375,23.37940788269043,189.73818969726562
zero_corner_12k,zero,"corner,gripperPOV",10050,32.0,95.0,5,0.5,3,expert_cross,50,177,50,0.3004881739616394,0.22074875235557556,0.521236926317215,0.1532365381717682,0.32552653551101685,0.0,0.0,36.345787048339844,23.651105880737305,189.7350311279297
zero_corner_12k,zero,"corner,gripperPOV",10050,32.0,95.0,5,0.5,7,expert_cross,50,177,50,0.30110689997673035,0.24671444296836853,0.5478213429450989,0.22274670004844666,0.22943198680877686,0.0,0.0,36.345787048339844,23.651105880737305,189.7350311279297
zero_corner_12k,zero,"corner,gripperPOV",10050,32.0,95.0,5,0.5,11,expert_cross,50,177,50,0.30034321546554565,0.22220517694950104,0.5225483924150467,0.41242682933807373,0.06502474099397659,0.0,3.725290298461914e-08,36.345787048339844,23.651105880737305,189.7350311279297
zero_corner_12k,zero,"corner,gripperPOV",10050,32.0,95.0,6,0.4000000059604645,3,expert_cross,50,177,50,0.29948294162750244,0.22295892238616943,0.5224418640136719,0.15485712885856628,0.32270100712776184,0.0,0.0,36.005706787109375,24.057456970214844,189.7420196533203
zero_corner_12k,zero,"corner,gripperPOV",10050,32.0,95.0,6,0.4000000059604645,7,expert_cross,50,177,50,0.30102911591529846,0.24572725594043732,0.5467563718557358,0.22621935606002808,0.22702425718307495,0.0,1.4901161193847656e-08,36.005706787109375,24.057456970214844,189.7420196533203
zero_corner_12k,zero,"corner,gripperPOV",10050,32.0,95.0,6,0.4000000059604645,11,expert_cross,50,177,50,0.29911646246910095,0.22704967856407166,0.5261661410331726,0.41088199615478516,0.06295185536146164,0.0,7.450580596923828e-09,36.005706787109375,24.057456970214844,189.7420196533203
zero_corner_12k,zero,"corner,gripperPOV",10050,32.0,95.0,7,0.30000001192092896,3,expert_cross,50,177,50,0.29813453555107117,0.2255212813615799,0.5236558169126511,0.15810832381248474,0.3182358741760254,0.0,0.0,35.74395751953125,24.5947322845459,189.7440948486328
zero_corner_12k,zero,"corner,gripperPOV",10050,32.0,95.0,7,0.30000001192092896,7,expert_cross,50,177,50,0.30161529779434204,0.24342496693134308,0.5450402647256851,0.23178695142269135,0.22317278385162354,0.0,0.0,35.74395751953125,24.5947322845459,189.7440948486328
zero_corner_12k,zero,"corner,gripperPOV",10050,32.0,95.0,7,0.30000001192092896,11,expert_cross,50,177,50,0.2985389232635498,0.23145776987075806,0.5299966931343079,0.4090350866317749,0.06096827611327171,0.0,0.0,35.74395751953125,24.5947322845459,189.7440948486328
zero_corner_12k,zero,"corner,gripperPOV",10050,32.0,95.0,8,0.20000000298023224,3,expert_cross,50,177,50,0.29792019724845886,0.23004180192947388,0.5279619991779327,0.1637677252292633,0.30827024579048157,0.0,2.9802322387695312e-08,35.50492477416992,25.776090621948242,189.73043823242188
zero_corner_12k,zero,"corner,gripperPOV",10050,32.0,95.0,8,0.20000000298023224,7,expert_cross,50,177,50,0.29985079169273376,0.24291259050369263,0.5427633821964264,0.2403535544872284,0.21688306331634521,0.0,0.0,35.50492477416992,25.776090621948242,189.73043823242188
zero_corner_12k,zero,"corner,gripperPOV",10050,32.0,95.0,8,0.20000000298023224,11,expert_cross,50,177,50,0.29880914092063904,0.24285845458507538,0.5416675955057144,0.4010164737701416,0.057315923273563385,0.0,7.450580596923828e-09,35.50492477416992,25.776090621948242,189.73043823242188
zero_corner_12k,zero,"corner,gripperPOV",10050,32.0,95.0,9,0.10000000149011612,3,expert_cross,50,177,50,0.3016786575317383,0.23991011083126068,0.541588768362999,0.17581041157245636,0.28260084986686707,0.0,0.0,35.206024169921875,29.38968849182129,189.73825073242188
zero_corner_12k,zero,"corner,gripperPOV",10050,32.0,95.0,9,0.10000000149011612,7,expert_cross,50,177,50,0.2951655387878418,0.2442159354686737,0.5393814742565155,0.2578986585140228,0.20271988213062286,0.0,0.0,35.206024169921875,29.38968849182129,189.73825073242188
zero_corner_12k,zero,"corner,gripperPOV",10050,32.0,95.0,9,0.10000000149011612,11,expert_cross,50,177,50,0.3051585853099823,0.26082533597946167,0.565983921289444,0.3837943375110626,0.05022169649600983,0.0,4.470348358154297e-08,35.206024169921875,29.38968849182129,189.73825073242188
ours_v1_corner_12k,ours_v1,"corner,gripperPOV",10051,20.0,90.0,0,1.0,3,expert_cross,50,177,50,0.32346904277801514,0.2143770307302475,0.5378460735082626,0.16019092500209808,0.3019630014896393,0.0,0.0,40.919673919677734,22.157135009765625,189.73963928222656
ours_v1_corner_12k,ours_v1,"corner,gripperPOV",10051,20.0,90.0,0,1.0,7,expert_cross,50,177,50,0.2520121932029724,0.3675379753112793,0.6195501685142517,0.22804422676563263,0.15240566432476044,0.0,0.0,40.919673919677734,22.157135009765625,189.73963928222656
ours_v1_corner_12k,ours_v1,"corner,gripperPOV",10051,20.0,90.0,0,1.0,11,expert_cross,50,177,50,0.21884751319885254,0.23853330314159393,0.45738081634044647,0.46451786160469055,0.07810136675834656,0.0,0.0,40.919673919677734,22.157135009765625,189.73963928222656
ours_v1_corner_12k,ours_v1,"corner,gripperPOV",10051,20.0,90.0,1,0.8999999761581421,3,expert_cross,50,177,50,0.32230332493782043,0.21482625603675842,0.5371295809745789,0.16036029160022736,0.302510142326355,0.0,0.0,40.1777458190918,22.012126922607422,189.72900390625
ours_v1_corner_12k,ours_v1,"corner,gripperPOV",10051,20.0,90.0,1,0.8999999761581421,7,expert_cross,50,177,50,0.25183331966400146,0.3644654154777527,0.6162987351417542,0.22987470030784607,0.15382656455039978,0.0,0.0,40.1777458190918,22.012126922607422,189.72900390625
ours_v1_corner_12k,ours_v1,"corner,gripperPOV",10051,20.0,90.0,1,0.8999999761581421,11,expert_cross,50,177,50,0.21650300920009613,0.23575808107852936,0.4522610902786255,0.4683360457420349,0.0794028490781784,0.0,1.4901161193847656e-08,40.1777458190918,22.012126922607422,189.72900390625
ours_v1_corner_12k,ours_v1,"corner,gripperPOV",10051,20.0,90.0,2,0.800000011920929,3,expert_cross,50,177,50,0.3204863369464874,0.21548455953598022,0.5359708964824677,0.1605559140443802,0.3034731447696686,0.0,4.470348358154297e-08,39.564109802246094,22.184616088867188,189.72610473632812
ours_v1_corner_12k,ours_v1,"corner,gripperPOV",10051,20.0,90.0,2,0.800000011920929,7,expert_cross,50,177,50,0.251694917678833,0.363589346408844,0.615284264087677,0.23050175607204437,0.15421396493911743,0.0,1.4901161193847656e-08,39.564109802246094,22.184616088867188,189.72610473632812
ours_v1_corner_12k,ours_v1,"corner,gripperPOV",10051,20.0,90.0,2,0.800000011920929,11,expert_cross,50,177,50,0.2158825546503067,0.23546750843524933,0.45135006308555603,0.46894678473472595,0.0797032043337822,0.0,0.0,39.564109802246094,22.184616088867188,189.72610473632812
ours_v1_corner_12k,ours_v1,"corner,gripperPOV",10051,20.0,90.0,3,0.699999988079071,3,expert_cross,50,177,50,0.31885430216789246,0.21696317195892334,0.5358174741268158,0.16041415929794312,0.3037683367729187,0.0,2.9802322387695312e-08,39.04388427734375,22.253507614135742,189.74404907226562
ours_v1_corner_12k,ours_v1,"corner,gripperPOV",10051,20.0,90.0,3,0.699999988079071,7,expert_cross,50,177,50,0.25250887870788574,0.3622337579727173,0.614742636680603,0.23129723966121674,0.15396016836166382,0.0,0.0,39.04388427734375,22.253507614135742,189.74404907226562
ours_v1_corner_12k,ours_v1,"corner,gripperPOV",10051,20.0,90.0,3,0.699999988079071,11,expert_cross,50,177,50,0.21519900858402252,0.23595745861530304,0.45115646719932556,0.46931132674217224,0.079532191157341,0.0,1.4901161193847656e-08,39.04388427734375,22.253507614135742,189.74404907226562
ours_v1_corner_12k,ours_v1,"corner,gripperPOV",10051,20.0,90.0,4,0.6000000238418579,3,expert_cross,50,177,50,0.31685540080070496,0.21889129281044006,0.535746693611145,0.16006430983543396,0.304188996553421,0.0,0.0,38.61111068725586,22.432228088378906,189.73373413085938
ours_v1_corner_12k,ours_v1,"corner,gripperPOV",10051,20.0,90.0,4,0.6000000238418579,7,expert_cross,50,177,50,0.2546880841255188,0.36021989583969116,0.61490797996521,0.2311774641275406,0.15391454100608826,0.0,1.4901161193847656e-08,38.61111068725586,22.432228088378906,189.73373413085938
ours_v1_corner_12k,ours_v1,"corner,gripperPOV",10051,20.0,90.0,4,0.6000000238418579,11,expert_cross,50,177,50,0.21449697017669678,0.23593361675739288,0.45043058693408966,0.4701825678348541,0.07938683778047562,0.0,7.450580596923828e-09,38.61111068725586,22.432228088378906,189.73373413085938
ours_v1_corner_12k,ours_v1,"corner,gripperPOV",10051,20.0,90.0,5,0.5,3,expert_cross,50,177,50,0.31478559970855713,0.22073274850845337,0.5355183482170105,0.1604567915201187,0.304024875164032,0.0,0.0,38.26301956176758,22.81505584716797,189.73309326171875
ours_v1_corner_12k,ours_v1,"corner,gripperPOV",10051,20.0,90.0,5,0.5,7,expert_cross,50,177,50,0.2571905851364136,0.357602059841156,0.6147926449775696,0.23285827040672302,0.1523490697145462,0.0,1.4901161193847656e-08,38.26301956176758,22.81505584716797,189.73309326171875
ours_v1_corner_12k,ours_v1,"corner,gripperPOV",10051,20.0,90.0,5,0.5,11,expert_cross,50,177,50,0.21387316286563873,0.23575490713119507,0.4496280699968338,0.47169241309165955,0.07867952436208725,0.0,0.0,38.26301956176758,22.81505584716797,189.73309326171875
ours_v1_corner_12k,ours_v1,"corner,gripperPOV",10051,20.0,90.0,6,0.4000000059604645,3,expert_cross,50,177,50,0.31261980533599854,0.22453196346759796,0.5371517688035965,0.16021926701068878,0.3026289641857147,0.0,0.0,37.999935150146484,23.28835105895996,189.7427215576172
ours_v1_corner_12k,ours_v1,"corner,gripperPOV",10051,20.0,90.0,6,0.4000000059604645,7,expert_cross,50,177,50,0.2599993944168091,0.35587140917778015,0.6158708035945892,0.23487679660320282,0.14925238490104675,0.0,1.4901161193847656e-08,37.999935150146484,23.28835105895996,189.7427215576172
ours_v1_corner_12k,ours_v1,"corner,gripperPOV",10051,20.0,90.0,6,0.4000000059604645,11,expert_cross,50,177,50,0.21550805866718292,0.23793554306030273,0.45344360172748566,0.4691556394100189,0.07740069925785065,0.0,5.960464477539063e-08,37.999935150146484,23.28835105895996,189.7427215576172
ours_v1_corner_12k,ours_v1,"corner,gripperPOV",10051,20.0,90.0,7,0.30000001192092896,3,expert_cross,50,177,50,0.3105493485927582,0.22865892946720123,0.5392082780599594,0.16009347140789032,0.3006982207298279,0.0,2.9802322387695312e-08,37.81109619140625,23.88094139099121,189.73773193359375
ours_v1_corner_12k,ours_v1,"corner,gripperPOV",10051,20.0,90.0,7,0.30000001192092896,7,expert_cross,50,177,50,0.26558130979537964,0.350863516330719,0.6164448261260986,0.23745180666446686,0.1461033672094345,0.0,0.0,37.81109619140625,23.88094139099121,189.73773193359375
ours_v1_corner_12k,ours_v1,"corner,gripperPOV",10051,20.0,90.0,7,0.30000001192092896,11,expert_cross,50,177,50,0.21840941905975342,0.24141933023929596,0.4598287492990494,0.4650720953941345,0.07509914040565491,0.0,1.4901161193847656e-08,37.81109619140625,23.88094139099121,189.73773193359375
ours_v1_corner_12k,ours_v1,"corner,gripperPOV",10051,20.0,90.0,8,0.20000000298023224,3,expert_cross,50,177,50,0.3096611201763153,0.23472164571285248,0.5443827658891678,0.16134889423847198,0.29426833987236023,0.0,0.0,37.654701232910156,25.102020263671875,189.73666381835938
ours_v1_corner_12k,ours_v1,"corner,gripperPOV",10051,20.0,90.0,8,0.20000000298023224,7,expert_cross,50,177,50,0.27099645137786865,0.34384801983833313,0.6148444712162018,0.2434273511171341,0.1417282074689865,0.0,0.0,37.654701232910156,25.102020263671875,189.73666381835938
ours_v1_corner_12k,ours_v1,"corner,gripperPOV",10051,20.0,90.0,8,0.20000000298023224,11,expert_cross,50,177,50,0.22325992584228516,0.24694864451885223,0.4702085703611374,0.4582644999027252,0.07152694463729858,0.0,0.0,37.654701232910156,25.102020263671875,189.73666381835938
ours_v1_corner_12k,ours_v1,"corner,gripperPOV",10051,20.0,90.0,9,0.10000000149011612,3,expert_cross,50,177,50,0.31193169951438904,0.24753338098526,0.559465080499649,0.16636525094509125,0.2741696536540985,0.0,1.4901161193847656e-08,37.47827911376953,27.42436408996582,189.73060607910156
ours_v1_corner_12k,ours_v1,"corner,gripperPOV",10051,20.0,90.0,9,0.10000000149011612,7,expert_cross,50,177,50,0.28062641620635986,0.32872048020362854,0.6093468964099884,0.2555963695049286,0.13505671918392181,0.0,1.4901161193847656e-08,37.47827911376953,27.42436408996582,189.73060607910156
ours_v1_corner_12k,ours_v1,"corner,gripperPOV",10051,20.0,90.0,9,0.10000000149011612,11,expert_cross,50,177,50,0.23637744784355164,0.25803881883621216,0.4944162666797638,0.4417029321193695,0.06388082355260849,0.0,0.0,37.47827911376953,27.42436408996582,189.73060607910156
ours_v2_corner_12k,ours_v2,"corner,gripperPOV",10051,25.5,95.5,0,1.0,3,expert_cross,50,177,50,0.283301442861557,0.25096049904823303,0.53426194190979,0.15997792780399323,0.3057601749897003,0.0,0.0,40.919673919677734,20.547927856445312,189.74278259277344
ours_v2_corner_12k,ours_v2,"corner,gripperPOV",10051,25.5,95.5,0,1.0,7,expert_cross,50,177,50,0.24540387094020844,0.39081019163131714,0.6362140625715256,0.24204108119010925,0.12174486368894577,0.0,0.0,40.919673919677734,20.547927856445312,189.74278259277344
ours_v2_corner_12k,ours_v2,"corner,gripperPOV",10051,25.5,95.5,0,1.0,11,expert_cross,50,177,50,0.1914062350988388,0.26280677318573,0.4542130082845688,0.4730128049850464,0.07277417927980423,0.0,7.450580596923828e-09,40.919673919677734,20.547927856445312,189.74278259277344
ours_v2_corner_12k,ours_v2,"corner,gripperPOV",10051,25.5,95.5,1,0.8999999761581421,3,expert_cross,50,177,50,0.2827683687210083,0.25142231583595276,0.5341906845569611,0.15979479253292084,0.3060145378112793,0.0,0.0,40.160316467285156,20.439594268798828,189.73805236816406
ours_v2_corner_12k,ours_v2,"corner,gripperPOV",10051,25.5,95.5,1,0.8999999761581421,7,expert_cross,50,177,50,0.24572202563285828,0.3878900408744812,0.6336120665073395,0.2431715875864029,0.12321636825799942,0.0,0.0,40.160316467285156,20.439594268798828,189.73805236816406
ours_v2_corner_12k,ours_v2,"corner,gripperPOV",10051,25.5,95.5,1,0.8999999761581421,11,expert_cross,50,177,50,0.18949958682060242,0.2595219612121582,0.4490215480327606,0.47782471776008606,0.0731537789106369,0.0,0.0,40.160316467285156,20.439594268798828,189.73805236816406
ours_v2_corner_12k,ours_v2,"corner,gripperPOV",10051,25.5,95.5,2,0.800000011920929,3,expert_cross,50,177,50,0.28212660551071167,0.2513859272003174,0.533512532711029,0.16010060906410217,0.3063868582248688,0.0,0.0,39.51540756225586,20.62078285217285,189.74302673339844
ours_v2_corner_12k,ours_v2,"corner,gripperPOV",10051,25.5,95.5,2,0.800000011920929,7,expert_cross,50,177,50,0.2452169805765152,0.3852873146533966,0.6305042952299118,0.24530799686908722,0.1241876631975174,0.0,4.470348358154297e-08,39.51540756225586,20.62078285217285,189.74302673339844
ours_v2_corner_12k,ours_v2,"corner,gripperPOV",10051,25.5,95.5,2,0.800000011920929,11,expert_cross,50,177,50,0.1891881376504898,0.2605275511741638,0.4497156888246536,0.4784228801727295,0.07186141610145569,0.0,1.4901161193847656e-08,39.51540756225586,20.62078285217285,189.74302673339844
ours_v2_corner_12k,ours_v2,"corner,gripperPOV",10051,25.5,95.5,3,0.699999988079071,3,expert_cross,50,177,50,0.2813621461391449,0.2525562047958374,0.5339183509349823,0.16016921401023865,0.30591246485710144,0.0,0.0,38.94070053100586,20.8778018951416,189.73292541503906
ours_v2_corner_12k,ours_v2,"corner,gripperPOV",10051,25.5,95.5,3,0.699999988079071,7,expert_cross,50,177,50,0.24641567468643188,0.38255855441093445,0.6289742290973663,0.24674686789512634,0.1242789477109909,0.0,0.0,38.94070053100586,20.8778018951416,189.73292541503906
ours_v2_corner_12k,ours_v2,"corner,gripperPOV",10051,25.5,95.5,3,0.699999988079071,11,expert_cross,50,177,50,0.18988445401191711,0.26165446639060974,0.45153892040252686,0.47815608978271484,0.07030501216650009,0.0,0.0,38.94070053100586,20.8778018951416,189.73292541503906
ours_v2_corner_12k,ours_v2,"corner,gripperPOV",10051,25.5,95.5,4,0.6000000238418579,3,expert_cross,50,177,50,0.2805194854736328,0.2535687983036041,0.5340882837772369,0.1608489751815796,0.3050627112388611,0.0,2.9802322387695312e-08,38.430423736572266,21.128368377685547,189.7388458251953
ours_v2_corner_12k,ours_v2,"corner,gripperPOV",10051,25.5,95.5,4,0.6000000238418579,7,expert_cross,50,177,50,0.24724450707435608,0.3793734610080719,0.626617968082428,0.24861539900302887,0.12476667016744614,0.0,0.0,38.430423736572266,21.128368377685547,189.7388458251953
ours_v2_corner_12k,ours_v2,"corner,gripperPOV",10051,25.5,95.5,4,0.6000000238418579,11,expert_cross,50,177,50,0.1900688111782074,0.26265454292297363,0.45272335410118103,0.47815442085266113,0.06912227720022202,0.0,0.0,38.430423736572266,21.128368377685547,189.7388458251953
ours_v2_corner_12k,ours_v2,"corner,gripperPOV",10051,25.5,95.5,5,0.5,3,expert_cross,50,177,50,0.28010326623916626,0.25505951046943665,0.5351627767086029,0.16072025895118713,0.3041169345378876,0.0,2.9802322387695312e-08,37.99153518676758,21.51190757751465,189.73577880859375
ours_v2_corner_12k,ours_v2,"corner,gripperPOV",10051,25.5,95.5,5,0.5,7,expert_cross,50,177,50,0.2494068145751953,0.3769964873790741,0.6264033019542694,0.24871531128883362,0.1248813271522522,0.0,5.960464477539063e-08,37.99153518676758,21.51190757751465,189.73577880859375
ours_v2_corner_12k,ours_v2,"corner,gripperPOV",10051,25.5,95.5,5,0.5,11,expert_cross,50,177,50,0.19134263694286346,0.2643260359764099,0.4556686729192734,0.4771026074886322,0.06722867488861084,0.0,4.470348358154297e-08,37.99153518676758,21.51190757751465,189.73577880859375
ours_v2_corner_12k,ours_v2,"corner,gripperPOV",10051,25.5,95.5,6,0.4000000059604645,3,expert_cross,50,177,50,0.27945929765701294,0.25741222500801086,0.5368715226650238,0.16100604832172394,0.30212247371673584,0.0,0.0,37.616416931152344,22.121671676635742,189.7414093017578
ours_v2_corner_12k,ours_v2,"corner,gripperPOV",10051,25.5,95.5,6,0.4000000059604645,7,expert_cross,50,177,50,0.2526901662349701,0.37347716093063354,0.6261673271656036,0.24988509714603424,0.12394756823778152,0.0,7.450580596923828e-09,37.616416931152344,22.121671676635742,189.7414093017578
ours_v2_corner_12k,ours_v2,"corner,gripperPOV",10051,25.5,95.5,6,0.4000000059604645,11,expert_cross,50,177,50,0.1960509866476059,0.26911821961402893,0.4651692062616348,0.47067514061927795,0.06415566802024841,0.0,0.0,37.616416931152344,22.121671676635742,189.7414093017578
ours_v2_corner_12k,ours_v2,"corner,gripperPOV",10051,25.5,95.5,7,0.30000001192092896,3,expert_cross,50,177,50,0.2799740731716156,0.2608397305011749,0.5408138036727905,0.16190360486507416,0.2972826361656189,0.0,0.0,37.286556243896484,22.978126525878906,189.72998046875
ours_v2_corner_12k,ours_v2,"corner,gripperPOV",10051,25.5,95.5,7,0.30000001192092896,7,expert_cross,50,177,50,0.2573986351490021,0.3685198426246643,0.6259184777736664,0.2513869106769562,0.12269458174705505,0.0,2.9802322387695312e-08,37.286556243896484,22.978126525878906,189.72998046875
ours_v2_corner_12k,ours_v2,"corner,gripperPOV",10051,25.5,95.5,7,0.30000001192092896,11,expert_cross,50,177,50,0.20212143659591675,0.2723352313041687,0.47445666790008545,0.46556615829467773,0.05997713655233383,0.0,3.725290298461914e-08,37.286556243896484,22.978126525878906,189.72998046875
ours_v2_corner_12k,ours_v2,"corner,gripperPOV",10051,25.5,95.5,8,0.20000000298023224,3,expert_cross,50,177,50,0.28087741136550903,0.2650212347507477,0.5458986461162567,0.163884699344635,0.29021668434143066,0.0,0.0,36.977691650390625,24.173311233520508,189.73094177246094
ours_v2_corner_12k,ours_v2,"corner,gripperPOV",10051,25.5,95.5,8,0.20000000298023224,7,expert_cross,50,177,50,0.26342958211898804,0.36092814803123474,0.6243577301502228,0.25413066148757935,0.12151163816452026,0.0,0.0,36.977691650390625,24.173311233520508,189.73094177246094
ours_v2_corner_12k,ours_v2,"corner,gripperPOV",10051,25.5,95.5,8,0.20000000298023224,11,expert_cross,50,177,50,0.21205095946788788,0.2793854773044586,0.4914364367723465,0.4539363980293274,0.05462711676955223,0.0,4.842877388000488e-08,36.977691650390625,24.173311233520508,189.73094177246094
ours_v2_corner_12k,ours_v2,"corner,gripperPOV",10051,25.5,95.5,9,0.10000000149011612,3,expert_cross,50,177,50,0.2862262427806854,0.2739429771900177,0.5601692199707031,0.1698124259710312,0.2700183391571045,0.0,1.4901161193847656e-08,36.61711502075195,27.157644271850586,189.7301788330078
ours_v2_corner_12k,ours_v2,"corner,gripperPOV",10051,25.5,95.5,9,0.10000000149011612,7,expert_cross,50,177,50,0.27008646726608276,0.3465559184551239,0.6166423857212067,0.2636050283908844,0.11975261569023132,0.0,0.0,36.61711502075195,27.157644271850586,189.7301788330078
ours_v2_corner_12k,ours_v2,"corner,gripperPOV",10051,25.5,95.5,9,0.10000000149011612,11,expert_cross,50,177,50,0.22708775103092194,0.28766322135925293,0.5147509723901749,0.4381905496120453,0.047058481723070145,0.0,0.0,36.61711502075195,27.157644271850586,189.7301788330078
ours_v3_corner_12k,ours_v3,"corner,gripperPOV",10051,32.0,94.5,0,1.0,3,expert_cross,50,177,50,0.2837826609611511,0.2474437654018402,0.5312264263629913,0.15097573399543762,0.31779778003692627,0.0,5.960464477539063e-08,40.919673919677734,23.42985725402832,189.73739624023438
ours_v3_corner_12k,ours_v3,"corner,gripperPOV",10051,32.0,94.5,0,1.0,7,expert_cross,50,177,50,0.26741641759872437,0.32582390308380127,0.5932403206825256,0.24982039630413055,0.15693925321102142,0.0,2.9802322387695312e-08,40.919673919677734,23.42985725402832,189.73739624023438
ours_v3_corner_12k,ours_v3,"corner,gripperPOV",10051,32.0,94.5,0,1.0,11,expert_cross,50,177,50,0.34233346581459045,0.2438439279794693,0.5861773937940598,0.3511667847633362,0.06265582889318466,0.0,0.0,40.919673919677734,23.42985725402832,189.73739624023438
ours_v3_corner_12k,ours_v3,"corner,gripperPOV",10051,32.0,94.5,1,0.8999999761581421,3,expert_cross,50,177,50,0.2823709547519684,0.24650081992149353,0.5288717746734619,0.1520465910434723,0.3190816640853882,0.0,0.0,40.03453063964844,23.202896118164062,189.73403930664062
ours_v3_corner_12k,ours_v3,"corner,gripperPOV",10051,32.0,94.5,1,0.8999999761581421,7,expert_cross,50,177,50,0.2661953270435333,0.32259681820869446,0.5887921452522278,0.25279346108436584,0.15841437876224518,0.0,1.4901161193847656e-08,40.03453063964844,23.202896118164062,189.73403930664062
ours_v3_corner_12k,ours_v3,"corner,gripperPOV",10051,32.0,94.5,1,0.8999999761581421,11,expert_cross,50,177,50,0.3412597179412842,0.2397841364145279,0.5810438543558121,0.35559195280075073,0.06336420774459839,0.0,0.0,40.03453063964844,23.202896118164062,189.73403930664062
ours_v3_corner_12k,ours_v3,"corner,gripperPOV",10051,32.0,94.5,2,0.800000011920929,3,expert_cross,50,177,50,0.28136247396469116,0.24633483588695526,0.5276973098516464,0.1526116281747818,0.3196910321712494,0.0,2.9802322387695312e-08,39.291412353515625,23.375606536865234,189.73309326171875
ours_v3_corner_12k,ours_v3,"corner,gripperPOV",10051,32.0,94.5,2,0.800000011920929,7,expert_cross,50,177,50,0.2668551504611969,0.32040730118751526,0.5872624516487122,0.25508907437324524,0.15764844417572021,0.0,2.9802322387695312e-08,39.291412353515625,23.375606536865234,189.73309326171875
ours_v3_corner_12k,ours_v3,"corner,gripperPOV",10051,32.0,94.5,2,0.800000011920929,11,expert_cross,50,177,50,0.34133294224739075,0.2390289455652237,0.5803618878126144,0.35745206475257874,0.06218603998422623,0.0,7.450580596923828e-09,39.291412353515625,23.375606536865234,189.73309326171875
ours_v3_corner_12k,ours_v3,"corner,gripperPOV",10051,32.0,94.5,3,0.699999988079071,3,expert_cross,50,177,50,0.2796110510826111,0.24635794758796692,0.525968998670578,0.1537492424249649,0.3202817440032959,0.0,1.4901161193847656e-08,38.643436431884766,23.50584602355957,189.7436981201172
ours_v3_corner_12k,ours_v3,"corner,gripperPOV",10051,32.0,94.5,3,0.699999988079071,7,expert_cross,50,177,50,0.26805928349494934,0.31893306970596313,0.5869923532009125,0.25688841938972473,0.1561192274093628,0.0,0.0,38.643436431884766,23.50584602355957,189.7436981201172
ours_v3_corner_12k,ours_v3,"corner,gripperPOV",10051,32.0,94.5,3,0.699999988079071,11,expert_cross,50,177,50,0.3396313190460205,0.2385919988155365,0.578223317861557,0.36074528098106384,0.061031412333250046,0.0,0.0,38.643436431884766,23.50584602355957,189.7436981201172
ours_v3_corner_12k,ours_v3,"corner,gripperPOV",10051,32.0,94.5,4,0.6000000238418579,3,expert_cross,50,177,50,0.27810510993003845,0.24697665870189667,0.5250817686319351,0.15487460792064667,0.3200436234474182,0.0,0.0,38.08844757080078,23.848323822021484,189.7473602294922
ours_v3_corner_12k,ours_v3,"corner,gripperPOV",10051,32.0,94.5,4,0.6000000238418579,7,expert_cross,50,177,50,0.26815515756607056,0.3136269748210907,0.5817821323871613,0.26207929849624634,0.1561385542154312,0.0,1.4901161193847656e-08,38.08844757080078,23.848323822021484,189.7473602294922
ours_v3_corner_12k,ours_v3,"corner,gripperPOV",10051,32.0,94.5,4,0.6000000238418579,11,expert_cross,50,177,50,0.3392658531665802,0.24007436633110046,0.5793402194976807,0.3604288399219513,0.0602310448884964,0.0,0.0,38.08844757080078,23.848323822021484,189.7473602294922
ours_v3_corner_12k,ours_v3,"corner,gripperPOV",10051,32.0,94.5,5,0.5,3,expert_cross,50,177,50,0.2768024504184723,0.2475203275680542,0.5243227779865265,0.1556273251771927,0.32004985213279724,0.0,4.470348358154297e-08,37.61957931518555,24.05533790588379,189.7276611328125
ours_v3_corner_12k,ours_v3,"corner,gripperPOV",10051,32.0,94.5,5,0.5,7,expert_cross,50,177,50,0.27037671208381653,0.3115902543067932,0.5819669663906097,0.26365774869918823,0.15437527000904083,0.0,1.4901161193847656e-08,37.61957931518555,24.05533790588379,189.7276611328125
ours_v3_corner_12k,ours_v3,"corner,gripperPOV",10051,32.0,94.5,5,0.5,11,expert_cross,50,177,50,0.3388615846633911,0.2403481900691986,0.5792097747325897,0.3618902862071991,0.0588998906314373,0.0,4.842877388000488e-08,37.61957931518555,24.05533790588379,189.7276611328125
ours_v3_corner_12k,ours_v3,"corner,gripperPOV",10051,32.0,94.5,6,0.4000000059604645,3,expert_cross,50,177,50,0.2742229998111725,0.24943608045578003,0.5236590802669525,0.15821807086467743,0.3181228041648865,0.0,4.470348358154297e-08,37.217994689941406,24.689865112304688,189.73341369628906
ours_v3_corner_12k,ours_v3,"corner,gripperPOV",10051,32.0,94.5,6,0.4000000059604645,7,expert_cross,50,177,50,0.2718794643878937,0.3084254562854767,0.5803049206733704,0.26661381125450134,0.15308129787445068,0.0,0.0,37.217994689941406,24.689865112304688,189.73341369628906
ours_v3_corner_12k,ours_v3,"corner,gripperPOV",10051,32.0,94.5,6,0.4000000059604645,11,expert_cross,50,177,50,0.33846843242645264,0.24443328380584717,0.5829017162322998,0.36027559638023376,0.05682265758514404,0.0,2.9802322387695312e-08,37.217994689941406,24.689865112304688,189.73341369628906
ours_v3_corner_12k,ours_v3,"corner,gripperPOV",10051,32.0,94.5,7,0.30000001192092896,3,expert_cross,50,177,50,0.2729962468147278,0.25135907530784607,0.5243553221225739,0.16130246222019196,0.3143422305583954,0.0,0.0,36.86309051513672,25.50536346435547,189.73435974121094
ours_v3_corner_12k,ours_v3,"corner,gripperPOV",10051,32.0,94.5,7,0.30000001192092896,7,expert_cross,50,177,50,0.27513250708580017,0.3032584488391876,0.5783909559249878,0.2718963921070099,0.14971265196800232,0.0,0.0,36.86309051513672,25.50536346435547,189.73435974121094
ours_v3_corner_12k,ours_v3,"corner,gripperPOV",10051,32.0,94.5,7,0.30000001192092896,11,expert_cross,50,177,50,0.3404087722301483,0.2507377862930298,0.5911465585231781,0.35536494851112366,0.05348850041627884,0.0,0.0,36.86309051513672,25.50536346435547,189.73435974121094
ours_v3_corner_12k,ours_v3,"corner,gripperPOV",10051,32.0,94.5,8,0.20000000298023224,3,expert_cross,50,177,50,0.272731214761734,0.2557944357395172,0.5285256505012512,0.16703824698925018,0.304436057806015,0.0,4.470348358154297e-08,36.520362854003906,27.315622329711914,189.73263549804688
ours_v3_corner_12k,ours_v3,"corner,gripperPOV",10051,32.0,94.5,8,0.20000000298023224,7,expert_cross,50,177,50,0.2790760397911072,0.29646655917167664,0.5755425989627838,0.27710145711898804,0.14735595881938934,0.0,0.0,36.520362854003906,27.315622329711914,189.73263549804688
ours_v3_corner_12k,ours_v3,"corner,gripperPOV",10051,32.0,94.5,8,0.20000000298023224,11,expert_cross,50,177,50,0.3421274423599243,0.261454313993454,0.6035817563533783,0.34666651487350464,0.04975171759724617,0.0,1.1175870895385742e-08,36.520362854003906,27.315622329711914,189.73263549804688
ours_v3_corner_12k,ours_v3,"corner,gripperPOV",10051,32.0,94.5,9,0.10000000149011612,3,expert_cross,50,177,50,0.27466148138046265,0.2665230929851532,0.5411845743656158,0.17967073619365692,0.2791447043418884,0.0,0.0,36.100093841552734,31.870187759399414,189.73980712890625
ours_v3_corner_12k,ours_v3,"corner,gripperPOV",10051,32.0,94.5,9,0.10000000149011612,7,expert_cross,50,177,50,0.28335461020469666,0.2850595712661743,0.568414181470871,0.2895137369632721,0.14207206666469574,0.0,1.4901161193847656e-08,36.100093841552734,31.870187759399414,189.73980712890625
ours_v3_corner_12k,ours_v3,"corner,gripperPOV",10051,32.0,94.5,9,0.10000000149011612,11,expert_cross,50,177,50,0.3486209213733673,0.28024792671203613,0.6288688480854034,0.3280153274536133,0.04311581328511238,0.0,1.1175870895385742e-08,36.100093841552734,31.870187759399414,189.73980712890625
ours_v4_corner_12k,ours_v4,"corner,gripperPOV",10051,34.5,95.0,0,1.0,3,expert_cross,50,177,50,0.3062101900577545,0.24156740307807922,0.5477775931358337,0.15077069401741028,0.30145174264907837,0.0,0.0,40.919673919677734,24.860036849975586,189.74058532714844
ours_v4_corner_12k,ours_v4,"corner,gripperPOV",10051,34.5,95.0,0,1.0,7,expert_cross,50,177,50,0.2547056972980499,0.3023012578487396,0.5570069551467896,0.2508348822593689,0.19215816259384155,0.0,0.0,40.919673919677734,24.860036849975586,189.74058532714844
ours_v4_corner_12k,ours_v4,"corner,gripperPOV",10051,34.5,95.0,0,1.0,11,expert_cross,50,177,50,0.3336687684059143,0.24956046044826508,0.5832292288541794,0.3702370524406433,0.04653371125459671,0.0,7.450580596923828e-09,40.919673919677734,24.860036849975586,189.74058532714844
ours_v4_corner_12k,ours_v4,"corner,gripperPOV",10051,34.5,95.0,1,0.8999999761581421,3,expert_cross,50,177,50,0.3053262233734131,0.24215161800384521,0.5474778413772583,0.15123659372329712,0.30128559470176697,0.0,0.0,40.017555236816406,24.634485244750977,189.73150634765625
ours_v4_corner_12k,ours_v4,"corner,gripperPOV",10051,34.5,95.0,1,0.8999999761581421,7,expert_cross,50,177,50,0.2534760534763336,0.3008959889411926,0.5543720424175262,0.25212129950523376,0.19350667297840118,0.0,0.0,40.017555236816406,24.634485244750977,189.73150634765625
ours_v4_corner_12k,ours_v4,"corner,gripperPOV",10051,34.5,95.0,1,0.8999999761581421,11,expert_cross,50,177,50,0.3322489857673645,0.2461913675069809,0.5784403532743454,0.37524762749671936,0.046312008053064346,0.0,1.1175870895385742e-08,40.017555236816406,24.634485244750977,189.73150634765625
ours_v4_corner_12k,ours_v4,"corner,gripperPOV",10051,34.5,95.0,2,0.800000011920929,3,expert_cross,50,177,50,0.30507609248161316,0.24217508733272552,0.5472511798143387,0.15152126550674438,0.30122750997543335,0.0,4.470348358154297e-08,39.27885818481445,24.643157958984375,189.7420196533203
ours_v4_corner_12k,ours_v4,"corner,gripperPOV",10051,34.5,95.0,2,0.800000011920929,7,expert_cross,50,177,50,0.253223180770874,0.29815053939819336,0.5513737201690674,0.2547224760055542,0.1939038336277008,0.0,0.0,39.27885818481445,24.643157958984375,189.7420196533203
ours_v4_corner_12k,ours_v4,"corner,gripperPOV",10051,34.5,95.0,2,0.800000011920929,11,expert_cross,50,177,50,0.33150801062583923,0.24584180116653442,0.5773498117923737,0.3764394223690033,0.046210773289203644,0.0,0.0,39.27885818481445,24.643157958984375,189.7420196533203
ours_v4_corner_12k,ours_v4,"corner,gripperPOV",10051,34.5,95.0,3,0.699999988079071,3,expert_cross,50,177,50,0.3043128550052643,0.24256406724452972,0.546876922249794,0.15227092802524567,0.3008521497249603,0.0,0.0,38.64682388305664,24.763105392456055,189.73658752441406
ours_v4_corner_12k,ours_v4,"corner,gripperPOV",10051,34.5,95.0,3,0.699999988079071,7,expert_cross,50,177,50,0.2533125877380371,0.2943831980228424,0.5476957857608795,0.25785908102989197,0.19444510340690613,0.0,2.9802322387695312e-08,38.64682388305664,24.763105392456055,189.73658752441406
ours_v4_corner_12k,ours_v4,"corner,gripperPOV",10051,34.5,95.0,3,0.699999988079071,11,expert_cross,50,177,50,0.3318405747413635,0.2480011135339737,0.5798416882753372,0.37505799531936646,0.04510033130645752,0.0,0.0,38.64682388305664,24.763105392456055,189.73658752441406
ours_v4_corner_12k,ours_v4,"corner,gripperPOV",10051,34.5,95.0,4,0.6000000238418579,3,expert_cross,50,177,50,0.30308958888053894,0.24315129220485687,0.5462408810853958,0.15266461670398712,0.30109453201293945,0.0,0.0,38.12671661376953,25.0143985748291,189.73907470703125
ours_v4_corner_12k,ours_v4,"corner,gripperPOV",10051,34.5,95.0,4,0.6000000238418579,7,expert_cross,50,177,50,0.25269365310668945,0.2907010018825531,0.5433946549892426,0.2612113654613495,0.19539393484592438,0.0,4.470348358154297e-08,38.12671661376953,25.0143985748291,189.73907470703125
ours_v4_corner_12k,ours_v4,"corner,gripperPOV",10051,34.5,95.0,4,0.6000000238418579,11,expert_cross,50,177,50,0.33039143681526184,0.24873541295528412,0.579126849770546,0.37592813372612,0.04494502767920494,0.0,0.0,38.12671661376953,25.0143985748291,189.73907470703125
ours_v4_corner_12k,ours_v4,"corner,gripperPOV",10051,34.5,95.0,5,0.5,3,expert_cross,50,177,50,0.30297091603279114,0.24385233223438263,0.5468232482671738,0.15288756787776947,0.30028921365737915,0.0,0.0,37.71214294433594,25.207176208496094,189.73873901367188
ours_v4_corner_12k,ours_v4,"corner,gripperPOV",10051,34.5,95.0,5,0.5,7,expert_cross,50,177,50,0.25245967507362366,0.28838154673576355,0.5408412218093872,0.26320362091064453,0.19595518708229065,0.0,0.0,37.71214294433594,25.207176208496094,189.73873901367188
ours_v4_corner_12k,ours_v4,"corner,gripperPOV",10051,34.5,95.0,5,0.5,11,expert_cross,50,177,50,0.3287939131259918,0.2507225275039673,0.5795164406299591,0.3759799301624298,0.044503651559352875,0.0,0.0,37.71214294433594,25.207176208496094,189.73873901367188
ours_v4_corner_12k,ours_v4,"corner,gripperPOV",10051,34.5,95.0,6,0.4000000059604645,3,expert_cross,50,177,50,0.3018302917480469,0.24498137831687927,0.5468116700649261,0.1544937789440155,0.29869455099105835,0.0,0.0,37.39495086669922,25.605676651000977,189.72286987304688
ours_v4_corner_12k,ours_v4,"corner,gripperPOV",10051,34.5,95.0,6,0.4000000059604645,7,expert_cross,50,177,50,0.2535914182662964,0.2863787114620209,0.5399701297283173,0.2649267613887787,0.19510310888290405,0.0,0.0,37.39495086669922,25.605676651000977,189.72286987304688
ours_v4_corner_12k,ours_v4,"corner,gripperPOV",10051,34.5,95.0,6,0.4000000059604645,11,expert_cross,50,177,50,0.3288642466068268,0.2557750344276428,0.5846392810344696,0.37284791469573975,0.04251280054450035,0.0,3.725290298461914e-09,37.39495086669922,25.605676651000977,189.72286987304688
ours_v4_corner_12k,ours_v4,"corner,gripperPOV",10051,34.5,95.0,7,0.30000001192092896,3,expert_cross,50,177,50,0.301722913980484,0.24635829031467438,0.5480812042951584,0.15772952139377594,0.2941892445087433,0.0,2.9802322387695312e-08,37.14702224731445,26.260475158691406,189.73301696777344
ours_v4_corner_12k,ours_v4,"corner,gripperPOV",10051,34.5,95.0,7,0.30000001192092896,7,expert_cross,50,177,50,0.2537042498588562,0.28059157729148865,0.5342958271503448,0.2690662145614624,0.19663797318935394,0.0,0.0,37.14702224731445,26.260475158691406,189.73301696777344
ours_v4_corner_12k,ours_v4,"corner,gripperPOV",10051,34.5,95.0,7,0.30000001192092896,11,expert_cross,50,177,50,0.3276332914829254,0.261911004781723,0.5895442962646484,0.3688860535621643,0.04156964272260666,0.0,7.450580596923828e-09,37.14702224731445,26.260475158691406,189.73301696777344
ours_v4_corner_12k,ours_v4,"corner,gripperPOV",10051,34.5,95.0,8,0.20000000298023224,3,expert_cross,50,177,50,0.30188530683517456,0.24834145605564117,0.5502267628908157,0.16316978633403778,0.28660348057746887,0.0,0.0,36.934852600097656,27.570096969604492,189.7421112060547
ours_v4_corner_12k,ours_v4,"corner,gripperPOV",10051,34.5,95.0,8,0.20000000298023224,7,expert_cross,50,177,50,0.255930632352829,0.271405965089798,0.527336597442627,0.2745527923107147,0.19811061024665833,0.0,0.0,36.934852600097656,27.570096969604492,189.7421112060547
ours_v4_corner_12k,ours_v4,"corner,gripperPOV",10051,34.5,95.0,8,0.20000000298023224,11,expert_cross,50,177,50,0.3278648555278778,0.2732105851173401,0.6010754406452179,0.3598760962486267,0.03904849663376808,0.0,0.0,36.934852600097656,27.570096969604492,189.7421112060547
ours_v4_corner_12k,ours_v4,"corner,gripperPOV",10051,34.5,95.0,9,0.10000000149011612,3,expert_cross,50,177,50,0.30469226837158203,0.2534544765949249,0.558146744966507,0.17378057539463043,0.2680727243423462,0.0,0.0,36.653865814208984,31.427825927734375,189.7406463623047
ours_v4_corner_12k,ours_v4,"corner,gripperPOV",10051,34.5,95.0,9,0.10000000149011612,7,expert_cross,50,177,50,0.25811412930488586,0.25868716835975647,0.5168012976646423,0.2886238098144531,0.19457486271858215,0.0,2.9802322387695312e-08,36.653865814208984,31.427825927734375,189.7406463623047
ours_v4_corner_12k,ours_v4,"corner,gripperPOV",10051,34.5,95.0,9,0.10000000149011612,11,expert_cross,50,177,50,0.32868483662605286,0.2866048514842987,0.6152896881103516,0.34883448481559753,0.035875849425792694,0.0,0.0,36.653865814208984,31.427825927734375,189.7406463623047
random_corner_12k,random,"corner,gripperPOV",10051,32.0,94.5,0,1.0,3,expert_cross,50,177,50,0.31252214312553406,0.24326612055301666,0.5557882636785507,0.13459676504135132,0.30961495637893677,0.0,1.4901161193847656e-08,40.919673919677734,22.758068084716797,189.73463439941406
random_corner_12k,random,"corner,gripperPOV",10051,32.0,94.5,0,1.0,7,expert_cross,50,177,50,0.26592540740966797,0.3292485773563385,0.5951739847660065,0.22087398171424866,0.18395206332206726,0.0,0.0,40.919673919677734,22.758068084716797,189.73463439941406
random_corner_12k,random,"corner,gripperPOV",10051,32.0,94.5,0,1.0,11,expert_cross,50,177,50,0.3172703981399536,0.24082490801811218,0.5580953061580658,0.38915735483169556,0.05274735391139984,0.0,0.0,40.919673919677734,22.758068084716797,189.73463439941406
random_corner_12k,random,"corner,gripperPOV",10051,32.0,94.5,1,0.8999999761581421,3,expert_cross,50,177,50,0.31147393584251404,0.24318835139274597,0.55466228723526,0.13456827402114868,0.31076937913894653,0.0,5.960464477539063e-08,40.13178634643555,22.636693954467773,189.7371063232422
random_corner_12k,random,"corner,gripperPOV",10051,32.0,94.5,1,0.8999999761581421,7,expert_cross,50,177,50,0.2660587728023529,0.3260675370693207,0.5921263098716736,0.2229841649532318,0.1848895251750946,0.0,0.0,40.13178634643555,22.636693954467773,189.7371063232422
random_corner_12k,random,"corner,gripperPOV",10051,32.0,94.5,1,0.8999999761581421,11,expert_cross,50,177,50,0.31631094217300415,0.2383686900138855,0.5546796321868896,0.39274537563323975,0.05257498100399971,0.0,1.1175870895385742e-08,40.13178634643555,22.636693954467773,189.7371063232422
random_corner_12k,random,"corner,gripperPOV",10051,32.0,94.5,2,0.800000011920929,3,expert_cross,50,177,50,0.3101227879524231,0.24325110018253326,0.5533738881349564,0.1350182741880417,0.31160783767700195,0.0,0.0,39.47013854980469,22.704021453857422,189.73342895507812
random_corner_12k,random,"corner,gripperPOV",10051,32.0,94.5,2,0.800000011920929,7,expert_cross,50,177,50,0.26620227098464966,0.3240763545036316,0.5902786254882812,0.22389404475688934,0.1858273297548294,0.0,0.0,39.47013854980469,22.704021453857422,189.73342895507812
random_corner_12k,random,"corner,gripperPOV",10051,32.0,94.5,2,0.800000011920929,11,expert_cross,50,177,50,0.31579744815826416,0.23746034502983093,0.5532577931880951,0.39397868514060974,0.05276352912187576,0.0,0.0,39.47013854980469,22.704021453857422,189.73342895507812
random_corner_12k,random,"corner,gripperPOV",10051,32.0,94.5,3,0.699999988079071,3,expert_cross,50,177,50,0.30826911330223083,0.2436806708574295,0.5519497841596603,0.13596540689468384,0.31208476424217224,0.0,4.470348358154297e-08,38.90477752685547,22.751604080200195,189.73538208007812
random_corner_12k,random,"corner,gripperPOV",10051,32.0,94.5,3,0.699999988079071,7,expert_cross,50,177,50,0.2660599648952484,0.32197439670562744,0.5880343616008759,0.2263115793466568,0.18565405905246735,0.0,0.0,38.90477752685547,22.751604080200195,189.73538208007812
random_corner_12k,random,"corner,gripperPOV",10051,32.0,94.5,3,0.699999988079071,11,expert_cross,50,177,50,0.3158703148365021,0.23771624267101288,0.553586557507515,0.3945525586605072,0.05186086520552635,0.0,1.862645149230957e-08,38.90477752685547,22.751604080200195,189.73538208007812
random_corner_12k,random,"corner,gripperPOV",10051,32.0,94.5,4,0.6000000238418579,3,expert_cross,50,177,50,0.3066796362400055,0.244470477104187,0.5511501133441925,0.1363179087638855,0.3125320076942444,0.0,0.0,38.43840408325195,23.07261848449707,189.73406982421875
random_corner_12k,random,"corner,gripperPOV",10051,32.0,94.5,4,0.6000000238418579,7,expert_cross,50,177,50,0.2653388977050781,0.3192600607872009,0.584598958492279,0.22914019227027893,0.18626084923744202,0.0,0.0,38.43840408325195,23.07261848449707,189.73406982421875
random_corner_12k,random,"corner,gripperPOV",10051,32.0,94.5,4,0.6000000238418579,11,expert_cross,50,177,50,0.31650346517562866,0.2392285168170929,0.5557319819927216,0.3928728699684143,0.05139511078596115,0.0,3.725290298461914e-08,38.43840408325195,23.07261848449707,189.73406982421875
random_corner_12k,random,"corner,gripperPOV",10051,32.0,94.5,5,0.5,3,expert_cross,50,177,50,0.3051590323448181,0.24529874324798584,0.550457775592804,0.13655655086040497,0.31298568844795227,0.0,0.0,38.0605354309082,23.249433517456055,189.7443389892578
random_corner_12k,random,"corner,gripperPOV",10051,32.0,94.5,5,0.5,7,expert_cross,50,177,50,0.26558905839920044,0.3174159824848175,0.5830050408840179,0.23115940392017365,0.18583551049232483,0.0,4.470348358154297e-08,38.0605354309082,23.249433517456055,189.7443389892578
random_corner_12k,random,"corner,gripperPOV",10051,32.0,94.5,5,0.5,11,expert_cross,50,177,50,0.316898375749588,0.2407693713903427,0.5576677471399307,0.39221200346946716,0.050120219588279724,0.0,2.9802322387695312e-08,38.0605354309082,23.249433517456055,189.7443389892578
random_corner_12k,random,"corner,gripperPOV",10051,32.0,94.5,6,0.4000000059604645,3,expert_cross,50,177,50,0.30392369627952576,0.24731534719467163,0.5512390434741974,0.13784830272197723,0.3109126091003418,0.0,4.470348358154297e-08,37.772647857666016,23.754825592041016,189.72988891601562
random_corner_12k,random,"corner,gripperPOV",10051,32.0,94.5,6,0.4000000059604645,7,expert_cross,50,177,50,0.26504597067832947,0.31546756625175476,0.5805135369300842,0.23484569787979126,0.18464075028896332,0.0,1.4901161193847656e-08,37.772647857666016,23.754825592041016,189.72988891601562
random_corner_12k,random,"corner,gripperPOV",10051,32.0,94.5,6,0.4000000059604645,11,expert_cross,50,177,50,0.31983914971351624,0.2458236962556839,0.5656628459692001,0.38631632924079895,0.04802084341645241,0.0,0.0,37.772647857666016,23.754825592041016,189.72988891601562
random_corner_12k,random,"corner,gripperPOV",10051,32.0,94.5,7,0.30000001192092896,3,expert_cross,50,177,50,0.30313336849212646,0.25005173683166504,0.5531851053237915,0.1405186802148819,0.306296169757843,0.0,4.470348358154297e-08,37.56700897216797,24.346206665039062,189.73023986816406
random_corner_12k,random,"corner,gripperPOV",10051,32.0,94.5,7,0.30000001192092896,7,expert_cross,50,177,50,0.2656669616699219,0.31208336353302,0.5777503252029419,0.24018637835979462,0.1820632666349411,0.0,2.9802322387695312e-08,37.56700897216797,24.346206665039062,189.73023986816406
random_corner_12k,random,"corner,gripperPOV",10051,32.0,94.5,7,0.30000001192092896,11,expert_cross,50,177,50,0.3241427540779114,0.25413939356803894,0.5782821476459503,0.3765126168727875,0.04520532116293907,0.0,0.0,37.56700897216797,24.346206665039062,189.73023986816406
random_corner_12k,random,"corner,gripperPOV",10051,32.0,94.5,8,0.20000000298023224,3,expert_cross,50,177,50,0.30317234992980957,0.2544316053390503,0.5576039552688599,0.14594174921512604,0.2964543104171753,0.0,0.0,37.405975341796875,25.355072021484375,189.73489379882812
random_corner_12k,random,"corner,gripperPOV",10051,32.0,94.5,8,0.20000000298023224,7,expert_cross,50,177,50,0.26704317331314087,0.3071881830692291,0.57423135638237,0.24823670089244843,0.177531898021698,0.0,4.470348358154297e-08,37.405975341796875,25.355072021484375,189.73489379882812
random_corner_12k,random,"corner,gripperPOV",10051,32.0,94.5,8,0.20000000298023224,11,expert_cross,50,177,50,0.3291178345680237,0.26659059524536133,0.595708429813385,0.3621993362903595,0.042092207819223404,0.0,2.60770320892334e-08,37.405975341796875,25.355072021484375,189.73489379882812
random_corner_12k,random,"corner,gripperPOV",10051,32.0,94.5,9,0.10000000149011612,3,expert_cross,50,177,50,0.3072882294654846,0.26247090101242065,0.5697591304779053,0.15635298192501068,0.27388787269592285,0.0,1.4901161193847656e-08,37.22526168823242,28.22663116455078,189.75119018554688
random_corner_12k,random,"corner,gripperPOV",10051,32.0,94.5,9,0.10000000149011612,7,expert_cross,50,177,50,0.2714858055114746,0.296739786863327,0.5682255923748016,0.265746146440506,0.16602827608585358,0.0,0.0,37.22526168823242,28.22663116455078,189.75119018554688
random_corner_12k,random,"corner,gripperPOV",10051,32.0,94.5,9,0.10000000149011612,11,expert_cross,50,177,50,0.3376210331916809,0.2838578224182129,0.6214788556098938,0.34113609790802,0.03738505020737648,0.0,0.0,37.22526168823242,28.22663116455078,189.75119018554688
uniform_corner_12k,uniform,"corner,gripperPOV",10051,28.2,92.5,0,1.0,3,expert_cross,50,177,50,0.3159671425819397,0.26604053378105164,0.5820076763629913,0.10411573201417923,0.31387659907341003,0.0,0.0,40.919673919677734,22.04937744140625,189.73805236816406
uniform_corner_12k,uniform,"corner,gripperPOV",10051,28.2,92.5,0,1.0,7,expert_cross,50,177,50,0.28744104504585266,0.25729846954345703,0.5447395145893097,0.29195550084114075,0.16330495476722717,0.0,2.9802322387695312e-08,40.919673919677734,22.04937744140625,189.73805236816406
uniform_corner_12k,uniform,"corner,gripperPOV",10051,28.2,92.5,0,1.0,11,expert_cross,50,177,50,0.33135008811950684,0.30463749170303345,0.6359875798225403,0.3254477381706238,0.038564689457416534,0.0,0.0,40.919673919677734,22.04937744140625,189.73805236816406
uniform_corner_12k,uniform,"corner,gripperPOV",10051,28.2,92.5,1,0.8999999761581421,3,expert_cross,50,177,50,0.31514081358909607,0.26599472761154175,0.5811355412006378,0.10454431176185608,0.3143201172351837,0.0,2.9802322387695312e-08,40.13179397583008,21.939546585083008,189.7330780029297
uniform_corner_12k,uniform,"corner,gripperPOV",10051,28.2,92.5,1,0.8999999761581421,7,expert_cross,50,177,50,0.28562507033348083,0.2544516921043396,0.5400767624378204,0.2954195439815521,0.16450367867946625,0.0,1.4901161193847656e-08,40.13179397583008,21.939546585083008,189.7330780029297
uniform_corner_12k,uniform,"corner,gripperPOV",10051,28.2,92.5,1,0.8999999761581421,11,expert_cross,50,177,50,0.3305596709251404,0.3015250563621521,0.6320847272872925,0.3294934630393982,0.038421738892793655,0.0,7.078051567077637e-08,40.13179397583008,21.939546585083008,189.7330780029297
uniform_corner_12k,uniform,"corner,gripperPOV",10051,28.2,92.5,2,0.800000011920929,3,expert_cross,50,177,50,0.31390371918678284,0.2655123472213745,0.5794160664081573,0.10511425882577896,0.3154697120189667,0.0,0.0,39.470279693603516,22.019371032714844,189.73397827148438
uniform_corner_12k,uniform,"corner,gripperPOV",10051,28.2,92.5,2,0.800000011920929,7,expert_cross,50,177,50,0.283677339553833,0.25149571895599365,0.5351730585098267,0.29926642775535583,0.1655605137348175,0.0,0.0,39.470279693603516,22.019371032714844,189.73397827148438
uniform_corner_12k,uniform,"corner,gripperPOV",10051,28.2,92.5,2,0.800000011920929,11,expert_cross,50,177,50,0.3303697109222412,0.3019256889820099,0.6322953999042511,0.3296044170856476,0.038100164383649826,0.0,1.862645149230957e-08,39.470279693603516,22.019371032714844,189.73397827148438
uniform_corner_12k,uniform,"corner,gripperPOV",10051,28.2,92.5,3,0.699999988079071,3,expert_cross,50,177,50,0.3132006525993347,0.2655603587627411,0.5787610113620758,0.10570812970399857,0.31553083658218384,0.0,2.2351741790771484e-08,38.89069747924805,22.181575775146484,189.73646545410156
uniform_corner_12k,uniform,"corner,gripperPOV",10051,28.2,92.5,3,0.699999988079071,7,expert_cross,50,177,50,0.28445231914520264,0.24898123741149902,0.5334335565567017,0.3024125099182129,0.16415393352508545,0.0,0.0,38.89069747924805,22.181575775146484,189.73646545410156
uniform_corner_12k,uniform,"corner,gripperPOV",10051,28.2,92.5,3,0.699999988079071,11,expert_cross,50,177,50,0.3294069468975067,0.3027644157409668,0.6321713626384735,0.3296515643596649,0.03817709535360336,0.0,0.0,38.89069747924805,22.181575775146484,189.73646545410156
uniform_corner_12k,uniform,"corner,gripperPOV",10051,28.2,92.5,4,0.6000000238418579,3,expert_cross,50,177,50,0.3115007281303406,0.2658865451812744,0.577387273311615,0.10695019364356995,0.3156625032424927,0.0,2.9802322387695312e-08,38.38792037963867,22.364013671875,189.7378387451172
uniform_corner_12k,uniform,"corner,gripperPOV",10051,28.2,92.5,4,0.6000000238418579,7,expert_cross,50,177,50,0.2840433418750763,0.24597495794296265,0.5300182998180389,0.3045800030231476,0.16540171205997467,0.0,0.0,38.38792037963867,22.364013671875,189.7378387451172
uniform_corner_12k,uniform,"corner,gripperPOV",10051,28.2,92.5,4,0.6000000238418579,11,expert_cross,50,177,50,0.3298633396625519,0.3033195734024048,0.6331829130649567,0.32872506976127625,0.03809200972318649,0.0,7.450580596923828e-09,38.38792037963867,22.364013671875,189.7378387451172
uniform_corner_12k,uniform,"corner,gripperPOV",10051,28.2,92.5,5,0.5,3,expert_cross,50,177,50,0.3106518089771271,0.2660309374332428,0.5766827464103699,0.10874936729669571,0.3145678639411926,0.0,2.2351741790771484e-08,37.98181915283203,22.691343307495117,189.73178100585938
uniform_corner_12k,uniform,"corner,gripperPOV",10051,28.2,92.5,5,0.5,7,expert_cross,50,177,50,0.28390806913375854,0.24429036676883698,0.5281984359025955,0.3079409897327423,0.16386057436466217,0.0,0.0,37.98181915283203,22.691343307495117,189.73178100585938
uniform_corner_12k,uniform,"corner,gripperPOV",10051,28.2,92.5,5,0.5,11,expert_cross,50,177,50,0.3299022316932678,0.3044814169406891,0.6343836486339569,0.3273153603076935,0.038300979882478714,0.0,1.1175870895385742e-08,37.98181915283203,22.691343307495117,189.73178100585938
uniform_corner_12k,uniform,"corner,gripperPOV",10051,28.2,92.5,6,0.4000000059604645,3,expert_cross,50,177,50,0.30958712100982666,0.2672618329524994,0.576848953962326,0.1115758866071701,0.31157514452934265,0.0,1.4901161193847656e-08,37.654544830322266,23.304576873779297,189.73020935058594
uniform_corner_12k,uniform,"corner,gripperPOV",10051,28.2,92.5,6,0.4000000059604645,7,expert_cross,50,177,50,0.28341054916381836,0.2422417551279068,0.5256523042917252,0.3114989995956421,0.16284866631031036,0.0,2.9802322387695312e-08,37.654544830322266,23.304576873779297,189.73020935058594
uniform_corner_12k,uniform,"corner,gripperPOV",10051,28.2,92.5,6,0.4000000059604645,11,expert_cross,50,177,50,0.3304179012775421,0.30830150842666626,0.6387194097042084,0.3232661187648773,0.03801444545388222,0.0,2.60770320892334e-08,37.654544830322266,23.304576873779297,189.73020935058594
uniform_corner_12k,uniform,"corner,gripperPOV",10051,28.2,92.5,7,0.30000001192092896,3,expert_cross,50,177,50,0.31036368012428284,0.268911749124527,0.5792754292488098,0.11495529115200043,0.3057692348957062,0.0,4.470348358154297e-08,37.39878845214844,24.084089279174805,189.73965454101562
uniform_corner_12k,uniform,"corner,gripperPOV",10051,28.2,92.5,7,0.30000001192092896,7,expert_cross,50,177,50,0.2839173674583435,0.23896797001361847,0.522885337471962,0.31634798645973206,0.16076670587062836,0.0,0.0,37.39878845214844,24.084089279174805,189.73965454101562
uniform_corner_12k,uniform,"corner,gripperPOV",10051,28.2,92.5,7,0.30000001192092896,11,expert_cross,50,177,50,0.3318297266960144,0.3118955194950104,0.6437252461910248,0.3189864456653595,0.03728828579187393,0.0,2.2351741790771484e-08,37.39878845214844,24.084089279174805,189.73965454101562
uniform_corner_12k,uniform,"corner,gripperPOV",10051,28.2,92.5,8,0.20000000298023224,3,expert_cross,50,177,50,0.3107415437698364,0.27224135398864746,0.5829828977584839,0.12329169362783432,0.2937254011631012,0.0,7.450580596923828e-09,37.18559646606445,25.48390007019043,189.7425079345703
uniform_corner_12k,uniform,"corner,gripperPOV",10051,28.2,92.5,8,0.20000000298023224,7,expert_cross,50,177,50,0.28575989603996277,0.23774868249893188,0.5235085785388947,0.31986626982688904,0.1566251516342163,0.0,0.0,37.18559646606445,25.48390007019043,189.7425079345703
uniform_corner_12k,uniform,"corner,gripperPOV",10051,28.2,92.5,8,0.20000000298023224,11,expert_cross,50,177,50,0.3340146839618683,0.32003673911094666,0.6540514230728149,0.31033942103385925,0.035609155893325806,0.0,0.0,37.18559646606445,25.48390007019043,189.7425079345703
uniform_corner_12k,uniform,"corner,gripperPOV",10051,28.2,92.5,9,0.10000000149011612,3,expert_cross,50,177,50,0.3169371783733368,0.27969568967819214,0.5966328680515289,0.13902977108955383,0.26433736085891724,0.0,0.0,36.94712829589844,28.30970573425293,189.72555541992188
uniform_corner_12k,uniform,"corner,gripperPOV",10051,28.2,92.5,9,0.10000000149011612,7,expert_cross,50,177,50,0.2834201753139496,0.23549145460128784,0.5189116299152374,0.33144935965538025,0.1496390402317047,0.0,0.0,36.94712829589844,28.30970573425293,189.72555541992188
uniform_corner_12k,uniform,"corner,gripperPOV",10051,28.2,92.5,9,0.10000000149011612,11,expert_cross,50,177,50,0.3395293354988098,0.3315224349498749,0.6710517704486847,0.2962709367275238,0.0326773077249527,0.0,0.0,36.94712829589844,28.30970573425293,189.72555541992188
zero_corner_12k,zero,"corner,gripperPOV",10051,32.0,95.0,0,1.0,3,expert_cross,50,177,50,0.2950027585029602,0.2149641513824463,0.5099669098854065,0.15292006731033325,0.33711299300193787,0.0,2.9802322387695312e-08,40.919673919677734,22.971668243408203,189.73828125
zero_corner_12k,zero,"corner,gripperPOV",10051,32.0,95.0,0,1.0,7,expert_cross,50,177,50,0.2664816379547119,0.3141171336174011,0.580598771572113,0.20173372328281403,0.21766752004623413,0.0,0.0,40.919673919677734,22.971668243408203,189.73828125
zero_corner_12k,zero,"corner,gripperPOV",10051,32.0,95.0,0,1.0,11,expert_cross,50,177,50,0.2696423828601837,0.2315746694803238,0.5012170523405075,0.4324251711368561,0.06635773926973343,0.0,3.725290298461914e-08,40.919673919677734,22.971668243408203,189.73828125
zero_corner_12k,zero,"corner,gripperPOV",10051,32.0,95.0,1,0.8999999761581421,3,expert_cross,50,177,50,0.29295822978019714,0.21504844725131989,0.508006677031517,0.1546112596988678,0.337382048368454,0.0,1.4901161193847656e-08,40.04701614379883,22.834245681762695,189.73855590820312
zero_corner_12k,zero,"corner,gripperPOV",10051,32.0,95.0,1,0.8999999761581421,7,expert_cross,50,177,50,0.2660277187824249,0.3120853304862976,0.5781130492687225,0.2027931958436966,0.21909378468990326,0.0,0.0,40.04701614379883,22.834245681762695,189.73855590820312
zero_corner_12k,zero,"corner,gripperPOV",10051,32.0,95.0,1,0.8999999761581421,11,expert_cross,50,177,50,0.2667025923728943,0.22844107449054718,0.49514366686344147,0.4375778138637543,0.06727854162454605,0.0,0.0,40.04701614379883,22.834245681762695,189.73855590820312
zero_corner_12k,zero,"corner,gripperPOV",10051,32.0,95.0,2,0.800000011920929,3,expert_cross,50,177,50,0.2915341854095459,0.21487616002559662,0.5064103454351425,0.15609797835350037,0.3374916613101959,0.0,1.4901161193847656e-08,39.3030891418457,22.879337310791016,189.73472595214844
zero_corner_12k,zero,"corner,gripperPOV",10051,32.0,95.0,2,0.800000011920929,7,expert_cross,50,177,50,0.2648879885673523,0.31021520495414734,0.5751031935214996,0.20520910620689392,0.21968768537044525,0.0,1.4901161193847656e-08,39.3030891418457,22.879337310791016,189.73472595214844
zero_corner_12k,zero,"corner,gripperPOV",10051,32.0,95.0,2,0.800000011920929,11,expert_cross,50,177,50,0.26609280705451965,0.22930990159511566,0.4954027086496353,0.4373803436756134,0.06721694767475128,0.0,0.0,39.3030891418457,22.879337310791016,189.73472595214844
zero_corner_12k,zero,"corner,gripperPOV",10051,32.0,95.0,3,0.699999988079071,3,expert_cross,50,177,50,0.28923696279525757,0.2153356969356537,0.5045726597309113,0.1583428978919983,0.33708444237709045,0.0,0.0,38.649696350097656,23.17032814025879,189.7335968017578
zero_corner_12k,zero,"corner,gripperPOV",10051,32.0,95.0,3,0.699999988079071,7,expert_cross,50,177,50,0.265830397605896,0.30818456411361694,0.5740149617195129,0.20706398785114288,0.21892106533050537,0.0,0.0,38.649696350097656,23.17032814025879,189.7335968017578
zero_corner_12k,zero,"corner,gripperPOV",10051,32.0,95.0,3,0.699999988079071,11,expert_cross,50,177,50,0.26405075192451477,0.2293115258216858,0.49336227774620056,0.4399804174900055,0.06665727496147156,0.0,2.9802322387695312e-08,38.649696350097656,23.17032814025879,189.7335968017578
zero_corner_12k,zero,"corner,gripperPOV",10051,32.0,95.0,4,0.6000000238418579,3,expert_cross,50,177,50,0.28876519203186035,0.21597278118133545,0.5047379732131958,0.1596740484237671,0.3355879485607147,0.0,2.9802322387695312e-08,38.077754974365234,23.425695419311523,189.7340545654297
zero_corner_12k,zero,"corner,gripperPOV",10051,32.0,95.0,4,0.6000000238418579,7,expert_cross,50,177,50,0.2664608061313629,0.3039477467536926,0.5704085528850555,0.20916089415550232,0.22043053805828094,0.0,1.4901161193847656e-08,38.077754974365234,23.425695419311523,189.7340545654297
zero_corner_12k,zero,"corner,gripperPOV",10051,32.0,95.0,4,0.6000000238418579,11,expert_cross,50,177,50,0.2627887725830078,0.23078188300132751,0.4935706555843353,0.4398535490036011,0.0665757954120636,0.0,0.0,38.077754974365234,23.425695419311523,189.7340545654297
zero_corner_12k,zero,"corner,gripperPOV",10051,32.0,95.0,5,0.5,3,expert_cross,50,177,50,0.28708145022392273,0.21738818287849426,0.504469633102417,0.16228431463241577,0.33324605226516724,0.0,0.0,37.597198486328125,23.848499298095703,189.73927307128906
zero_corner_12k,zero,"corner,gripperPOV",10051,32.0,95.0,5,0.5,7,expert_cross,50,177,50,0.26849737763404846,0.30142733454704285,0.5699247121810913,0.21011704206466675,0.21995824575424194,0.0,0.0,37.597198486328125,23.848499298095703,189.73927307128906
zero_corner_12k,zero,"corner,gripperPOV",10051,32.0,95.0,5,0.5,11,expert_cross,50,177,50,0.2621646821498871,0.23328371345996857,0.49544839560985565,0.4393184781074524,0.06523308902978897,0.0,3.725290298461914e-08,37.597198486328125,23.848499298095703,189.73927307128906
zero_corner_12k,zero,"corner,gripperPOV",10051,32.0,95.0,6,0.4000000059604645,3,expert_cross,50,177,50,0.28552037477493286,0.22002539038658142,0.5055457651615143,0.16506582498550415,0.32938843965530396,0.0,0.0,37.20076370239258,24.454118728637695,189.74815368652344
zero_corner_12k,zero,"corner,gripperPOV",10051,32.0,95.0,6,0.4000000059604645,7,expert_cross,50,177,50,0.2712036669254303,0.2982855439186096,0.5694892108440399,0.21278342604637146,0.21772737801074982,0.0,0.0,37.20076370239258,24.454118728637695,189.74815368652344
zero_corner_12k,zero,"corner,gripperPOV",10051,32.0,95.0,6,0.4000000059604645,11,expert_cross,50,177,50,0.26303648948669434,0.23890262842178345,0.5019391179084778,0.4350915253162384,0.06296934187412262,0.0,1.4901161193847656e-08,37.20076370239258,24.454118728637695,189.74815368652344
zero_corner_12k,zero,"corner,gripperPOV",10051,32.0,95.0,7,0.30000001192092896,3,expert_cross,50,177,50,0.2833248972892761,0.22372832894325256,0.5070532262325287,0.16980327665805817,0.32314351201057434,0.0,0.0,36.87066650390625,25.281179428100586,189.7307891845703
zero_corner_12k,zero,"corner,gripperPOV",10051,32.0,95.0,7,0.30000001192092896,7,expert_cross,50,177,50,0.275896817445755,0.29232385754585266,0.5682206749916077,0.2179289609193802,0.21385037899017334,0.0,0.0,36.87066650390625,25.281179428100586,189.7307891845703
zero_corner_12k,zero,"corner,gripperPOV",10051,32.0,95.0,7,0.30000001192092896,11,expert_cross,50,177,50,0.26489171385765076,0.24514518678188324,0.510036900639534,0.42961385846138,0.06034921854734421,0.0,2.2351741790771484e-08,36.87066650390625,25.281179428100586,189.7307891845703
zero_corner_12k,zero,"corner,gripperPOV",10051,32.0,95.0,8,0.20000000298023224,3,expert_cross,50,177,50,0.28211554884910583,0.23037534952163696,0.5124908983707428,0.17709027230739594,0.3104188144207001,0.0,1.4901161193847656e-08,36.55978775024414,26.779403686523438,189.74221801757812
zero_corner_12k,zero,"corner,gripperPOV",10051,32.0,95.0,8,0.20000000298023224,7,expert_cross,50,177,50,0.28144600987434387,0.28465670347213745,0.5661027133464813,0.22558249533176422,0.20831473171710968,0.0,5.960464477539063e-08,36.55978775024414,26.779403686523438,189.74221801757812
zero_corner_12k,zero,"corner,gripperPOV",10051,32.0,95.0,8,0.20000000298023224,11,expert_cross,50,177,50,0.2681555449962616,0.25707516074180603,0.5252307057380676,0.4183611571788788,0.05640813708305359,0.0,0.0,36.55978775024414,26.779403686523438,189.74221801757812
zero_corner_12k,zero,"corner,gripperPOV",10051,32.0,95.0,9,0.10000000149011612,3,expert_cross,50,177,50,0.28490883111953735,0.2451409548521042,0.5300497859716415,0.18963773548603058,0.2803124487400055,0.0,2.9802322387695312e-08,36.179054260253906,31.07541847229004,189.7251434326172
zero_corner_12k,zero,"corner,gripperPOV",10051,32.0,95.0,9,0.10000000149011612,7,expert_cross,50,177,50,0.2859320342540741,0.27351143956184387,0.559443473815918,0.2437743991613388,0.19678208231925964,0.0,4.470348358154297e-08,36.179054260253906,31.07541847229004,189.7251434326172
zero_corner_12k,zero,"corner,gripperPOV",10051,32.0,95.0,9,0.10000000149011612,11,expert_cross,50,177,50,0.2780478000640869,0.27485787868499756,0.5529056787490845,0.3981572985649109,0.04893692955374718,0.0,9.313225746154785e-08,36.179054260253906,31.07541847229004,189.7251434326172
